<?xml version="1.0"?>
<VTKFile type="UnstructuredGrid" version="2.2">
  <UnstructuredGrid>
    <Piece NumberOfPoints="2506" NumberOfCells="7321">
      <Points>
        <DataArray type="Float64" NumberOfComponents="3" format="ascii">-0.001232089701880527 -0.008789156535505712 0.02766574679261702 -0.001246917447073295 -0.008912268134727357 0.0262060472030825 -0.0001584895944336273 -0.007760088290055998 0.02614517664844603 -0.0008639405064147704 -0.009903386296871826 0.026687298511792 -0.0001730281372733436 -0.007762033415753191 0.02781690770457476 0.0001058503003189476 -0.01024551022232754 0.02617210378715962 -0.001034326432357086 -0.009701903719414182 0.02536253712682452 0.000187636261634715 -0.01023583681500421 0.02753661651233104 0.00125 -0.009000000000000003 0.02600000000000001 0.00125 -0.009000000000000001 0.028 -0.0008537274372154663 -0.009913044064076599 0.02802406425163149 -0.0009747754910719425 -0.0082174958517647 0.02526587470798766 -0.001225866512175174 -0.008755559221226339 0.02917850234123958 4.999999999566261e-05 -0.01024899959967985 0.02499999999999999 5.000000001092705e-05 -0.01024899959967924 0.029 -0.0008580094198067881 -0.009909021361422726 0.02900636250568328 -0.0001508783417484702 -0.007759139119001963 0.02465688125539023 -0.001245915729002111 -0.008899034678106106 0.02441631115415359 0.00125 -0.009000000000000001 0.03 0.00125 -0.009000000000000003 0.02399999999999999 -0.0008537274372189541 -0.009913044064073338 0.02402406425162524 -0.0008537274372152829 -0.009913044064076771 0.02997593574836851 -0.0004330721713342574 -0.007827418022304699 0.03002228278265499 0.0001859968074553183 -0.01023608461992553 0.03045582409937283 -0.001232447550439909 -0.008791258448279538 0.02325233499450427 0.0002765272644006674 -0.0102190293975303 0.02330926548776864 -0.001224932834314165 -0.008750922599541695 0.03063250932930075 -0.0001169738698554753 -0.007755485189412744 0.02267382150499495 -2.884795973298426e-05 -0.007750332926248258 0.03177642822074169 -0.0008194335846511019 -0.009943943112875902 0.02254654786914404 -0.0008739570576651555 -0.009893699648292013 0.03117877575161759 0.00125 -0.009000000000000001 0.032 0.00125 -0.009000000000000003 0.022 0.0001027812807579907 -0.01024576723681663 0.03182710446513495 -0.001108921240745111 -0.008423117272035017 0.02185774057588992 -0.001209745580854589 -0.008685332509459919 0.0320898075522278 -0.0009143749227789932 -0.00985230188348549 0.03250212161886315 0.0001396440660670747 -0.01024217532370123 0.02179688748981573 5.000000001093038e-05 -0.01024899959967924 0.033 4.999999999223501e-05 -0.007751000400320012 0.033 -7.202332599797009e-05 -0.007752076668816476 0.02070673281207182 -0.00104499598865733 -0.009685917913230212 0.02124334000013706 0.00125 -0.009000000000000001 0.034 -0.0009164422576223645 -0.009850078577805623 0.03375063936280412 -0.001203599928132178 -0.00866258747355764 0.0337379879719784 0.0007888331570047499 -0.00996966089454506 0.02063817276586521 -0.001149979953698647 -0.008510054996870815 0.02065557888331525 -0.0002525678988638077 -0.01022421789582718 0.02032109362498886 0.00125 -0.009000000000000001 0.01999999999999999 5.403600034322489e-05 -0.01024883149810809 0.03430942926730814 5.000000000000208e-05 -0.007751000400320321 0.03499999999999999 -0.001066028542192235 -0.009652750447898354 0.02030926822382769 -0.001070795100849931 -0.008355098571876459 0.01958242084858997 -0.0009207720163760354 -0.009845386830899805 0.034973784530134 5.000000001092705e-05 -0.01024899959967924 0.019 -2.463874187995642e-05 -0.007750242850631145 0.01875678898699575 0.00100642572072054 -0.009741355022018562 0.03498813376537339 -0.00107684784058907 -0.009634743041095102 0.01925843768147815 0.000130642182555246 -0.01024315430262587 0.03559429391215088 -0.001221789029035639 -0.008735932643955845 0.0360073421991681 0.00125 -0.009000000000000003 0.036 0.00125 -0.009000000000000003 0.018 -0.001248448501068645 -0.009062260261639775 0.0183971738034507 -0.0008585586189419211 -0.00990850266804261 0.03669799863965342 -0.001215791950038778 -0.008709569398614911 0.01697501044098707 -0.0008244357191923423 -0.009939577428911427 0.01801053891642939 0.0001202341497406893 -0.007755795937461974 0.03690972939634095 5.779036427234359e-05 -0.007751336605086356 0.01681964400747106 0.0001921638721956684 -0.0102351409013642 0.017496746917004 0.0002765272644009478 -0.01021902939753024 0.03730926548776906 -0.001235101420845456 -0.008807582536588967 0.03736619019732523 0.00125 -0.009000000000000001 0.01599999999999999 0.0001166324892763885 -0.01024454685024116 0.01619692826312096 -0.0008503348171000084 -0.009916204507098441 0.01689232679301336 0.00125 -0.009000000000000001 0.03799999999999999 -0.001183163421375176 -0.008596732944167535 0.01563524694904267 -0.000595698336239444 -0.007901071661935339 0.03790225074388226 -0.0008537274372977532 -0.009913044063999661 0.03802406425163705 0.0002776599057817618 -0.007781228086670332 0.0387843594063718 7.822873924496992e-05 -0.007752450295837421 0.01545432271868208 -0.0007058027854075593 -0.01003166972821293 0.01563084413194684 4.999999999567824e-05 -0.01024899959967985 0.039 -0.0009637060693548703 -0.008203902887903377 0.03888645377566141 4.999999999566255e-05 -0.01024899959967985 0.01499999999999999 0.00125 -0.009000000000000001 0.01399999999999999 -0.001098612894957828 -0.009596279889844008 0.01454502760486291 0.00125 -0.009000000000000001 0.03999999999999998 0.0007589975765679356 -0.009993188138654506 0.01407013290458815 6.870818835930209e-05 -0.00775188975452792 0.01372276946192711 -0.001158108316146845 -0.00852959046770764 0.01405826432535072 -0.001063805518613575 -0.009656367137025694 0.03927118052594201 -0.0003639464899879877 -0.01019584403348657 0.01394344882421454 0.0001817516886808966 -0.007763284057003533 0.04077921379324993 0.00125 -0.009000000000000003 0.01199999999999999 -0.001073294124404565 -0.009640733737615431 0.01329055001444824 -0.0003897418075100113 -0.0101876873845751 0.04029745258558905 -0.001146708546393722 -0.008502446475615341 0.04035105911046491 9.440643276434394e-05 -0.0102464298718551 0.01263567810554207 0.0007008040012906763 -0.01003507185826636 0.04061022790164154 -0.001187009066151115 -0.008608197145397003 0.01268869014870412 0.00125 -0.009000000000000001 0.04199999999999997 -0.001084251106580191 -0.009622012490131535 0.04151830303504836 -0.0003832908603369025 -0.007810215096590064 0.0117812354090435 -0.0008698431228180517 -0.009897704261817967 0.01202217696230092 0.0001342912274675343 -0.01024276541077762 0.04179799670661022 -0.0009533023237455101 -0.008191473760758867 0.04173770408962908 0.0002046256804166935 -0.01023313759609948 0.01137703872914788 -0.001248702042654432 -0.008943050823793052 0.01158710137218665 -3.438869779634568e-05 -0.007750473122552433 0.04297433955956487 -0.0008597893570761592 -0.00990733800838418 0.04269555401266198 -0.0009794773149975563 -0.008223389293529136 0.01063414416274859 0.0002561305875014803 -0.01022347747104152 0.04318743797562799 -0.001213489023540889 -0.008700092698078593 0.0429604959644527 -0.0008692024190915325 -0.009898324637670274 0.01067292807621101 0.0005106386181071185 -0.007859058195306329 0.01010337259066476 0.00125 -0.009000000000000003 0.009999999999999998 0.00125 -0.009000000000000001 0.04399999999999996 -0.001086762094725182 -0.009617614887667499 0.009300122305174213 0.0001060944050930802 -0.01024548945286901 0.01017236461947132 -0.0008262161351782008 -0.00806198779433784 0.009084045691909426 -0.0008537274372196421 -0.009913044064072698 0.04402406425162544 -0.001204464192565732 -0.008665685763349839 0.04437550036529188 9.559158323723985e-05 -0.01024633954009901 0.04463522836985026 0.0004029143686885 -0.007816716428110175 0.00808589576664573 4.999999999951312e-05 -0.0102489995996797 0.008999999999999998 -0.0009470727110742741 -0.009815814488678907 0.007648581263111826 -5.081333210807159e-05 -0.007751033224909459 0.04474278049529692 -0.0009295949609520948 -0.008164324699077165 0.0076624752081751 -0.001065069203733549 -0.009654314596549998 0.04527305727777046 0.00125 -0.009000000000000003 0.007999999999999998 0.0002451417006582614 -0.01022572653826144 0.007263238085184774 0.00125 -0.009000000000000001 0.04599999999999996 -0.001244793987875338 -0.008886035410107292 0.006744847352292103 0.000501915220497734 -0.007855193854212553 0.006642015894978518 -0.001042479412353553 -0.008310263329364758 0.04574590279261076 0.0007591518001369346 -0.009993070261536844 0.04607052932694743 -0.0009461971432671484 -0.009816829826875274 0.006582714780343443 -0.0004202376952769434 -0.01017724265955169 0.04598431575637485 0.00125 -0.009000000000000001 0.005999999999999998 -0.0006315678719016909 -0.007921286867057991 0.006062262185540541 -0.001079559470051889 -0.009630120108091535 0.04670519587710768 0.0002866374355135846 -0.007783308181764094 0.04641711876969469 0.0001637210679261039 -0.01023923178296763 0.006020657578074762 -0.001249454188560603 -0.008963064506387957 0.005574221439380777 8.997748642190728e-05 -0.01024675741503197 0.04737447790176799 -0.001000294245529674 -0.008250392487790966 0.04705593598002308 0.00125 -0.009000000000000001 0.04799999999999995 0.0003185185284439079 -0.007791262664166476 0.004950349478113285 -0.0008004700313263405 -0.009960076939077496 0.005100479965261549 0.0003019704967307871 -0.01021297725415779 0.005007220267976745 -0.0008537274372181816 -0.009913044064074063 0.04797593574837555 0.0001253460932702074 -0.007756300535940498 0.0477953737465584 4.260868224746606e-17 -0.0127 0.004000000000000001 -0.0006048191527760085 -0.01159530671988616 0.004000000000000001 -0.0009969249741270465 -0.01266081121397684 0.001906823312712076 -0.001986717706010878 -0.01254364192555826 0.004000000000000001 0.001986717706010974 -0.01254364192555824 0.004 0.0009974684056425868 -0.01266076841189921 0.002027110830341162 0.0005911571825515169 -0.01131441770339294 0.004 -0.0007793622523234103 -0.008022710646914958 0.004931193901068192 -0.001412956022790141 -0.01069849944679133 0.004 0.001680406563106779 -0.01083915463988448 0.004 0.0003319641277927773 -0.0104544298744127 0.001963861991083046 -0.002965928863293681 -0.01234881637963256 0.00202920641890077 -1.943839449591998e-19 -0.008999999999999999 0.004 -0.0002781511674453987 -0.01021865989022728 0.004 -0.00125 -0.008999999999999991 0.004706632205824867 -0.001129948870195113 -0.008465476332848783 0.04854645791205983 -0.001422767318681495 -0.0100824346997245 0.002288121273115185 0.00296475612096997 -0.0123490979890505 0.001976171041002012 -0.002776165603397184 -0.01080404116450145 0.004000000000000001 -0.001126211084878028 -0.009542354673896941 0.004000000000000001 0.0007793622523234145 -0.009977289353085042 0.004000000000000001 0.00125 -0.009000000000000001 0.004 0.003120274557790187 -0.01053258906278396 0.004000000000000001 -0.00392451582856178 -0.01207841775694847 0.004 0.003924515828561873 -0.01207841775694844 0.004 -0.002016336040683459 -0.00991718275157699 0.004000000000000001 -0.001986717706010878 -0.01254364192555826 1.058499572832481e-19 -0.002320550173025986 -0.01110513005259954 0 -0.00392451582856178 -0.01207841775694847 0 -0.0007974424163273033 -0.01092056110681744 0 4.284188218790468e-17 -0.0127 1.125272558655889e-19 0.0007710152427707809 -0.01117842320911859 1.132718648866075e-19 0.001986717706010974 -0.01254364192555824 0 0.0002042923889890548 -0.01023319285588311 0.0486333695886927 0.002642994330534466 -0.009881770323587301 0.002040524513979547 0.001879290580998785 -0.009894169632905072 0.004000000000000001 -0.004861486633078257 -0.01173268714815159 0.001969906594658088 0.004858747064108357 -0.01173382192497476 0.002029420179773331 -0.001926018291873228 -0.008999999999999989 0.004 -0.003145914591177133 -0.009880575398071377 0 0.005765679346692283 -0.01131578285719225 0.004 0.004547336090245773 -0.01050469197475658 0.004 4.999999999976968e-05 -0.007751000400320313 0.04899999999999995 -0.0002781511674453875 -0.007781340109772722 0.004000000000000001 0.0007793622523234193 -0.008022710646914967 0.004000000000000001 -0.00112621108487802 -0.008457645326103047 0.004000000000000001 -0.00254373503362056 -0.008680140319417322 0.001992888038723171 -0.0004325134197688071 -0.008457645326103051 0.001917908784571171 -0.004298348396310854 -0.01037713099417842 0.004000000000000001 -0.003041149473894809 -0.009166414997869779 0.004 0.00037302304172354 -0.009476616658640554 0 0.00229277788244665 -0.01025129635457672 0 0.00663454922866333 -0.01082925466190738 0.001956318991773507 -0.000874044127368915 -0.009893614493734246 0.04933286057950391 0.003924515828561873 -0.01207841775694844 0 0.005857215516202174 -0.009552318651114189 0.004000000000000001 0.007464872704114444 -0.01027451582856181 0.004000000000000001 0.001379590750083486 -0.007698364999732279 0.002749837337037775 -0.001652619751291007 -0.009083064386869875 1.064653245880882e-19 0.002566409531773547 -0.009121815108771874 0.004000000000000001 -0.005765679346692196 -0.0113157828571923 0.004 -0.004591897419365312 -0.01034974733403851 0 0.006303174533260612 -0.008640234648991425 0.002042569042532187 0.004068995201982355 -0.009044351545744053 0.004 -0.005765679346692198 -0.0113157828571923 2.246901458609077e-19 0.008266450768713013 -0.009641358394357301 0.001967667141022197 0.008980256121069183 -0.008980256121069122 0.004 0.007305723514819 -0.008800460150707739 0.004 0.008287048501450943 -0.007366122209845784 0.004 0.009658041589661468 -0.008246952931378313 0.002092728173704171 0.01027451582856184 -0.007464872704114393 0.004 0.005765679346692284 -0.01131578285719225 0 0.004204551195803672 -0.01021704200200401 2.26543729773215e-19 0.005539851346202854 -0.009388853095475588 0 0.007464872704114442 -0.01027451582856181 0 0.008544028233574632 -0.007050728297101378 0 0.01027451582856184 -0.007464872704114393 0 0.008980256121069185 -0.008980256121069124 0 0.004446616906842577 -0.008148082300278093 0.002265257131371039 0.00125 -0.009000000000000001 0.04999999999999993 0.00193910535400395 -0.008088772167147774 0.004000000000000001 -0.006635870309408193 -0.01082844519017919 0.002023828914346013 -0.00536999226394056 -0.008841805529113575 0.002056608045896247 -0.002232733575629716 -0.008057916660734243 0.004000000000000001 -0.0009834334738616415 -0.008228405156517734 0.05012555674173748 0.0001026583880359375 -0.01024577736990438 0.0498270740998919 0.003139888992766516 -0.00819312817993113 0.004 0.007689832852088595 -0.006652025398476182 0.001948684969377658 0.009498169145138853 -0.005934988946201309 0.004 0.01082858504040232 -0.006635642095741382 0.001965520119997765 0.005954229386658278 -0.007550193972233659 0.004 -0.003693869414913181 -0.008273670799582128 0 0.004017017120122379 -0.007410029902099859 0.004 0.01131578285719228 -0.005765679346692238 0.004000000000000001 0.007101702626808539 -0.008315025439259003 0 -0.001297552411990154 -0.007326917122131651 0.004 0.001427640976005411 -0.007017802347099538 0.004 0.001786823341474264 -0.008082249181407219 0 -0.001718060503375069 -0.006736997831943921 0.00209551022484175 -0.005844075420071226 -0.00953013915215699 0.004 -0.00347887250674293 -0.007668352573401632 0.004 0.003599825035678149 -0.008660989136823536 0 0.002570779314310599 -0.007780998868322124 0.001973549709639984 -0.005638626537937845 -0.009258373981115006 1.093891540707576e-19 0.009741189248245439 -0.005969408448745018 0 -0.001876160663176842 -0.00667086947233247 0 0.004793063019787433 -0.006297574207396685 0.004 0.009315529304383919 -0.005027062531340409 0.001951374835474602 -0.004551691863380576 -0.008671680663258328 0.004 -0.007464872704114356 -0.01027451582856187 0.004 -0.007464872704114357 -0.01027451582856187 2.187783081415151e-19 0.01131578285719228 -0.005765679346692238 2.3271405113247e-19 0.002712949935064764 -0.007092868132056201 0.004000000000000001 0.0004625158346044454 -0.007071259844964254 0.004000000000000001 0.0002866718116143509 -0.006407752852548014 0.001938796420989476 -3.081872625008067e-05 -0.007469420884385734 0 -0.004024489284501446 -0.007033530606198506 0.001949352431536257 -0.002437133049767507 -0.006825125562429151 0.004000000000000001 0.005245642427242007 -0.007628188787039201 0 -0.00103653472098857 -0.009698638513242114 0.05065802788073542 0.005526412864616055 -0.006579590947215145 0.001929868246032638 0.007386545180179673 -0.006030647820659328 0.004 0.003535019772752121 -0.005983881534573572 0.004000000000000001 0.0117333922852701 -0.004859784509622214 0.002096101827928141 0.01036898574274637 -0.00430146384895022 0.004 -0.007174199545439785 -0.008479843375238742 0.004 -0.008249169434068148 -0.009656148489332368 0.00197057981404575 0.008647055034883638 -0.004521430086126018 0.004 -0.008980256121069115 -0.008980256121069194 0.004000000000000001 0.01207841775694845 -0.003924515828561824 0.004 0.0004359448717658629 -0.007828483005338359 0.05079022516302557 -0.0003595354833538476 -0.006639223760734046 0.004 0.00209140100086823 -0.005909742309075184 0.004000000000000001 -0.005290724849675653 -0.007176083906588884 0 0.006788437780705783 -0.006376161888002283 0 0.005960937938839907 -0.005924973962774048 0.004 0.003353935913441966 -0.006850036153869763 0 0.008296265545183529 -0.005201141838088874 0 -0.003729286142510759 -0.005937776886962121 0 -0.005778162996174575 -0.008112453303582975 0.004000000000000001 -0.001361736118330068 -0.006106232616924829 0.004 -0.007095157575503156 -0.00820106689079707 2.226027407480897e-19 0.0101026059278483 -0.004184636390625585 0 0.002828446312448324 -0.005650142134536973 0.002000736687756348 0.009441683328249679 -0.003243808220662411 0.004000000000000001 -0.009656360819967548 -0.008248920881824225 0.002043680867485834 0.01014324285923977 -0.002979722249385771 0.001932559804923154 -0.008980256121069114 -0.008980256121069192 1.093891540707576e-19 -0.01173379199610332 -0.004858819341381375 0.001907271826295846 -0.01207841775694844 -0.00392451582856188 2.330220693222532e-19 -0.01059069295762192 -0.004382357242758642 0 -0.01131578285719225 -0.005765679346692293 0 -0.0102745158285618 -0.007464872704114448 0.004 -0.008375558127029881 -0.007180773323908526 0.004 -0.0102745158285618 -0.007464872704114448 0 -0.008412013316911349 -0.007127355949155569 2.179189690027593e-19 -0.01084120938676304 -0.006614996525498783 0.002032332857939685 -0.009635293619957819 -0.005708843877369553 0 0.01207841775694845 -0.003924515828561824 0 0.01254364192555825 -0.001986717706010924 6.817744730800068e-20 0.01235975298747975 -0.002920018165780042 0.001879569879654757 0.01114329037015214 -0.00266136127143635 0 0.0127 -2.792959617590443e-18 0.004000000000000001 0.01260561033641704 -0.001545505757483887 0.002449104837984826 0.01254364192555825 -0.001986717706010924 0.004 0.01106683635408022 -0.0008734985180194745 0.004 4.999999999916152e-05 -0.01024899959967971 0.05099999999999992 0.0007432625954926315 -0.005895222360299992 0.004 -0.004851999625675698 -0.007159717901378739 0.004 -0.005768613011964461 -0.006191206970928276 0.002247933188861645 0.005654989770267594 -0.004400281781571331 0.002008330388908757 0.007638482446012024 -0.003833656985953454 0.002143172004978728 0.004870549929590301 -0.004836152249261685 0.004 -0.002418707466216911 -0.005312955057677014 0.004 -0.007799603385519729 -0.006372109469871587 0.002005027240569496 0.010793126951668 -0.002606121068770798 0.004 -0.0003909246484006487 -0.005600333900223401 0.004 -0.01084513103172231 -0.002693852167403552 0 -0.009431169177801966 -0.005112779484066479 0.001962839575195579 0.01264524344241473 -0.001178056994405265 0.001228175705165534 0.0127 -3.060751670798167e-18 0.002 -0.003722139894775241 -0.006252965782018333 0.004 -0.01234910322431594 -0.002964734314435229 0.002098876209137603 -0.01018307592280765 -0.00413296462593375 0.004 -0.01207841775694844 -0.00392451582856188 0.004000000000000001 -0.01131578285719225 -0.005765679346692294 0.004000000000000001 0.008000000000000002 -0.003 0.01 0.006000000000000001 -0.003000000000000001 0.01 0.006546081470889887 -0.001546081470889887 0.01 0.006546081470889888 -0.003 0.008546081470889888 0.008000000000000002 -0.0009999999999999998 0.01 0.008 -0.001546081470889887 0.008546081470889887 0.006515360490296629 2.423310116950491e-07 0.01 0.01015761033723211 -0.0007831953429743368 0.002001296665853799 -0.0009440613429363496 -0.0081807026298265 0.05146401708491885 0.001538784744976376 -0.006166031962158815 0 0.004951518225931097 -0.005658783897612357 0 0.006858017733501505 -0.004656334266077159 0.004 0.006514077914538176 -0.004425843028608577 0 -0.003101564705300436 -0.005054389003965698 0.001941919316771937 -0.0009702703622811252 -0.004565150403562526 0.004000000000000001 0.008087254166188851 -0.003200072975450405 0 0.003031222581911714 -0.004583568882517109 0.004 0.008000000000000002 -0.003 0.004000000000000001 -0.01025380106066468 -0.002047338076879473 0.001953929533675465 -0.009351418127156773 -0.005713819661951903 0.004 0.01104504857024831 -0.0009753584739006642 0 0.01104265591001615 0.0008743583588732347 0.004 -0.01254364192555824 -0.001986717706010986 2.188178713673348e-19 -0.01063284743971848 -0.002552720818815845 0.004000000000000001 0.005 -0.003 0.008230303748291071 0.008 2.423310116948091e-07 0.008515360490296628 0.005258835656072147 7.269930350859718e-07 0.007258835656072149 -0.005532227116769197 -0.005197411408346885 0 0.0127 -3.060751670798167e-18 0 0.004999999999999999 -0.001228849762220898 0.01 0.008000000000000002 -0.003 0.008000000000000002 0.008000000000000002 0.001 0.01 0.004 -0.003 0.01 -0.0127 -4.92607383684684e-17 1.094089356836674e-19 -0.01266085013841074 0.0009964305157434468 0.002020740202179697 -0.01104133687344219 0.0008106793268700916 0 -0.01254364192555825 0.001986717706010889 0 0.001690364788259635 -0.004771637202192215 0.004 0.00125 -0.009000000000000001 0.05199999999999992 -0.0002232023313142118 -0.004292360621656943 0.001974268213169126 -0.0003161901928291325 -0.005443228554468081 0 -0.00506564235624347 -0.005665163913392097 0.004000000000000001 -0.006468848526305589 -0.006720885425882065 0.004 -0.00678445192331062 -0.006389815558291906 1.08564832997319e-19 -0.002167847068419544 -0.004699470346379651 0 0.008278424688650581 -0.001871199457305745 0.002030373558598343 0.009490506909605964 -0.001787452439566953 0.004 -0.009078839522288771 -0.003818894993765936 0 -0.008499257989006937 -0.003274257235199269 0.001995645419523183 -0.008223074448081706 -0.005496829270329424 1.113013703740449e-19 0.009595492695003125 -0.002084502447358545 0 0.01260561033641716 0.00154550575748295 0.002449104837984003 -0.01254364192555824 -0.001986717706010986 0.004 0.008 -0.001228849762220898 0.006999999999999999 0.008 0.001546081470889886 0.008546081470889887 0.003453918529110113 -0.001546081470889888 0.01 -0.01234347181005533 0.00298809365220861 0.001970734802745214 -0.01041916294410468 8.69388736020673e-05 0.00200878910562798 0.001716989290708352 -0.004036286253488531 0.002175460085451207 0.01254364192555825 0.001986717706010935 0.004000000000000001 -0.012658941535339 -0.001020391691885623 0.001970936167903868 0.006546081470889887 0.001546081470889887 0.01 0.008 0.003 0.01 -0.0110933022639739 -0.0008417669696989564 0 -0.0008537274372165633 -0.009913044064075576 0.05197593574837364 0.001245527355678952 -0.004192701581301923 0 0.003093393965260513 -0.004919021569130008 1.070248183439851e-19 0.006000000000000001 -0.003 0.004000000000000001 -0.004020972743745344 -0.003966376553583938 0 0.003621006050886999 -0.003607481646523324 0.001927987728053466 -0.002220559204189575 -0.003437459612610714 0.004000000000000001 -0.003800406167957954 -0.004690796368516531 0.004 0.00622187970712012 -0.002466941942717345 0 0.006546081470889887 -0.001546081470889887 0.004000000000000001 -0.007631419042824129 -0.005393653993129823 0.004 0.0005716553903448496 -0.004319307056000659 0.004 -0.009337676574855748 -0.001644136820347523 2.230203916684358e-19 0.0104662152301338 0.001673755328726312 0.00205679456881876 0.009687023822465685 -4.754414946552087e-20 0.004 -0.008486446953760905 -0.004047267115691902 0.004 -0.009222127096695917 -0.003000088215957035 0.004 0.006515360490296628 -0.003 0.007000242331011695 0.005 0.001230303748291071 0.01 0.01087697936430097 0.000898039365611985 0 -0.00600399373646961 -0.004267710035738893 0.001955730165729064 0.003453918529110115 -0.003 0.008546081470889888 -0.01012288785181658 0.002372924140460541 0 -0.007204773857939976 -0.004439235973064152 1.107805746871184e-19 0.01079723333698781 0.002602058288846709 0.004000000000000001 -0.0127 -4.924979027570742e-17 0.004 0.006546081470889887 0.003 0.008546081470889887 0.004999999999999999 -0.003 0.005771150237779103 0.003484639509703371 2.423310116945692e-07 0.01 0.008 -0.003 0.006 0.002 -0.003 0.01 0.008 0.003 0.008 0.006000000000000001 0.003 0.01 -0.01081021059227703 -0.0008231683859704397 0.004 -0.01254364192555825 0.001986717706010889 0.004000000000000001 -0.01099429591356334 0.002802307577822381 0.004 -0.01207841775694846 0.003924515828561785 0.004 -0.01068678268939973 0.001130267573063784 0.004000000000000001 0.002 -0.003 0.008 0.002000000000000001 -0.001546081470889887 0.008546081470889888 0.002 -0.001 0.01 0.008 -0.001546081470889887 0.005453918529110113 0.006546081470889887 -0.003 0.005453918529110115 -0.01025339254644114 0.00414187039811907 0.004000000000000001 -0.01173327006289339 0.004860079591036523 0.002094572303240683 0.000182353574518441 -0.007763372661688113 0.05299999999999994 -0.006281624783198379 -0.005077445000661087 0.004 0.004661251842722057 -0.003689073511734738 0 0.004000000000000001 -0.003 0.004000000000000001 0.005903129582273101 -0.001593324539512084 0.001943851253666955 -0.00245953754895715 -0.002728064936183835 0 -0.002199404149128636 -0.002541714099749934 0.002075425784147609 0.002 -0.003 0.004 0.008 -0.001 0.004 -0.0002121820551797833 -0.003018937582288115 0.004 0.009345536675348626 -0.0001669791721010572 0 0.0126422815950797 0.001209427993188994 0.001278200763266523 -0.008865568195984268 -0.001529839364059574 0.004 0.008 0.00123030374829107 0.006999999999999999 -0.01207841775694846 0.003924515828561785 0 -0.009489287922857321 0.0003019576795332881 1.054183868540978e-19 -0.0006066267997836569 -0.003460877080249905 0 0.01236004490355309 0.002918782277277867 0.001877879162718239 0.003891168558432007 -0.0007813012945979008 0.005891168558432006 0.003453918529110114 0.001546081470889886 0.01 0.006515360490296628 0.003 0.006999757668988305 0.005 0.003000000000000001 0.008228849762220899 0.003484639509703371 -0.003 0.007000242331011697 -0.01131578285719229 0.005765679346692206 0.004000000000000001 -0.009331359429348126 0.004657561524708495 0.002037200382895394 -0.007677669736099901 -0.002394125780241161 1.043169021566411e-19 0.01254364192555825 0.001986717706010934 1.0424323419568e-19 0.01207841775694845 0.003924515828561835 0.004 0.004 0.003 0.01 0.002 0.001546081470889886 0.008546081470889888 0.002 0.003 0.01 0.002 0.001 0.01 0.003453918529110115 0.003000000000000001 0.008546081470889888 0.002 2.423310116948091e-07 0.008515360490296628 0.0001868516509604469 -0.01023595568712368 0.05245986028267544 -0.005152884488989333 -0.004176261906294856 0.004 -0.004232415882629043 -0.00304818221669523 0.001933504878646588 0.007776044423742056 -0.001287132335902999 0 -0.00367368674829292 -0.003257107621785631 0.004 -0.008409018538782826 -0.00128504449177569 0.001744616576888033 0.009487214578771703 0.001787232628068878 0.004 0.008525152832842149 0.0006726299045360239 0.001899587484503976 0.008 2.423310116943929e-07 0.005484639509703371 -0.005874096702326545 -0.003233285004035979 1.073310817249256e-19 -0.01010260592784831 0.004184636390625554 0 -0.008711315800170144 0.002258100735752356 0.00199074132417066 0.002 -0.001228849762220898 0.006999999999999999 -0.009409244649469121 0.002828166383356376 0.004000000000000001 0.0009549325090820474 -0.002222729614394575 1.092579002623655e-19 0.005 -0.001228849762220898 0.004000000000000001 0.006515360490296629 2.423310116950491e-07 0.004000000000000001 0.01063716591387965 0.00265800185086037 0 0.01174343468255582 0.00483546707739232 0.002030953675594357 0.003453918529110113 -0.003 0.005453918529110113 0.008 0.003 0.006 0.002 -0.003 0.006 -0.0001492578289906352 -0.002099409089544407 0.001970285166770805 -0.007915200642843597 -0.0004244732500368732 0 0.01033990191537022 0.004311004748865842 0.004 0.002 0.003 0.008 -0.01131578285719229 0.005765679346692205 0 0.01207841775694845 0.003924515828561835 0 -0.00662750236592654 -0.002199490621099385 0.001879206246724373 -0.008193084491907419 0.001472234819050908 0 -0.007461990232180816 0.0004988263429453373 0.001899048831016454 0.002 -0.001546081470889887 0.005453918529110113 -0.001150101825842198 -0.008510341149171752 0.05320509003126881 0.002807079396146346 -0.002954571284680353 0 -0.004312659134892772 -0.001994976506714967 0 0.002042217147807493 -0.001990078315163557 0.001968215355635488 0.00436790574429101 -0.001720498844245304 0 0.006106204222722876 0.0005518128419504194 0.001921201513843383 -0.007942696971208285 -0.002737649155284105 0.004 -0.00675495674945743 -0.003671858079651052 0.004 0.009445652887728861 0.00324969765246265 0.004 0.009701750529037411 0.003941308943787111 0.001965486542183002 0.008990483100771024 0.001885854282802327 0 0.008 0.001 0.004 -0.009432423303001466 2.927345865710862e-17 0.004 0.008000000000000002 0.001546081470889886 0.005453918529110115 0.006546081470889887 0.003 0.005453918529110114 0.004017820846692748 0.001212110590925018 0.006215936743018094 -0.0108410539045736 0.006615251335975786 0.001970734802745064 -0.009351417453264439 0.00571381910822489 0.004 -0.008485265919587141 0.004024941433500776 0.004 -0.001192997869521677 -0.001361101705160217 0.004000000000000001 -0.006148001446563208 -0.001245125272356726 0 0.01131578285719227 0.005765679346692249 0.004 0.003484639509703371 0.003 0.006999757668988305 0.0104777050359958 0.004408122017552448 0 -0.006454487088672296 0.0007057544235788986 0 -0.008644421125599501 0.001359432485631063 0.004 0.005923038245147552 -0.0004818587663197849 0 0.0005071504318331783 -0.001585691300122193 0.004000000000000001 0.01131578285719227 0.005765679346692249 0 0.003453918529110113 -0.001546081470889888 0.004 0.00125 -0.009000000000000001 0.05399999999999991 -0.005000000000000012 -0.0025 0.004000000000000001 0.003907637187315392 -0.0007802659372071566 0.001961529391000666 -0.0008981180635368026 -0.001489733120692417 0 -0.003232233047033635 -0.001767766952966372 0.004 0.008000000000000002 0.003000000000000001 0.004000000000000001 0.006546081470889887 0.001546081470889886 0.004 -0.008460993964997389 0.003457330527902763 0 -0.001673852332112643 -0.000511570278798577 0.001965427787189084 0.01082789051976909 0.006636775338362354 0.002043680867485894 0.002 0.00123030374829107 0.007 -0.008995350930985465 0.005617654938308858 0 -0.006731268720220314 0.002658360354455078 0 -0.00793567179255141 0.002716855457479693 0.004000000000000001 0.005 0.003000000000000001 0.00576969625170893 0.0003986137681184451 -0.0001448997605983709 0.004 -0.003889409968094378 -0.0009250752934051338 0.001901975655732925 -0.005252256069420244 0.000694994859912904 0.001883134401201958 -0.01027451582856186 0.00746487270411437 0.004 -0.004604344318584677 -2.357801779837816e-05 0 -0.002751224487884479 -0.0007566642602845322 0 -0.006767766952966358 0.001767766952966379 0.004 -0.006089346389345975 0.002847325487514026 0.002084388797648027 0.0001044226063464505 -0.01024563073151067 0.05382751907548877 -0.0008686891056911161 -0.009898821026486124 0.05332216433676013 0.002 -0.001 0.004 0.007438824303055916 0.0007510335178896045 0 -0.00676776695296638 -0.001767766952966358 0.004 -0.007500000000000001 1.790999862819479e-17 0.004000000000000001 0.005 0.00123030374829107 0.004000000000000001 0.002 2.423310116945898e-07 0.005484639509703372 -0.007413202627557361 0.005719281438511897 0.001942244878158713 -0.007631221504070047 0.00538993223407175 0.004000000000000001 0.0006632965468421411 -0.0002513954826162113 0 0.003484639509703371 2.423310116950235e-07 0.004000000000000001 0.009439886706168492 0.005982506958391747 0.004 0.008603914607514574 0.004548192596531823 0.004 0.002 0.003 0.006000000000000001 0.008796718126203015 0.003971906207179062 0 0.001081629674891543 -0.0001460781998593129 0.00203505222269416 0.009560440525755616 0.00572050685446872 0 -0.009657155763120548 0.008247990213793155 0.002020740202179678 -0.0009838543939978076 0.0002417583619407961 0.004000000000000001 -0.006754954252494925 0.003671854840591062 0.004 -0.01027451582856186 0.007464872704114369 0 0.002516276834881486 -0.0009843040235187988 2.259361833949658e-19 0.004076255363319928 0.0002529102214118496 0 0.007461182401304582 0.003849341686515435 0.001995554469053406 0.007172159963079719 0.002726134784965945 0 -0.002500000000000001 -5.617972831550668e-19 0.004000000000000001 0.002 0.001546081470889886 0.005453918529110115 0.01027451582856183 0.007464872704114417 0.004000000000000001 0.00852032263435328 0.006352435431936367 0.002037570833058883 -0.004896028956602898 0.001947819781714786 0 0.005639347308843195 0.001492063548436608 1.103178055240849e-19 0.006 0.003 0.004 -0.00611920753821032 -0.0004756006456459495 0.004 0.01027451582856183 0.007464872704114415 0 -0.00837555795422947 0.007180772997087076 0.004 -0.003042907674136302 0.001214731651754266 0 -0.004999999999999991 0.0025 0.004 -0.001189791656039339 0.0004816502826441212 0 -0.008546827629737686 0.007394092808158609 0 -0.008980256121069185 0.008980256121069122 0.004 -0.003956294358041334 0.00236646353070003 0.001978042333748765 -0.008980256121069185 0.008980256121069122 0 -0.00527831611667015 0.0006719145434920991 0.004 -0.003872300318503426 0.0004550987981506595 0.004 -0.0008186741359979341 -0.008055398147869678 0.05462362989978109 -0.001058514331481756 -0.009664866460311942 0.05460136841638046 -0.004623813630384399 -0.0009081942355058905 0.004 0.003453918529110113 0.003 0.005453918529110113 -0.006972701448942208 0.004606535334141952 0 0.008051169973121516 0.005672895680560095 0 -0.005187714403819839 0.003919218629994116 0 0.003366573844211314 0.001145330679361499 0.001669158596466186 0.003453918529110114 0.001546081470889886 0.004 0.002 0.001 0.004000000000000001 -0.0007665322501756124 0.001551543249003294 0.001891518036676101 -0.005156019093989056 0.00417877725777447 0.004 -0.006281923855911822 0.005077321289761506 0.004 -0.007174199545439845 0.008479843375238725 0.004 -0.008229993436400315 0.009672497507717839 0.001968332081482616 0.009657867234033666 0.008247157115623472 0.001973811528441626 -0.003232233047033628 0.001767766952966366 0.004 0.0005676044406576048 -0.007886301118369169 0.05484319152060842 4.999999999567814e-05 -0.01024899959967985 0.0549999999999999 0.004924410398542984 0.002393560706072266 0.001987308911402399 0.006869622112928136 0.004662829320307589 0.004000000000000001 -0.007219510157645788 0.006481204880080054 0 -0.006649079288635323 0.007669515461386745 0.001997580665686204 -0.006468848377995627 0.006720885169374028 0.004000000000000001 -0.005467114899364354 0.004943633716688227 0.001980617215220601 0.008577290274985499 0.007341980704085762 0.004 0.007521611966989823 0.006382200752869248 0.004 0.002 0.003 0.004 0.004 0.003 0.004 0.0004460220249038353 0.001548370347270745 0.004 0.008467274135173597 0.007176489040614922 0 -0.001436489046513808 0.001635933228064882 0.004 -0.005917961301971543 0.002325370303431845 0.005406175785879546 -0.003725473123266449 0.003277190675274736 0.004 -0.007264505110426121 0.008426475397220629 0 -0.004043291419087269 0.002309698831278214 0.005558492243351177 -0.003334590059467219 0.003186126552577039 0 -0.007464872704114444 0.01027451582856181 0.004 -0.007464872704114444 0.01027451582856181 0 0.008980256121069147 0.008980256121069162 0.004000000000000001 0.008980256121069145 0.008980256121069161 1.161946476417809e-19 0.002224741628121283 0.0009869030824782199 2.179606364833534e-19 -0.005956708580912738 -0.002309698831278211 0.005646104307618218 -0.004076410026084547 -0.002323140452078361 0.005560665933930595 -0.007307027481942474 -0.0009631324922159801 0.005585389375112043 0.006818217270034402 0.004645498575991533 0 -0.007328137091227183 0.0009109213382352123 0.005441180912468035 -0.002880942412794366 -0.001326497245419769 0.005421766668205799 -0.005375213347851372 0.005853799847638456 2.205805242680854e-19 0.005347661681748748 0.003463462693265228 0 0.003786222418635049 0.002225156331640159 0 0.001509813839789571 0.001888382318963092 0.001963214882495733 -0.004973875667063923 -0.0001275883860582687 0.006340476531731676 0.0003716492657527268 0.001719954415248327 0 -0.002880586742152832 0.001325928897966122 0.005421151612513429 0.007228246912106038 0.007911812761366958 0.001933523366740206 -0.002041199909980343 0.00321901483015809 0.001872319962621949 0.005405231237993319 0.004494375206009043 0.001893996460792673 0.005973888703137262 0.006054516726876324 0.004 -0.006635874196047202 0.01082844280837438 0.002043045744748606 -0.005857749561445244 0.009558978504622282 0 -0.001249990790574419 -0.009004798278768511 0.05558442537249283 0.00125 -0.009000000000000001 0.0559999999999999 -0.001481466566239199 0.002453035571672564 0 -0.0025 -4.319335097783595e-19 0.006000000000000007 0.006613199808440958 0.006850077724546243 0 0.003052917341480078 0.003259463829305336 0.001793506419142604 -0.0002121820551797804 0.003018937582288103 0.004000000000000001 -0.005065642238512585 0.00566516383071868 0.004 -0.005782829097645188 0.008096122093641453 0.004000000000000001 -0.003785486068859852 0.00470029766620133 0.004000000000000001 -0.003626275460930119 0.005157525343437048 0 0.004881379726396511 0.004845375745605926 0.004 0.005488630452701553 0.006870346932349652 0.001965565588392951 -0.00585345116883249 0.009514930525009437 0.004000000000000001 0.008247613055186145 0.009657477874265264 0.002093176687287882 0.007335043238533069 0.008337945990636732 0.004 0.007481927166138349 0.008467759630945227 0 -0.005485773503910938 0.007816111820868278 0 -0.00225534365804561 0.003476721258739966 0.004 0.0074648727041144 0.01027451582856184 1.091018622347105e-19 0.007464872704114401 0.01027451582856184 0.004000000000000001 -0.0003578386851310586 -0.007802314116546551 0.05639716617571222 -0.0008537274372175022 -0.009913044064074696 0.05597593574837451 0.001933096262887792 0.002958250790616648 0 -0.004851999625675735 0.007159717901378803 0.004000000000000001 0.0007010470049003125 0.004363224665228324 0.001897688950965603 7.997177399536565e-05 0.003691343056498716 0 -0.004958876514264351 0.002499661748901429 0.007161955510214874 -0.006746514902405845 0.001788766529112813 0.006669600623710914 -0.003449744443649661 0.005969297335109094 0.002012686697659254 -0.003099999999999998 0.00162480768092719 0.007000000000000009 0.00585163812566174 0.007747432973254765 0.004 -0.005765679346692278 0.01131578285719225 0.004 -0.005765679346692278 0.01131578285719225 0 -0.00309396692154604 -0.001617726152301224 0.007015125969176511 -0.001773151167254067 0.004424433332417629 0 0.005884033061893632 0.009057459439933959 0 0.00567326264023151 0.00951291371552351 0.004 -0.006709427415740632 -0.001824241735712212 0.007252148258979318 -0.004933328206203059 -0.002499110816252832 0.007271532184181281 -0.007493335450306509 0.0001824234969647227 0.007330532131847992 0.004996092334680623 0.005442373212617733 0 0.003033027548046082 0.004585106131907811 0.004 -0.004309666211029481 0.007803403745110108 0.001986812733797876 0.003494536708573857 0.004196555578584734 0 0.004751641391838327 0.006272098139666775 0.004 -0.004348275849386786 0.0101819401432082 0.004 -0.004401095134456092 0.01049782666745621 0 -0.000972383120654307 0.004567535100241907 0.004000000000000001 -0.002422370318405449 0.005321479664425933 0.004 0.006635736278779225 0.01082852732547198 0.001965404424422678 -0.005402178381794292 9.709091119456152e-05 0.008463291964262669 0.000571655390344858 0.004319307056000646 0.004 -0.004837618592190026 0.01174254854605666 0.002032217276115771 0.000186234916726695 -0.01023604876756211 0.0564569671766559 0.001690364788259639 0.004771637202192208 0.004 -0.003801782829198604 0.007057743233792145 0 -0.0025 -4.324182410045541e-19 0.008000000000000012 0.003929783649052887 0.008288683292639714 0.001945401715810498 0.002599853726669175 0.005274180478575778 0.001953143731674849 -0.001553523775221949 0.005256316090664009 0.002003404837746595 -0.003722139894775286 0.006252965782018382 0.004000000000000001 -0.003704701063970385 0.009881733558823045 0.00195497213472738 -0.004565646770282238 0.00860523349720627 0.004 -0.004002298389442029 0.008864009772254289 0 0.00353501977275212 0.005983881534573565 0.004 0.003998381605763886 0.0073598697900011 0.004 0.005765679346692232 0.01131578285719228 1.161946505970147e-19 0.005765679346692233 0.01131578285719228 0.004000000000000001 -0.006498864314778877 0.002000851260309583 0.008456273493441507 -0.003924515828561863 0.01207841775694844 0.004 -0.003924515828561863 0.01207841775694844 0 -0.00123667708922194 -0.008817984129830527 0.05663330031512213 0.001641411928757533 0.004929648213933891 0 0.004625087277107424 0.007526717993960211 0 -0.002064836609289624 0.00639583217385238 0 -0.003096274970492909 0.001620441610187861 0.008990670957023165 -0.003478872506742955 0.007668352573401679 0.004 -0.004339254787610569 -0.002411102603437781 0.008661416605819061 -0.0002112542738604455 0.005662624135968953 0 0.004276273511787618 0.009671189263454304 0 0.004860644955846164 0.01173303586516325 0.002093176740524642 -0.004856000017279043 0.002495849355425195 0.009016249009235533 0.0007422002197394892 0.00589535631048042 0.004000000000000001 -0.0003909246484006783 0.005600333900223364 0.004 -0.002270438562923156 0.008371534422567526 0 -0.007425074114421706 0.0006074664925424115 0.009085930690598272 -0.00646316316664536 0.002027104720475073 0.009981666133805703 0.00012396213715703 -0.007756161831848107 0.05779912625302107 -0.006045096576403343 -0.002271073126517508 0.009151972927044462 -0.007318131068242422 -0.0009360920630201094 0.008507196494055125 0.003202851294028043 0.006167954385549313 0 0.002091401000868227 0.005909742309075178 0.004000000000000001 -0.002004132228721555 0.007386673564659874 0.001939671773284786 -0.003092934105720295 -0.001616508482772408 0.008972410340603532 0.003995670948048834 0.008753842108917151 0.004 -0.002437133049767537 0.006825125562429184 0.004 -0.003184605131886997 0.009037838875618482 0.004 -0.002585586436651157 0.01043225241532694 0 -0.001361736118330108 0.006106232616924842 0.004 0.003659484948906913 0.01022429990239925 0.004 -0.002964756120970135 0.01234909798905046 0.001905427696759335 -0.002803650856630475 0.01056895579946136 0.004 -0.005020491546258421 -1.984194706142229e-05 0.01060359830422662 0.003924515828561817 0.01207841775694845 1.161946505970147e-19 -0.0008671446384349139 -0.009900311155120042 0.05706850938275719 0.00125 -0.009000000000000001 0.0579999999999999 0.0002861769593665152 0.006407924208456689 0.002190040308838532 -0.0025 -4.350458151123306e-19 0.01000000000000002 0.003020694025121006 0.00806788342569317 0.004 0.002665540622049684 0.007089854015163796 0.004000000000000001 0.002021918551764788 0.007398006386530142 0.002039387828598518 -0.004511236687168779 -0.002451756599670989 0.01015721750413772 0.003924515828561817 0.01207841775694845 0.004 -0.00726240659502691 -0.001063727596134809 0.01009672073169501 -0.004373405178995369 0.002420202249872968 0.01063162829174455 0.002441246777603853 0.01036172715775799 2.234495245035915e-19 -0.0005006483360748828 0.007633441342238389 1.080783224461949e-19 -0.001986717706010959 0.01254364192555824 0.004 -0.00198671770601096 0.01254364192555824 2.256246958051366e-19 0.001986717706010913 0.01254364192555825 1.134470855161114e-19 0.0009978131075824572 0.01266074125011394 0.002043681008226512 -2.465870242207463e-17 0.0127 1.128123479025683e-19 0.0006283299266302902 0.01083836397237982 0 0.002966600118991016 0.01234865513867816 0.001973811569425207 0.001349726766703001 0.006901046696872715 2.161566448923897e-19 0.002843189972629129 0.008174793039823028 0 0.002189304768432665 0.009476216824939763 0.001996248010680442 0.002567239290023057 0.009039202776626379 0.004000000000000001 -0.001569792364027327 0.009523188616219291 0.001947108642235381 -0.002232733575629731 0.008057916660734273 0.004 -0.001987530677661044 0.00937276790520815 0.004000000000000001 -0.0003597125459793904 0.006639246085764113 0.004 -0.007413719487900237 0.0006511207520349973 0.01104527044907803 -0.006421304294333563 0.002056670635495381 0.01199775090217976 -0.003076380726062053 0.00159677452664252 0.01100000000000002 -0.001451772332063018 0.01057189609543477 0.004 -0.0009464584982842713 0.01122704525446185 1.080862423028173e-19 0.0003193515521311511 0.01039917056986812 0.002012654390580978 -0.001020602083464197 0.01265892457467176 0.00203224659190719 0.001986717706010913 0.01254364192555825 0.004000000000000001 0.00209538393927155 0.01096956341540413 0.004 -0.001051820056995581 -0.008324593035495034 0.05810422364947453 0.000103246982610239 -0.01024572872672259 0.05782722033851845 -0.0009187937635524153 0.007847869062013443 0.002738897269650578 0.001417229693624678 0.007019115058867807 0.004 -0.003093499988860117 -0.001617175843105389 0.01101630027539636 -0.001297552411990175 0.007326917122131666 0.004 -0.0007883182753895046 0.009620967959044227 1.080862423028173e-19 -0.006076903348731911 -0.002256164705310762 0.01110922646038715 0.0004601856904525584 0.007071553642360005 0.004 -0.00457114688960377 0.002462942348026742 0.01242361934591263 0.0001543622523234141 0.008323694783669669 0.001946965970782046 -0.0006086496168082473 0.01156678473319383 0.004 -2.4635834466398e-17 0.0127 0.004 0.0006015886455569311 0.01124333781994028 0.004000000000000001 0.0001868715336084481 -0.007764047318896542 0.0589999999999999 -0.0025 -4.323427330647044e-19 0.01200000000000002 0.001738014215504717 0.00983698353331375 0.004 0.001876637659719568 0.008096648437757422 0.004 -0.004478992634234833 -0.002445107630518223 0.0120004503275801 -0.007278014249741157 -0.001029879156977281 0.01200494286820881 -0.007403125692330138 0.0006891929387789716 0.01301446565877452 -0.00500270172681516 -1.280712768444312e-06 0.01352228538721958 0.0009884537200033525 0.008863956988384086 1.080783224461949e-19 -0.003096854090740574 0.001621121725247402 0.01300787651465562 -0.0008088282457919171 -0.00995304610004405 0.05823944925076069 -0.003100000000000106 -0.001624807680927315 0.01300000000000003 0.00125 0.009000000000000003 0.004000000000000001 -0.00112621108487802 0.009542354673896957 0.004 -0.006136191025305392 -0.002226896933855603 0.01301873472290209 -0.0002781511674453988 0.007781340109772723 0.004000000000000001 -0.006384497772698032 0.002081625787069854 0.01396770171557098 0.0007793622523234193 0.009977289353085039 0.004000000000000001 5.000000000191815e-05 -0.0102489995996796 0.0589999999999999 -0.00110438395865603 -0.008414477949293767 0.05919653950222661 -2.254867815861462e-19 0.009000000000000005 0.004000000000000001 0.0007793622523234141 0.008022710646914961 0.004 -0.001126211084878028 0.008457645326103064 0.004000000000000001 -0.004552306328503261 0.002459587440304119 0.01400009435573997 -0.0002781511674453876 0.01021865989022728 0.004000000000000001 -0.001012044817959923 -0.009733665650307052 0.05937003719595269 0.00125 -0.009000000000000001 0.05999999999999989 -0.0025 -4.319335097783833e-19 0.01400000000000003 -0.004565907418317109 -0.002462024295275715 0.01401794714497958 -0.007294062998467975 -0.0009936171088805405 0.01402890242662271 -0.007392166698212681 0.0007263184480393248 0.0149840069890752 -0.005537118543817224 -1.071000685992391e-05 0.01551834071899377 -0.003099999999999815 0.001624807680926976 0.01500000000000004 -0.003092740519059185 -0.001616280072376496 0.0150182114124376 -0.006209328361712863 -0.002188041341829922 0.01498918693353325 -0.006404107612422099 0.002068449132257864 0.01594042483402368 0.0002239706414392027 -0.007770228821376388 0.06027987394353444 -4.839529076691698e-05 -0.01024906280700035 0.06011455642609913 0.0002781511674453885 0.007781340109772722 0.004931193901068183 -0.000759037814904801 0.008006842612903402 0.004868676817289476 -0.00124988888213519 0.009016666802778135 0.004970257848458066 -0.000774557324216363 0.009981101906787868 0.005132944212026537 -0.004599670293593597 0.002467739071735212 0.01632281310211189 0.0002781511674453968 0.01021865989022728 0.004931193901068168 -0.001098655725389838 -0.009596200970368323 0.06040903002244299 -2.182961635983091e-05 0.008975160887711095 0.0052626329609087 -0.0025 -4.32334181329121e-19 0.01600000000000004 -0.004577064354900212 -0.002463965389388419 0.01597852303157122 -0.007309003275053753 -0.0009583860786713491 0.01600027608344919 -0.007381624904043751 0.0007601728858875437 0.01695293845488711 -0.004994684376293346 -9.516525323358281e-06 0.01751225417822172 -0.00309691970607986 0.001621198752433776 0.01699228800891208 -0.0008669161221252552 -0.008099468802761777 0.06078976302503716 0.0001204926363469455 -0.01024417905648109 0.06136430156134264 -0.003092677453572882 -0.001616205650247138 0.01700004678857016 -0.006178059439644727 -0.002205034230270349 0.01701271426366471 -0.006386427967349907 0.002080340715207489 0.0179105210190479 -0.001126211084875707 0.008457645326098242 0.005591045389281983 0.0004078896410291365 -0.007818422223998301 0.06151367740001831 0.00125 0.009000000000000001 0.005999999999999999 -0.0001932111314158443 0.007765022486562203 0.006107012307691412 -0.001197233037670568 0.009359350877987109 0.005973794927059392 -0.0006365540733330256 0.01007577828186069 0.006242061376859096 -0.004593237602512626 0.002466686918113104 0.01798448052726722 -0.0012499989228076 -0.009001641030115493 0.06136668077549737 0.00125 -0.009000000000000001 0.06199999999999987 0.0005863722351011669 0.01010393278867079 0.006147693536039545 -0.0025 -4.319335097785972e-19 0.01800000000000005 -0.004524386121720251 -0.002454341345206021 0.01802517506887619 -0.007322534263892693 -0.000925113286600312 0.01796417691473919 -0.007371814980471857 0.0007902491369240985 0.01891794375135731 -0.005000882592530231 3.662385536877653e-07 0.02001314413122458 -0.003099999999998169 0.001624807680925049 0.01900000000000006 -0.001096838929311135 0.008400463209512878 0.006563567915253178 -0.0008537274372174982 -0.0099130440640747 0.06197593574837449 -0.003092740519059186 -0.001616280072376498 0.01898178858756248 -0.006211821229943635 -0.00218666168088662 0.01897532069713924 -0.004962631656677805 0.002499720705782419 0.0194104164609978 -0.001171391344935291 -0.008563717617808502 0.06232537991285603 0.0002094306156312791 -0.01023233064444422 0.06254019619429634 9.236123158612699e-05 0.007753416908946745 0.007500495141081333 0.0004709339197232968 0.01015789517800795 0.007367943009456723 -0.0009638107423103447 0.009795970384503836 0.007535916130667134 -0.006301682195241767 0.002134390653697344 0.02036862620218662 4.999999999994072e-05 -0.007751000400320321 0.06299999999999986 -0.0025 -4.415130878035638e-19 0.02000000000000005 -0.00455884909686813 -0.002460769367629956 0.01996837181137337 -0.00733454352989946 -0.0008943749252995514 0.01992341385182808 -0.004607772923146521 0.002469039878208324 0.02121629839953236 -0.0008737468055067042 -0.009893905207427963 0.06305577450042225 0.00125 0.009000000000000001 0.007999999999999997 -0.003100000000000096 -0.001624807680927304 0.02100000000000005 -0.003029480150476006 0.001538522512877837 0.02100000000000005 -0.006240697206613495 -0.002170407897493342 0.02092964904595009 -0.00736123689629445 0.0008213162116857006 0.02087868746098542 0.00125 -0.009000000000000001 0.06399999999999986 -0.001017066608341458 0.008273311955377824 0.008035611537083759 -0.0025 -4.319335097784151e-19 0.02200000000000006 -0.004594311849961247 -0.002466863823748311 0.02193553205504932 -0.00733818881345898 -0.0008848011486290563 0.02215925341295473 -0.006271321659448846 0.002152612654012847 0.02183419281918147 -0.00500475404415828 -7.323043003644144e-05 0.02250694035501056 -0.001150503894405812 -0.008511286598345146 0.0639983971670105 0.0001032297551217262 -0.01024573015443053 0.06382721602872408 0.0007440300294523158 0.01000444975746584 0.008869341440392378 -0.003099999999999571 0.00162480768092669 0.02300000000000004 0.0001866990966032995 0.007764021259354553 0.008590466447744404 -0.00313480944302106 -0.001664651370755026 0.02294868421931953 -0.006244890622353036 -0.002168005382460448 0.0231315374585196 -0.007350149808352737 0.0008525232420876255 0.02284372403540757 -0.004752449979060636 0.002487713606332715 0.02347321645838085 -0.001015550001060861 -0.009728806006661091 0.06433408590715273 0.0001262716708899302 -0.007756394168102023 0.06490173718113181 -0.0007031480371334031 0.01003348093251663 0.009182718934340278 -0.0025 -4.335628926838407e-19 0.02400000000000005 -0.004601900901467456 -0.002468099898251198 0.02390489707350736 -0.007335272181521843 -0.0008924706371697675 0.0241801784493142 -0.006319602199653318 0.002123358197448119 0.02416869382349999 -0.003087546983995406 0.001610131504435253 0.02498106457824618 -0.001239793292797184 0.008840586728485001 0.009319843006992396 5.000000001302259e-05 -0.01024899959967916 0.06499999999999986 0.00125 0.009000000000000001 0.009999999999999997 -0.003137991664056219 -0.001668210105734848 0.02507913602863136 -0.00624793222905401 -0.002166256021731571 0.02512092755245247 -0.005000483595699852 6.01923988386411e-07 0.02604178238383987 -0.001018338212388954 -0.008275094981953867 0.06511266208367497 -0.0005027121452677434 0.007855543579248078 0.009881373640550882 -0.00737497539622494 0.000780699601207911 0.02540978204842638 -0.004731194871725255 0.002485506749742031 0.02543077215671713 0.000454396149900405 0.01016448449494001 0.01031290429592102 0.00125 -0.009000000000000001 0.06599999999999985 -0.0025 -4.319335097782798e-19 0.02600000000000004 -0.004582272997909245 -0.002464853778974378 0.02606993224884656 -0.006339410563016434 0.002110919075587694 0.02613122755215042 -0.003100000000000613 0.001624807680927908 0.02700000000000002 -0.000998265167906567 0.009752307553161921 0.01056463395810581 -0.000741089598289092 -0.01000662118361761 0.06546112014485972 -0.007327530709962533 -0.0009124696127440681 0.02626458996415845 -0.003100000000001006 -0.001624807680928369 0.02700000000000002 -0.006223411857726234 -0.002180198024578237 0.02706087486633822 -0.004733484139416334 0.002485753265321672 0.02713003540373336 -0.007380224255470837 0.0007645472475055413 0.02709353348713889 -0.00124647026821381 -0.009093871563633464 0.06611266239159576 -0.001066750430265781 0.008348429958079894 0.01088470247720354 2.413482083682705e-05 -0.007750233017549603 0.06667713820537968 -0.0025 -4.335470651227838e-19 0.02800000000000003 -0.004557496066142318 -0.002460526421016543 0.02801086091485436 -0.006361868565459019 0.002096500419846035 0.02808604997240112 -0.005016547125844232 -5.878802206891679e-07 0.02854256323982088 0.0001831104270786764 0.007763484504142768 0.0111964587455168 -0.0004326979769520328 -0.01017272011185177 0.06630580876090816 -0.007321979719860509 -0.0009265042798371258 0.02804887016425375 -0.003087667018801784 0.001610274066431409 0.02898661596462047 -0.0002535875105683991 0.01022400709739925 0.01166889056233949 0.0007945232239158555 -0.009965004065617528 0.0669369675322655 0.00125 0.009000000000000001 0.01199999999999999 -0.003095597974516738 -0.001619645925915676 0.02901102807447968 -0.006203030015093144 -0.002191510616626118 0.02899884099965092 -0.004727528579206648 0.002485107507704819 0.02908387602630168 -0.001229468016769896 0.009225628889417779 0.0118864362193709 -0.007387963891607553 0.0007400192243303671 0.029036483392517 -0.001021701633594262 -0.009720156768982158 0.06745484485046228 -0.0025 -4.319335097783612e-19 0.03000000000000003 -0.004572607536790157 -0.002463196233025583 0.02952660228007428 -0.006383625880343338 0.002082205422921602 0.02958785627409868 -0.003099999999999987 0.001624807680927175 0.03100000000000002 -0.001078803629359632 -0.00836858672069675 0.06801705194877319 9.867191372352098e-05 -0.01024609945567845 0.06756778102112025 0.00125 -0.009000000000000001 0.06799999999999985 -0.0007240312689290025 0.007981040372922923 0.01215331945393095 -0.007313476891337558 -0.0009475361065664516 0.0299870848239575 -0.003100000000002546 -0.001624807680930168 0.03100000000000001 -0.006278726995112388 -0.002148221886112057 0.03051146612082272 -0.004858223042594357 0.002495976621354615 0.03086303470582834 -0.007422733433863835 0.0006167355255199421 0.03058042217675013 0.0005710453324041446 0.007888061499749454 0.01233852143885265 0.0002515044143837024 0.01022443682137769 0.01299999999999999 -0.00492534757070593 -0.0001074873903906391 0.03170954744778953 -0.0008645571947706848 -0.009902796132562746 0.06868607075848439 0.0008297957095516011 -0.009934847089319829 0.06836830888033624 -2.835740151253824e-05 -0.007750321698284135 0.06874248766746344 -0.001027375095968877 0.009712039614194985 0.01297358254491788 -0.0025 -5.387195599967839e-19 0.032 -0.004891827531359893 -0.002497658647018905 0.03119555830991012 -0.006689431996079363 0.001842774953873453 0.03117106288521776 -0.004076472386828732 0.00232316524330711 0.03246877082887974 0.00125 0.009000000000000001 0.01399999999999999 -0.001101013550261712 0.008408164581880994 0.01362831069992556 -0.007309234819869313 -0.0009578280360811885 0.03177322516711581 -0.002880586742154993 -0.001325928897969576 0.03257884838748527 -0.002880586742152836 0.001325928897966128 0.03257884838748658 -0.004040900912395301 -0.002308707201044739 0.032666373085497 -0.005956708580912738 -0.002309698831278211 0.03235389569238178 -0.0059240236911967 0.002322967976126065 0.03256615303679383 -0.007309698831278211 0.00095670858091274 0.03235389569238178 0.0002765272644011795 -0.01021902939753018 0.06930926548776928 -0.008004428897364585 0.003350135370500817 0.03549449019989038 -0.007249999999999986 0.003897114317029983 0.034 -0.006767766952966358 0.001767766952966379 0.034 -0.008640576474687252 0.002645033635316146 0.034 -0.009474799182055295 0.0004755757355850822 0.03534993731726821 -0.0075 1.79715993151216e-17 0.034 -0.009401664203302131 -0.0009356026086798965 0.03400000000000001 -0.009401664203302122 0.0009356026086799365 0.034 -0.009002210794857829 -0.002057257580742738 0.03547711734576173 -0.008092700863038227 -0.001376959139303067 0.034 -0.008640576474687276 -0.002645033635316111 0.034 0.00125 -0.009000000000000001 0.06999999999999987 0.0001231539817439615 0.007756081555414261 0.01351480170294229 -0.003872300318503427 0.0004550987981506596 0.03400000000000001 -0.005278316116670151 0.0006719145434920988 0.03400000000000001 -0.001130512417620936 -0.008466669264335099 0.06953532578690963 -0.004623813630384399 -0.0009081942355058904 0.034 -0.00612203625941769 0.003160057449788398 0.034 -0.008092700863038212 0.001376959139303095 0.034 -0.00801108772861488 -0.003344151714648259 0.035617524897859 -0.007361698266942926 -0.001179719243532877 0.0357161677043583 -0.002787309392969212 0.003918418083558431 0.03541695875676177 -0.003232233047033629 0.001767766952966366 0.03400000000000001 -0.003609423525312728 0.004279754323328189 0.03400000000000001 -0.001988912271385132 0.00334415171464827 0.03400000000000001 -0.001354705605072453 0.002638527766446624 0.03541061991824982 -0.0008890454406082944 0.001830314893841098 0.034 -0.006352208955238112 0.004292031097437886 0.03597502304670189 -0.005470378084704427 0.004475348529157232 0.034 -0.009110076463926026 0.00183228585670505 0.03554728079170032 -0.00676776695296638 -0.001767766952966358 0.034 -0.007250000000000023 -0.003897114317029961 0.034 -0.006122036259417719 -0.003160057449788387 0.034 -0.00547037808470446 -0.004475348529157228 0.034 -0.006390576474687287 -0.004279754323328184 0.03521591704754783 0.0002914237016520895 0.01021555428760521 0.01407354246742569 -0.0009717369236590756 0.009786274348556279 0.01414258108210453 -0.00611920753821032 -0.0004756006456459495 0.034 -0.0025 -5.870603413643717e-19 0.034 -0.004999999999999991 0.0025 0.034 -0.003232233047033636 -0.001767766952966372 0.03400000000000001 -0.00724013935685005 0.0009278961032130508 0.03586783961831443 -0.009448986257323808 -0.0006756635865161741 0.03673666531684032 -0.003036775350826685 0.001576402259506785 0.03613947042713155 -0.0007013492850538742 0.001331015413469418 0.03538840600731001 -0.004529621915295548 0.00447534852915723 0.03561752489785901 -0.004596429276271587 -0.004481866873407703 0.0359230169460412 -0.005000000000000011 -0.0025 0.034 -0.0004999999999999997 -1.102182119232618e-18 0.034 -0.003609423525312749 -0.004279754323328195 0.034 -0.001988912271385145 -0.003344151714648282 0.034 -0.00275000000000001 -0.003897114317029981 0.03561752489785944 -0.001358280817063654 -0.002643460117466015 0.03533317818201513 -0.0008890454406082987 -0.001830314893841108 0.034 -0.0006995931258488774 -0.001325330417953868 0.03538287039818853 -0.005032189681207632 0.001526466851491778 0.03684976641579247 0.0005578182978540742 0.007881367465796216 0.01443671530018041 -0.0008537274372185853 -0.009913044064073683 0.07002406425162529 -0.008922012567005278 -0.002206313083914586 0.03714345388665557 -0.001984429609195339 0.003340110060776775 0.03665965839141062 -0.005876890375132174 -0.002293075293306886 0.03598871823602549 -0.0004999999999999996 -1.196532933683426e-18 0.036 -0.004148951194422354 -0.001324608784396252 0.03690689773668216 -0.002465055227676749 -0.0003563331645481943 0.03633471879522929 -9.149159955175087e-05 -0.007753352781573128 0.07070313291258241 0.00125 0.009000000000000001 0.01599999999999999 -0.007606884085612208 0.003667990643960506 0.03705279396121992 -0.008583225652965329 0.002722222239261738 0.03661129205244004 -0.009401950845077237 0.0009342530479071497 0.03717573974745422 -0.006741746661091036 -0.0005555772218015057 0.03737285316170218 -0.0008086675035199279 0.001637904729814935 0.03711320810591594 -0.003366162604614224 0.004192919670759151 0.03729519175488005 -0.006550416582876125 -0.0042244772954228 0.03675213394207594 -0.0008333333333388213 -0.00169967317121105 0.03700000000000001 -0.00195911842350089 -0.003317082941035436 0.0366177108910847 8.850060271440551e-05 -0.01024686312132455 0.07061613193463777 -0.0002582672737201225 0.01022302821526127 0.01552587407146304 -0.000324065795609211 0.007792738073110823 0.01444637266364823 -0.007884831449665843 -0.003453657120650351 0.03810159465985657 -0.00945246461703075 -0.0006523487058998548 0.03813263164676457 -0.001773934495656427 0.003137276105427199 0.03803791682199993 -0.004984073450764533 0.004499971816026124 0.03711045693763249 -0.004802330552898453 -0.004495656435903724 0.03744332488871577 -0.006888057723487336 0.001495994462863201 0.03786183401213225 -0.001762489017713337 -0.003125463587945515 0.03847973883553481 -0.008742137926407174 0.002499280644454525 0.03802076486298719 -0.00112741572251236 -0.008460153921351712 0.07068518896547253 0.0002813056434418042 0.00778206439621473 0.01531636569056615 -0.001175992321155214 0.009423724038241842 0.01516853322196165 -0.001067503541335578 0.008349664556374174 0.01499030497807679 -0.006104743261148527 0.004362286364619697 0.03850160509076752 -0.008930792909818103 -0.002190631666922522 0.03906773480770358 -0.002966037378737178 0.0006273197510319301 0.0380323335541914 -0.004297750498215243 0.00227075990156854 0.03878846070360812 -0.005527448062987775 -0.002109197856992403 0.03861257483229903 -0.003136280378966265 -0.00409591859955418 0.03728543384998714 -0.0004999999999999997 -1.290010808529412e-18 0.03800000000000001 -0.0008301345983249094 -0.001691810430253058 0.03898556966516159 -0.009389242176597482 0.0009922464992015824 0.03899648102247164 -0.002981128106905346 0.004021710616052877 0.03901777636740884 -0.004441503039495523 0.0044652078501574 0.03891352871440934 -0.007490025312572125 9.058979895352184e-06 0.03932253479670912 0.0007204212659755416 -0.01002151514894797 0.07160620176575079 -0.0001707963472887794 0.007761723533392965 0.01611757892225829 -0.0008333333333333283 0.001699673171197583 0.039 -0.006255172293494221 -0.004321405154998136 0.03865409951144202 -0.007589865309822082 0.00368002685818734 0.03895337314542784 -0.008734636726796374 0.002510475755482151 0.03992652980519301 -0.001766534087335521 0.003129648253659966 0.04000690738426628 -0.006078337306351314 0.004368888720685274 0.03988585479586548 -0.009454984765896693 -0.0006349100216789704 0.03995832700349852 -0.003143409584547191 -0.004099155038449848 0.03900600985814981 -0.003749782593055159 -0.00218036238753189 0.039908015341613 -0.001069946048942897 -0.009646309099697263 0.07128032909849932 0.00125 -0.009000000000000001 0.07199999999999987 -0.001196424083495732 0.009362035098341858 0.01633042558065116 -0.005006979356110792 1.184563444493286e-05 0.03942217647297615 -0.007884220338234913 -0.003454167488775275 0.03995298697896738 -0.004800112074670456 -0.004495558343221391 0.03980148251412468 -0.003155991351720856 0.004104830338159146 0.04038146195457203 -0.004427420415821953 0.004463423867367125 0.04080573342297707 -0.006463723979129694 0.001821484263208057 0.03990718308738951 -0.00938573415335513 0.001007638792471969 0.0408933916368279 -0.008938061842230484 -0.002177537353702173 0.04091742291211162 -0.001765104087652002 -0.003128170141835993 0.03998571165839181 -0.006642821053157693 -0.001125991005445268 0.04105356280522132 -0.001122624828863771 -0.008450260522048319 0.07201347275157538 -0.0003313924380534614 -0.01020527136031725 0.07189995747347203 4.972267368219444e-05 0.01024901067077984 0.01751243275427595 -2.620425858135576e-05 0.007750274695450156 0.01705737344676937 -0.002850604273031258 -0.0002499659745478571 0.04046332882434745 -0.0004999999999999996 -1.102182119232618e-18 0.04 -0.00403366004138438 0.001797277931980782 0.04092340324489637 -0.006436092083153433 -0.004264696885911592 0.04094511785568315 -0.007768521434756277 0.0003592476077037751 0.04178759414466146 -0.003159920954134034 -0.004106593369809701 0.04093590433590737 -0.0008333333333327983 -0.001699673171196284 0.041 -0.0001205013074098438 -0.007755821783299308 0.07267221282114947 -0.001063653800591485 -0.009656612970087625 0.07272904459208467 -0.0009207338950747561 0.008154571650309462 0.01645044075914961 -0.000833001313409596 0.001698859012971308 0.04099903587987305 -0.007571139403027258 0.003693134464137562 0.04085728038961976 -0.00277187107315015 0.003909660021707123 0.04170527873058836 -0.006059385414184878 0.004373522898558134 0.04178595687398073 -0.009455533081614374 -0.0006310506783451852 0.04188079950240689 -0.001778070975351562 -0.003141524050541071 0.0419574870299989 -0.007885475563373321 -0.003453118992038273 0.04189829938554562 -0.004798313662208733 -0.004495478019204226 0.04191507268460336 -0.008721397187993574 0.002530059874626197 0.04182829471564409 -0.001521890248240182 0.002855302532957456 0.04200074373108031 5.000000001091485e-05 -0.01024899959967924 0.07299999999999987 0.0008081758974286333 0.008046400650789116 0.01770234152501496 -0.0009150340485608399 0.00814840579500894 0.0176947502846976 -0.00429969377923529 -0.001498985614092846 0.04192708651581688 -0.009381771420981455 0.001024733728472994 0.04279073468566637 -0.008937585268268478 -0.002178399011915648 0.0428385872713106 -0.003392574066231425 0.000768218213283614 0.0431412503239464 -0.001190294119006792 -0.008618293423873987 0.07326864226502743 0.00125 0.009000000000000001 0.018 -0.001186255489751557 0.009394078562008005 0.01799999999999834 -0.005980793244658898 0.0009684162897596799 0.0423055976830975 -0.0004999999999999997 -1.290908330129649e-18 0.04200000000000001 -0.006454371970145182 -0.004258497642650049 0.04286241227044502 -0.002798835374594623 -0.001200512513722868 0.04359236097637179 -0.004355412058340523 0.00445359477113345 0.04270030274102771 -0.009458080100862892 -0.0006127983471667672 0.0437727758706827 -0.006671287528609007 -0.001174387625373192 0.04358126165987287 -0.003176958439151722 -0.004114185152301714 0.04290567478624439 -0.007524292796956896 0.0008634111472019087 0.04366417553874438 -0.0008333333333333257 0.001699673171197577 0.043 0.00125 -0.009000000000000001 0.07399999999999989 -0.0001520565944584432 0.007759282952449796 0.01791351317542841 -0.007549340981448204 0.00370821527966065 0.042764529350633 -0.0008334236601250544 -0.00169989458614183 0.04302693948004357 -0.002754692942285389 0.00389982002361352 0.04359695561308524 -0.007900124554683636 -0.003440825128849336 0.04380246329346486 -0.004574376938425385 -0.002142457240730441 0.04421855536832188 -0.008712267414669938 0.00254343677766517 0.04373753033693689 -0.001484851328017592 0.00280957822704055 0.04418865241594524 -0.005104833883136651 0.00220175046300075 0.04419154610654673 -0.004819061653315124 -0.004496360896847466 0.04384492046330218 -0.006017971453403268 0.004383347364749463 0.04368951604979582 -0.0008537274372160116 -0.009913044064076089 0.07397593574836812 4.999999999848563e-05 0.01024899959967974 0.019 0.0002813056433977306 0.007782064396204551 0.01868363430944023 -0.001793258514448041 -0.00315702534751307 0.04382823165312866 -0.00937773656495906 0.001041836152098999 0.04470574936606973 -0.008945716080448134 -0.002163636894789192 0.0447356421964046 -0.0004999999999999997 -1.29088374813286e-18 0.044 -0.002819972005421453 0.0009265960040129243 0.04519510704100149 -0.006474074636028436 -0.004251717766670036 0.04477781941347289 -0.003206546516159208 -0.004127169078351325 0.04483150003090704 -0.007531883757975028 0.003720156533817128 0.04467576095599374 -0.004337692671677881 0.004450994158932454 0.04463608699310989 -0.007916251242877597 -0.003427167735669626 0.04570465522583912 -0.006296189639361236 -0.002108405428690695 0.04543194216960557 9.891820849021712e-05 -0.007753920071572822 0.0744016220230838 -0.0009011069972133273 0.008133682402595228 0.01894977560125537 -0.005020822373859372 1.57235406789177e-06 0.04519023414448196 -0.0008333333333337734 -0.001699673171198675 0.04500000000000001 -0.007308613034629314 0.0003941152295857633 0.04565726216997568 -0.008700307438831736 0.002560805509625152 0.0456498979898677 -0.000809744300937376 0.001640657543935725 0.04505233186052481 -0.004857203143608286 -0.004497733769111356 0.04574418355550489 -0.0065206511321335 0.002255161227041062 0.04563292641756878 -0.006000019552963065 0.004387477737116345 0.04561411788614069 -0.002740074920402565 0.003891367193494663 0.0456015929774868 -0.006502891627266911 -0.004241617233637545 0.0466762169096423 -0.00946077336519007 -0.0005928751845126119 0.04567297927088946 0.0001885155417017288 -0.01023570299446789 0.07446708722567263 0.00125 0.009000000000000001 0.01999999999999999 -0.003020454839810856 -0.001144867338102618 0.04568513797290179 -0.001635439096077744 0.002988265370377581 0.04638946410273693 -0.004426574238385762 -0.002563657534993502 0.04620278003844703 -0.004171951381016397 0.002142559405468285 0.04631977091661917 -0.007934748908501835 -0.003411341208974455 0.04759410984419744 -0.008953618018720572 -0.00214916368898417 0.04663943140427958 -0.009375829500489489 0.001049817213921514 0.04660745277413746 -0.001765550158279292 -0.003128631365532362 0.0460135710490536 -0.003278006153369736 -0.004157491694780341 0.04672898046864331 -0.004329599730951001 0.004449782408080089 0.04655425588467414 -0.001249789361894725 -0.008977053303183775 0.07457449178523431 7.864040279010476e-05 0.007752476177762923 0.01983757491424833 -0.001187245047106993 0.009391087200148399 0.02000000000000084 -0.0004999999999999996 -1.102182119232618e-18 0.046 -0.0008333333333331704 0.001699673171197196 0.047 -0.00751355157754106 0.003732567275621546 0.04659020822895019 -0.005757738931467616 -0.001605807215316891 0.04740566249012186 -0.009461859537364435 -0.0005846447372807142 0.04755615054852277 -0.008687614753211885 0.002579049714893851 0.04756028689369814 -0.004896300017813166 -0.004498804987293232 0.04764772034908243 -0.005977215088685026 0.004392613193811439 0.04753412272459685 -0.002986035864082617 0.004024170530586217 0.04738202369289243 -0.001940982654427208 -0.003300365567552296 0.04780071945683615 0.0001967210633663575 -0.007765576724446592 0.07571595820260422 -0.0008334161428151537 -0.001699876160503066 0.04699313227840422 -0.006029441360348802 0.001416664570037496 0.04751389061364978 -0.003323103558911755 0.0003292516452576902 0.04750065470765456 -0.006530652435858332 -0.004231678522832395 0.04856893514415261 -0.007214543814113064 -0.000258565323930688 0.04872341226246284 -0.003291881303581235 -0.004163211563077795 0.04862147392419976 -0.004644128951643266 0.004485906351780149 0.04849955060694913 -0.00367714354051122 -0.001781444846806354 0.0486146128603504 0.00125 -0.009000000000000001 0.0759999999999999 -0.0008584109842984772 -0.009908642163910374 0.07530170820312053 4.976481184884444e-05 0.01024900899256236 0.02048592635123274 -0.0009126156255010291 0.008145814586818902 0.02030098716368722 -0.00176555055832461 0.003128631779108204 0.04801426128114273 -0.008963564507590404 -0.002130764274660536 0.04852449415237213 -0.006125810254079359 -0.002117709440833051 0.04954519613006606 -0.009377205235764172 0.00104406624502411 0.04848405044887093 -0.004772191810429901 0.002236937304128437 0.04943760859561259 -0.0004999999999999996 -1.102182119232618e-18 0.048 -0.00946422021182013 -0.0005663372673386772 0.04944316095399398 -0.005979381125791093 0.004392130759716083 0.04946193360133676 0.0001073509152539435 -0.01024538178121978 0.0758283149047593 4.999999999566483e-05 0.007751000400320148 0.02099999999999999 -0.0008301412171293288 0.001691826743764363 0.04901440040093268 -0.007539893178477176 0.003714692805862299 0.04855510415041824 -0.007953422872005239 -0.00339518679001853 0.04949034793422882 -0.004923649106174668 -0.004499352235712612 0.0495484699698343 -0.003097409919732478 0.004078008213143719 0.04896151542576726 -0.001916420378537847 -0.003277428369637287 0.04939880430360888 -0.006802691035379925 0.001600383851608822 0.0497125583757602 -0.008976166423983573 -0.002107154614352182 0.050407381930294 -0.004404058300187457 0.004460364726165848 0.05064315820178166 -0.0008333333333942995 -0.001699673171347052 0.049 -0.008717057099374682 0.002536431848086655 0.04946207583474076 -0.007476647070160672 0.003757155744690999 0.05046369625449503 -0.002603138579672101 -0.0001183690519439291 0.04949422001828961 -0.001055800213647223 -0.008330831927792071 0.07604862834558766 -0.001196104616161665 0.0093630891725138 0.02130516594796265 -0.005065719416432739 -0.0001656313126660243 0.04974699548819204 -0.006550456751341537 -0.004224462553061568 0.05014218127221693 -0.009401664203300816 0.000935602608686086 0.05076495020427348 -0.00331691553926279 -0.004173395104471292 0.05053433648402358 -0.00943972858242912 -0.0007340368617187676 0.05099951650338688 -0.005952547694904099 0.00439802829560394 0.05097921913226033 -0.001758478695983489 0.003121304156215331 0.04952298362680357 -0.0004999999999999996 -1.007831304782566e-18 0.05 -0.0008086675035173113 -0.001637904729808237 0.05088679189407484 9.875916388291088e-05 -0.007753907456266131 0.0769999999999999 -0.0007772024773524105 -0.009979007818762077 0.07636432121202345 0.00125 0.009000000000000001 0.022 -0.007855113413192862 -0.0034782649982148 0.05075773327505947 -0.00411433002310691 -0.001875656486821654 0.05146546982024625 -0.002876653777504186 0.003967543423758934 0.05078096515144753 -0.006881349299502177 -0.0007788742360643814 0.05152083601847192 -0.005746987777849816 0.001595045014446623 0.05158049491400195 -0.005193039456621049 -0.004495857623211334 0.05102900567825949 -0.008640576474685243 0.002645033635318911 0.05107502656518826 -0.001983019741960198 -0.003338836642095281 0.0511506647653316 -0.00644449780199034 -0.0042618571186802 0.05191402646269983 -0.007250000000000023 -0.003897114317029961 0.05400000000000001 -0.00547037808470446 -0.004475348529157228 0.05400000000000001 -0.006122036259417719 -0.003160057449788387 0.05400000000000001 4.99999999991437e-05 -0.01024899959967972 0.0769999999999999 -0.0009197887408621594 0.008153543461137431 0.02145735445533022 -0.0008333333333332676 0.001699673171197435 0.051 -0.005897642168720857 -0.002371068976417139 0.05218967958443028 -0.007421036285240377 0.0009193377934408404 0.05225326407403633 -0.009110954559390734 -0.001830314893843285 0.05238247510213936 -0.004470366733117081 0.004468723375037991 0.05241552581230041 -0.003195513096270406 0.0006024780413161629 0.05144933853333816 -0.007814739845899464 0.003511016889720965 0.05219140187730168 -0.00801108772861488 -0.003344151714648257 0.05238247510214101 -0.004456782401428959 -0.004467092414602894 0.05238817377253698 -0.00911040378072933 0.001831551462385387 0.05241307860305489 -0.005470378084704428 0.004475348529157232 0.05400000000000003 -0.006122036259417692 0.003160057449788398 0.05400000000000003 -0.007249999999999986 0.003897114317029983 0.05400000000000001 -0.006334764946537189 0.004297487933374054 0.05267733903858907 -0.009401664203302124 0.0009356026086799366 0.05400000000000003 -0.008640576474687254 0.002645033635316146 0.05400000000000003 -0.008092700863038212 0.001376959139303095 0.05400000000000001 -0.008092700863038227 -0.001376959139303067 0.05400000000000001 -0.009401664203302129 -0.0009356026086798963 0.05400000000000001 -0.008640576474687276 -0.002645033635316111 0.05400000000000001 -0.001153473033687642 -0.008518336257794478 0.0773019838568875 -0.0003323581343568695 0.01020500542344291 0.02231308349097906 -0.002742059871370958 -0.00389251928389914 0.0523774023793357 -0.009499898470403417 3.022839825373839e-05 0.05240958608713842 -0.001454192397288909 0.002770784806612782 0.05197946721400706 -0.0004999999999999996 -1.021106859600598e-18 0.052 -0.001360365866709069 -0.002646330171347403 0.05246739398383914 -0.00676776695296638 -0.001767766952966358 0.054 -0.005000000000000011 -0.0025 0.054 -0.002749999999999992 0.00389711431702997 0.05238247510214057 -0.0007013492850538817 -0.001331015413469441 0.05261159399269 -0.00360942352531275 -0.004279754323328196 0.05400000000000003 -0.003609423525312727 0.004279754323328188 0.05400000000000001 -0.004999999999999991 0.0025 0.054 -0.006767766952966358 0.001767766952966379 0.054 -0.0075 1.801662209907005e-17 0.054 -0.003232233047033629 0.001767766952966366 0.05400000000000001 -0.001988912271385132 0.00334415171464827 0.05400000000000001 -0.003232233047033636 -0.001767766952966373 0.05400000000000001 -0.0008890454406082987 -0.001830314893841108 0.05400000000000001 -0.001988912271385145 -0.003344151714648282 0.05400000000000001 0.00125 -0.009000000000000003 0.07799999999999993 0.0005770627731611327 0.007891172440894626 0.02234229090149014 -0.004901300157529239 -9.752662571286435e-05 0.05220215082963899 -0.0008890454406082944 0.001830314893841098 0.05400000000000001 -0.0004999999999999997 -1.102182119232618e-18 0.05400000000000001 -0.002500000000000001 -5.617972831550668e-19 0.05400000000000001 -0.0009332234667735795 -0.009831621284638088 0.07775001743243985 -0.0007332673961667196 0.007987666593597309 0.02257511957749658 -0.001249272296090966 0.009042646573362992 0.02284409807940593 -0.000743607703516153 0.001460522036270923 0.05239448753112255 -0.00611920753821032 -0.0004756006456459495 0.054 -0.00527831611667015 0.000671914543492099 0.054 -0.0006245942514767447 -0.007917234087615334 0.07796310602078191 0.000517683854689749 0.01013776246492559 0.02363194739374141 -0.004623813630384399 -0.0009081942355058905 0.054 -3.724115163867903e-05 -0.01024944511549112 0.07817012185720776 0.0001303030821181823 -0.0077568101083139 0.07889911942529992 0.0001203138827727835 0.007755803645073603 0.02355622789422407 0.00125 0.009000000000000003 0.024 -0.003872300318503426 0.0004550987981506595 0.054 -0.00605507622366209 -0.002266454094453039 0.05591837677867501 -0.001204896051726983 -0.0086672455792439 0.07857460052599435 -0.001060321479961403 0.008338019366497435 0.02380294704422908 -0.0009091422630454427 0.009857881312038333 0.0235794990571714 -0.007309698831278223 -0.0009567085809127088 0.0552332097003008 -0.007309698831278211 0.000956708580912739 0.05564610430761825 -0.004049868999023798 -0.002312412394229013 0.05551777343269432 -0.004825068294902044 -6.595035432771762e-05 0.05616510345745562 -0.005956708580912714 0.002309698831278221 0.05539234814542706 -0.004032597221884916 0.002305240088341173 0.05526789777187767 -0.002878263017387787 -0.001322207312268247 0.05541734145763742 -0.002884072837206618 0.001331484976165014 0.05542724611731366 -0.001228717153406178 0.009229682731012628 0.02442217412124483 -0.0008997301506981002 -0.0098677474609152 0.07889286433046391 0.0003680775648606485 -0.01019457896609904 0.07929712721330771 -0.0025 -6.123233995736766e-19 0.056 -0.007387354853251809 -0.0007419816740695442 0.0572025774721957 -0.005010607841305763 0.002499977494639268 0.05660047508397854 -0.000648617721670789 0.01006854810426793 0.02499928950785302 -0.00624877749478127 0.002165768863135633 0.05708829790943716 0.00125 -0.009000000000000001 0.0799999999999999 -0.001191976207718097 -0.009376420934903979 0.0797772655195806 -0.0004390345362397534 0.007829637374149045 0.02450608574744076 0.0007610775642020688 0.009991595149881365 0.02488512619749179 -0.00455204001546428 -0.002459538951156244 0.05711021861302346 -0.003012256407349282 -0.0015162042770933 0.05714985462105449 -0.00306301663772679 0.001580536445096022 0.05709412226138651 -0.006386159737872849 -0.002080519449825037 0.0579049044635473 -0.004588453940183208 0.002465893314936653 0.0580384784664292 -0.001026052428457503 -0.008286055734628775 0.08022529491054183 0.0008569909752043752 0.008090018424132527 0.02485619615266171 -0.007331598623607343 0.0009020243114197948 0.05806556796647357 -0.004972794950536543 1.568190510665307e-05 0.0584908429498092 -0.001201804139554249 0.008656246003441021 0.02529377016891502 0.0004574768968784737 -0.01016327764906855 0.08020221869521164 7.387205758748037e-05 -0.007752184741595221 0.08015423040702556 -0.0004576118519684864 -0.01016322456685628 0.08019432969315982 -0.0025 -6.123233995736766e-19 0.058 -0.007384083517825017 -0.0007524265944496516 0.05861044901730776 0.0002841572923774216 0.007782726557757573 0.02534128857399527 -0.006239072084302908 0.002171336079445383 0.05902465193040515 -0.00484706459081503 -0.002495317767463179 0.05867781918338637 0.00125 0.009000000000000001 0.026 -0.003099999999968115 -0.001624807680889907 0.059 -0.006278300738211058 -0.002148475557852373 0.0598488742866652 -0.003099999999999659 0.001624807680926793 0.059 -0.004584944591337141 0.002465305053688023 0.0595120380267594 -0.001060826029696555 -0.009661171789112516 0.08091884825208345 0.0001742697470152862 -0.007762207587971543 0.08137477214017913 -0.007328665933026331 0.0009095685638601466 0.05955984476168921 -0.007410513360486763 -0.0006628916494532207 0.06035432621826005 -0.0005156531284115021 0.007861315736843866 0.02607712041954697 0.0003030153408984412 0.01021271666236603 0.0263764006646979 -0.00632221086739554 0.002121734767151902 0.06052161960090258 -0.004486233151334343 -0.002446639251138623 0.05999980174822722 9.609820159473948e-05 -0.0102463005799767 0.08152419431914401 0.00125 -0.009000000000000001 0.08199999999999992 0.0008204628419485065 0.008056951366587186 0.02625847062911795 -0.0025 -6.123233995736766e-19 0.06 -0.004972778158008609 -1.188312681822548e-05 0.06148105737035653 -0.003063016637726359 -0.001580536445095494 0.06090587773861542 -0.001026071735197745 0.009713916517688371 0.02658477321755847 -0.001198547394592727 -0.00864505754985493 0.08162775766487003 -0.006733597316405318 -0.001801288523405479 0.06119536750638475 -0.003095678443498021 0.001619740537691724 0.06098917393284963 -0.004893040863844979 0.002497710900643422 0.06119882650468627 -0.005514362609502329 -0.002446514072296735 0.06107691269142662 -0.001061937563423151 0.008340614974850884 0.02687015135594597 -0.007314132726163079 0.000945933256472701 0.06173463324550595 -0.007309698831278225 -0.000956708580912709 0.0623538956923818 -0.005956708580912714 0.002309698831278221 0.0623538956923818 -0.004141331105490281 -0.00234791135471539 0.06200485645905158 -0.005968380169949488 -0.002304829678403288 0.06239552852573544 0.0001236149754317137 0.007756127282295728 0.02726927363657275 -0.0008539790110342026 -0.009912808768972476 0.08234775810304892 -6.583065713927172e-05 -0.007751734673805041 0.08300887579331037 0.00125 0.009000000000000001 0.028 -0.002500000000000001 -5.617972831550668e-19 0.06200000000000001 -0.004038157662606408 0.002307565669270808 0.06267300128580931 -0.002901248073326668 -0.001358396242001935 0.06247418412901722 -0.0002889553891384187 0.01021614340564255 0.02768340184035618 -0.005927050983124836 -0.002853169548885463 0.064 -0.005000000000000012 -0.0025 0.06400000000000002 -0.004072949016875146 -0.002853169548885457 0.0645 -0.004072949016875146 -0.002853169548885457 0.064 -0.005927050983124836 -0.002853169548885463 0.0645 -0.005000000000000011 -0.0025 0.0645 -0.006767766952966382 -0.001767766952966358 0.06400000000000002 -0.007427050983124838 -0.001763355756877427 0.064 -0.008 -6.391830016101266e-18 0.0645 -0.007427050983124846 0.001763355756877414 0.064 -0.007500000000000001 1.826599165112482e-17 0.06400000000000002 -0.008 -6.391830016101266e-18 0.064 0.0002484095260240106 -0.01022506845007964 0.0829051363010247 -0.002880838967752937 0.001326331979334571 0.06257841247986078 -0.00611920753821032 -0.0004756006456459495 0.064 -0.00527831611667015 0.0006719145434920991 0.064 -0.004623813630384399 -0.0009081942355058905 0.064 -0.001236281339868507 0.009184684727828074 0.02788643815355389 -0.003232233047033635 -0.001767766952966372 0.064 -0.00676776695296638 -0.001767766952966358 0.0645 -0.007427050983124847 0.001763355756877414 0.06450000000000002 -0.007427050983124838 -0.001763355756877427 0.0645 -0.00676776695296636 0.001767766952966379 0.06400000000000002 -0.005927050983124847 0.002853169548885459 0.064 -0.001222004657352972 -0.008736932295012014 0.08305728940009437 -0.003872300318503427 0.0004550987981506598 0.06400000000000002 -0.004999999999999991 0.0025 0.064 -0.00257294901687515 -0.001763355756877409 0.0645 -0.0075 1.801662209907005e-17 0.0645 -0.006767766952966358 0.001767766952966379 0.0645 -0.005927050983124847 0.002853169548885459 0.0645 -0.00257294901687515 -0.001763355756877409 0.064 -0.004072949016875162 0.002853169548885462 0.06400000000000002 -0.004999999999999991 0.0025 0.0645 -0.004072949016875161 0.002853169548885462 0.0645 0.00125 -0.009000000000000001 0.08399999999999994 -0.002500000000000001 -3.655357258195952e-19 0.06400000000000002 -0.003232233047033628 0.001767766952966366 0.064 -0.0007132186293888599 0.007973443042645623 0.02815879616196685 -0.003232233047033636 -0.001767766952966373 0.06450000000000002 -0.003232233047033628 0.001767766952966366 0.0645 -0.002 -7.347880794884119e-19 0.0645 -0.00257294901687516 0.001763355756877422 0.064 -0.002 -6.369021713938803e-19 0.064 -0.0008497797958184384 -0.009916719312886327 0.08346303756957119 0.0005674363737574176 0.007886215477869695 0.02834516100314183 0.0002519982076727163 0.01022433529040445 0.029 -0.005278316116670151 0.0006719145434920995 0.06450000000000002 -0.003872300318503426 0.0004550987981506597 0.06450000000000002 -0.006119207538210322 -0.0004756006456459494 0.06450000000000002 -0.0046238136303844 -0.0009081942355058908 0.06450000000000002 -0.002500000000000001 -5.617972831550668e-19 0.06450000000000002 -0.00257294901687516 0.001763355756877422 0.0645 -0.001033396777615292 0.009703271711370743 0.02901534476023958 -0.0009442651525902676 -0.008180937534980589 0.08441830230820277 0.0001362840884881966 -0.01024254844864293 0.08423107838380259 0.0002325358350478508 -0.007771819603877918 0.08423191447964018 -0.005956708580912737 -0.002309698831278212 0.06590943695572687 -0.001092361244085923 0.008392343096460633 0.02964400800285879 -0.001101092962245322 -0.009591687661265488 0.08486379737263935 0.00125 0.009000000000000001 0.03 0.0001224982825142357 0.007756016812500643 0.02952171480377301 -0.004041947232369288 -0.002309141592548004 0.06585696933166729 -0.007309698831278225 -0.0009567085809127088 0.06614610430761823 -0.007309698831278211 0.0009567085809127401 0.06580007298222551 -0.004912750347717881 -0.0001022694497807502 0.06677931445241948 0.0007727841145005236 -0.009982499217493654 0.08538132074403092 -0.006118541533301354 0.002235814133214086 0.06654049774168513 -0.004043291419087269 0.002309698831278214 0.06604770911327884 -0.002883273360346248 -0.001330213641856123 0.06591732410554521 -0.0009829233833773239 0.009772244535370808 0.03013476170941322 -0.001066142649830166 0.008347435941678435 0.03099688200827967 -0.0003134786940108451 0.007789945824187508 0.03049791607927959 -6.727656169766428e-05 -0.007751811767301848 0.08542184437982393 0.00125 -0.009000000000000003 0.08599999999999995 -0.002883273360343865 0.001330213641852333 0.06591732410554371 -0.0025 -6.123233995736766e-19 0.06646875000000001 -0.006110857542787959 -0.002239641828425049 0.06764207340552393 0.0002935135433570052 0.01021505135688415 0.03007698116043573 0.0005600120609847061 0.007882464098316453 0.03044652031276823 -0.00116841650293778 -0.008555812116708878 0.08617926759836131 -0.0002416451029521376 -0.01022642066364655 0.08578028849224258 -0.004798001696369721 -0.002491825974126301 0.06723222274760648 -0.003081396484375104 -0.001602797725800665 0.06745312500000002 -0.00727816618011492 -0.001029543032505489 0.06860400886485507 -0.007408537332872634 0.0006700357573732771 0.06742581089811572 -0.00117563318612455 0.009424719450558417 0.03117244396085802 -0.004921998294220846 0.002498782850488522 0.06761374707538226 -0.003081396484374646 0.001602797725800117 0.06745312500000002 -0.004592772023262708 -0.0001647818050052862 0.06890517219566987 -0.006452828264022447 0.002034524523139875 0.06850999328629341 -0.0002578822301757074 0.01022310946172434 0.03152616707815484 0.0002450723200148985 0.007774259587856176 0.03156503066231426 -0.004495423608711403 -0.002448551135948396 0.0686151197929268 -0.001108029628688099 -0.009578593416787053 0.08588891463532911 4.999999999565374e-05 -0.01024899959967985 0.08699999999999994 0.00125 0.009000000000000001 0.032 -0.0025 -5.231509212195604e-19 0.06843750000000001 -0.006115931438971147 -0.002237118017341908 0.0695791423935929 -0.001031647835751433 -0.009705834784485282 0.08706096238625782 4.999999999998544e-05 -0.007751000400320321 0.08699999999999994 -0.007410497222995022 0.0006629503284057522 0.06964762193072163 -0.007280083188819863 -0.001025290520809128 0.07054668420579753 -0.0008884594385096668 0.008120716299410091 0.03228807798580427 -0.004478352786685244 -0.002444971203274376 0.07051025281808763 -0.003078506718692863 -0.001599332226240543 0.0694292244292538 -0.004806063422370779 0.002492466369654256 0.06944079256066651 -0.003084401975724295 0.001606388561149206 0.06941794551763715 -0.005013799921293345 -3.96051682969252e-05 0.07101055372544467 -0.001194593938781931 0.00936802896818793 0.03233798834725075 -0.006412656166185372 0.002062620313130472 0.07093400798403182 0.00125 -0.009000000000000001 0.08799999999999995 -0.0025 -6.123233995736766e-19 0.07040625 -0.006110636686853179 -0.002239751358927101 0.0715388493279791 -0.001180028035331813 -0.008587648407507694 0.08785399562746649 0.0008575310028595995 0.008090527307097894 0.03239851473308675 -0.007409909053059228 0.0006650852246014678 0.07151416733152878 -0.00728265864143529 -0.001019543783601667 0.07249865983482817 -0.003078283609479353 -0.001599064137051511 0.07139088874297303 -0.0044488417913762 -0.002438488185139844 0.07220348006127134 -0.004259647815555607 0.002387860683328995 0.07085038399845345 1.114655489649575e-05 -0.01024995030073757 0.08815747197944718 -0.0001225901009723401 -0.007756025857526136 0.08862914859843536 5.000000000641761e-05 0.007751000400320578 0.033 4.972716033599144e-05 0.01024901049215966 0.03351243092347298 -0.006113672534496566 -0.002238243392910609 0.07329957631959345 -0.006431402203500162 0.002049655515401279 0.07248365227136429 -0.004546339108328096 0.002458493806249561 0.07237500068734599 -0.003081396484374816 0.001602797725800322 0.07139062500000001 -0.000936161335340582 -0.009828312715230993 0.08900353300859126 -0.0025 -5.234063225892264e-19 0.07237500000000001 -0.004989710203620087 -1.077154954198822e-06 0.0738107991528454 -0.003078506718692863 -0.001599332226240543 0.07335202557074622 0.0002096936873273023 -0.01023228590736691 0.08943894845041038 -0.00097448663332087 0.008217136153932911 0.0335158937095681 0.00125 0.009000000000000001 0.034 -0.00740721626820836 0.0006747665063360926 0.07346949136433881 -0.007286171699892647 -0.0010116417145462 0.07445092516618532 -0.004561281016528607 -0.002461204106436893 0.07446765580295488 -0.003080553127808118 0.001601787659096174 0.07335965075034467 -0.001195024096313959 -0.008633370201389734 0.08932970937880225 0.00125 -0.009000000000000001 0.08999999999999997 -0.006123457189689478 -0.002233348146379113 0.07543386183411779 -0.004548726844582048 0.002458933211618226 0.07433642295990114 -0.00641984839278367 0.00205767600498952 0.07451457231067155 -0.0004374061837331474 -0.007829027826790064 0.08984393392370973 -0.001184409290200473 0.009399593084633371 0.03399999999999834 -0.0025 -6.123233995736766e-19 0.07434375000000001 -0.007404790766253673 0.0006833603518942786 0.07542665446803461 -0.00500009363319852 -9.252075419154387e-07 0.07634407438357434 -0.00308106310486128 -0.00160239857478574 0.07544155526265608 -0.0009215317106508143 -0.00984455864584112 0.09001675889465746 0.000198684729812826 0.007765891261622706 0.03432047128921515 -0.0072897045644285 -0.001003619951792161 0.07640531983983022 -0.004526473585258373 -0.002454744942869206 0.07642100766099279 -0.003081396484373175 0.001602797725798359 0.07532812500000004 0.0001158308888447335 -0.01024462171168168 0.09054079110566633 -0.001207130968755541 -0.008675446731226895 0.09049144562221868 4.999999999849082e-05 0.01024899959967974 0.03499999999999999 -0.00612789851926507 -0.002231108453267044 0.07739827856116017 -0.004556910698495993 0.002460421075932469 0.07630075478355912 -0.006411882013970811 0.002063150304419367 0.07644562193514001 0.0001282643421572359 -0.007756598110613078 0.09141900905030836 -0.0009380606645903355 0.008173838884025435 0.03480950466750238 -0.0025 -5.233503889459725e-19 0.07631250000000003 -0.007402433428109874 0.0006916022147884142 0.07738394254157842 -0.007293267424698682 -0.0009954519168778946 0.07835058433011943 -0.00308270422399847 -0.001604361838029904 0.07730821716777411 -0.004562027464482483 -0.002461337046837015 0.0783902042646243 -0.001111829154176868 -0.009571258200748445 0.091371989668561 0.00125 0.009000000000000001 0.03599999999999999 -0.005008055036363064 2.912030823585362e-07 0.0788443545896456 -0.003081394432836508 0.001602795270035838 0.07729350437705201 -0.00455041084573086 0.002459241670182814 0.07828124199232964 -0.006405820689233664 0.00206728522215068 0.07835553499189567 0.00125 -0.009000000000000001 0.09199999999999998 0.0001284187688399271 0.00775661405034091 0.03562152533401527 -0.001195081828357412 0.009366441569052841 0.03566396225533226 -0.0025 -5.233502526236756e-19 0.07828125000000004 -0.00615517978208825 -0.002217106147899677 0.07931844624275296 -0.001043475658958007 -0.008311771441189664 0.09223968331827088 -0.0001229263821150125 -0.01024394095703137 0.09189231506803905 -0.007400088552091332 0.0006996963213567267 0.07934085960483432 -0.007296875973583054 -0.0009870971390784679 0.08028952453835464 -0.003079743135234909 -0.001600816533311215 0.07934464535286971 -0.004539344220367113 -0.002457192758554122 0.08025001191714137 5.000000000057477e-05 0.01024899959967966 0.03699999999999999 -0.0009277640954531603 0.008162292543194238 0.03616198660597267 -0.004458239195658359 0.0001561324196412708 0.080803715433953 -0.003081396484374562 0.001602797725800018 0.07926562500000005 -0.00454853002825415 0.002458897082964596 0.08023901308572343 -0.006398428357538925 0.002072292964045138 0.08031232711827488 -0.001035019677740913 -0.009700881064581644 0.09274955045383716 -0.0001331489047151538 0.007757111682743317 0.03653619986548658 0.0003959312823551023 -0.007814361598271782 0.09250574435029779 -0.0025 -6.123233995736766e-19 0.08025000000000004 -0.006165055581563918 -0.002211932524257186 0.08123500796780848 0.0008792908418322585 0.008111547629036922 0.03659717857617151 -0.001241037509253998 0.00914941854176987 0.03738982752666091 -0.0009002713641874557 0.008132814050607336 0.03728960957388028 7.283225185078015e-05 -0.01024787638133364 0.09303838896077934 -0.007397779983103536 0.0007075670658163828 0.08129716891761413 -0.007300438274489136 -0.0009787664406105531 0.08226108842755527 -0.003081396484342008 -0.001602797725761048 0.08123437500000005 -0.004541009736064383 -0.002457504412531607 0.0822226702439366 -0.001241392322838782 -0.008853558541399872 0.09333194199987485 0.0003105496361422559 0.007789190798064407 0.03736603835164647 -0.005004409612081775 -4.330346359730087e-06 0.08276372268869077 -0.003078506718692858 0.001599332226240537 0.08122702557074626 -0.004549165859068669 0.002459013740785258 0.08216121267053234 -0.00639735347899336 0.002073017909894932 0.08227500818876886 -0.0003478641501589158 -0.007799379105198393 0.09374924920063567 0.00125 -0.009000000000000001 0.09399999999999999 0.00125 0.009000000000000003 0.038 -0.0025 -6.123233995736766e-19 0.08221875000000003 -0.006154240164934877 -0.002217595463931848 0.08326697385849184 -0.0002402309198098773 0.00777330154268977 0.03813746946829652 -0.0002777796804632684 -0.01021874462014063 0.09409220035844057 -0.001154268792686521 -0.009479753639100322 0.09403373051297675 -0.0006593813839972808 0.01006193982430166 0.03800013072857028 -0.00739550455106773 0.0007152327913440426 0.08325240295681685 -0.007304137122164061 -0.0009700268667751013 0.08423652775260812 -0.003083153254765853 -0.001604898300605138 0.08321536312294951 -0.00449834571840982 -0.002449151481995804 0.08426352555719671 -0.0009745320807880865 0.008217192729009981 0.03855912863514126 -0.0001321079459306281 -0.009072783824381652 0.09455938107053813 -0.001117417974953973 -0.00843975267135866 0.09421999715606098 -0.005414609569839181 -0.0003858563506541361 0.08472151682017096 -0.003081396484373168 0.001602797725798349 0.08320312500000006 -0.004547979898906602 0.002458796011914675 0.08418032650661707 -0.006386859243871596 0.002080053229532337 0.08422309106656323 0.0007229157973118402 0.007980248682277397 0.03826503306235032 -0.0007818435810175827 -0.009975305395669277 0.09505942522184491 -0.001249983080246781 -0.009006503775578082 0.0950417791163527 0.0002781511674453968 -0.007781340109772722 0.09506880609893184 5.00000000005797e-05 0.01024899959967966 0.03899999999999999 -0.0025 -5.227805579083096e-19 0.08418750000000004 -0.00616525539579627 -0.002211827267796398 0.0852206611001935 -0.001171998228772249 0.009434649458477417 0.03887353109923695 -0.0007608199187259097 -0.008008207153045607 0.09502800120099929 0.0002826698683341032 -0.0102176197048077 0.09506664354947915 -2.492742458559581e-19 -0.009000000000000001 0.09600000000000003 0.000996468452026692 -0.01266084715270331 0.0979653834090625 0.001986717706010974 -0.01254364192555824 0.096 4.273127405044959e-17 -0.0127 0.096 0.0005993297385690934 -0.01136875482570629 0.096 -0.0006043936760987098 -0.01159813559964008 0.096 -0.0009950706608649127 -0.01266095708783052 0.09809272817370415 -0.001986717706010878 -0.01254364192555826 0.096 -0.002776371021178756 -0.01080408339334548 0.096 -0.002941481625547495 -0.0123546625144747 0.09797159207094137 -0.003924515828561781 -0.01207841775694847 0.09600000000000003 0.00125 -0.009000000000000001 0.096 -0.007393334487984819 0.0007224610914246132 0.08520608992727645 -0.007307865342217112 -0.0009611230733850315 0.0861890720650646 -0.003079134814949688 -0.001600086541678803 0.08524656128168136 -0.00455755535227914 -0.002460537082367011 0.08619934158415773 4.999999999775814e-05 0.007751000400320233 0.03899999999999998 -0.001126211084878028 -0.009542354673896941 0.09600000000000003 0.001708464799085968 -0.01114234709634669 0.09600000000000003 -0.001412956022790142 -0.01069849944679133 0.096 -0.004860255204442142 -0.01173319731989934 0.09804106937345321 -0.002332861253405929 -0.01032504392223826 0.0976197774808015 -0.0002781511674453987 -0.01021865989022728 0.096 0.002964161073259106 -0.01234924083220404 0.09809317674052469 0.005765679346692284 -0.01131578285719225 0.09600000000000003 0.004858277409075405 -0.01173401638896365 0.09797288920461406 0.004235715713309068 -0.01027061977997288 0.09600000000000003 0.003924515828561873 -0.01207841775694844 0.096 0.002946847020004778 -0.01093619491096573 0.09600000000000003 -0.0006832408600177123 -0.01049404415486703 0.09799437806919063 0.00125 0.009000000000000001 0.03999999999999998 -0.00500123747887126 -2.982177314328738e-06 0.08667838034130716 -0.003090016744026742 0.001613060433431368 0.08517912455049455 -0.004556586667350307 0.002460362700178267 0.0861785626045868 -0.006388128268555891 0.00207920655780902 0.08614122367994881 -0.000906527929237619 0.008139356570052294 0.03982773402882488 -0.00112621108487802 -0.008457645326103045 0.096 0.001369681154478692 -0.01045952188758576 0.09803677442004627 -0.004298348396310853 -0.01037713099417842 0.096 0.0007793622523234142 -0.009977289353085041 0.096 -0.002016440845674059 -0.009917204296905577 0.096 0.006635593233290628 -0.01082861498264241 0.09802382891434605 0.003423201655446573 -0.009995575473868123 0.09805756074313161 -0.005765679346692198 -0.0113157828571923 0.09600000000000003 -0.003042381980584243 -0.009166668370933941 0.096 0.005703763737033764 -0.009255519133719366 0.09600000000000003 0.007464872704114444 -0.01027451582856181 0.09600000000000003 4.258750263936661e-17 -0.0127 0.1 0.001986717706010974 -0.01254364192555824 0.1 0.0007710152427707808 -0.01117842320911859 0.1 -0.0007974424163273035 -0.01092056110681744 0.1 -0.001986717706010878 -0.01254364192555826 0.1 -0.002320550173025986 -0.01110513005259954 0.1 -0.00392451582856178 -0.01207841775694847 0.1 -0.005765679346692196 -0.0113157828571923 0.1 -0.004591897419365312 -0.01034974733403851 0.1 -0.001926018291873228 -0.008999999999999989 0.096 -0.001342227502985692 -0.008999999999999991 0.09722857740615924 0.0007793622523234191 -0.008022710646914965 0.096 -0.0002781511674453876 -0.00778134010977272 0.096 -0.0025 -6.123233995736766e-19 0.08615625000000003 -0.006179560946802725 -0.002204231379138283 0.08717238886580592 -0.001192632692359458 0.009374335759867304 0.04034607199277192 0.003090092265521679 -0.009698747718104283 0.096 -0.0001258008832945399 0.007756346455896053 0.03990304492389641 -0.005843682070830502 -0.00953002751779943 0.096 0.006030232677382576 -0.00842935096965529 0.09804649779688723 -0.003145914591177133 -0.009880575398071377 0.1 -0.006634568686344183 -0.01082924274112374 0.09809272817370415 0.001900159018185858 -0.009912148286021454 0.09600000000000003 0.003924515828561873 -0.01207841775694844 0.1 0.00229277788244665 -0.01025129635457672 0.1 0.005765679346692284 -0.01131578285719225 0.1 0.004204551195803672 -0.01021704200200401 0.1 0.005539851346202854 -0.009388853095475588 0.1 0.0003259342481791061 -0.007571988754333618 0.09724379878356146 -0.00739122413057279 0.0007294156273116241 0.08715748985525328 -0.007311773104110363 -0.0009516854076384352 0.0881390973116615 -0.003081396484375611 -0.001602797725801274 0.08714062500000003 -0.004530095333660819 -0.002455440816748118 0.08814869949164587 -0.0004325134197688072 -0.008457645326103052 0.09808209121542887 -0.005366709645304017 -0.008846219222532564 0.09794358923276668 0.00392841980374087 -0.00853299286490421 0.09600000000000003 -0.002543900066551337 -0.008683457267865473 0.09800809435818862 0.008246846558065263 -0.009658132420283287 0.09796965671945471 0.007055471921723833 -0.008073335300329144 0.096 -0.005638626537937846 -0.009258373981115007 0.1 -0.002234352479825968 -0.00806204156135408 0.096 -0.001652619751291007 -0.009083064386869875 0.1 0.002439319772367822 -0.008841782748657155 0.09600000000000003 0.0003730230417235399 -0.009476616658640554 0.1 0.007464872704114444 -0.01027451582856181 0.1 -0.007464872704114355 -0.01027451582856187 0.096 -0.004551150701651603 -0.008673129393781844 0.096 -0.007464872704114357 -0.01027451582856187 0.1 0.008980256121069185 -0.008980256121069124 0.09600000000000003 0.00965705023918473 -0.008248113764847222 0.09802382891434609 0.002423147282540107 -0.00815406984888036 0.09785415701088138 0.001735320526812051 -0.008164313678791609 0.096 -0.005424127275335218 -0.0003809830282596595 0.08862977877804548 -0.003081396484374558 0.001602797725800013 0.08714062500000004 -0.006385008864042968 0.002081285767625966 0.08813373888730149 -0.0009215469143234654 0.00815545794379386 0.04079807733542383 -0.001307265837167672 -0.007351666525850689 0.09600000000000003 0.005395573087949684 -0.007298805850772138 0.096 0.001786823341474264 -0.008082249181407219 0.1 0.003599825035678149 -0.008660989136823536 0.1 -0.008229683811831656 -0.009672760948006317 0.09797064860625866 -0.005773507597433354 -0.008118474826792017 0.096 -0.007095157575503155 -0.008201066890797068 0.1 0.008334306321018869 -0.006791228752910124 0.096 0.007788973127681301 -0.006394008220363519 0.09806827712861173 -0.007171839449995433 -0.008479173569093385 0.096 0.01027451582856184 -0.007464872704114393 0.096 -0.008980256121069114 -0.008980256121069192 0.096 0.008980256121069185 -0.008980256121069124 0.1 0.007101702626808539 -0.008315025439259003 0.1 -0.009657155763120318 -0.008247990213793422 0.09802074020217975 -0.0102745158285618 -0.007464872704114448 0.096 -0.008373753037256392 -0.007183134543689045 0.09600000000000003 -0.008980256121069114 -0.008980256121069192 0.1 0.0004561908417161659 -0.006946065117430102 0.09600000000000003 0.001595776379693064 -0.007183024991174199 0.096 5.00000000005797e-05 0.01024899959967966 0.04099999999999998 0.0003027836810651737 0.007787225477477112 0.040787836302472 -0.0025 -5.231378895499064e-19 0.08812500000000002 -0.006188543301175569 -0.002199401014192429 0.08911834857863513 -0.004548536240056335 0.002458898223484967 0.08813232670000955 -0.003693869414913181 -0.008273670799582128 0.1 0.004462566705776187 -0.0068432617217656 0.09811000634895589 0.006584483583025652 -0.006110843610841081 0.09600000000000003 -0.002015823662972451 -0.007387093828217092 0.09736407925902121 -0.004840904855223362 -0.00717061983498396 0.096 0.002851919546560968 -0.007616143341304224 0.096 0.01082798215926491 -0.006636625826324755 0.09797288917377675 0.008544028233574631 -0.007050728297101377 0.1 -0.01084107636559139 -0.006615214526787161 0.09797075584389096 -0.007855295961446495 -0.006365656038330442 0.09799413151523077 -0.003485881149372714 -0.007666001284230906 0.09600000000000003 -0.00243088208407047 -0.006811736727506779 0.096 0.01027451582856184 -0.007464872704114394 0.1 0.01131578285719228 -0.005765679346692238 0.09600000000000003 0.009484745560346841 -0.005527768243884873 0.096 0.01131578285719228 -0.005765679346692237 0.1 0.009741189248245441 -0.005969408448745019 0.1 -0.0102745158285618 -0.007464872704114448 0.1 -0.008412013316911349 -0.007127355949155569 0.1 -0.0004923904206790932 -0.006842696611612951 0.096 -0.00738954023114418 0.000734913249127692 0.08910580535702121 -0.007313213029240103 -0.0009481800890937467 0.08979585694108481 -0.003077877574542012 -0.00159857604809765 0.08911832725623049 -0.004531242172261991 -0.002455660012895584 0.09009377797083949 0.005245642427242007 -0.007628188787039201 0.1 -0.004022382937917858 -0.007032603786999922 0.09805534296118298 -0.005290724849675652 -0.007176083906588884 0.1 -0.005783752931911988 -0.006205193458953024 0.09776827119033342 0.001104458874646489 -0.006687142439825501 0.09799661283700932 0.003891830664194698 -0.006690560360164843 0.09600000000000003 -0.00935125533684786 -0.005713901395530937 0.096 -0.00136180819974354 -0.006153086783079811 0.09600000000000003 0.002522775331657584 -0.006306555330925924 0.096 0.01173345986037738 -0.004859621354067902 0.09809317668728794 -0.009635293619957819 -0.005708843877369553 0.1 -0.006459960909465875 -0.006739423818301468 0.096 -0.01131578285719225 -0.005765679346692293 0.096 0.01053255252291171 -0.004371397822063332 0.09600000000000003 -0.01131578285719225 -0.005765679346692293 0.1 0.01207841775694845 -0.003924515828561824 0.096 -0.01207841775694844 -0.003924515828561879 0.096 -0.01018304879108949 -0.004132978248196921 0.096 -0.01173360252773723 -0.004859276872239161 0.0980950214772781 -0.009465157843993372 -0.005097330570883975 0.09805049072171128 -0.0001143707767843839 -0.005888420059770167 0.096 0.00125 0.009000000000000001 0.04199999999999997 -0.004991936316392756 -6.66448039307238e-06 0.09057984874650943 -0.003084598864112054 0.001606623318839597 0.08910952802888569 -0.005027102148114081 0.002499853090397034 0.08956815311791698 -0.00637969864483901 0.002084809739383765 0.09019783523972161 -0.001181264133030419 0.009408797074372963 0.04199999999999997 -1.679319857827967e-05 0.00775011280969781 0.04179987205088172 -3.0818726250081e-05 -0.007469420884385736 0.1 -0.001876160663176842 -0.006670869472332469 0.1 0.006788437780705783 -0.006376161888002282 0.1 0.005011513108127345 -0.005679660055459381 0.096 0.003353935913441965 -0.006850036153869763 0.1 0.007754077460110585 -0.004996321879087517 0.09600000000000003 -0.002587406347302071 -0.005472028579824194 0.096 -0.0009186658403261122 -0.006487259295727341 0.09795616374412358 -0.003710501269959807 -0.006263346753361416 0.09600000000000003 0.002741203129790488 -0.005513725959981228 0.09784462695066888 0.009370880872615636 -0.003455600247508711 0.09809134780720488 0.0101026059278483 -0.004184636390625586 0.1 -0.005065663143705259 -0.005728741612666017 0.09600000000000003 0.001226972313204157 -0.005999914055028961 0.096 0.01236005357974569 -0.002918745536324769 0.09787396553426846 -0.01234968411701137 -0.00296231365828082 0.09792769309544233 0.01207841775694845 -0.003924515828561825 0.1 -0.01063284743971848 -0.002552720818815844 0.096 0.01254364192555825 -0.001986717706010924 0.096 0.01044297251724991 -0.002631063911594506 0.09600000000000003 0.01254364192555825 -0.001986717706010924 0.1 0.01114329037015214 -0.002661361271436349 0.1 -0.01207841775694844 -0.003924515828561879 0.1 -0.01059069295762192 -0.004382357242758643 0.1 -0.0025 -5.233502526236418e-19 0.09009375000000001 -0.006194716389687855 -0.002196053903758106 0.09105838179872573 0.005254557644717783 -0.00480322752239374 0.09799957562109168 -0.003729286142510758 -0.005937776886962121 0.1 -0.006784451923310622 -0.006389815558291907 0.1 0.007358071334064798 -0.004262501577465075 0.09800546152936586 0.008296265545183529 -0.005201141838088874 0.1 0.003530119560737568 -0.005281562268996888 0.096 -0.007626383910855473 -0.005425088061374556 0.096 -0.008223074448081706 -0.005496829270329424 0.1 -0.006236988929587574 -0.005155312824696053 0.096 0.008975185515860917 -0.00387934307214384 0.09600000000000003 -0.01024496115397846 -0.00204837984791801 0.09804650285147272 0.001538784744976376 -0.006166031962158815 0.1 -0.003107134157015473 -0.004918142687238904 0.0980441464061582 -0.008495127705579081 -0.004069058538498413 0.096 -0.01254364192555824 -0.001986717706010986 0.096 0.01264525588738189 -0.001177923402702267 0.09722789676951496 0.01260561033641704 -0.001545505757483898 0.09844910483798483 -0.01084513103172231 -0.002693852167403552 0.1 0.002121196528053033 -0.004973465903867763 0.096 0.01113948973761156 -0.0007836957175996741 0.09600000000000003 0.0127 -3.000317882802086e-18 0.096 0.01046132777919911 -8.34881853519804e-05 0.09802938474605502 -0.007387899828206587 0.0007402259185214702 0.09105230864851439 -0.007306570632356145 -0.0009642260720143245 0.09162628022831926 -0.003081396484375099 -0.00160279772580066 0.09107812500000001 -0.004540907929932393 -0.002457485395928334 0.09155933755714586 -0.0009491904181862471 0.00818665041339937 0.04217019235125366 0.004951518225931097 -0.005658783897612357 0.1 0.006124987139947024 -0.004539490673210151 0.09600000000000003 -0.005532227116769198 -0.005197411408346886 0.1 -0.001239828801359711 -0.004674139704418827 0.09600000000000003 -0.006017410349360803 -0.004270045288642488 0.09803293716573488 0.0002745909826257685 -0.004726707075367467 0.09808246694001309 -0.009078839522288773 -0.003818894993765936 0.1 -0.008498643348859938 -0.003289874290126683 0.0980011687564853 -0.009224080421057452 -0.003005477547986775 0.096 0.01104504857024831 -0.0009753584739006643 0.1 -0.0003161901928291326 -0.005443228554468081 0.1 0.008425907688744353 -0.002307761435598319 0.096 0.007210857345802095 -0.003441745140634495 0.096 -0.01254364192555824 -0.001986717706010986 0.1 0.0127 -3.043448140914492e-18 0.098 0.0007246396061557185 -0.004714618087050356 0.096 0.0127 -3.043448140914492e-18 0.1 5.000000000057978e-05 0.01024899959967966 0.04299999999999995 -0.006612935223836875 -0.001910088993661368 0.09277231081125269 -0.004762654360383738 0.002488707907199065 0.09121636574304895 -0.006371777689550584 0.002090030136254323 0.09140479824345323 0.003093393965260513 -0.004919021569130008 0.1 0.004573336353965775 -0.004200614723982952 0.09600000000000003 0.006514077914538176 -0.004425843028608577 0.1 -0.007204773857939975 -0.004439235973064152 0.1 -0.00386278083176407 -0.00484130076420285 0.096 0.008087254166188853 -0.003200072975450405 0.1 0.009595492695003125 -0.002084502447358545 0.1 -0.005107685005493408 -0.004204370620694286 0.09600000000000003 0.003663691598992805 -0.003936586948652385 0.09774000299095076 -0.012661301954775 -0.0009906729076797592 0.09802536319227137 -0.01081021059227703 -0.0008231683859704397 0.096 -0.008865568195984268 -0.001529839364059574 0.096 0.001656801978367933 -0.003582172379514239 0.096 0.008655572898654356 -0.001409106584453683 0.09799101517567028 0.009566715911013532 -0.001235483253193629 0.096 0.01090127295922532 0.0008579487884520924 0.096 0.003100584013772436 -0.00386877803505427 0.09600000000000003 -0.002167847068419544 -0.004699470346379651 0.1 8.304418869356503e-05 0.007752761585451995 0.04296993731887401 -0.003081396484375072 0.001602797725800627 0.09107812500000002 -0.0025 -5.256330879050479e-19 0.09206250000000002 -0.007499864825707883 -2.599717654864402e-05 0.09280518652126807 -0.00490468415357188 -9.892832276874389e-05 0.09373092833379768 -0.003081396484374467 -0.001602797725799904 0.09304687500000001 -0.007117524217946009 0.001328943635528665 0.09291523075192101 -0.001190958104255193 0.009379629811670365 0.04333389304273989 0.005233651771586873 -0.002968131606659254 0.09780301297164604 -0.002690463088704093 -0.004283090091758226 0.096 -0.006757183414374267 -0.003700454484618922 0.09600000000000003 0.001245527355678952 -0.004192701581301923 0.1 -0.0110933022639739 -0.0008417669696989563 0.1 -0.004020972743745344 -0.003966376553583938 0.1 -0.007943809972915938 -0.002742790770363123 0.096 -0.009337676574855746 -0.001644136820347523 0.1 0.00142910095900321 -0.002825397641832366 0.09799543608904793 0.009318734457185581 0.0003915954016153693 0.096 0.01260561033641716 0.00154550575748295 0.09755089516201601 -0.0004468324588108155 -0.003275065050278509 0.09600000000000003 0.004661251842722058 -0.003689073511734739 0.1 -0.004953211226213312 -0.002499562123782391 0.09338874669880289 0.005608120031771787 -0.003092906190706114 0.096 -0.0127 -4.896805342283558e-17 0.09600000000000003 0.01087697936430097 0.000898039365611985 0.1 0.01264225059002595 0.001209752048557235 0.09872154563853318 0.00125 0.009000000000000003 0.04399999999999997 -0.004848604230454596 0.002495411653608229 0.09279839029136391 -0.005874096702326545 -0.003233285004035979 0.1 -0.00422655389804808 -0.003086308649756403 0.0980526925236969 0.006706330979489693 -0.001931543579476767 0.096 0.006221879707120121 -0.002466941942717344 0.1 -0.002122839881587146 -0.003116810135275889 0.096 -0.001033401876664599 -0.002468533441304013 0.09799772435743594 -0.005000000000000012 -0.0025 0.09600000000000003 -0.007677669736099903 -0.002394125780241161 0.1 -0.008088822296895956 -0.001170535656735879 0.0979817900309498 -0.01041916294410468 8.693887360206542e-05 0.09799121089437203 -0.009432423303001466 2.956576275390427e-17 0.096 0.009345536675348624 -0.0001669791721010574 0.1 -0.0006066267997836569 -0.003460877080249905 0.1 0.007931331006625129 -0.000829623770248881 0.09600000000000003 0.01254364192555825 0.001986717706010934 0.096 -0.0127 -4.900353484576797e-17 0.1 0.002615440238609525 -0.002418123861910934 0.096 0.004121943603986749 -0.002740606290917464 0.096 -0.007310087686911274 -0.000955769260219702 0.09442349694357247 -0.005987695010845451 -0.002296618942173691 0.09452811225861493 0.01254364192555825 0.001986717706010934 0.1 -0.0008579608945581977 0.008090932838889835 0.0439272748808836 -0.003639459581507469 -0.003311171275069366 0.09600000000000003 -0.003047776940041068 0.001561673821309873 0.09296005891316757 -0.00245953754895715 -0.002728064936183835 0.1 -0.006151242619199546 -0.00212085735808049 0.09803276776285698 0.006036179028052254 -0.00131602655590097 0.09798508398670051 0.007776044423742056 -0.001287132335902999 0.1 0.002807079396146347 -0.002954571284680354 0.1 0.001039404372713053 -0.002137871403462512 0.096 0.01019259075080349 0.002380857903006981 0.096 0.008436146085744906 0.0008548906526828691 0.09800574892642125 -0.007309698831278211 0.00095670858091274 0.09435389569238178 -0.004044873840719602 -0.002310353656879889 0.09470441858492333 0.005172853543566941 -0.001603487774442213 0.096 -0.01266089909992626 0.0009958082051712265 0.09790510441107392 -0.01068678268939973 0.001130267573063784 0.096 0.01235975298747975 0.002920018165780019 0.0981204301203453 0.000102288872432353 0.007754192235304134 0.04400672455070672 0.003462740469079456 -0.002140009499188222 0.09802500601071905 -0.006091598948772949 0.002249091313183569 0.09356565068026325 -0.00676776695296638 -0.001767766952966358 0.096 -0.0075 1.816786087245708e-17 0.096 0.01063716591387965 0.002658001850860371 0.1 0.01207841775694845 0.003924515828561836 0.1 -0.01254364192555825 0.001986717706010889 0.096 -0.01104133687344219 0.0008106793268700917 0.1 -0.01254364192555825 0.001986717706010889 0.1 -0.00611920753821032 -0.0004756006456459495 0.096 4.904566255896352e-05 0.01024903743858387 0.04499954795448947 -0.0025 -5.381419609032394e-19 0.09403125000000001 0.0009549325090820473 -0.002222729614394575 0.1 -0.009489287922857321 0.0003019576795332882 0.1 0.008990483100771024 0.001885854282802327 0.1 -0.0001538669378182907 -0.001998453437916357 0.096 0.009291091987831318 0.002969887897795641 0.09801109873162497 -0.001335185434277332 -0.001518015896704798 0.096 0.004367905744291009 -0.001720498844245304 0.1 -0.002883273360346264 -0.001330213641856149 0.09458267589445481 -0.004623813630384399 -0.0009081942355058904 0.096 -0.001238401849729405 0.009169884839190515 0.04484019655377956 -0.004312659134892772 -0.001994976506714967 0.1 -0.003232233047033635 -0.001767766952966372 0.09600000000000003 0.01173370744165896 0.004859023530870897 0.0979720698237305 -0.01099429591356334 0.002802307577822381 0.09600000000000003 -0.01235475574192723 0.002941090028767596 0.09803220212292914 0.008405537744921181 0.001833925259208842 0.09600000000000003 0.01207841775694845 0.003924515828561836 0.09600000000000003 0.00368279471469795 -0.001275809633247284 0.096 -0.00404329141908727 0.002309698831278214 0.09435389569238178 -0.006148001446563208 -0.001245125272356726 0.1 0.006298974785131888 -0.0004448760325194142 0.09600000000000003 -0.003877066783426484 -0.0008938737799181217 0.09809106392472747 -0.007915200642843599 -0.000424473250036873 0.1 -0.00715723440067644 0.0007605556836838356 0.09797511546982185 0.002220803200777153 -0.0009005698960623603 0.096 -0.008644421125599502 0.001359432485631063 0.09600000000000003 0.0004185014643804643 -0.0009768643865274882 0.09806320925508309 0.007464310726797191 0.0007324910350265624 0.09600000000000003 -0.005278316116670151 0.0006719145434920993 0.09600000000000003 4.9999999997758e-05 0.007751000400320234 0.04499999999999996 0.0104777050359958 0.004408122017552447 0.1 -0.01012288785181658 0.002372924140460541 0.1 -0.00676776695296636 0.00176776695296638 0.09600000000000003 0.002516276834881486 -0.0009843040235187988 0.1 0.009986843335917844 0.004278513117897803 0.096 -0.01207841775694846 0.003924515828561785 0.096 -0.01025339254644114 0.00414187039811907 0.096 -0.01173320613856569 0.004860233915144872 0.09804304574474863 -0.0008981180635368026 -0.001489733120692417 0.1 -0.002887131938522386 0.001336333998215952 0.09457585754345532 -0.003872300318503426 0.0004550987981506596 0.096 0.005923038245147554 -0.0004818587663197846 0.1 0.004763878931854975 -0.0001044300046693026 0.096 0.007438824303055916 0.0007510335178896044 0.1 0.002567266153309828 -0.0001798711472282875 0.09800128361237527 -0.008709986543186037 0.002258792928539825 0.09800908916999584 0.0004900926522771481 -0.0007022183887582063 0.096 -0.001843182666182212 -0.0005661914801598914 0.09788053237733176 -0.0009790064614990843 0.00822279581296609 0.04550407480426651 0.01131578285719227 0.005765679346692251 0.1 -0.01207841775694846 0.003924515828561786 0.1 0.007056024835560629 0.002245009542910124 0.096 0.00818906841751557 0.003342567295848212 0.09600000000000003 0.005106246275024765 0.0006770527984247091 0.09802756355821156 0.01131578285719227 0.005765679346692249 0.096 -0.01131578285719229 0.005765679346692206 0.09600000000000003 -0.009313769048807459 0.004647468265923918 0.09796224443066162 0.0006138706111232559 0.00791111852215259 0.04577880789879094 -0.0025 -5.382634681683283e-19 0.096 -0.004999999999999992 0.002500000000000001 0.09600000000000003 -0.002751224487884479 -0.0007566642602845324 0.1 0.007172159963079719 0.002726134784965945 0.1 -0.00940924464946912 0.002828166383356375 0.096 0.008796718126203015 0.003971906207179062 0.1 -0.005023993837224959 0.0009216088382038061 0.09811780710607756 0.01082776271988793 0.006636983839200233 0.09802922958766665 0.008821409497262586 0.005202047811122057 0.09797892821505401 -0.01010260592784831 0.004184636390625554 0.1 0.0006632965468421412 -0.0002513954826162113 0.1 0.006353451685907545 0.002832944940336919 0.09798030182377997 -0.008193084491907417 0.001472234819050907 0.1 0.009574384921490806 0.005847469325157442 0.096 -0.01084086763331763 0.006615556587082158 0.09796833208148248 -0.01131578285719229 0.005765679346692206 0.1 0.01027451582856183 0.007464872704114416 0.096 -0.009351417453264439 0.00571381910822489 0.096 -0.01027451582856186 0.007464872704114371 0.09600000000000003 0.00125 0.009000000000000003 0.04599999999999997 -0.001184523755588493 0.009399253644249535 0.04633234826979937 -0.003232233047033628 0.001767766952966367 0.09600000000000003 -0.004604344318584677 -2.35780177983782e-05 0.1 0.004076255363319928 0.0002529102214118497 0.1 0.005840964886676923 0.001110780052459707 0.096 -0.006454487088672296 0.0007057544235788986 0.1 0.00334941603658915 -1.348357517195895e-05 0.09600000000000003 -0.007930608899526275 0.002712354962682562 0.096 -0.0008895719922016945 0.0001987437285859633 0.096 0.009560440525755618 0.005720506854468722 0.1 -0.008464219602547184 0.004001877637434772 0.096 0.008411835954137234 0.006846902275745336 0.096 -0.009657155763120547 0.008247990213793154 0.09802074020217968 0.002072334155386617 0.0007945883734061396 0.096 0.007882946631644861 0.004881379181337409 0.09600000000000003 0.01027451582856183 0.007464872704114416 0.1 -0.001189791656039339 0.0004816502826441216 0.1 -0.003042907674136302 0.001214731651754267 0.1 -0.0002749156196119338 0.007780606133321401 0.04591608682500291 0.005639347308843196 0.001492063548436609 0.1 0.004007269180229053 0.001418803284713013 0.09600000000000003 -0.002316397712787042 0.002030590064103732 0.09801406510492407 -0.006731268720220314 0.002658360354455078 0.1 -0.008460993964997389 0.003457330527902763 0.1 -0.006042630745353291 0.002855010598247355 0.09792650900641912 -0.0004168922528968171 0.0009299970477408213 0.09800502884455331 -0.001789127550645651 0.001334145117920846 0.09600000000000003 0.002224741628121283 0.0009869030824782201 0.1 0.005438236289098498 0.002792228363804538 0.096 0.00691754721821125 0.003554799006333545 0.09600000000000003 -0.008995350930985463 0.005617654938308857 0.1 0.009657950616576556 0.008247059469154355 0.09795631913251417 -0.008373748470664098 0.007181521480461176 0.096 0.008467274135173597 0.007176489040614922 0.1 0.0004496564867800128 0.0008448452157651043 0.096 -0.01027451582856186 0.00746487270411437 0.1 5.000000000058004e-05 0.01024899959967966 0.04699999999999997 0.003786222418635049 0.002225156331640158 0.1 0.005347661681748748 0.003463462693265228 0.1 0.006818217270034402 0.004645498575991533 0.1 -0.007372292427021289 0.005396863767960047 0.09806899282279882 0.008051169973121516 0.005672895680560095 0.1 -0.007620117254543244 0.00538375404985586 0.09600000000000003 0.008980256121069145 0.008980256121069161 0.096 -0.008980256121069187 0.008980256121069124 0.09600000000000003 -0.006726384217888552 0.003650813787645191 0.096 0.00623599081223504 0.00533035280404476 0.09801170178495558 -0.004896028956602898 0.001947819781714786 0.1 0.000291461709438331 0.00778445482521986 0.04666846138536339 -0.0009679658691485942 0.008209087820195313 0.04680446781904021 -0.004128313393026594 0.002707272889856522 0.09828152021930997 0.003138354240447951 0.003066979279950603 0.09805934733500797 0.003935064537417344 0.002929599968374981 0.096 0.0003716492657527268 0.001719954415248328 0.1 0.0009372222973477253 0.003006839161265522 0.09801817359836235 0.002650160085916542 0.002422551751032564 0.096 -0.0005040997680574621 0.001796341322278275 0.096 0.00761521536794065 0.00700528107249393 0.09801195351369436 0.006021459917236691 0.004512810647767445 0.09600000000000003 -0.007146360203957279 0.007466838159142911 0.09798848840635731 0.008980256121069145 0.008980256121069161 0.1 0.001079527386495455 0.00213677104331335 0.096 -0.008546827629737684 0.007394092808158607 0.1 -0.008980256121069185 0.008980256121069122 0.1 -0.001481466566239199 0.002453035571672565 0.1 0.00125 0.009000000000000003 0.04799999999999997 -0.001671767047426208 0.002977479472401194 0.096 -0.004988421044961336 0.004129095347655881 0.09600000000000003 -0.003391372906066796 0.003502405403244619 0.096 0.004739287024486865 0.004124706364310901 0.09791029563629813 -0.006972701448942208 0.004606535334141953 0.1 0.006584179664143652 0.006100523697811801 0.096 -0.005187714403819839 0.003919218629994116 0.1 0.008229502215392561 0.009672915449172958 0.09796777446126337 0.007071459576479264 0.007887698293928515 0.096 -0.008229721082685887 0.009672729237459068 0.09797073480274524 -0.007174199545439845 0.008479843375238725 0.096 0.007481927166138347 0.008467759630945225 0.1 -0.003334590059467219 0.003186126552577038 0.1 -0.0009423923113781902 0.00335977888866249 0.09836706966002906 0.0001475486769649315 0.007758738791419834 0.04783741854892799 -0.001188494055353149 0.009387274941598637 0.0474296183723163 -0.005341821334316151 0.004932059319258929 0.09801013471550209 0.001933096262887792 0.002958250790616649 0.1 0.003494536708573857 0.004196555578584733 0.1 0.004996092334680622 0.005442373212617731 0.1 -0.006204089410544815 0.005093727711115623 0.096 0.006613199808440958 0.006850077724546244 0.1 0.004505887056250999 0.004141553015492103 0.096 -0.007219510157645789 0.006481204880080055 0.1 -0.006453648716046509 0.006727172429716468 0.09600000000000003 0.005009226094967118 0.005667552011802553 0.096 0.005573809536168027 0.007590918757313844 0.09809902774185572 -0.002844321076390738 0.004161069368883306 0.09805722165585641 0.003073770075591627 0.003872863426832684 0.096 -0.007264505110426121 0.008426475397220629 0.1 0.0074648727041144 0.01027451582856184 0.1 0.0074648727041144 0.01027451582856184 0.096 -0.007464872704114445 0.01027451582856181 0.096 0.003131848223570067 0.004632047001389817 0.09748363946968114 7.997177399536555e-05 0.003691343056498716 0.1 0.001617756523406604 0.003567323269369062 0.096 0.0001066340628427042 0.003302461306877128 0.096 0.001641411928757533 0.004929648213933892 0.1 -0.005375213347851372 0.005853799847638456 0.1 -0.005381050222838146 0.00883224289362446 0.09800827023148731 -0.005778273716430501 0.008103244572665721 0.096 0.005407985334086584 0.007300271097749028 0.09600000000000003 -0.007464872704114446 0.01027451582856181 0.1 0.005884033061893631 0.009057459439933958 0.1 0.005619596435972336 0.009288270893180555 0.09600000000000003 -0.00585345116883249 0.009514930525009437 0.09600000000000003 0.006635089888950037 0.01082892340750238 0.09809502151335306 -0.005765679346692279 0.01131578285719225 0.09600000000000003 -0.006635731771892679 0.01082853008729689 0.09809457230324067 -0.001773151167254067 0.004424433332417629 0.1 4.925827730394007e-05 0.01024902907176617 0.04899954507929676 -0.0009041764498973169 0.00813688648055364 0.04817215701422897 -0.002128338761098076 0.004630615158099824 0.096 -0.004937484506676726 0.005710618651630648 0.096 -0.003449304058717704 0.004991019028452341 0.096 0.004145069540176226 0.005953758603418719 0.09798420274585076 -2.91344262814539e-05 0.005027578082614839 0.09796253057128981 0.003535560420539265 0.005277608178326796 0.096 -0.004869200422128343 0.006887093054148223 0.0979902467441555 -0.003626275460930119 0.005157525343437048 0.1 -0.005857749561445243 0.009558978504622281 0.1 -0.0006898484126699178 0.004543423988735088 0.09600000000000003 -0.005485773503910939 0.00781611182086828 0.1 0.005765679346692233 0.01131578285719228 0.09600000000000003 -0.004882132506054862 0.01172411114726069 0.097971672635616 0.005765679346692233 0.01131578285719228 0.1 5.649976853116514e-05 0.00775127754238345 0.04883679519929277 -0.00292111315746372 0.006387879357774202 0.09803104695494896 0.003202851294028043 0.006167954385549313 0.1 0.004625087277107424 0.007526717993960211 0.1 0.0007238392772536915 0.004705120705254007 0.096 0.001972723833357126 0.005744527017086012 0.09793055971965396 -0.004831200670410228 0.007175878231822733 0.096 0.002121196528053012 0.004973465903867738 0.096 -0.001869797013579922 0.005401803116258987 0.09736412134789832 0.004542447513704008 0.009439704113105895 0.09790882712168274 -0.004348275849386786 0.0101819401432082 0.096 -0.003991868920276162 0.01028507888842612 0.09803008102902684 -0.004578868481423432 0.00861839830154125 0.096 0.003823847311826057 0.006805519746161422 0.096 -0.005765679346692279 0.01131578285719225 0.1 0.004861414980371704 0.01173271683748558 0.09797620516101961 -0.004401095134456092 0.01049782666745621 0.1 -0.001181981788272617 0.009406717410731171 0.04894188955606869 -0.0002112542738604455 0.005662624135968951 0.1 -0.003801782829198603 0.007057743233792145 0.1 0.002526731309599581 0.006300993635721061 0.096 0.004207493390378248 0.01030087931939853 0.096 -0.003924515828561864 0.01207841775694844 0.09600000000000003 0.004276273511787618 0.009671189263454304 0.1 -0.003924515828561864 0.01207841775694844 0.1 0.00380008826408329 0.008650477962253137 0.096 0.003280220319165828 0.007735731398818179 0.09788241728508834 0.003924515828561817 0.01207841775694845 0.1 0.003924515828561817 0.01207841775694845 0.096 0.0007316070580725767 0.007986466027911058 0.04988797505570791 -0.002593246323870009 0.00577355006979087 0.096 -0.003616246359489081 0.006346806665059481 0.096 -0.004002298389442029 0.008864009772254289 0.1 -0.002064836609289624 0.00639583217385238 0.1 -0.001358475822823045 0.00603435773200565 0.096 -2.058530267641283e-05 0.005846647720017814 0.096 0.002441246777603853 0.01036172715775799 0.1 0.002938973627424733 0.01094363998930613 0.09600000000000003 -0.003459972310436122 0.007671473673024176 0.09600000000000003 -0.001131589369958781 0.008468958101656482 0.04938495361859468 0.00125 0.009000000000000001 0.04999999999999993 -0.002413866617222141 0.006864951765337057 0.096 0.001349726766703001 0.006901046696872713 0.1 0.002843189972629129 0.008174793039823028 0.1 -0.0007057967344977509 0.00735834024107074 0.09795144774101427 0.001231453696938574 0.006003559768377582 0.096 0.0005649376492539582 0.006248235446459845 0.09732235964136084 -0.002468211523803855 0.008784891546261683 0.09795409701282914 0.003046746864767934 0.009734507438863666 0.09600000000000003 -0.002964507532679599 0.01234915766717252 0.09804094857329243 -0.002803650856630475 0.01056895579946136 0.096 -0.002585586436651157 0.01043225241532694 0.1 -0.003184605131886997 0.009037838875618482 0.096 0.002426307960831079 0.009520391613903979 0.09802232117932208 0.002663492447680506 0.007636215591115968 0.096 0.002964273834790712 0.01234921376575752 0.09809317668728788 0.001986717706010913 0.01254364192555825 0.1 -0.001986717706010959 0.01254364192555824 0.1 -0.001181440602906294 0.00940828678867239 0.05026633906313142 -0.0003395657153070398 0.007797005766851721 0.04996789392205718 -0.001995086801908836 0.007414156810363072 0.09728021105383261 0.001596729550393921 0.00718380205728944 0.096 -0.002270438562923156 0.008371534422567526 0.1 0.002387339756121774 0.008865203473719597 0.096 0.001986717706010913 0.01254364192555825 0.096 -0.0005006483360748829 0.00763344134223839 0.1 0.00099642710458731 0.01266085040687409 0.09796529750908738 -0.001657764993537865 0.01069103340853475 0.09812242959967903 -0.001986717706010959 0.01254364192555824 0.096 0.0009884537200033528 0.008863956988384086 0.1 0.0006283299266302906 0.01083836397237982 0.1 -2.46573606305234e-17 0.0127 0.1 0.001302994727496784 0.007715253550126873 0.09803704948099411 5.000000000057997e-05 0.01024899959967966 0.05099999999999992 -0.001053695574317859 0.008327522761230572 0.05080807134522668 -0.0005005136528382431 0.0067929479203537 0.096 0.0004619098659213341 0.00695072751412161 0.096 0.001369181863443097 0.01045510474522457 0.09736100845643 0.001735384801303923 0.008141586353807994 0.096 0.00170377021537793 0.01113646027457496 0.09600000000000003 -0.0009964305157436552 0.01266085013841072 0.0980908860344562 -0.0009464584982842712 0.01122704525446185 0.1 0.0001543622523234191 0.009676305216330333 0.09805131154234939 -0.0007883182753895045 0.009620967959044227 0.1 0.0005985473079510746 0.01136777368874434 0.096 -2.463584677165688e-17 0.0127 0.096 5.000000000226211e-05 0.007751000400320411 0.05099999999999993 -0.001307265837167693 0.007351666525850706 0.09600000000000003 -0.002234352479825983 0.008062041561354111 0.096 0.001899839285831627 0.009912336449640916 0.096 -0.001987800495027087 0.009373455388644789 0.096 -0.001451772332063018 0.01057189609543477 0.09600000000000003 0.0001543622523234143 0.008323694783669669 0.0972807708363892 -0.0006088712886454092 0.01157585440293173 0.096 -0.001193634603028378 0.00937112859557475 0.0516579978157941 0.00125 0.009000000000000001 0.05199999999999992 0.00125 0.009000000000000003 0.09600000000000003 -0.001126211084878028 0.008457645326103063 0.096 0.0007793622523234141 0.008022710646914961 0.096 -0.00112621108487802 0.009542354673896958 0.09600000000000003 0.0007793622523234191 0.009977289353085039 0.09600000000000003 -0.0002781511674453876 0.01021865989022728 0.09600000000000003 -0.0008235268533190029 0.008059625860700912 0.05237875823954241 -0.0002781511674453988 0.007781340109772723 0.09600000000000003 0.0002849207357663183 0.007782905026577476 0.05214233192346622 4.88514601301451e-05 0.01024904504916482 0.05300079022438373 -1.531116844723505e-19 0.009000000000000003 0.096 -0.001249972021172326 0.008991636610354041 0.09473442155435484 -0.001237423770264885 0.009176868348732714 0.05319912017386905 0.0002867682603808318 0.007783339009897109 0.05332451282287297 -0.0007739302566055761 0.008018403362928323 0.0950516965940317 0.000310981528028442 0.007789301652258048 0.09505319897474232 -0.0008066879826481603 0.009954858365754337 0.0949825680162012 0.0002781511674453974 0.01021865989022728 0.09506880609893184 0.00125 0.009000000000000001 0.05399999999999991 -0.0007274651568725031 0.007983489082431249 0.05340870648611054 0.00125 0.009000000000000001 0.09399999999999999 -0.0002781511674453879 0.01021865989022728 0.09409187630992857 -0.0001827310273241203 0.007763428379893398 0.09402130712780732 -0.0001828672334078121 0.007763448515044452 0.05410331367683789 -0.0009799057930229662 0.008223930005218582 0.05452662407629648 -0.001170788714890269 0.009437897002827825 0.05478203447922486 -0.001218229092424204 0.009280031923843159 0.09350165871488961 -0.001095125239426633 0.008397338644037335 0.09395660569601352 4.999999999775814e-05 0.007751000400320232 0.05499999999999991 5.000000000058004e-05 0.01024899959967966 0.05499999999999992 -0.0009406628116421019 0.008176802894323862 0.05553733356422878 -0.0009283989775791874 0.008162996213610763 0.09285593496326384 7.086991528822054e-05 0.01024798936498155 0.09232893228154501 0.0004007701800677837 0.007815988487062548 0.09294915607984539 0.00125 0.009000000000000001 0.0559999999999999 -0.001183699228203685 0.009401691594572256 0.05599999999999866 0.00125 0.009000000000000001 0.09199999999999998 -2.819380494093109e-05 0.007750317996703582 0.05600071558043165 -0.001189253709669268 0.009384935857043593 0.09183219160053642 4.99999999984981e-05 0.01024899959967974 0.05699999999999991 -0.0009586288732868715 0.008197796357960934 0.05702985890597612 0.0005331678687951034 0.007869410762617792 0.09148318493587058 4.999999999359701e-05 0.007751000400320065 0.0569999999999999 7.404349965484846e-05 0.01024780509702392 0.09050302251203575 -0.001194721360390047 0.009367615112621555 0.05766244359250494 -0.0007751778833714119 0.008019388329086477 0.09090880143333988 0.0007642686684825297 0.008010862293522313 0.0577684832521706 -0.0002244578903671358 0.007770317660754643 0.05783752469456506 0.00125 0.009000000000000001 0.08999999999999997 0.00125 0.009000000000000003 0.05799999999999991 -0.0009761730056915837 0.00821923994533592 0.05827189757844765 0.0004584648127880495 0.007837111348651464 0.09008328823267818 -0.00116097369195542 0.00946329265760144 0.09009940034235707 4.890316943927037e-05 0.01024904302568759 0.0590008116579344 0.0002858281224798193 0.007783117801757435 0.05867689163144568 5.000000000518052e-05 0.01024899959967947 0.08899999999999997 -0.001240043669154459 0.009157453798270942 0.05923747670152792 -0.0002320499522051861 0.007771727709470913 0.08875834084394732 -0.0006447828012081712 0.007929133463373638 0.05959789001234669 0.00125 0.009000000000000001 0.08799999999999995 -0.001213108679832449 0.009301442085507605 0.08856086421122547 0.0006060532776378469 0.007906748233633066 0.05986233039369242 -0.001081136426178921 0.00962741057369881 0.06062104799288383 0.00125 0.009000000000000001 0.05999999999999989 -0.001107146363178094 0.008419718231803274 0.06062287814246443 5.000000000471904e-05 0.01024899959967949 0.08699999999999994 -0.001234670375013926 0.008804835799740392 0.08720463216434685 4.20066637843061e-06 0.007750007058259139 0.06090933069000255 -0.0003580209762911131 0.007802368595712541 0.08631861413022958 4.999999999849782e-05 0.01024899959967974 0.06099999999999989 0.0007620015983573149 0.008009114757350331 0.06138201822189659 -0.0006534364393322471 0.007934391807579919 0.06180307918407286 0.00125 0.009000000000000001 0.08599999999999994 -0.001205053336134958 0.00933218437210382 0.08589500463629399 -0.001185071538542036 0.00939762475845653 0.06199999999999988 0.00125 0.009000000000000001 0.06199999999999987 0.0001354189018397372 0.01024264303845655 0.08488955797536964 -0.000456242260805425 0.007836237567432619 0.084794169595588 0.0003676198323950472 0.007805280091891898 0.06279802552097517 4.999999999849858e-05 0.01024899959967974 0.06299999999999986 -0.0009700456561817347 0.008211640041020003 0.06281136141313523 0.00125 0.009000000000000001 0.08399999999999994 -0.001177904029525957 0.00941838032605097 0.08399943448392876 -0.001193653055344068 0.009371069243494758 0.06330823541495112 0.00125 0.009000000000000001 0.06399999999999986 -0.0002964236163305454 0.007785655304420728 0.0636061280357767 5.0000000005188e-05 0.01024899959967947 0.08299999999999993 -0.0004017039578987445 0.007816304967397228 0.08288309566196951 -0.000898902581230206 0.008131395285841902 0.06417237961020106 0.0006484916536223994 0.007931375381538455 0.06437407021727583 -3.857906616258476e-05 0.007750595479576763 0.06483966105703548 0.00125 0.009000000000000001 0.08199999999999992 -0.001195112333751906 0.009366342066536285 0.08200000000000345 4.82986899332014e-05 0.01024906654608581 0.06489606355426424 -0.001248319038141219 0.009064804158926581 0.06470581020435547 -0.001020356140121253 0.008277938127777919 0.06542419469278414 4.999999999939388e-05 0.01024899959967971 0.08099999999999992 -0.0001828483488438143 0.007763445722450856 0.08095989945971188 0.0006352621412314884 0.007923458309252271 0.06578650228091169 -0.001216767438468009 0.009286316259901532 0.06595201619850243 -0.0002863100077267178 0.007783231090356298 0.0658818087854223 0.00125 0.009000000000000001 0.0799999999999999 -0.001228493967762926 0.009230873496032145 0.08017416923913831 0.00125 0.009000000000000001 0.06599999999999985 -0.0007294347792348859 0.007984901530469801 0.06672631778423391 5.000000000125784e-05 0.01024899959967963 0.0789999999999999 5.000000000052261e-05 0.007751000400320344 0.07899999999999992 4.879702365264953e-05 0.01024904717704442 0.06700075820985502 0.0005186512708849912 0.007862678207713674 0.06698182753138676 0.00125 0.009000000000000003 0.07799999999999993 -0.001210221249390295 0.00868716693345461 0.07800000000000415 -0.001225979655747447 0.008756127320731963 0.06744689568348766 0.00125 0.009000000000000001 0.06799999999999985 -0.0003392659995926269 0.007796921207268447 0.06814077484317763 4.999999999358039e-05 0.007751000400320065 0.0769999999999999 -0.000438848674888335 0.01017043233061496 0.07722502697779764 -0.001140732878199303 0.009511105175668508 0.06856207987814408 0.0007248058628375825 0.007981591211155234 0.06829717951906754 -0.001064665726992384 0.008345029092426409 0.06886179498010762 0.00125 0.009000000000000001 0.0759999999999999 -0.001224663761716468 0.008749602973782697 0.07619106602008331 4.999999999968907e-05 0.01024899959967969 0.06899999999999988 9.537119388944792e-05 0.007753643576108304 0.06944009614079563 9.011755139497536e-05 0.007753252701253952 0.07546672353366171 -0.0004009230075740328 0.01018395977211973 0.07548357202538307 0.00125 0.009000000000000001 0.06999999999999987 -0.001187126090199951 0.009391448139562036 0.06959128061714907 -0.00122326415346701 0.008742852550386671 0.07480622455452218 -0.0008856854498339417 0.008117922178063383 0.06997974453199281 0.0006724182173539347 0.00794626676005236 0.0740509413992026 0.00125 0.009000000000000001 0.07399999999999989 -0.0003613363036374194 0.01019663531440186 0.07035851928032037 -0.0005135314415489694 0.007860357311022163 0.07412871673109762 -0.0004599914579532938 0.01016228561834431 0.07354626510876754 0.0002801770980573094 0.007781804287594073 0.07068531343941219 0.0007815477986745458 0.009975542432899245 0.0708357263420326 -0.001249758285559854 0.009024581042990393 0.07061344821134286 -0.001240789970119355 0.00884853960896918 0.07328063637430016 0.0004068428686542576 0.01018193861102224 0.07216315647263213 4.99999999953109e-05 0.007751000400320135 0.07299999999999987 0.00125 0.009000000000000001 0.07199999999999987 -0.0008848693707904274 0.00811710351873113 0.0713740697178219 0.0001121688739510638 0.007755042914909695 0.07184221938810656 -0.0009776215578218301 0.009778945498531201 0.0716133500162795 </DataArray>
      </Points>
      <Cells>
        <DataArray type="Int32" Name="connectivity" format="ascii">0 1 2 3 2 4 0 3 3 1 2 5 3 6 1 5 2 5 7 3 2 4 3 7 4 0 3 7 5 2 6 1 7 5 2 8 2 9 7 8 9 2 7 4 10 3 0 7 10 4 7 0 2 1 11 6 5 6 2 8 10 7 4 9 12 0 4 10 11 8 2 6 5 6 8 13 14 10 9 7 10 9 4 15 4 12 10 15 11 2 8 16 6 11 8 13 15 10 9 14 12 4 9 15 16 8 11 13 11 6 17 13 9 18 15 14 4 18 12 9 9 15 18 12 16 19 8 13 16 11 17 13 6 20 17 13 21 15 18 14 4 12 18 22 21 18 15 12 16 17 19 13 17 20 19 13 23 21 18 14 18 22 12 21 19 24 17 16 19 20 25 13 24 20 19 17 12 22 26 21 18 22 21 23 19 24 16 27 24 19 20 25 21 22 26 23 23 22 28 18 27 19 24 25 20 29 24 25 30 21 26 23 23 28 22 26 28 18 31 23 27 32 19 25 27 24 29 25 30 26 28 23 33 23 28 31 27 29 32 25 29 34 24 27 26 28 35 30 33 28 23 30 33 28 36 31 25 29 32 37 34 29 32 27 30 28 35 33 36 30 35 33 33 31 36 38 39 36 28 31 33 36 28 35 34 32 29 37 40 34 32 27 31 36 38 39 39 28 36 35 29 41 34 37 34 41 32 37 34 32 41 40 42 31 38 39 36 39 43 38 35 44 36 39 32 41 45 37 41 46 34 40 40 32 41 45 38 43 42 39 43 39 36 44 45 41 47 37 41 46 40 45 40 48 32 45 49 43 42 38 43 44 42 39 46 41 47 45 46 45 48 40 43 42 44 49 39 44 42 50 51 41 47 46 48 45 46 47 48 52 46 40 44 53 43 49 49 42 44 50 52 47 46 51 47 48 45 54 52 46 47 48 40 48 52 55 44 53 49 50 49 56 42 50 47 57 51 52 54 52 47 48 48 52 55 54 53 56 49 50 58 53 56 49 44 59 53 50 60 42 56 50 54 47 52 57 61 48 55 54 55 52 57 54 58 56 53 50 53 59 58 50 60 56 58 50 55 62 61 54 57 62 52 55 57 62 55 54 59 63 53 58 58 59 60 50 55 64 61 62 62 65 61 54 57 65 62 54 63 59 60 58 66 60 59 50 61 64 55 67 64 65 61 62 61 65 68 54 58 60 63 69 63 60 59 66 67 61 64 68 64 61 65 68 69 60 63 66 63 59 70 66 67 71 61 68 72 64 68 67 65 73 64 68 69 74 60 66 69 63 70 66 71 67 72 68 72 68 64 73 64 75 67 72 69 76 74 66 63 70 77 69 69 70 76 66 67 75 71 72 75 64 73 72 66 76 74 78 74 77 76 69 70 76 77 69 67 71 75 79 75 80 71 72 73 80 75 72 76 77 74 78 69 74 77 81 82 76 77 70 71 83 75 79 83 71 80 72 71 75 83 80 77 76 82 78 78 77 74 81 84 71 79 83 79 75 85 83 80 85 75 83 78 82 77 81 78 74 86 81 71 84 87 83 79 83 88 84 85 89 75 79 79 89 83 85 82 90 77 81 86 81 82 78 87 88 83 84 79 88 83 89 89 91 83 85 82 81 86 90 92 86 82 78 87 93 88 84 87 83 88 89 91 94 85 89 89 83 91 87 95 90 86 81 86 96 82 90 92 82 86 96 87 88 93 97 89 87 94 88 94 87 89 91 86 95 81 98 95 86 90 96 92 96 86 98 88 99 93 97 87 88 97 94 94 99 89 88 87 91 94 97 96 95 86 98 86 100 92 98 92 101 96 98 99 93 102 88 99 103 93 97 94 99 88 97 101 95 96 98 104 92 100 98 101 96 105 92 104 101 92 98 102 103 93 99 106 93 103 97 94 103 99 97 95 101 104 98 104 92 105 100 104 105 92 101 102 107 103 99 106 102 103 93 105 108 100 92 105 100 109 104 105 109 101 104 103 102 106 107 102 110 93 106 108 100 109 105 104 100 109 111 105 101 109 112 107 103 113 106 107 110 102 106 102 93 110 114 115 93 110 106 105 109 108 112 108 109 100 111 110 107 113 106 115 110 93 114 110 113 115 106 109 108 112 111 108 100 116 111 115 117 110 114 115 113 118 106 117 113 115 110 117 119 110 114 112 120 109 111 112 108 120 111 116 120 108 111 119 117 115 114 115 113 117 118 120 121 108 112 122 120 116 111 116 120 121 108 119 115 123 114 119 115 117 124 115 117 124 118 119 117 125 124 121 120 116 122 116 121 126 108 124 115 123 119 123 119 125 124 125 127 119 123 121 128 120 122 126 121 116 122 124 123 115 129 123 130 124 125 130 125 123 127 128 121 126 122 116 131 126 122 124 130 123 129 132 127 125 130 123 133 130 127 121 134 128 126 126 131 128 122 131 116 135 122 130 133 123 129 132 125 136 130 127 132 133 130 135 137 128 122 134 131 128 126 135 128 131 122 133 138 129 130 133 132 136 130 127 132 139 133 134 128 135 137 137 128 140 134 134 131 126 141 135 128 134 131 133 136 138 130 139 132 136 133 140 134 135 137 136 138 130 142 136 143 132 139 134 141 135 131 139 136 138 133 144 137 140 135 135 134 140 141 139 138 136 142 136 143 139 142 140 134 145 141 135 141 146 131 133 138 139 147 140 141 144 135 139 143 138 142 136 148 143 142 141 145 140 144 135 146 141 144 139 138 143 147 138 143 149 142 149 143 148 142 145 150 140 144 151 145 141 144 152 153 154 155 152 156 157 158 157 153 152 158 151 141 146 144 143 159 139 147 138 143 147 149 149 143 159 148 151 150 145 144 154 153 160 155 154 153 152 157 157 156 161 158 157 153 158 162 155 160 154 163 164 148 165 149 146 150 151 144 159 143 149 147 147 164 138 149 159 166 148 143 159 164 149 148 167 150 145 151 160 153 154 168 157 154 153 162 161 169 156 157 157 158 161 162 165 158 153 162 163 155 160 170 163 160 154 168 148 165 171 164 164 165 172 149 164 173 138 149 160 165 153 168 174 161 169 156 161 158 172 162 158 165 172 162 170 163 155 175 164 172 173 149 160 171 165 168 169 176 174 156 177 171 160 168 178 163 179 180 154 178 163 179 181 154 178 182 182 181 154 183 154 157 182 183 182 157 184 183 185 150 146 144 146 150 167 151 149 164 159 147 164 138 173 147 159 148 166 164 153 162 154 168 157 183 154 162 161 169 157 186 161 157 162 186 165 162 153 168 163 170 160 168 163 154 179 168 164 171 148 166 164 165 171 168 172 165 164 162 174 169 161 186 187 161 172 162 170 163 175 188 164 173 172 162 174 189 176 169 190 171 177 168 177 160 170 168 191 179 163 180 178 154 181 179 154 183 181 162 169 184 157 183 192 189 176 193 150 146 167 185 194 146 167 151 159 164 195 147 173 196 164 147 166 164 197 159 181 154 162 168 186 183 157 162 186 157 183 169 187 161 162 186 165 164 162 168 163 198 170 168 181 179 154 168 163 179 191 168 197 171 164 166 164 171 199 168 174 161 187 186 174 189 169 186 173 187 172 162 175 200 170 188 170 163 188 198 164 199 173 162 189 176 193 174 190 197 171 168 168 190 201 177 170 201 177 168 180 163 191 188 202 181 183 162 184 169 203 183 192 189 193 204 167 205 150 185 169 203 206 184 193 207 192 204 192 207 208 204 194 167 146 185 164 195 197 159 164 196 195 147 164 196 173 209 181 162 202 168 186 202 183 162 203 183 169 186 173 187 162 186 199 162 164 168 163 191 198 168 170 198 201 168 181 210 179 168 179 210 191 168 197 164 171 199 197 199 171 168 187 211 174 186 186 206 189 169 189 174 193 186 188 175 200 212 170 188 200 198 191 188 163 198 164 173 199 209 173 162 199 209 190 198 197 168 168 201 190 198 191 213 180 188 193 204 189 214 205 167 194 185 206 203 169 186 193 207 204 214 208 204 207 214 211 215 174 186 215 193 174 186 213 180 188 216 217 204 208 214 217 218 219 208 218 219 220 217 218 220 221 217 221 222 220 218 206 189 223 224 225 223 189 224 189 223 225 204 226 225 223 204 227 228 221 229 207 193 215 230 146 231 194 185 195 164 197 199 196 164 195 199 196 232 173 209 164 199 196 209 181 202 210 168 202 162 199 168 186 183 202 203 202 199 162 186 173 211 187 186 173 186 162 209 210 198 191 168 200 201 170 198 197 198 199 168 186 189 206 224 189 186 193 230 200 233 188 212 200 198 188 234 234 188 191 198 162 186 199 209 190 235 197 198 235 190 201 198 234 191 188 213 189 204 225 214 189 193 214 230 205 167 236 194 205 194 237 185 206 224 203 186 207 214 193 230 208 207 219 214 238 215 211 186 215 193 186 230 188 233 213 216 226 204 217 214 219 217 208 214 219 220 217 239 221 217 220 239 222 240 221 220 225 224 189 230 226 225 204 214 229 221 227 217 221 241 228 227 215 242 207 230 191 210 243 198 240 221 241 222 244 242 215 230 241 245 240 222 246 229 217 226 237 194 231 185 195 197 247 199 195 196 199 209 211 173 232 209 248 232 196 209 202 199 210 168 202 203 249 186 202 199 186 209 173 211 186 209 199 198 210 168 201 198 200 234 199 198 197 250 224 186 189 230 212 200 233 251 188 233 200 234 191 198 243 234 235 197 198 250 252 235 201 198 191 243 213 234 188 213 233 234 225 189 214 230 237 236 194 205 253 203 224 186 242 214 207 230 242 219 207 214 238 211 254 186 238 215 186 230 216 233 213 255 226 217 246 214 219 217 214 239 220 219 242 239 239 217 227 221 240 221 220 239 225 253 224 230 226 246 225 214 227 246 229 217 228 241 256 227 241 227 221 239 243 210 257 198 241 221 240 239 215 238 244 230 258 242 244 230 245 241 240 259 247 199 197 250 260 201 200 234 212 233 261 251 235 247 197 250 232 238 211 254 262 233 216 255 241 256 263 228 264 244 238 254 237 194 236 231 195 199 247 250 195 265 196 209 199 266 195 209 211 232 254 209 265 248 196 209 264 232 248 209 210 202 267 199 253 249 203 186 202 186 249 209 202 249 199 209 254 186 211 209 210 198 199 250 260 198 201 234 253 186 224 230 233 251 200 234 198 268 243 234 269 235 198 250 269 235 252 198 252 201 260 198 213 243 255 234 213 255 233 234 270 225 214 230 205 236 271 237 272 214 242 230 219 214 242 239 238 186 254 230 246 214 217 239 242 273 220 239 227 217 239 246 220 273 240 239 270 253 225 230 270 225 246 214 241 256 227 239 257 243 198 268 210 257 198 250 241 240 259 239 238 254 244 230 230 258 274 244 258 272 242 230 275 241 245 259 276 245 240 259 251 260 200 234 277 261 233 251 269 247 235 250 264 238 232 254 278 233 262 255 256 241 263 259 264 254 274 244 202 249 267 199 241 259 256 239 276 240 279 259 261 278 280 277 281 275 245 276 231 236 282 194 271 236 231 237 283 195 247 250 195 266 199 250 265 195 266 209 267 266 199 209 264 254 232 209 265 266 248 209 248 284 264 209 210 267 257 199 253 254 249 186 249 186 254 209 267 199 249 209 210 199 257 250 260 268 198 234 254 186 253 230 277 251 233 234 243 268 285 234 269 198 252 250 252 198 260 268 255 243 285 234 233 255 278 234 270 214 272 230 242 214 272 239 286 214 246 239 273 242 287 239 227 286 246 239 273 259 240 239 253 270 288 230 214 270 286 246 239 289 256 227 257 290 243 268 257 198 250 268 230 274 254 244 230 274 258 272 287 242 258 272 275 263 241 259 276 275 245 259 291 260 251 234 278 261 233 277 247 269 292 250 293 278 262 255 263 294 256 259 264 274 254 295 239 256 289 259 279 296 276 259 279 240 273 259 277 278 280 297 275 276 281 298 247 292 283 250 252 250 198 268 242 272 287 239 299 278 262 293 300 301 302 303 304 305 280 297 306 299 307 297 299 278 307 297 303 308 306 309 263 275 310 294 311 312 313 310 314 315 316 317 275 312 310 298 271 231 236 282 318 271 231 237 283 266 195 250 199 266 267 250 283 265 195 266 267 249 266 209 264 295 254 209 265 319 248 266 248 266 284 209 284 295 264 209 257 199 267 250 249 253 288 254 249 254 266 209 320 268 260 234 253 288 254 230 291 251 277 234 233 278 277 234 243 290 285 268 285 234 268 321 269 250 252 268 320 252 260 268 293 255 285 234 278 255 293 234 214 286 270 272 288 270 272 230 272 214 286 239 273 287 322 239 289 286 227 239 259 239 273 323 257 250 290 268 230 254 274 295 274 272 324 258 295 272 274 230 287 258 324 272 275 294 263 259 275 276 298 259 320 260 291 234 292 269 325 250 256 294 289 259 284 274 264 295 289 239 259 323 296 259 279 323 296 298 276 259 273 279 259 323 305 277 280 297 277 297 326 278 275 281 312 298 327 281 276 298 328 283 292 250 272 322 287 239 299 278 293 307 302 301 300 329 302 300 303 330 308 305 304 297 308 306 307 297 307 297 278 326 307 306 308 309 303 308 309 330 310 294 275 298 331 311 312 313 313 310 312 298 314 332 315 317 327 316 315 317 333 269 252 268 329 301 300 334 303 300 308 330 315 312 316 327 312 316 327 281 335 336 300 337 300 336 335 334 338 339 340 341 338 342 343 340 342 344 343 340 315 331 312 345 271 236 346 282 231 271 318 282 328 266 283 250 257 267 266 250 283 319 265 266 267 249 347 266 254 295 266 209 284 248 319 266 266 295 284 209 249 288 347 254 249 347 266 254 268 234 320 321 288 295 254 230 277 291 234 321 277 234 278 326 285 268 290 321 285 293 234 321 333 250 269 268 333 252 320 268 293 278 234 326 286 348 270 272 348 288 270 272 288 272 295 230 272 286 322 239 349 273 287 322 349 273 322 239 286 289 350 239 349 273 239 323 257 290 250 351 290 268 250 351 324 272 274 295 287 272 324 322 294 275 298 259 320 234 291 321 325 352 292 250 325 250 269 351 289 294 353 259 284 354 274 295 289 259 353 323 289 350 239 323 355 296 279 323 298 259 296 323 327 276 296 298 273 349 279 323 326 297 277 305 312 281 327 298 352 250 328 292 307 278 293 326 302 329 300 356 302 303 309 330 302 356 300 330 308 304 305 357 297 308 305 326 307 308 297 326 309 308 307 330 310 313 294 298 331 311 313 358 313 312 331 298 332 314 359 317 317 332 315 345 317 315 327 345 334 329 301 360 329 334 300 356 300 337 308 330 312 345 327 315 300 335 337 330 361 335 336 334 300 334 335 356 339 340 341 362 340 343 338 341 363 342 344 343 340 344 343 364 331 315 332 345 331 298 312 345 365 285 290 321 333 269 250 351 304 308 337 357 311 331 366 358 339 340 362 367 343 368 338 341 344 369 342 363 362 370 339 367 371 372 373 374 375 284 319 295 318 271 346 282 376 231 318 282 283 328 319 266 266 250 328 377 257 267 378 266 378 257 266 250 267 347 378 266 347 266 254 295 284 266 319 295 347 254 288 295 320 379 268 321 277 380 291 321 277 234 326 321 268 351 290 321 285 381 293 321 293 326 234 321 333 250 268 351 320 379 333 268 348 272 286 322 348 295 288 272 286 350 322 239 287 324 349 322 349 239 322 323 257 382 290 351 257 250 382 351 354 324 274 295 324 272 295 322 294 298 353 259 380 320 291 321 325 352 250 351 333 325 269 351 375 354 284 295 350 289 353 323 298 353 259 323 322 239 350 323 279 349 355 323 296 355 383 323 296 383 298 323 327 296 384 298 380 277 305 326 327 345 312 298 328 250 352 377 307 293 381 326 302 385 329 356 302 309 385 330 300 356 335 330 302 386 356 330 308 357 305 326 308 326 307 330 307 330 387 309 388 294 313 298 313 331 358 345 313 298 331 345 389 314 359 332 359 332 317 345 317 327 384 345 360 334 329 356 308 337 357 330 335 357 337 330 390 361 336 334 361 335 334 356 340 341 362 364 340 343 341 364 363 343 344 364 340 367 344 364 331 332 358 345 365 381 285 321 365 290 351 321 331 332 366 358 362 367 340 364 391 341 368 343 369 344 392 363 362 393 370 367 374 372 373 394 371 373 372 395 375 295 319 396 378 382 257 250 387 385 309 330 359 397 314 389 360 398 334 356 344 399 369 392 398 371 372 395 399 400 369 392 398 401 360 371 346 402 271 318 318 346 376 282 319 266 328 377 378 250 266 377 378 347 403 266 266 295 347 396 319 295 266 396 347 288 404 295 320 380 379 321 268 379 351 321 277 326 380 321 381 326 293 321 333 268 379 351 350 348 286 322 348 295 272 322 348 404 288 295 405 349 324 322 349 322 405 323 382 406 290 351 250 377 382 351 324 295 354 407 324 295 407 322 353 294 388 298 325 408 352 351 352 377 250 351 333 409 325 351 354 295 375 396 350 353 410 323 298 383 353 323 350 410 322 323 355 349 405 323 384 296 355 383 411 383 355 323 384 298 296 383 327 298 384 345 305 412 380 326 328 352 413 377 381 387 307 326 414 329 385 356 302 386 385 356 302 385 386 330 335 356 386 330 305 357 412 326 308 357 326 330 387 330 307 326 388 298 313 345 358 388 313 345 359 389 332 415 359 317 416 345 359 332 345 415 416 317 384 345 329 401 360 356 417 357 335 330 334 390 361 356 335 361 418 356 419 362 341 364 343 391 341 364 391 343 363 364 344 392 363 364 344 367 420 364 332 421 358 345 365 422 381 321 406 365 290 351 365 351 422 321 332 421 366 358 393 367 362 364 368 341 391 419 423 393 370 362 373 424 374 394 373 394 372 395 371 401 373 395 413 375 319 396 382 250 378 377 425 330 385 387 359 426 397 389 334 398 390 356 401 398 360 356 399 392 344 364 372 427 398 395 371 398 401 395 392 399 400 428 319 328 413 377 429 362 419 364 420 367 430 364 391 431 368 419 393 370 432 423 392 400 433 428 434 400 399 428 398 390 435 427 394 436 437 438 372 427 439 436 436 394 439 372 432 440 441 423 441 442 432 393 443 355 431 444 444 431 443 419 437 438 445 446 402 346 376 318 447 376 346 282 266 377 319 396 378 266 403 377 403 266 347 396 403 347 295 396 404 403 347 295 379 380 448 321 422 351 379 321 380 326 412 321 422 326 381 321 333 379 409 351 348 350 449 322 348 407 295 322 348 404 295 407 450 405 324 322 322 451 405 323 406 382 452 351 382 351 377 453 324 354 450 407 354 407 295 396 450 324 407 322 353 298 388 383 408 325 409 351 408 377 352 351 354 375 454 396 353 383 410 323 410 449 350 322 410 451 322 323 411 355 405 323 455 384 355 383 355 411 455 383 411 451 383 323 384 345 298 383 352 456 413 377 381 425 387 326 329 414 401 356 414 385 386 356 385 330 425 386 335 418 386 356 417 335 386 330 357 412 326 330 387 326 425 330 298 345 388 383 457 388 358 345 389 458 332 415 359 426 389 415 359 345 416 415 421 345 332 415 416 384 455 345 357 417 412 330 435 361 390 356 418 361 459 356 391 419 341 364 460 391 363 364 460 363 392 364 420 399 344 364 421 457 358 345 365 425 381 422 406 422 365 351 421 366 458 332 430 367 393 364 362 423 393 364 424 374 394 461 424 394 373 395 372 394 439 395 373 401 462 395 454 375 413 396 413 319 377 396 378 463 382 377 464 397 426 389 435 390 398 356 401 395 398 356 399 428 392 364 372 439 427 395 398 427 435 395 444 429 419 364 362 364 429 465 466 420 430 364 431 391 443 419 393 432 441 423 428 433 392 467 399 468 434 428 438 437 394 446 439 394 436 437 423 440 441 469 441 430 442 393 355 443 411 444 443 419 364 444 438 445 446 470 445 437 446 471 378 403 463 377 380 412 448 321 408 456 352 377 411 405 355 444 443 455 355 411 385 472 414 386 421 366 473 458 474 464 397 426 469 362 429 465 433 460 392 467 468 399 434 420 465 362 423 469 420 475 434 468 476 477 478 466 466 477 475 479 466 475 420 479 478 442 480 430 466 478 480 430 318 376 402 481 402 376 346 447 266 403 377 396 404 403 295 396 379 448 422 321 351 379 482 422 321 412 422 326 381 422 425 326 351 482 379 409 348 449 407 322 348 449 404 407 404 295 407 396 450 407 405 322 405 322 407 451 411 405 451 323 406 452 483 351 452 351 382 453 463 382 377 453 408 377 351 453 450 354 454 407 354 454 407 396 484 353 388 383 408 409 485 351 353 484 410 383 410 383 451 323 410 449 322 451 384 455 345 383 455 383 411 451 413 377 456 396 414 395 401 356 414 356 386 486 385 425 472 386 425 326 386 330 335 418 417 386 418 459 386 356 417 386 412 330 386 326 412 330 388 345 457 383 458 389 464 415 421 332 458 415 359 487 426 415 426 464 389 415 487 359 416 415 416 415 345 488 457 345 421 415 455 416 345 488 435 459 361 356 364 419 443 391 489 391 460 364 364 467 392 460 399 420 468 364 365 490 425 422 490 365 406 422 406 483 422 351 441 430 393 364 465 423 362 364 393 423 441 364 461 394 424 491 424 373 462 395 424 492 394 395 439 394 437 395 414 462 401 395 454 413 456 396 398 395 435 356 392 467 364 428 468 428 399 364 435 427 439 395 444 429 364 465 420 466 479 364 466 430 480 364 394 446 437 471 493 441 440 469 469 465 441 423 430 442 480 441 443 411 444 364 445 446 470 471 445 494 437 471 495 463 403 377 321 422 412 448 408 456 377 453 444 411 405 496 443 497 455 411 414 386 472 486 473 498 421 458 464 474 499 426 469 429 500 465 460 433 501 467 475 420 479 468 480 476 478 466 466 476 477 479 461 394 491 446 394 492 437 395 444 496 429 465 493 440 502 469 456 503 377 453 496 405 444 429 504 414 472 486 498 473 464 458 474 505 499 426 476 506 477 479 507 461 491 446 462 414 504 486 473 464 508 498 425 490 472 509 510 462 504 511 437 494 439 492 469 502 512 500 376 402 481 447 346 513 402 447 495 377 403 396 404 514 403 396 448 482 379 422 422 483 482 351 386 422 412 326 425 422 386 326 409 482 483 351 407 322 449 451 514 404 449 407 404 407 514 396 450 405 407 451 496 411 405 451 406 452 515 483 483 351 452 453 463 452 382 453 377 503 463 453 408 351 485 453 454 450 407 516 454 516 407 396 484 388 457 383 409 483 485 351 484 410 383 451 410 517 449 451 345 383 455 488 455 411 497 451 455 518 383 451 456 377 503 396 414 395 356 486 459 386 356 486 425 472 386 509 417 418 519 386 418 459 519 386 412 417 520 386 457 383 345 488 498 458 464 415 421 458 498 415 521 426 487 415 426 522 464 415 416 487 415 488 345 415 457 488 523 457 421 415 455 524 416 488 435 525 459 356 391 489 443 364 489 460 526 364 467 527 460 364 479 468 420 364 425 422 490 509 490 422 406 483 441 480 430 364 441 364 423 465 492 394 491 424 424 462 492 395 439 437 492 395 462 395 414 486 456 503 454 396 435 395 525 356 428 468 467 364 435 439 525 395 411 444 364 465 479 364 466 528 480 476 466 364 491 446 394 471 437 394 471 492 469 441 465 493 411 443 497 364 446 529 470 471 445 470 530 471 445 531 494 471 437 471 494 492 463 377 495 503 448 412 520 422 408 532 456 453 411 496 444 465 497 455 489 443 386 509 472 486 499 464 426 522 496 500 429 465 512 469 500 465 501 527 460 467 479 466 476 528 493 502 512 469 532 503 456 453 450 405 496 429 472 533 504 486 505 499 534 474 499 426 505 522 476 506 479 535 491 507 446 471 462 504 511 486 536 508 464 498 533 472 490 509 510 504 537 511 510 492 462 511 439 494 538 492 512 502 454 500 490 406 515 483 484 539 410 451 528 527 467 364 424 462 510 492 456 540 454 503 466 364 476 528 465 441 480 493 496 500 450 429 456 532 540 503 499 536 508 464 490 515 533 509 504 533 537 511 536 541 499 508 450 454 500 542 543 376 481 447 481 402 513 447 495 403 514 396 495 503 377 396 482 448 520 422 482 422 544 483 412 386 520 422 425 386 422 509 409 482 485 483 517 407 449 451 514 449 517 407 407 516 514 396 450 496 405 451 407 545 450 451 496 497 411 451 452 515 483 453 485 351 483 453 546 452 463 453 546 463 503 453 485 547 408 453 454 542 450 516 542 407 450 516 454 503 516 396 484 383 457 488 484 383 518 451 539 517 410 451 455 383 518 488 455 497 518 451 356 525 486 395 519 386 459 486 356 486 525 459 520 417 519 386 498 464 522 415 523 421 498 415 521 548 415 487 521 522 426 415 416 524 487 488 488 415 548 487 523 457 415 488 455 497 524 488 497 443 489 364 460 527 526 364 489 526 549 364 468 364 479 528 490 422 483 509 465 480 441 364 550 491 424 492 492 491 394 471 462 492 395 511 538 439 492 395 462 511 395 486 467 364 468 528 538 525 439 395 465 411 497 364 480 476 364 528 512 493 469 465 507 529 446 471 470 529 530 471 530 531 445 471 531 494 471 492 463 495 546 503 547 532 408 453 465 497 411 496 489 524 455 497 472 509 533 486 519 509 386 486 499 536 464 522 542 500 496 465 542 512 500 465 460 527 501 526 479 476 535 528 551 503 532 453 504 533 511 486 499 534 552 505 521 505 426 522 552 499 505 522 506 476 553 535 507 491 554 471 536 498 464 522 510 537 555 511 510 555 492 511 556 538 494 492 500 454 512 542 490 483 515 509 484 518 539 451 528 467 527 557 549 364 527 528 424 510 550 492 540 516 454 503 553 480 493 465 542 500 450 496 558 540 532 503 515 559 533 509 533 560 537 511 541 499 552 536 542 450 407 545 452 559 515 453 455 518 497 488 526 549 524 489 480 553 476 528 561 530 470 529 531 556 494 492 558 532 551 503 533 515 562 559 452 563 515 559 556 564 492 565 481 566 543 447 513 567 402 481 513 566 481 447 495 514 516 396 495 516 503 396 544 482 520 422 485 482 544 483 544 483 422 509 520 422 386 509 517 545 407 451 514 407 517 516 496 450 545 451 496 518 497 451 559 483 515 453 485 483 547 453 452 546 563 453 546 503 551 453 568 542 454 516 407 516 542 545 569 484 457 488 484 518 383 488 539 545 517 451 395 511 525 486 519 459 570 486 571 459 525 486 520 386 519 509 498 522 523 415 521 415 548 522 487 524 548 488 488 548 415 522 523 569 457 488 523 415 522 488 497 518 524 488 497 489 549 364 526 527 549 364 535 468 479 528 364 465 480 528 550 471 491 492 538 395 492 511 557 467 468 528 538 525 395 511 572 497 364 465 493 512 573 465 507 554 529 471 530 471 529 574 530 575 531 471 531 492 471 565 546 495 576 503 547 551 532 453 572 496 497 465 489 549 524 497 509 511 533 486 519 570 509 486 499 552 536 522 542 496 577 465 542 577 512 465 526 501 548 527 553 535 476 528 534 578 552 505 579 505 521 522 578 552 505 522 580 506 553 535 491 550 554 471 536 581 498 522 537 565 555 511 555 550 510 492 555 565 492 511 564 538 556 492 454 568 512 542 515 483 559 509 484 569 539 518 539 518 545 451 549 527 557 528 572 364 549 528 454 540 568 516 516 503 540 582 553 493 573 465 553 480 465 528 542 496 450 545 558 540 503 582 533 559 560 509 562 537 533 560 537 560 565 511 533 509 560 511 541 552 583 536 452 563 559 453 524 548 549 526 561 584 530 529 565 556 531 492 532 585 558 551 551 558 503 582 562 515 563 559 562 533 559 560 556 586 564 565 492 565 564 511 546 576 551 503 587 507 554 529 531 471 575 574 566 447 513 543 481 566 513 567 495 514 588 516 495 503 516 582 544 422 520 509 485 544 547 483 544 559 483 509 517 516 407 545 588 514 517 516 496 545 518 451 572 497 496 518 547 483 559 453 546 551 563 453 542 516 568 545 484 569 518 488 517 539 589 545 571 525 511 486 570 459 571 486 520 519 570 509 523 498 581 522 521 548 579 522 549 548 524 488 548 590 522 488 523 591 569 488 523 522 590 488 549 524 497 518 524 518 549 488 549 572 497 364 548 549 526 527 535 557 468 528 572 465 364 528 471 492 550 565 538 492 564 511 571 525 538 511 577 573 512 465 554 529 471 574 530 529 584 574 575 471 530 574 531 565 471 574 495 576 503 582 592 532 547 551 547 559 551 453 577 496 572 465 511 570 486 509 583 536 552 522 542 577 496 545 512 568 577 542 535 553 593 528 578 552 594 534 578 505 579 522 578 595 552 522 593 580 553 535 574 554 550 471 583 581 536 522 537 596 555 565 550 492 555 565 597 539 569 518 589 545 539 518 557 549 598 527 557 572 549 528 568 516 540 582 573 553 465 528 558 568 540 582 599 560 559 509 562 596 537 560 537 596 565 560 565 560 564 511 560 509 599 511 583 600 552 541 563 551 559 453 530 584 561 601 565 531 556 586 592 585 532 551 558 551 585 582 576 551 503 582 563 602 562 559 602 562 559 560 586 603 564 565 546 576 604 551 529 554 587 605 586 531 575 574 577 542 568 545 564 565 603 560 584 561 601 606 529 587 584 605 603 565 607 560 605 587 584 608 609 603 607 560 607 559 610 560 611 543 513 447 612 513 543 566 612 567 513 566 576 495 588 516 495 516 576 582 544 520 570 509 544 559 547 483 613 559 544 509 588 516 517 545 572 496 545 518 572 549 497 518 563 546 604 551 568 545 516 582 569 591 518 488 589 588 517 545 511 486 570 571 523 522 581 590 579 522 548 590 549 590 548 488 523 590 591 488 549 518 590 488 549 548 598 527 535 614 557 528 577 465 572 528 471 565 550 574 571 538 564 511 577 573 568 512 573 465 577 528 605 574 529 554 605 529 574 584 584 601 530 574 575 530 601 574 531 586 565 574 592 547 559 551 577 572 496 545 599 509 570 511 552 595 583 522 573 593 553 528 535 593 614 528 552 578 594 595 578 579 595 522 535 593 580 614 574 550 554 615 581 583 616 522 596 617 555 565 615 550 555 565 569 591 597 518 589 539 597 518 589 545 518 618 549 557 598 572 619 572 557 528 568 558 620 582 613 559 599 560 599 559 613 509 596 562 602 560 607 565 596 560 564 560 609 511 609 560 599 511 600 583 552 595 602 559 563 551 621 585 592 551 558 585 621 582 551 621 585 582 576 604 551 582 602 559 607 560 603 586 622 565 575 623 586 574 577 545 568 582 609 564 603 560 624 584 601 606 622 607 603 565 584 625 605 608 610 609 603 607 609 607 610 560 610 559 607 551 610 559 613 560 592 559 610 551 552 594 626 595 596 607 617 565 551 610 627 607 611 543 447 628 612 543 513 611 566 543 612 629 576 516 588 582 544 570 599 509 547 544 613 559 599 613 544 509 516 545 588 582 572 518 545 618 572 630 549 518 604 602 563 551 590 518 591 488 589 588 545 618 599 570 571 511 523 581 591 590 581 522 616 590 631 579 548 590 579 595 522 590 549 598 548 590 549 630 590 518 557 614 619 528 577 572 619 528 615 550 565 574 571 564 599 511 568 620 573 577 619 573 577 528 605 554 632 574 584 605 633 574 584 633 601 574 634 575 601 574 586 635 565 574 547 610 592 559 572 545 577 618 583 595 616 522 573 619 593 528 614 593 619 528 594 578 636 595 579 637 578 595 593 638 580 614 615 632 554 574 555 617 615 565 591 630 597 518 589 518 597 618 639 598 557 572 572 598 549 630 619 639 557 572 620 558 640 582 577 568 620 582 613 599 609 560 596 602 607 560 564 609 599 511 552 626 600 595 600 641 583 595 607 559 602 551 621 592 585 642 627 592 551 621 640 558 585 621 558 621 640 582 604 621 551 582 576 621 604 582 586 635 622 565 634 623 575 574 623 635 586 574 577 545 582 618 603 564 609 643 625 584 624 606 584 624 601 633 622 644 603 607 622 635 607 565 645 605 625 608 605 625 584 633 610 603 609 646 610 603 627 607 609 610 613 560 613 610 547 559 551 627 610 592 626 594 636 595 647 617 596 607 617 607 635 565 627 551 607 621 598 631 548 590 631 637 579 595 624 648 625 606 625 649 645 608 627 603 610 646 636 650 594 626 600 651 641 626 612 543 611 628 543 612 629 628 576 588 652 582 653 544 570 599 613 544 547 654 599 653 544 613 588 582 545 618 572 630 518 618 604 602 551 621 591 590 630 518 589 652 588 618 571 570 599 655 656 591 581 590 581 616 656 590 616 522 595 590 579 631 595 590 549 630 598 590 614 639 557 619 619 572 577 618 635 615 565 574 599 564 571 657 619 573 620 577 605 632 633 574 634 601 633 574 658 592 547 610 583 641 616 595 620 593 573 619 614 593 638 619 578 637 636 595 659 632 615 574 617 635 615 565 597 591 660 630 597 518 630 618 597 661 589 618 598 572 639 630 619 639 572 630 620 640 662 582 577 582 620 618 613 609 599 663 596 602 647 607 657 599 564 609 641 600 626 595 607 551 602 621 627 642 592 621 642 640 585 621 640 621 662 582 576 664 604 621 576 664 621 582 586 623 622 635 634 635 623 574 646 603 609 643 564 657 609 643 625 624 584 633 601 624 634 633 603 644 627 607 622 635 644 607 605 645 625 633 609 610 646 663 613 610 609 663 547 613 658 610 610 592 627 665 636 626 595 666 647 635 617 607 627 621 607 667 631 590 598 668 669 637 631 595 670 648 625 624 625 649 671 645 646 610 627 665 626 636 650 666 651 641 626 666 664 576 652 582 547 613 654 658 632 645 605 633 672 628 612 611 673 543 629 628 612 628 672 629 652 582 588 618 599 570 653 655 613 653 544 654 613 599 653 663 619 630 572 618 604 674 602 621 591 660 630 590 652 589 661 618 655 599 571 657 591 656 660 590 616 595 656 590 631 595 590 668 598 590 630 668 614 638 639 619 620 619 577 618 659 615 635 574 632 659 633 574 634 633 635 574 675 592 658 610 641 676 616 595 620 638 593 619 636 595 637 666 615 617 659 635 661 597 660 630 597 630 661 618 598 630 639 668 639 630 619 677 620 640 638 662 662 620 582 618 599 609 657 663 602 647 607 667 641 595 626 666 607 621 602 667 627 642 621 667 678 640 642 621 678 662 640 621 662 621 664 582 674 604 664 621 679 622 623 635 623 634 679 635 646 643 609 663 609 643 657 663 625 670 624 633 624 680 634 633 627 607 644 667 644 622 681 635 644 635 681 607 671 625 645 633 610 665 646 663 658 610 613 663 610 675 592 665 647 682 617 635 647 682 635 607 683 631 598 668 669 595 631 668 669 637 595 684 648 670 685 624 671 670 649 625 626 650 686 666 636 687 650 666 651 626 686 666 651 688 641 666 664 652 662 582 654 658 613 663 632 689 645 633 602 674 647 667 627 690 642 667 690 627 644 667 651 688 686 691 686 687 650 692 672 611 693 628 629 672 673 628 694 612 672 629 652 662 582 618 655 653 599 663 654 613 653 663 630 619 677 618 674 602 621 667 630 590 660 668 695 652 661 618 655 599 657 663 660 590 656 668 616 676 656 595 656 590 595 668 639 619 638 677 620 662 619 618 635 633 659 574 689 632 659 633 696 635 634 633 658 675 610 663 676 595 641 666 638 619 620 662 636 637 687 666 595 684 637 666 617 682 659 635 661 630 660 677 661 630 677 618 683 598 639 668 639 668 630 677 638 640 678 662 647 682 607 667 678 621 642 667 678 697 662 621 698 664 662 621 698 674 664 621 622 679 681 635 696 679 634 635 646 699 643 663 657 643 700 663 671 670 625 633 685 624 670 633 680 624 685 633 680 696 634 633 644 607 681 667 681 607 635 701 671 645 689 633 665 702 646 663 610 675 665 663 635 607 682 701 683 669 631 668 669 684 595 668 669 703 637 684 685 704 670 648 670 705 671 649 687 686 650 666 651 686 688 666 688 676 641 666 664 652 695 662 706 658 654 663 674 707 647 667 678 642 690 667 690 644 681 667 691 688 686 708 692 686 687 709 700 643 699 663 693 673 672 628 694 672 673 629 695 662 652 618 655 710 653 663 654 653 711 663 662 677 619 618 698 674 621 667 630 668 660 677 695 661 677 618 712 655 657 663 660 656 713 668 676 656 595 684 656 595 684 668 638 714 639 677 619 662 638 677 659 635 715 633 689 659 715 633 696 715 635 633 706 675 658 663 676 684 595 666 687 637 703 666 637 684 703 666 682 659 635 701 716 661 660 677 639 683 668 677 678 638 662 697 707 682 647 667 682 701 607 667 678 697 621 667 698 662 697 621 664 695 698 662 681 635 679 701 635 701 696 679 646 702 699 663 712 657 700 663 671 715 670 633 670 715 685 633 680 685 715 633 680 715 696 633 681 607 701 667 671 689 715 633 665 675 702 663 683 717 669 668 717 684 669 668 669 717 703 684 704 718 685 670 705 671 719 670 709 686 687 666 688 686 708 666 708 676 688 666 654 711 706 663 707 674 698 667 690 720 678 667 721 690 681 667 722 691 686 708 686 692 722 709 700 663 699 723 678 724 638 697 704 725 718 670 719 725 705 670 693 672 673 694 726 694 673 629 695 677 662 618 653 710 711 663 655 712 710 663 698 621 697 667 716 660 668 677 716 695 661 677 716 660 713 668 656 684 713 668 676 713 656 684 714 638 727 677 639 714 683 677 662 697 638 677 715 635 659 701 689 659 728 715 635 696 701 715 729 675 706 663 708 684 676 666 709 687 703 666 684 730 703 666 682 728 659 701 677 731 683 668 707 732 682 667 732 701 682 667 720 697 678 667 695 698 662 697 681 679 733 701 733 679 696 701 699 663 702 723 712 663 700 723 671 670 715 734 685 715 670 734 735 680 685 715 735 696 680 715 681 701 732 667 736 671 689 715 729 702 675 663 683 737 717 668 684 737 668 717 738 703 717 684 718 685 670 734 719 670 671 734 709 722 686 666 722 708 686 666 706 663 711 723 707 698 732 667 690 732 720 667 721 732 690 667 721 681 732 667 691 722 739 708 740 722 692 709 700 699 741 723 724 727 638 697 720 724 678 697 718 742 725 704 718 670 725 734 725 743 719 705 725 670 719 734 736 689 728 715 712 700 741 723 693 744 672 694 694 673 693 726 695 697 662 677 711 663 710 723 710 663 712 723 698 697 732 667 731 716 668 677 745 695 716 677 713 731 716 668 713 684 731 668 713 676 746 684 727 638 697 677 714 727 731 677 677 683 731 714 728 715 659 701 733 696 715 701 729 663 706 723 746 676 708 684 708 730 684 666 709 703 730 666 703 684 738 730 682 747 728 701 683 731 737 668 707 747 682 732 747 682 732 701 720 732 697 667 698 695 745 697 733 721 681 701 748 699 702 723 702 663 729 723 736 671 715 734 735 715 685 734 696 735 749 715 721 732 681 701 717 737 738 684 684 668 737 731 718 735 685 734 736 719 671 734 709 730 722 666 722 730 708 666 750 706 711 723 707 698 751 732 690 721 720 732 752 739 722 708 722 740 753 709 699 754 741 723 755 727 724 697 720 756 724 697 718 725 742 734 719 743 725 734 728 757 736 715 712 741 758 723 749 733 696 715 741 754 759 723 694 693 744 726 726 760 673 693 695 745 697 677 711 710 761 723 762 710 712 723 698 751 732 697 745 716 731 677 716 713 763 731 763 731 713 684 746 763 713 684 727 697 731 677 727 764 714 731 683 714 737 731 765 715 728 701 749 733 715 701 766 729 706 723 746 684 708 730 767 709 703 730 767 703 738 730 737 738 684 730 747 765 728 701 707 751 747 732 747 732 765 701 720 732 756 697 698 745 751 697 733 768 721 701 748 702 729 723 754 699 748 723 736 715 757 734 769 715 735 734 749 735 769 715 768 732 721 701 737 684 731 730 769 735 718 734 736 770 719 734 722 709 753 730 752 708 722 730 766 706 750 723 750 711 761 723 720 721 771 732 753 739 722 752 772 753 740 709 755 724 756 697 727 755 731 697 742 725 773 734 774 718 742 734 773 725 743 734 770 743 719 734 728 765 757 715 741 759 758 723 712 758 762 723 754 775 759 723 739 753 776 752 777 694 744 726 744 693 777 726 673 760 726 778 693 777 726 760 731 697 745 677 710 762 761 723 779 732 751 697 763 745 716 731 731 684 763 730 746 763 684 730 737 714 764 731 764 727 755 731 749 715 765 701 749 768 733 701 766 780 729 723 752 746 708 730 709 767 772 730 781 767 738 730 730 782 737 738 747 757 728 765 751 765 747 732 765 732 768 701 771 756 720 732 756 732 779 697 745 779 751 697 780 748 729 723 754 748 775 723 736 757 770 734 765 757 715 734 769 765 715 734 749 769 765 715 771 721 768 732 737 731 783 730 769 718 774 734 752 722 753 730 709 772 753 730 723 766 784 750 784 750 761 723 785 753 740 772 755 756 779 697 779 731 755 697 742 773 774 734 773 743 770 734 759 775 758 723 762 758 786 723 759 754 787 775 753 776 752 788 751 789 747 765 754 748 787 775 790 773 774 742 770 773 791 743 792 793 794 795 796 792 776 788 777 693 744 760 726 777 778 760 745 731 779 697 762 786 761 723 751 779 765 732 797 745 763 731 783 731 763 730 746 798 763 730 737 764 783 731 764 755 779 731 749 765 768 701 766 775 780 723 798 746 752 730 767 799 772 730 781 738 782 730 800 767 781 730 730 737 782 783 789 757 747 765 771 768 765 732 771 779 756 732 751 745 797 779 780 775 748 723 757 801 770 734 765 801 757 734 769 801 765 734 769 802 749 765 774 803 769 734 753 799 752 730 772 799 753 730 723 784 766 775 784 761 775 723 772 785 753 796 804 755 756 779 773 801 774 734 773 770 801 734 758 759 805 775 758 775 786 723 759 787 806 775 776 753 796 788 753 788 752 799 751 789 765 779 807 787 748 775 773 774 808 790 791 773 770 809 793 792 788 795 794 795 793 810 793 792 796 788 800 799 767 730 791 773 809 811 811 809 791 794 796 785 812 813 814 744 693 760 744 814 777 760 815 777 778 726 778 777 814 760 745 797 779 731 786 775 761 723 765 732 779 816 797 763 783 731 798 783 763 730 737 783 764 782 764 779 783 731 755 817 764 779 749 802 768 765 818 780 766 775 798 752 799 730 772 767 800 799 781 782 783 730 800 781 799 730 789 757 765 801 819 771 768 765 765 771 732 816 756 771 804 779 779 732 771 816 797 789 751 779 807 748 780 775 757 820 770 801 802 765 769 801 803 801 769 734 774 801 803 734 753 772 796 799 818 766 784 775 761 821 784 775 772 785 796 813 822 755 804 779 774 773 808 801 809 773 770 801 758 805 786 775 759 806 805 775 806 787 823 775 753 796 788 799 798 752 788 799 824 765 789 779 787 807 823 775 808 773 790 811 793 795 788 810 794 793 811 810 809 795 794 810 788 796 793 810 809 811 773 801 794 811 809 810 796 812 793 813 798 797 763 783 783 799 781 730 825 811 790 826 826 825 811 793 826 827 793 812 778 814 777 815 760 814 778 828 783 779 797 731 761 786 821 775 765 779 824 816 798 799 783 730 782 764 817 783 817 783 764 779 822 817 755 779 768 802 819 765 818 829 780 775 830 772 800 799 831 781 782 783 800 781 783 799 757 789 820 801 789 765 824 801 771 765 819 816 771 804 779 816 797 824 789 779 829 807 780 775 770 820 809 801 802 769 803 801 802 765 801 816 774 808 803 801 772 813 796 799 832 818 784 775 832 784 821 775 822 779 804 816 808 773 811 801 786 805 833 775 806 834 805 775 806 775 823 835 788 796 810 799 798 788 836 799 823 807 837 775 811 790 808 825 810 788 836 795 811 793 825 810 809 820 795 810 796 813 793 810 811 801 809 810 827 793 812 813 798 836 797 783 825 826 827 793 813 772 830 799 781 831 800 783 836 789 797 824 820 836 795 810 820 789 836 824 838 777 814 815 838 814 778 815 838 778 814 828 797 783 824 779 786 833 821 775 824 801 765 816 824 779 822 816 798 836 783 799 817 831 782 783 822 783 817 779 819 765 802 816 818 839 829 775 830 800 840 799 831 800 783 799 789 824 820 801 771 819 804 816 829 837 807 775 809 801 820 810 802 801 803 816 803 808 841 801 813 810 796 799 818 832 839 775 832 821 842 775 843 822 804 816 811 808 801 810 833 805 834 775 806 834 775 835 806 823 844 835 823 775 837 835 810 836 788 799 811 825 808 810 827 825 793 810 793 813 827 810 836 824 797 783 845 799 813 830 820 824 836 810 831 840 800 799 846 838 778 815 814 847 838 828 778 838 846 828 824 783 822 779 821 833 842 775 848 801 824 816 843 824 822 816 824 783 836 799 849 831 817 783 817 822 849 783 819 802 850 816 839 829 775 835 830 840 845 799 831 783 840 799 820 801 824 810 804 819 843 816 837 775 829 835 802 803 850 816 816 803 841 801 810 841 808 801 813 799 845 810 839 775 832 835 832 775 842 835 834 833 775 835 834 806 844 835 823 851 844 835 823 837 851 835 824 836 810 799 808 825 852 810 825 827 852 810 827 813 845 810 853 828 838 847 854 778 846 828 838 828 853 846 824 822 783 849 842 775 833 835 848 824 801 810 848 824 843 816 848 841 801 816 849 822 843 824 840 783 824 799 840 831 849 783 843 819 850 816 855 829 839 835 840 810 845 799 855 837 829 835 816 841 803 850 810 808 841 852 848 801 841 810 856 839 832 835 842 856 832 835 833 834 857 835 834 844 858 835 844 835 851 859 860 851 837 835 840 824 810 799 845 852 827 810 853 847 854 828 846 853 854 828 840 849 824 783 833 857 842 835 848 845 824 810 843 848 849 824 850 848 843 816 848 850 841 816 855 839 861 835 840 824 845 810 860 837 855 835 848 841 852 810 856 861 839 835 856 842 862 835 857 834 858 835 858 835 844 859 844 851 863 859 851 835 860 859 848 852 845 810 828 847 854 864 853 854 847 864 865 853 854 846 848 840 849 824 842 857 862 835 845 840 848 824 848 843 849 866 867 843 850 848 868 850 841 848 861 855 835 859 860 835 855 859 848 852 841 869 861 835 856 859 856 835 862 859 857 835 858 859 858 844 863 859 851 870 863 859 851 860 870 859 845 852 848 871 868 867 850 848 847 872 853 864 854 853 865 864 848 849 840 873 857 862 835 859 848 840 845 873 848 867 843 866 848 866 849 873 841 868 848 869 861 874 855 859 874 860 855 859 869 848 852 871 875 861 856 859 875 856 862 859 857 858 876 859 877 858 863 859 870 878 863 859 860 879 870 859 848 845 871 873 867 848 868 873 880 872 847 864 865 853 872 864 854 865 881 864 849 866 840 873 857 876 862 859 840 871 845 873 848 867 866 873 868 848 869 873 882 874 861 859 860 874 879 859 871 869 848 873 882 861 875 859 862 883 875 859 877 876 858 859 877 863 878 859 863 870 884 878 879 878 870 859 867 868 885 873 864 872 881 880 864 881 872 865 854 881 886 864 840 866 887 873 862 876 883 859 887 871 840 873 888 866 867 873 889 868 869 873 882 878 874 859 874 878 879 859 890 869 871 873 882 875 878 859 883 878 875 859 877 878 876 859 877 863 884 878 870 891 884 878 870 879 891 878 889 885 868 873 888 867 885 873 892 872 880 881 886 881 880 864 893 854 881 886 887 866 888 873 876 878 883 859 871 887 894 873 869 890 889 873 895 874 882 878 895 879 874 878 890 871 894 873 896 882 875 878 883 896 875 878 876 877 897 878 877 884 898 878 899 884 891 878 879 900 891 878 889 901 885 873 885 901 888 873 902 872 892 881 881 880 892 886 881 902 893 886 901 887 888 873 883 876 897 878 901 894 887 873 889 890 901 873 882 903 895 878 879 895 900 878 890 894 901 873 882 896 903 878 883 904 896 878 897 877 898 878 898 878 884 899 899 891 884 905 891 878 900 899 892 902 881 886 892 880 906 886 902 893 907 881 902 906 893 886 901 888 887 908 883 897 904 878 894 901 887 909 910 901 889 890 895 878 903 899 900 878 895 899 894 890 901 909 903 878 896 899 904 896 878 899 897 878 898 899 898 884 905 899 891 900 905 899 898 884 911 905 892 906 902 886 902 893 906 907 893 906 912 886 909 901 887 908 904 878 897 899 890 910 901 909 913 895 903 899 913 900 895 899 914 903 896 899 904 914 896 899 897 898 915 899 911 898 905 899 916 900 899 905 917 902 906 907 912 906 893 907 887 918 909 908 909 910 901 908 904 897 915 899 903 919 913 899 913 920 900 899 903 914 919 899 914 904 921 899 898 922 915 899 898 911 922 899 911 905 916 899 916 899 900 920 912 917 906 907 893 923 912 907 909 918 910 908 910 924 901 908 904 915 921 899 919 925 913 899 925 920 913 899 926 919 914 899 926 914 921 899 927 915 922 899 922 911 928 899 911 916 928 899 916 899 920 929 930 917 906 912 931 917 912 907 931 912 923 907 932 918 910 909 918 924 910 908 927 921 915 899 919 925 899 929 920 899 925 929 919 899 926 929 926 899 921 929 922 927 899 929 922 899 928 929 916 928 899 929 933 916 920 929 912 930 917 931 912 923 930 931 924 918 910 932 918 924 908 934 927 921 899 929 935 925 919 929 933 920 925 929 935 919 926 929 921 936 926 929 927 922 937 929 922 928 937 929 916 938 928 929 916 933 938 929 939 917 930 931 912 930 923 940 930 923 939 931 910 941 924 932 924 918 932 934 921 927 936 929 935 942 925 929 942 933 925 929 943 935 926 929 936 943 926 929 944 927 937 929 937 928 945 929 928 938 945 929 933 946 938 929 924 947 941 910 939 923 930 940 923 939 931 948 947 932 924 941 918 949 932 934 924 932 947 934 944 936 927 929 935 950 942 929 933 942 946 929 935 943 950 929 951 943 936 929 944 937 945 929 938 952 945 929 938 946 952 929 930 953 939 940 940 939 923 948 941 949 947 932 949 934 947 932 954 924 947 934 951 936 944 929 942 950 952 929 942 952 946 929 943 952 950 929 951 952 943 929 945 937 944 955 944 945 952 929 938 956 945 952 938 946 956 952 932 941 949 957 940 953 939 948 923 958 940 948 941 947 949 957 949 947 934 954 951 944 952 929 959 942 950 952 959 946 942 952 943 960 950 952 951 960 943 952 945 955 944 952 945 956 961 952 962 956 946 952 947 941 963 957 945 961 955 952 964 939 953 948 948 953 958 940 947 954 949 957 944 965 951 952 950 966 959 952 962 946 959 952 950 960 966 952 960 951 967 952 944 955 965 952 968 961 956 952 968 956 962 952 963 954 947 957 955 961 969 952 953 939 964 970 947 971 954 963 948 958 953 964 940 953 958 972 954 957 971 949 951 965 967 952 973 959 966 952 973 962 959 952 966 960 974 952 967 974 960 952 955 969 965 952 975 961 968 952 962 976 968 952 954 971 957 963 975 969 961 952 964 958 953 970 971 954 949 977 978 964 958 948 970 958 953 972 977 971 957 949 979 967 965 952 973 966 976 952 973 976 962 952 966 974 976 952 967 976 974 952 979 965 969 952 975 968 976 952 980 968 962 976 971 981 957 963 975 976 969 952 958 964 978 970 982 978 958 948 970 978 958 972 949 983 957 977 971 957 981 977 979 976 967 952 966 984 973 976 980 962 973 976 966 974 984 976 967 985 974 976 979 969 976 952 986 975 968 976 980 986 968 976 981 971 987 963 969 975 988 976 970 989 978 972 972 978 958 982 983 981 957 977 981 987 971 977 967 979 985 976 990 973 984 976 990 980 973 976 991 984 974 976 991 974 985 976 969 988 979 976 986 992 975 976 980 993 986 976 992 988 975 976 989 970 994 972 972 989 978 982 995 978 989 982 972 958 996 982 983 987 981 977 997 971 987 977 979 998 985 976 990 984 999 976 993 980 990 976 984 991 999 976 991 985 1000 976 979 988 998 976 1001 992 986 976 993 1001 986 976 1002 988 992 976 972 982 994 989 995 994 982 989 972 994 982 996 1003 977 987 983 981 987 983 1004 1003 987 977 997 985 998 1000 976 999 990 976 1005 993 976 990 1005 999 976 991 1005 991 976 1000 1005 1002 998 988 976 1001 992 976 1005 993 1001 976 1005 1002 976 992 1005 994 1006 989 995 995 982 994 996 996 1007 995 982 994 1008 996 972 1004 987 983 1003 987 981 1009 1004 987 1003 1009 997 998 1000 976 1005 999 1010 990 1005 1010 993 990 1005 1011 999 991 1005 1011 991 1000 1005 998 976 1002 1005 1001 1012 992 1005 993 1013 1001 1005 1002 992 1012 1005 1006 994 1007 995 1007 994 996 995 996 1008 994 1007 983 1014 1004 1003 1009 1003 987 1004 1015 997 987 1009 997 1015 1003 1009 1000 998 1016 1005 999 1017 1010 1005 1018 993 1010 1005 999 1011 1019 1005 1000 1020 1011 1005 998 1002 1016 1005 1021 1012 1001 1005 1018 1013 993 1005 1021 1001 1013 1005 1022 1002 1012 1005 1007 1023 1006 995 994 1008 1006 1007 999 1019 1017 1005 1024 1025 1026 1027 1028 1029 1030 1031 1032 1030 1033 1034 996 1035 1008 1007 1014 1004 1003 1036 1004 1003 1015 1009 997 1003 1015 1036 1000 1016 1020 1005 1017 1037 1010 1005 1037 1018 1010 1005 1019 1011 1020 1005 1022 1016 1002 1005 1021 1022 1012 1005 1018 1037 1013 1005 1038 1021 1013 1005 1006 1008 1023 1007 994 1006 1008 1039 1017 1019 1040 1005 1025 1026 1041 1024 1027 1026 1024 1042 1029 1028 1042 1031 1033 1029 1030 1028 1033 1032 1034 1043 1032 1033 1030 1044 1045 1046 1047 1048 1048 1045 1046 1049 1049 1046 1048 1050 1041 1051 1052 1025 1053 1027 1042 1031 1043 1034 1054 1055 1056 1057 1058 1055 1023 1008 1035 1007 1059 1004 1014 1036 1004 1015 1003 1036 1060 1004 1015 1009 1061 1020 1016 1005 1017 1062 1010 1037 1040 1037 1017 1005 1018 1010 1062 1037 1019 1020 1040 1005 1016 1022 1061 1005 1021 1038 1022 1005 1046 1018 1037 1013 1037 1038 1013 1005 1021 1013 1063 1038 1006 1008 1039 1023 1064 1017 1019 1040 1025 1041 1051 1024 1026 1041 1024 1065 1053 1027 1024 1042 1024 1042 1026 1065 1042 1028 1053 1031 1028 1029 1042 1065 1029 1028 1033 1044 1033 1028 1030 1044 1034 1054 1033 1043 1032 1043 1033 1044 1066 1030 1044 1032 1063 1046 1047 1045 1045 1046 1049 1067 1049 1068 1046 1050 1051 1052 1069 1041 1043 1054 1056 1055 1043 1056 1058 1055 1057 1058 1070 1056 1061 1020 1054 1016 1029 1061 1016 1022 1038 1026 1021 1022 1021 1063 1026 1038 1026 1042 1029 1065 1068 1062 1046 1050 1069 1052 1063 1041 1070 1071 1057 1056 1061 1029 1026 1022 1072 1062 1068 1050 1047 1052 1063 1069 1070 1057 1071 1073 1074 1075 1064 1073 1071 1064 1075 1073 1076 1064 1077 1074 1077 1078 1064 1076 1078 1064 1062 1077 1078 1062 1072 1077 1063 1041 1026 1079 1039 1008 1035 1023 1080 1036 1059 1014 1036 1004 1015 1059 1060 1015 1004 1059 1061 1040 1020 1005 1017 1064 1062 1037 1064 1017 1040 1037 1037 1040 1038 1005 1018 1062 1046 1037 1019 1020 1071 1040 1061 1022 1038 1005 1037 1063 1046 1013 1013 1037 1063 1038 1039 1081 1006 1023 1019 1071 1064 1040 1051 1024 1041 1065 1026 1079 1041 1065 1053 1042 1024 1065 1028 1042 1053 1065 1029 1065 1028 1044 1033 1054 1029 1044 1066 1044 1030 1028 1033 1043 1054 1044 1082 1043 1032 1044 1082 1032 1066 1044 1069 1063 1047 1045 1046 1045 1063 1067 1045 1049 1083 1067 1068 1049 1046 1067 1069 1063 1051 1041 1054 1043 1056 1084 1058 1056 1043 1084 1056 1070 1084 1058 1054 1071 1020 1061 1054 1029 1061 1016 1061 1026 1038 1022 1026 1038 1063 1079 1061 1026 1029 1065 1068 1046 1062 1067 1056 1084 1070 1071 1072 1062 1085 1068 1071 1075 1070 1073 1064 1076 1075 1074 1071 1075 1064 1086 1064 1076 1078 1087 1078 1062 1064 1087 1072 1062 1078 1085 1063 1051 1041 1079 1056 1071 1054 1084 1039 1035 1008 1088 1035 1081 1039 1023 1080 1059 1089 1014 1015 1059 1080 1036 1015 1080 1059 1060 1040 1020 1071 1061 1061 1038 1040 1005 1062 1037 1064 1087 1040 1064 1037 1087 1040 1037 1038 1086 1046 1037 1062 1067 1063 1037 1046 1067 1037 1079 1063 1038 1064 1040 1071 1086 1051 1090 1024 1065 1041 1079 1051 1065 1038 1079 1026 1065 1091 1053 1024 1065 1092 1028 1053 1065 1029 1061 1065 1044 1028 1065 1066 1044 1029 1054 1061 1044 1054 1043 1084 1044 1082 1084 1043 1044 1082 1066 1093 1044 1063 1045 1069 1067 1094 1083 1049 1067 1095 1045 1083 1067 1094 1049 1068 1067 1063 1069 1051 1079 1043 1096 1058 1084 1058 1096 1070 1084 1061 1054 1071 1084 1038 1026 1061 1065 1068 1067 1062 1087 1075 1071 1070 1084 1068 1062 1085 1087 1075 1076 1064 1086 1075 1086 1071 1084 1097 1078 1076 1087 1064 1086 1076 1087 1062 1078 1085 1087 1040 1086 1064 1087 1090 1091 1024 1065 1076 1098 1097 1087 1039 1081 1035 1088 1099 1081 1035 1023 1089 1059 1080 1100 1036 1080 1015 1101 1100 1080 1060 1059 1060 1015 1080 1101 1061 1071 1040 1084 1040 1038 1061 1086 1037 1062 1067 1087 1040 1037 1086 1087 1037 1038 1086 1079 1063 1079 1037 1067 1071 1086 1040 1084 1051 1079 1090 1065 1038 1061 1079 1065 1091 1092 1053 1065 1092 1066 1028 1065 1093 1065 1061 1044 1066 1065 1093 1044 1054 1084 1061 1044 1082 1102 1043 1084 1082 1093 1084 1044 1066 1103 1082 1093 1095 1069 1045 1067 1063 1069 1079 1067 1094 1104 1083 1067 1095 1083 1104 1067 1068 1094 1067 1087 1105 1051 1069 1079 1043 1102 1096 1084 1070 1096 1106 1084 1075 1070 1086 1084 1068 1085 1094 1087 1075 1098 1076 1086 1078 1097 1085 1087 1076 1086 1098 1087 1090 1107 1091 1065 1087 1108 1098 1097 1069 1095 1105 1079 1109 1092 1091 1107 1039 1110 1081 1088 1088 1081 1035 1099 1100 1080 1089 1111 1100 1060 1080 1112 1101 1015 1113 1060 1060 1113 1101 1080 1061 1040 1086 1084 1061 1086 1038 1079 1087 1037 1079 1067 1087 1079 1037 1086 1051 1079 1114 1090 1090 1079 1107 1065 1061 1093 1079 1065 1091 1107 1092 1065 1092 1093 1066 1065 1061 1084 1093 1044 1082 1093 1102 1084 1115 1082 1103 1093 1066 1092 1103 1093 1095 1079 1069 1067 1094 1116 1104 1067 1095 1104 1117 1067 1116 1067 1094 1087 1051 1114 1079 1105 1096 1102 1118 1084 1106 1096 1118 1084 1070 1106 1086 1084 1075 1070 1119 1086 1094 1085 1120 1087 1119 1098 1075 1086 1085 1097 1120 1087 1087 1098 1108 1086 1109 1091 1090 1107 1121 1097 1108 1087 1105 1079 1095 1117 1109 1122 1092 1107 1115 1102 1082 1093 1095 1104 1123 1117 1105 1095 1124 1117 1105 1124 1114 1117 1103 1092 1122 1125 1088 1110 1081 1099 1099 1035 1088 1126 1089 1127 1100 1111 1111 1112 1100 1080 1112 1113 1060 1080 1111 1101 1113 1080 1086 1093 1061 1084 1061 1086 1079 1093 1079 1067 1116 1087 1079 1116 1086 1087 1090 1079 1114 1107 1093 1107 1079 1065 1092 1107 1093 1065 1093 1118 1102 1084 1115 1093 1103 1125 1103 1093 1092 1125 1095 1117 1079 1067 1104 1094 1128 1116 1116 1117 1104 1067 1094 1120 1116 1087 1105 1114 1079 1117 1129 1096 1102 1118 1129 1106 1096 1118 1106 1118 1086 1084 1106 1119 1070 1086 1119 1108 1098 1086 1087 1120 1121 1097 1116 1087 1108 1086 1130 1109 1090 1107 1116 1108 1087 1121 1122 1109 1131 1107 1122 1125 1092 1107 1102 1093 1115 1118 1104 1132 1123 1117 1124 1095 1123 1117 1133 1114 1124 1117 1103 1122 1134 1125 1130 1090 1114 1107 1115 1103 1134 1125 1119 1106 1135 1118 1119 1135 1108 1136 1137 1081 1110 1099 1137 1110 1088 1099 1035 1138 1088 1126 1099 1088 1137 1126 1139 1089 1127 1100 1100 1127 1112 1111 1113 1112 1111 1080 1086 1118 1093 1084 1140 1079 1086 1093 1079 1117 1116 1067 1086 1079 1140 1116 1114 1079 1117 1107 1079 1093 1140 1107 1092 1125 1093 1107 1115 1118 1093 1125 1104 1128 1132 1116 1128 1094 1120 1116 1104 1116 1132 1117 1087 1121 1120 1116 1102 1141 1129 1118 1106 1129 1142 1118 1119 1086 1106 1118 1119 1108 1086 1136 1108 1116 1086 1136 1109 1130 1131 1107 1121 1116 1108 1136 1122 1131 1125 1107 1102 1115 1141 1118 1143 1123 1132 1117 1123 1143 1124 1117 1124 1144 1133 1117 1133 1145 1114 1117 1146 1134 1122 1125 1130 1114 1145 1107 1115 1134 1147 1125 1106 1142 1135 1118 1119 1118 1135 1136 1135 1148 1108 1136 1121 1108 1148 1136 1146 1122 1131 1125 1115 1147 1149 1125 1137 1110 1150 1088 1126 1088 1150 1138 1137 1151 1099 1126 1126 1150 1088 1137 1100 1139 1089 1152 1127 1139 1153 1089 1127 1112 1139 1100 1127 1113 1112 1111 1140 1093 1086 1118 1140 1116 1079 1117 1086 1116 1140 1136 1114 1117 1145 1107 1140 1117 1079 1107 1093 1125 1140 1107 1115 1149 1118 1125 1140 1093 1118 1125 1128 1132 1116 1154 1128 1120 1155 1116 1116 1156 1132 1117 1121 1155 1120 1116 1129 1141 1157 1118 1142 1129 1157 1118 1119 1086 1118 1136 1130 1145 1131 1107 1121 1154 1116 1136 1145 1125 1131 1107 1115 1149 1141 1118 1143 1132 1156 1117 1124 1143 1144 1117 1145 1144 1117 1133 1133 1130 1114 1145 1134 1125 1146 1158 1134 1149 1147 1125 1135 1118 1142 1136 1148 1135 1159 1136 1160 1136 1121 1148 1146 1131 1145 1125 1115 1147 1141 1149 1135 1142 1159 1136 1088 1150 1138 1161 1150 1162 1126 1138 1150 1151 1137 1126 1153 1089 1139 1152 1127 1153 1139 1163 1127 1113 1139 1112 1086 1140 1118 1136 1140 1156 1116 1117 1116 1154 1140 1136 1140 1145 1117 1107 1140 1125 1145 1107 1140 1118 1149 1125 1128 1164 1132 1154 1128 1116 1155 1154 1132 1156 1116 1154 1155 1116 1121 1154 1141 1149 1157 1118 1142 1118 1157 1136 1130 1165 1131 1145 1121 1136 1160 1154 1143 1132 1166 1156 1143 1156 1144 1117 1167 1133 1144 1145 1145 1117 1144 1156 1130 1133 1165 1145 1134 1146 1168 1158 1146 1125 1145 1158 1134 1149 1125 1158 1147 1149 1134 1158 1148 1159 1169 1136 1148 1169 1160 1136 1146 1145 1131 1158 1141 1147 1170 1149 1171 1159 1142 1136 1147 1134 1168 1158 1172 1146 1131 1158 1173 1132 1164 1156 1150 1162 1138 1161 1174 1126 1162 1138 1150 1126 1162 1151 1151 1137 1162 1150 1152 1153 1089 1175 1153 1139 1176 1152 1176 1163 1139 1153 1139 1113 1127 1163 1149 1118 1140 1136 1116 1156 1140 1154 1140 1145 1156 1117 1140 1154 1177 1136 1149 1145 1140 1125 1128 1155 1164 1154 1164 1156 1132 1154 1160 1155 1121 1154 1141 1170 1157 1149 1157 1118 1149 1136 1171 1142 1157 1136 1172 1131 1165 1145 1169 1154 1160 1136 1173 1166 1132 1156 1144 1143 1166 1156 1167 1165 1133 1145 1167 1144 1156 1145 1178 1168 1146 1158 1145 1125 1149 1158 1158 1179 1147 1149 1159 1177 1169 1136 1172 1131 1145 1158 1170 1147 1179 1149 1171 1177 1159 1136 1158 1147 1179 1168 1178 1146 1172 1158 1173 1164 1180 1156 1162 1150 1181 1161 1161 1162 1138 1174 1174 1162 1126 1151 1089 1182 1152 1175 1176 1153 1152 1175 1139 1183 1176 1152 1177 1149 1140 1136 1140 1156 1177 1154 1184 1156 1140 1145 1177 1154 1169 1136 1140 1149 1184 1145 1185 1164 1155 1154 1180 1156 1164 1154 1185 1155 1160 1154 1157 1170 1186 1149 1157 1149 1177 1136 1171 1157 1177 1136 1172 1165 1184 1145 1169 1160 1154 1187 1173 1180 1166 1156 1144 1166 1188 1156 1167 1184 1165 1145 1144 1188 1167 1156 1167 1156 1184 1145 1168 1178 1189 1158 1184 1145 1149 1158 1190 1149 1179 1158 1159 1191 1169 1177 1172 1145 1184 1158 1170 1179 1190 1149 1159 1171 1191 1177 1179 1168 1189 1158 1178 1172 1192 1158 1193 1173 1164 1180 1161 1181 1162 1174 1138 1194 1161 1174 1182 1183 1152 1175 1195 1153 1176 1175 1152 1183 1176 1175 1140 1177 1184 1149 1184 1177 1140 1156 1177 1156 1180 1154 1169 1154 1177 1187 1185 1180 1164 1154 1160 1185 1154 1187 1157 1186 1177 1149 1186 1170 1190 1149 1157 1186 1171 1177 1196 1172 1165 1184 1160 1169 1197 1187 1166 1173 1198 1180 1166 1180 1198 1156 1188 1166 1198 1156 1196 1165 1167 1184 1188 1184 1167 1156 1178 1192 1189 1158 1184 1149 1190 1158 1179 1189 1190 1158 1169 1177 1191 1187 1184 1192 1172 1158 1170 1179 1199 1190 1171 1191 1177 1200 1172 1201 1178 1192 1185 1193 1164 1180 1193 1202 1173 1180 1186 1170 1199 1190 1167 1184 1188 1203 1171 1204 1191 1200 1172 1196 1201 1192 1205 1167 1188 1203 1171 1186 1204 1200 1205 1196 1167 1203 1206 1162 1181 1174 1194 1181 1161 1174 1207 1182 1183 1152 1208 1175 1183 1182 1176 1183 1195 1175 1177 1190 1184 1149 1184 1180 1177 1156 1177 1154 1180 1187 1180 1154 1185 1187 1160 1197 1185 1187 1186 1190 1177 1149 1171 1177 1186 1200 1172 1184 1196 1192 1169 1209 1197 1187 1198 1173 1202 1180 1188 1198 1180 1156 1196 1184 1167 1203 1188 1184 1156 1203 1210 1189 1178 1192 1189 1192 1190 1158 1184 1190 1192 1158 1189 1211 1179 1190 1169 1191 1209 1187 1177 1200 1191 1187 1179 1211 1199 1190 1210 1178 1201 1192 1193 1185 1212 1180 1193 1202 1180 1213 1199 1214 1186 1190 1191 1204 1215 1200 1216 1201 1196 1192 1217 1205 1188 1203 1186 1214 1204 1200 1216 1196 1205 1203 1188 1156 1180 1203 1217 1188 1198 1203 1199 1218 1214 1219 1181 1194 1206 1174 1161 1181 1194 1220 1207 1183 1182 1208 1183 1175 1208 1195 1221 1176 1183 1195 1184 1177 1222 1190 1222 1177 1184 1180 1180 1156 1184 1203 1180 1200 1177 1187 1212 1180 1185 1187 1197 1212 1185 1187 1186 1177 1190 1200 1184 1203 1196 1192 1223 1197 1209 1187 1198 1180 1202 1213 1188 1180 1198 1203 1189 1210 1224 1192 1189 1224 1190 1192 1184 1190 1222 1192 1189 1211 1190 1224 1209 1191 1200 1187 1199 1190 1211 1219 1210 1201 1225 1192 1193 1180 1212 1213 1193 1226 1202 1213 1186 1190 1214 1200 1199 1214 1190 1219 1209 1191 1215 1200 1204 1227 1215 1200 1201 1192 1216 1228 1216 1196 1203 1192 1217 1229 1205 1203 1204 1214 1227 1200 1216 1203 1205 1228 1217 1198 1230 1203 1214 1218 1231 1219 1199 1211 1218 1219 1177 1180 1222 1200 1189 1210 1232 1224 1189 1232 1211 1224 1201 1225 1192 1228 1233 1206 1194 1174 1181 1206 1194 1220 1182 1234 1207 1208 1221 1183 1207 1208 1195 1183 1221 1208 1222 1190 1177 1200 1222 1180 1184 1203 1222 1200 1180 1187 1180 1212 1213 1187 1223 1212 1197 1187 1184 1222 1203 1192 1223 1209 1235 1187 1198 1202 1230 1213 1198 1203 1180 1213 1210 1225 1224 1192 1190 1224 1222 1192 1211 1190 1224 1219 1200 1235 1209 1187 1193 1212 1226 1213 1226 1236 1202 1213 1214 1200 1190 1219 1209 1200 1215 1235 1227 1215 1200 1237 1201 1216 1225 1228 1203 1216 1192 1228 1229 1205 1203 1228 1229 1203 1217 1238 1214 1227 1200 1219 1229 1216 1205 1228 1217 1203 1230 1238 1198 1230 1203 1213 1214 1231 1227 1219 1231 1218 1239 1219 1211 1240 1218 1219 1210 1241 1232 1224 1211 1232 1240 1224 1224 1192 1225 1228 1180 1213 1222 1187 1209 1215 1242 1235 1227 1243 1215 1237 1229 1217 1244 1238 1217 1230 1244 1238 1215 1243 1242 1237 1220 1206 1194 1233 1181 1245 1206 1220 1234 1207 1208 1246 1247 1221 1183 1207 1208 1207 1221 1246 1190 1200 1222 1219 1180 1203 1222 1213 1222 1235 1200 1187 1235 1213 1212 1187 1223 1235 1212 1187 1222 1203 1192 1228 1209 1242 1223 1235 1230 1202 1236 1213 1210 1225 1241 1224 1222 1224 1190 1219 1222 1192 1224 1228 1211 1224 1240 1219 1226 1212 1248 1213 1236 1226 1249 1213 1215 1235 1200 1237 1200 1219 1227 1237 1225 1216 1250 1228 1203 1238 1229 1228 1229 1250 1216 1228 1230 1238 1203 1213 1231 1227 1219 1237 1218 1240 1239 1219 1231 1239 1251 1219 1232 1241 1252 1224 1232 1252 1240 1224 1225 1253 1224 1228 1222 1213 1235 1187 1215 1242 1235 1237 1227 1254 1243 1237 1244 1255 1229 1238 1244 1230 1256 1238 1242 1243 1257 1237 1226 1248 1249 1213 1255 1229 1238 1228 1233 1258 1194 1220 1220 1245 1206 1233 1207 1234 1247 1246 1247 1221 1207 1246 1222 1219 1200 1237 1203 1238 1222 1213 1222 1200 1235 1237 1212 1235 1248 1213 1223 1248 1212 1235 1222 1238 1203 1228 1242 1259 1223 1235 1230 1236 1238 1213 1241 1225 1253 1224 1222 1251 1224 1219 1260 1222 1224 1228 1240 1224 1251 1219 1236 1249 1261 1213 1225 1250 1253 1228 1255 1250 1229 1228 1227 1231 1254 1237 1231 1219 1251 1237 1240 1251 1239 1219 1231 1239 1262 1251 1241 1252 1224 1263 1252 1240 1224 1263 1260 1224 1253 1228 1261 1235 1222 1213 1242 1257 1235 1237 1243 1254 1264 1237 1255 1244 1265 1238 1230 1236 1256 1238 1244 1256 1265 1238 1243 1266 1257 1237 1248 1261 1249 1213 1255 1238 1260 1228 1243 1264 1266 1237 1194 1258 1233 1267 1220 1258 1268 1233 1206 1245 1268 1233 1220 1268 1245 1233 1247 1234 1207 1269 1270 1247 1234 1246 1247 1270 1221 1246 1222 1251 1219 1237 1261 1222 1238 1213 1237 1222 1261 1235 1248 1235 1261 1213 1259 1248 1223 1235 1260 1238 1222 1228 1242 1257 1259 1235 1236 1261 1238 1213 1241 1253 1260 1224 1222 1251 1260 1224 1251 1224 1240 1263 1236 1249 1271 1261 1250 1260 1253 1228 1255 1260 1250 1228 1231 1251 1254 1237 1272 1239 1240 1251 1231 1262 1254 1251 1262 1251 1239 1273 1241 1274 1252 1263 1241 1224 1260 1263 1272 1240 1252 1263 1266 1235 1257 1237 1254 1266 1264 1237 1255 1265 1260 1238 1236 1271 1256 1238 1256 1275 1265 1238 1243 1264 1257 1266 1249 1248 1276 1261 1241 1253 1274 1263 1272 1252 1277 1263 1278 1255 1265 1275 1258 1279 1233 1267 1258 1233 1279 1268 1258 1268 1245 1220 1270 1234 1247 1269 1246 1234 1270 1280 1237 1261 1222 1251 1260 1261 1222 1238 1261 1235 1266 1237 1259 1261 1248 1235 1257 1266 1259 1235 1236 1261 1271 1238 1241 1260 1253 1263 1260 1251 1222 1261 1260 1224 1251 1263 1272 1251 1240 1263 1249 1281 1271 1261 1250 1282 1253 1260 1250 1255 1282 1260 1251 1266 1254 1237 1239 1251 1272 1273 1254 1251 1262 1273 1262 1239 1283 1273 1252 1274 1277 1263 1264 1254 1284 1266 1255 1260 1265 1275 1265 1275 1260 1238 1256 1271 1275 1238 1256 1285 1265 1275 1257 1264 1286 1266 1276 1248 1259 1261 1249 1276 1281 1261 1253 1274 1263 1287 1277 1288 1272 1263 1278 1282 1255 1275 1265 1289 1278 1275 1257 1290 1259 1266 1239 1272 1283 1273 1254 1262 1284 1273 1256 1271 1285 1275 1253 1291 1274 1287 1253 1282 1291 1287 1282 1278 1292 1287 1290 1276 1259 1293 1279 1294 1267 1258 1279 1268 1294 1258 1245 1294 1258 1220 1245 1294 1268 1258 1247 1295 1270 1269 1269 1270 1234 1280 1261 1266 1251 1237 1260 1275 1261 1238 1259 1266 1261 1235 1261 1275 1271 1238 1253 1263 1260 1287 1296 1251 1260 1261 1260 1251 1296 1263 1251 1263 1272 1273 1271 1261 1281 1293 1253 1260 1282 1287 1282 1260 1255 1275 1254 1266 1251 1273 1283 1297 1262 1273 1274 1298 1277 1263 1284 1299 1264 1266 1254 1284 1266 1273 1265 1285 1289 1275 1286 1264 1299 1266 1257 1286 1290 1266 1276 1261 1259 1293 1276 1281 1261 1293 1298 1263 1274 1287 1263 1288 1300 1277 1272 1263 1288 1273 1282 1275 1278 1287 1278 1289 1301 1275 1290 1259 1266 1293 1283 1272 1288 1273 1284 1262 1297 1273 1302 1285 1271 1275 1291 1298 1274 1287 1282 1292 1291 1287 1292 1278 1301 1287 1290 1303 1276 1293 1286 1304 1290 1293 1258 1294 1267 1305 1306 1294 1267 1279 1294 1306 1268 1279 1269 1295 1270 1280 1269 1234 1307 1280 1251 1261 1296 1266 1296 1261 1260 1275 1261 1266 1259 1293 1293 1275 1271 1261 1260 1263 1296 1287 1296 1263 1251 1273 1302 1271 1281 1293 1282 1260 1275 1287 1251 1266 1296 1273 1297 1283 1308 1273 1300 1277 1298 1263 1284 1309 1299 1266 1309 1266 1284 1273 1285 1310 1289 1275 1286 1299 1309 1266 1286 1290 1266 1293 1276 1303 1281 1293 1298 1311 1263 1287 1263 1300 1288 1311 1288 1263 1311 1273 1278 1275 1301 1287 1289 1312 1301 1275 1283 1288 1308 1273 1297 1313 1284 1273 1285 1302 1310 1275 1293 1271 1275 1302 1298 1291 1314 1287 1291 1292 1314 1287 1292 1301 1312 1287 1290 1304 1303 1293 1304 1286 1315 1293 1286 1309 1315 1293 1316 1317 1318 1319 1306 1267 1294 1305 1320 1306 1267 1279 1321 1270 1295 1280 1269 1307 1295 1280 1261 1296 1266 1293 1260 1296 1275 1287 1296 1261 1275 1293 1311 1296 1263 1287 1296 1311 1263 1273 1302 1281 1322 1293 1296 1266 1309 1273 1297 1273 1308 1323 1300 1298 1311 1263 1284 1313 1299 1309 1313 1309 1284 1273 1310 1312 1289 1275 1299 1315 1286 1309 1286 1266 1309 1293 1281 1303 1322 1293 1298 1311 1287 1324 1300 1325 1288 1311 1288 1311 1308 1273 1301 1275 1312 1287 1301 1289 1326 1312 1313 1273 1297 1323 1302 1327 1310 1275 1302 1327 1275 1293 1298 1287 1314 1324 1292 1312 1314 1287 1292 1301 1328 1312 1304 1327 1303 1293 1304 1315 1309 1293 1317 1316 1329 1319 1318 1330 1316 1319 1316 1297 1308 1323 1289 1310 1326 1312 1316 1313 1297 1323 1331 1298 1314 1324 1332 1333 1334 1335 1336 1331 1337 1338 1325 1339 1340 1341 1306 1294 1342 1305 1267 1306 1320 1305 1321 1295 1307 1280 1307 1295 1343 1269 1296 1309 1266 1293 1312 1275 1296 1287 1296 1275 1327 1293 1311 1312 1296 1287 1296 1309 1311 1273 1302 1322 1327 1293 1308 1273 1311 1323 1300 1311 1298 1324 1299 1313 1330 1309 1309 1273 1313 1323 1310 1327 1312 1275 1344 1315 1299 1309 1303 1327 1322 1293 1312 1287 1311 1324 1325 1329 1288 1311 1345 1325 1300 1311 1308 1288 1329 1311 1301 1326 1335 1312 1346 1310 1302 1327 1314 1287 1312 1324 1328 1314 1292 1312 1301 1335 1328 1312 1303 1304 1347 1327 1309 1327 1304 1293 1304 1315 1348 1309 1329 1349 1317 1319 1329 1319 1316 1323 1350 1330 1318 1319 1330 1316 1319 1323 1329 1316 1308 1323 1351 1326 1310 1312 1330 1313 1316 1323 1298 1331 1345 1324 1328 1331 1314 1324 1335 1332 1333 1326 1328 1334 1333 1335 1331 1328 1337 1338 1338 1336 1331 1345 1339 1340 1345 1325 1341 1325 1339 1329 1345 1300 1298 1324 1348 1352 1304 1309 1329 1349 1341 1317 1330 1353 1350 1318 1354 1355 1332 1326 1354 1351 1355 1326 1334 1328 1356 1337 1357 1336 1345 1340 1351 1358 1359 1354 1360 1348 1361 1362 1320 1306 1342 1305 1363 1267 1320 1305 1364 1321 1307 1280 1321 1307 1295 1343 1296 1327 1309 1293 1312 1327 1296 1275 1296 1312 1311 1365 1296 1311 1309 1365 1311 1273 1309 1323 1346 1302 1322 1327 1329 1308 1311 1323 1345 1311 1300 1324 1330 1344 1299 1309 1330 1309 1313 1323 1310 1351 1312 1327 1348 1315 1344 1309 1322 1303 1347 1327 1311 1365 1312 1324 1325 1339 1329 1311 1345 1339 1325 1311 1326 1312 1333 1335 1310 1346 1351 1327 1328 1314 1312 1324 1333 1328 1335 1312 1347 1304 1352 1327 1304 1309 1352 1327 1349 1319 1329 1323 1330 1319 1350 1323 1351 1355 1326 1312 1331 1338 1345 1324 1328 1338 1331 1324 1355 1333 1332 1326 1334 1356 1328 1333 1328 1356 1337 1338 1338 1357 1336 1345 1340 1345 1357 1339 1341 1339 1349 1329 1348 1360 1352 1309 1330 1350 1353 1344 1355 1358 1351 1354 1359 1346 1358 1351 1344 1348 1360 1362 1352 1360 1348 1361 1346 1358 1366 1359 1344 1360 1353 1362 1352 1367 1368 1361 1368 1367 1352 1347 1369 1306 1342 1320 1320 1342 1363 1305 1364 1370 1321 1280 1343 1321 1307 1364 1321 1295 1371 1343 1309 1327 1296 1365 1312 1296 1327 1365 1309 1365 1311 1323 1372 1346 1322 1327 1329 1311 1349 1323 1357 1311 1345 1324 1330 1350 1344 1309 1330 1350 1309 1323 1358 1312 1351 1327 1360 1348 1344 1309 1322 1347 1372 1327 1311 1373 1365 1324 1374 1312 1365 1324 1349 1329 1339 1311 1345 1357 1339 1311 1326 1333 1312 1355 1358 1351 1346 1327 1356 1328 1312 1324 1333 1356 1328 1312 1347 1352 1368 1327 1360 1352 1309 1327 1350 1319 1349 1323 1355 1351 1358 1312 1357 1345 1338 1324 1356 1338 1328 1324 1350 1360 1353 1344 1368 1360 1352 1361 1366 1372 1358 1346 1367 1368 1372 1347 1311 1365 1373 1323 1368 1367 1372 1366 1369 1342 1363 1320 1342 1375 1363 1305 1321 1364 1371 1370 1376 1343 1307 1364 1371 1364 1321 1343 1360 1327 1309 1365 1312 1327 1358 1365 1377 1365 1309 1323 1358 1346 1372 1327 1349 1311 1373 1323 1373 1311 1357 1324 1360 1344 1350 1309 1377 1309 1350 1323 1372 1347 1368 1327 1374 1365 1373 1324 1374 1312 1355 1365 1356 1312 1374 1324 1339 1357 1349 1311 1355 1356 1333 1312 1360 1368 1352 1327 1349 1373 1350 1323 1355 1312 1358 1365 1357 1338 1356 1324 1372 1358 1368 1366 1377 1373 1365 1323 1369 1363 1378 1320 1363 1375 1342 1369 1305 1375 1363 1379 1380 1370 1371 1364 1376 1307 1381 1364 1371 1343 1376 1364 1377 1360 1309 1365 1368 1327 1360 1365 1382 1358 1327 1365 1358 1372 1368 1327 1357 1373 1349 1311 1356 1373 1357 1324 1360 1350 1377 1309 1377 1350 1373 1323 1377 1373 1374 1365 1356 1374 1373 1324 1374 1356 1355 1312 1382 1374 1355 1365 1350 1349 1383 1373 1382 1355 1358 1365 1368 1382 1327 1365 1375 1363 1378 1369 1384 1342 1375 1369 1363 1375 1384 1379 1371 1385 1370 1380 1371 1364 1381 1380 1381 1364 1371 1376 1371 1343 1386 1376 1377 1382 1360 1365 1368 1360 1382 1365 1382 1358 1368 1327 1387 1349 1357 1373 1388 1357 1356 1373 1389 1360 1350 1377 1377 1350 1383 1373 1377 1374 1373 1390 1374 1382 1377 1365 1374 1388 1356 1373 1374 1355 1356 1391 1382 1355 1374 1392 1349 1387 1383 1373 1382 1358 1355 1392 1355 1374 1392 1391 1375 1363 1384 1378 1378 1384 1375 1369 1363 1384 1378 1379 1386 1385 1371 1380 1381 1386 1371 1380 1371 1386 1381 1376 1377 1360 1382 1393 1360 1368 1382 1393 1382 1368 1358 1394 1387 1357 1388 1373 1350 1383 1389 1377 1377 1389 1360 1393 1377 1373 1383 1390 1374 1377 1382 1390 1388 1373 1374 1390 1356 1388 1374 1391 1374 1382 1392 1390 1383 1373 1387 1390 1392 1382 1358 1394 1374 1392 1391 1390 1371 1395 1385 1386 1384 1378 1396 1369 1397 1363 1378 1379 1396 1378 1384 1379 1386 1380 1381 1385 1386 1395 1381 1376 1377 1393 1382 1390 1382 1368 1398 1393 1382 1398 1368 1394 1387 1373 1388 1390 1389 1377 1383 1390 1377 1389 1393 1390 1388 1374 1391 1390 1382 1394 1392 1390 1387 1399 1383 1390 1392 1400 1391 1390 1381 1385 1395 1386 1395 1386 1401 1376 1400 1402 1391 1390 1397 1403 1363 1379 1378 1396 1397 1379 1396 1384 1404 1379 1385 1381 1405 1380 1406 1381 1395 1376 1382 1393 1398 1390 1382 1398 1394 1390 1387 1388 1399 1390 1383 1407 1389 1390 1408 1393 1389 1390 1391 1402 1388 1390 1394 1409 1392 1390 1399 1410 1383 1390 1392 1409 1400 1390 1385 1405 1381 1395 1406 1395 1401 1376 1390 1402 1411 1400 1383 1410 1407 1390 1404 1403 1397 1379 1397 1396 1404 1379 1384 1412 1404 1379 1413 1405 1381 1380 1395 1405 1381 1406 1408 1398 1393 1390 1394 1398 1409 1390 1414 1399 1388 1390 1407 1408 1389 1390 1414 1388 1402 1390 1399 1415 1410 1390 1411 1400 1409 1390 1395 1385 1405 1416 1405 1395 1401 1406 1390 1411 1402 1415 1410 1415 1407 1390 1404 1403 1417 1397 1379 1404 1403 1418 1396 1404 1419 1397 1379 1412 1404 1418 1413 1381 1405 1406 1398 1408 1420 1390 1398 1420 1409 1390 1414 1415 1399 1390 1407 1415 1408 1390 1414 1402 1415 1390 1421 1410 1399 1415 1411 1409 1415 1390 1395 1405 1401 1416 1422 1406 1405 1401 1402 1411 1423 1415 1410 1424 1407 1415 1417 1419 1404 1397 1417 1404 1418 1403 1417 1404 1412 1418 1413 1425 1381 1406 1405 1406 1422 1413 1408 1415 1420 1390 1420 1415 1409 1390 1414 1421 1399 1415 1415 1426 1407 1408 1402 1423 1414 1415 1410 1421 1427 1415 1409 1428 1411 1415 1422 1401 1405 1416 1422 1401 1425 1406 1411 1429 1423 1415 1410 1427 1424 1415 1407 1426 1415 1424 1417 1430 1404 1419 1418 1417 1403 1431 1417 1404 1430 1412 1412 1430 1417 1418 1413 1422 1425 1406 1426 1420 1408 1415 1409 1420 1428 1415 1432 1421 1414 1415 1423 1432 1414 1415 1433 1427 1421 1415 1411 1428 1429 1415 1405 1416 1434 1422 1416 1401 1425 1422 1435 1425 1401 1406 1423 1429 1436 1415 1437 1424 1427 1415 1437 1426 1424 1415 1430 1419 1417 1438 1439 1417 1431 1403 1430 1417 1418 1431 1418 1412 1430 1431 1425 1422 1413 1440 1420 1426 1441 1415 1420 1441 1428 1415 1432 1433 1421 1415 1432 1423 1436 1415 1433 1442 1427 1415 1428 1442 1429 1415 1434 1416 1425 1422 1416 1425 1401 1435 1429 1442 1436 1415 1437 1427 1442 1415 1426 1437 1443 1415 1416 1401 1444 1435 1438 1417 1430 1431 1439 1431 1417 1438 1412 1445 1430 1431 1422 1425 1434 1440 1426 1443 1441 1415 1441 1442 1428 1415 1432 1442 1433 1415 1432 1436 1442 1415 1446 1427 1433 1442 1428 1447 1429 1442 1425 1416 1434 1435 1429 1448 1436 1442 1437 1427 1449 1442 1437 1442 1443 1415 1434 1416 1444 1435 1449 1427 1446 1442 1450 1416 1444 1434 1438 1430 1445 1431 1438 1445 1439 1431 1425 1434 1440 1435 1443 1442 1441 1415 1428 1441 1447 1442 1451 1433 1432 1442 1451 1432 1436 1442 1433 1452 1446 1442 1429 1447 1448 1442 1436 1448 1453 1442 1454 1437 1449 1442 1454 1443 1437 1442 1435 1434 1450 1444 1449 1446 1455 1442 1435 1450 1434 1440 1456 1434 1450 1440 1457 1430 1445 1438 1439 1445 1458 1431 1457 1445 1439 1438 1459 1425 1440 1435 1441 1443 1460 1442 1441 1460 1447 1442 1433 1451 1452 1442 1436 1453 1451 1442 1452 1455 1446 1442 1448 1447 1461 1442 1448 1461 1453 1442 1449 1455 1454 1442 1443 1454 1462 1442 1463 1435 1450 1444 1450 1456 1440 1435 1464 1465 1466 1467 1468 1464 1469 1466 1464 1470 1471 1468 1472 1473 1474 1475 1458 1445 1439 1457 1476 1457 1439 1438 1440 1456 1459 1435 1443 1462 1460 1442 1477 1447 1460 1442 1452 1451 1478 1442 1453 1479 1451 1442 1452 1478 1455 1442 1477 1461 1447 1442 1479 1453 1461 1442 1455 1480 1454 1442 1480 1462 1454 1442 1444 1463 1481 1450 1450 1435 1463 1456 1482 1466 1465 1467 1464 1466 1465 1469 1464 1469 1470 1468 1471 1483 1468 1470 1484 1474 1472 1473 1475 1485 1474 1472 1452 1451 1474 1478 1455 1452 1470 1478 1465 1454 1455 1480 1469 1464 1470 1465 1483 1471 1468 1485 1484 1486 1474 1473 1485 1475 1474 1471 1470 1465 1455 1478 1473 1484 1486 1487 1488 1445 1458 1457 1457 1439 1458 1476 1456 1463 1459 1435 1460 1462 1489 1442 1489 1477 1460 1442 1479 1478 1451 1442 1453 1486 1451 1479 1455 1478 1480 1442 1461 1477 1489 1442 1479 1453 1490 1461 1479 1461 1489 1442 1482 1454 1480 1462 1489 1462 1480 1442 1463 1481 1450 1456 1466 1467 1482 1491 1482 1465 1466 1469 1483 1470 1469 1468 1470 1483 1474 1471 1474 1484 1472 1492 1472 1485 1474 1492 1474 1470 1452 1478 1486 1474 1451 1478 1454 1465 1482 1480 1480 1455 1465 1478 1469 1470 1478 1465 1471 1483 1474 1485 1486 1484 1474 1493 1494 1486 1484 1487 1491 1467 1482 1495 1494 1490 1486 1487 1487 1494 1490 1496 1494 1497 1496 1498 1458 1488 1457 1476 1439 1499 1458 1476 1481 1463 1459 1456 1489 1460 1500 1462 1489 1500 1460 1477 1479 1486 1451 1478 1479 1480 1478 1442 1453 1490 1486 1479 1489 1461 1501 1477 1490 1479 1461 1489 1489 1480 1479 1442 1480 1489 1482 1462 1502 1450 1481 1456 1466 1482 1503 1491 1469 1482 1503 1466 1482 1465 1469 1480 1483 1478 1469 1470 1474 1483 1470 1478 1474 1492 1493 1484 1492 1474 1483 1485 1474 1486 1493 1478 1478 1469 1465 1480 1493 1486 1484 1494 1491 1482 1500 1495 1490 1494 1486 1497 1494 1496 1497 1490 1504 1496 1497 1498 1461 1501 1490 1489 1495 1505 1500 1491 1506 1498 1496 1504 1505 1495 1500 1507 1496 1504 1501 1506 1496 1504 1490 1501 1457 1488 1508 1476 1488 1458 1508 1476 1508 1458 1499 1476 1481 1509 1456 1459 1481 1459 1463 1510 1500 1482 1489 1462 1501 1500 1489 1477 1479 1493 1486 1478 1480 1511 1479 1478 1490 1497 1486 1479 1490 1497 1479 1489 1511 1489 1480 1479 1512 1489 1482 1480 1456 1509 1481 1502 1482 1491 1500 1503 1503 1482 1469 1480 1478 1483 1469 1513 1492 1478 1483 1474 1493 1492 1474 1478 1478 1514 1469 1480 1486 1493 1497 1494 1504 1497 1496 1490 1490 1504 1489 1501 1505 1500 1491 1515 1506 1498 1504 1516 1507 1516 1500 1505 1504 1506 1500 1501 1463 1517 1481 1510 1507 1516 1506 1500 1518 1458 1508 1488 1476 1499 1508 1519 1499 1458 1508 1520 1459 1481 1509 1510 1482 1500 1489 1512 1489 1504 1500 1501 1497 1493 1486 1479 1493 1479 1511 1478 1514 1511 1480 1478 1504 1490 1489 1497 1511 1479 1497 1489 1512 1480 1511 1489 1482 1503 1512 1480 1481 1502 1509 1510 1500 1491 1515 1503 1500 1482 1503 1512 1469 1503 1480 1514 1521 1469 1483 1513 1478 1492 1483 1513 1514 1478 1469 1513 1493 1492 1478 1513 1515 1505 1500 1516 1506 1504 1500 1516 1502 1481 1517 1510 1478 1511 1493 1513 1478 1514 1511 1513 1517 1522 1481 1502 1523 1488 1518 1508 1508 1458 1518 1520 1519 1499 1508 1520 1524 1459 1509 1510 1504 1489 1500 1512 1479 1497 1493 1511 1480 1512 1511 1514 1489 1504 1497 1512 1497 1511 1489 1512 1480 1503 1512 1514 1502 1510 1525 1509 1503 1515 1500 1512 1503 1469 1526 1514 1521 1483 1527 1513 1469 1521 1514 1513 1527 1483 1492 1513 1492 1493 1528 1513 1500 1504 1515 1516 1522 1510 1502 1517 1511 1528 1493 1513 1514 1511 1513 1529 1520 1508 1523 1518 1519 1530 1499 1520 1520 1523 1508 1519 1524 1509 1525 1510 1504 1512 1500 1515 1511 1497 1493 1531 1511 1514 1512 1529 1532 1497 1504 1512 1532 1511 1497 1512 1503 1512 1514 1533 1502 1510 1522 1525 1512 1503 1515 1533 1469 1521 1526 1514 1514 1526 1503 1533 1521 1513 1527 1529 1514 1513 1521 1529 1527 1492 1528 1513 1510 1522 1534 1517 1493 1528 1511 1531 1528 1513 1511 1529 1535 1522 1534 1536 1537 1523 1518 1520 1520 1538 1530 1499 1519 1523 1530 1520 1524 1522 1510 1525 1515 1504 1512 1539 1511 1497 1531 1532 1512 1532 1511 1529 1514 1533 1512 1529 1504 1532 1512 1539 1512 1515 1540 1533 1521 1526 1514 1529 1526 1533 1514 1529 1527 1541 1521 1529 1528 1527 1513 1529 1510 1534 1522 1542 1511 1531 1528 1529 1534 1542 1535 1536 1542 1522 1536 1534 1536 1522 1543 1525 1544 1523 1518 1537 1523 1537 1530 1520 1520 1530 1538 1537 1530 1545 1523 1519 1543 1522 1524 1525 1524 1510 1522 1542 1512 1540 1515 1539 1532 1531 1511 1529 1512 1539 1532 1529 1512 1533 1540 1529 1521 1546 1526 1529 1526 1547 1533 1529 1548 1541 1527 1529 1541 1546 1521 1529 1549 1527 1528 1529 1528 1531 1549 1529 1534 1535 1542 1550 1543 1535 1542 1536 1522 1543 1542 1536 1544 1545 1523 1537 1523 1537 1545 1530 1545 1537 1538 1530 1542 1543 1522 1524 1540 1539 1512 1529 1551 1531 1532 1529 1532 1539 1552 1529 1547 1540 1533 1529 1526 1546 1547 1529 1549 1548 1527 1529 1541 1529 1548 1553 1546 1529 1541 1553 1549 1531 1554 1529 1534 1555 1550 1542 1543 1542 1535 1550 1535 1536 1543 1556 1557 1546 1541 1553 1523 1545 1544 1558 1545 1537 1544 1538 1559 1545 1538 1530 1543 1542 1560 1524 1540 1552 1539 1529 1554 1531 1551 1529 1551 1532 1552 1529 1540 1547 1561 1529 1547 1529 1546 1553 1549 1548 1529 1553 1548 1562 1541 1553 1549 1529 1554 1553 1543 1550 1555 1542 1543 1556 1550 1535 1541 1562 1557 1553 1557 1547 1546 1553 1545 1563 1544 1558 1537 1544 1538 1564 1545 1538 1544 1559 1560 1542 1543 1555 1540 1561 1552 1529 1554 1529 1551 1553 1551 1529 1552 1553 1561 1529 1547 1553 1565 1548 1549 1553 1566 1562 1548 1553 1565 1549 1554 1553 1550 1556 1543 1555 1550 1567 1535 1556 1562 1568 1557 1553 1569 1547 1557 1553 1544 1563 1545 1559 1559 1538 1544 1564 1543 1560 1555 1556 1561 1552 1529 1553 1554 1551 1570 1553 1551 1552 1571 1553 1569 1561 1547 1553 1565 1566 1548 1553 1566 1572 1562 1553 1570 1565 1554 1553 1567 1550 1555 1556 1573 1550 1567 1535 1568 1569 1557 1553 1562 1572 1568 1553 1574 1565 1554 1570 1544 1563 1559 1564 1559 1575 1538 1564 1567 1555 1560 1556 1561 1571 1552 1553 1551 1571 1570 1553 1561 1569 1576 1553 1565 1572 1566 1553 1577 1562 1566 1572 1570 1572 1565 1553 1555 1573 1550 1567 1568 1572 1569 1553 1577 1568 1562 1572 1570 1574 1565 1572 1563 1544 1578 1564 1559 1563 1578 1564 1559 1578 1575 1564 1579 1567 1560 1556 1573 1555 1560 1567 1571 1561 1576 1553 1571 1572 1570 1553 1569 1572 1576 1553 1580 1566 1565 1572 1581 1577 1566 1572 1569 1568 1582 1572 1577 1583 1568 1572 1574 1580 1565 1572 1570 1584 1574 1572 1584 1570 1571 1572 1585 1563 1578 1559 1586 1575 1578 1564 1585 1578 1575 1559 1556 1579 1567 1587 1560 1573 1567 1579 1573 1560 1555 1588 1571 1576 1572 1553 1569 1582 1576 1572 1580 1581 1566 1572 1577 1581 1589 1572 1583 1582 1568 1572 1577 1589 1583 1572 1574 1590 1580 1572 1584 1591 1574 1572 1571 1592 1584 1572 1593 1563 1578 1585 1586 1578 1575 1585 1573 1567 1579 1587 1579 1560 1573 1588 1571 1576 1592 1572 1576 1582 1594 1572 1581 1572 1580 1595 1589 1572 1581 1595 1583 1596 1582 1572 1589 1583 1572 1595 1574 1591 1590 1572 1590 1580 1572 1595 1584 1592 1591 1572 1586 1593 1578 1585 1585 1575 1586 1597 1567 1573 1598 1587 1587 1579 1573 1588 1599 1560 1579 1588 1576 1594 1592 1572 1594 1582 1596 1572 1600 1581 1580 1595 1601 1589 1581 1595 1596 1572 1583 1595 1602 1583 1589 1595 1591 1590 1572 1595 1590 1600 1580 1595 1603 1591 1592 1572 1586 1578 1593 1604 1585 1586 1593 1597 1575 1605 1586 1597 1573 1598 1587 1588 1599 1579 1587 1588 1603 1592 1594 1572 1594 1572 1596 1595 1600 1601 1581 1595 1589 1601 1606 1595 1602 1596 1583 1595 1589 1606 1602 1595 1591 1607 1590 1595 1591 1572 1603 1595 1600 1590 1608 1595 1593 1586 1604 1597 1609 1586 1605 1597 1573 1610 1598 1588 1587 1598 1599 1588 1603 1572 1594 1595 1594 1596 1611 1595 1600 1612 1601 1595 1601 1613 1606 1595 1602 1614 1596 1595 1602 1606 1613 1595 1590 1607 1608 1595 1591 1603 1607 1595 1600 1608 1612 1595 1615 1593 1604 1597 1586 1609 1604 1597 1609 1605 1615 1597 1598 1610 1599 1588 1598 1599 1616 1587 1603 1594 1611 1595 1611 1596 1614 1595 1601 1612 1613 1595 1617 1606 1601 1613 1602 1613 1614 1595 1618 1602 1606 1613 1607 1613 1608 1595 1603 1619 1607 1595 1608 1613 1612 1595 1604 1609 1615 1597 1605 1615 1597 1620 1609 1615 1605 1621 1599 1610 1622 1588 1598 1599 1610 1616 1603 1611 1619 1595 1614 1613 1611 1595 1612 1617 1601 1613 1617 1623 1606 1613 1618 1614 1602 1613 1623 1618 1606 1613 1607 1624 1608 1613 1607 1619 1613 1595 1625 1612 1608 1613 1621 1609 1615 1604 1621 1615 1605 1620 1605 1609 1621 1626 1616 1599 1610 1622 1598 1610 1627 1616 1611 1613 1619 1595 1611 1614 1628 1613 1629 1617 1612 1613 1630 1623 1617 1613 1631 1614 1618 1613 1623 1632 1618 1613 1607 1619 1624 1613 1625 1608 1624 1613 1629 1612 1625 1613 1615 1621 1633 1620 1621 1605 1626 1620 1634 1616 1622 1599 1616 1610 1627 1622 1611 1628 1619 1613 1631 1628 1614 1613 1629 1630 1617 1613 1630 1635 1623 1613 1632 1631 1618 1613 1623 1635 1632 1613 1636 1624 1619 1613 1637 1625 1624 1613 1638 1629 1625 1613 1626 1633 1621 1620 1626 1605 1639 1620 1622 1616 1634 1640 1610 1641 1627 1622 1627 1640 1616 1622 1628 1636 1619 1613 1628 1631 1642 1613 1629 1635 1630 1613 1623 1630 1643 1635 1632 1635 1631 1613 1623 1643 1632 1635 1636 1637 1624 1613 1638 1625 1637 1613 1638 1635 1629 1613 1644 1633 1621 1626 1626 1620 1645 1633 1626 1645 1620 1639 1640 1641 1634 1622 1627 1641 1640 1622 1636 1628 1642 1613 1631 1635 1642 1613 1646 1630 1629 1635 1647 1643 1630 1635 1631 1632 1648 1635 1649 1632 1643 1635 1636 1635 1637 1613 1638 1637 1635 1613 1646 1629 1638 1635 1644 1645 1633 1626 1639 1645 1644 1626 1622 1641 1634 1650 1641 1634 1651 1640 1651 1627 1641 1640 1636 1642 1635 1613 1631 1648 1642 1635 1647 1630 1646 1635 1647 1643 1635 1652 1649 1648 1632 1635 1649 1635 1643 1652 1636 1653 1637 1635 1654 1638 1637 1635 1655 1646 1638 1635 1633 1656 1645 1644 1651 1634 1657 1640 1658 1639 1644 1626 1639 1645 1656 1644 1641 1651 1634 1650 1636 1642 1653 1635 1642 1648 1659 1635 1647 1635 1646 1652 1647 1660 1643 1652 1648 1635 1649 1652 1660 1649 1643 1652 1653 1654 1637 1635 1655 1638 1654 1635 1646 1635 1655 1652 1661 1657 1634 1640 1662 1651 1634 1657 1662 1651 1641 1650 1657 1662 1651 1663 1644 1656 1639 1658 1656 1645 1639 1664 1634 1651 1662 1650 1653 1642 1659 1635 1659 1635 1648 1652 1665 1647 1646 1652 1666 1660 1647 1652 1667 1648 1649 1652 1668 1649 1660 1652 1654 1635 1653 1652 1655 1635 1654 1652 1665 1646 1655 1652 1634 1661 1662 1657 1661 1662 1657 1663 1644 1669 1656 1658 1661 1663 1657 1670 1658 1656 1639 1664 1662 1661 1634 1650 1659 1653 1635 1652 1667 1659 1648 1652 1666 1647 1665 1652 1666 1671 1660 1652 1668 1667 1649 1652 1668 1660 1671 1652 1672 1654 1653 1652 1654 1673 1655 1652 1674 1665 1655 1652 1670 1662 1661 1663 1644 1675 1669 1658 1658 1669 1656 1664 1639 1676 1658 1664 1677 1634 1661 1650 1670 1661 1662 1650 1659 1672 1653 1652 1659 1667 1678 1652 1666 1665 1671 1652 1666 1679 1660 1671 1668 1671 1667 1652 1679 1668 1660 1671 1654 1672 1673 1652 1674 1655 1673 1652 1674 1671 1665 1652 1662 1680 1663 1670 1675 1669 1658 1664 1656 1669 1681 1664 1656 1681 1669 1682 1658 1676 1675 1664 1677 1661 1670 1650 1670 1683 1650 1662 1659 1678 1672 1652 1667 1671 1678 1652 1684 1666 1665 1671 1685 1679 1666 1671 1686 1667 1668 1671 1687 1668 1679 1671 1672 1671 1673 1652 1674 1673 1671 1652 1684 1665 1674 1671 1680 1688 1662 1663 1680 1662 1683 1670 1669 1664 1675 1689 1689 1681 1669 1664 1689 1669 1681 1682 1669 1690 1682 1689 1675 1664 1676 1689 1670 1650 1683 1677 1678 1671 1672 1652 1686 1678 1667 1671 1685 1666 1684 1671 1685 1679 1671 1691 1687 1686 1668 1671 1687 1671 1679 1691 1692 1673 1672 1671 1693 1674 1673 1671 1694 1684 1674 1671 1688 1662 1683 1680 1695 1683 1670 1680 1669 1675 1690 1689 1676 1664 1681 1689 1682 1696 1681 1689 1690 1697 1682 1689 1682 1697 1696 1689 1676 1698 1675 1689 1699 1677 1683 1650 1695 1670 1683 1677 1692 1672 1678 1671 1678 1686 1700 1671 1685 1671 1684 1691 1685 1701 1679 1691 1686 1671 1687 1691 1701 1687 1679 1691 1693 1673 1692 1671 1694 1674 1693 1671 1684 1671 1694 1691 1683 1702 1662 1688 1683 1688 1680 1695 1703 1690 1675 1689 1681 1704 1676 1689 1696 1704 1681 1689 1703 1697 1690 1689 1705 1696 1697 1689 1706 1707 1708 1709 1710 1708 1711 1712 1713 1712 1714 1715 1716 1698 1676 1689 1703 1675 1698 1689 1695 1677 1683 1699 1678 1700 1692 1671 1700 1671 1686 1691 1717 1685 1684 1691 1718 1701 1685 1691 1719 1686 1687 1691 1720 1687 1701 1691 1693 1671 1692 1691 1694 1671 1693 1691 1717 1684 1694 1691 1683 1702 1688 1699 1721 1680 1688 1695 1695 1683 1688 1699 1676 1704 1716 1689 1705 1704 1696 1689 1703 1705 1697 1689 1697 1722 1696 1705 1706 1708 1710 1709 1709 1706 1707 1723 1724 1710 1711 1712 1711 1708 1710 1706 1715 1714 1713 1725 1712 1713 1714 1726 1705 1727 1696 1704 1728 1707 1706 1723 1712 1724 1713 1726 1729 1730 1731 1732 1732 1730 1731 1733 1707 1728 1732 1733 1727 1724 1710 1734 1716 1705 1698 1689 1705 1703 1698 1689 1695 1735 1677 1699 1700 1692 1671 1691 1719 1700 1686 1691 1718 1685 1717 1691 1718 1736 1701 1691 1720 1719 1687 1691 1720 1701 1736 1691 1737 1693 1692 1691 1738 1694 1693 1691 1739 1717 1694 1691 1740 1699 1688 1702 1688 1721 1695 1699 1716 1704 1705 1689 1705 1697 1741 1703 1696 1722 1727 1705 1741 1722 1697 1705 1710 1706 1709 1734 1706 1723 1709 1742 1712 1711 1724 1726 1724 1711 1710 1734 1710 1711 1706 1734 1713 1715 1725 1743 1714 1713 1725 1726 1712 1714 1711 1726 1744 1727 1705 1704 1728 1707 1723 1733 1728 1723 1706 1742 1724 1745 1713 1726 1731 1730 1729 1746 1730 1732 1728 1733 1733 1730 1731 1747 1722 1724 1727 1734 1710 1709 1727 1734 1688 1699 1740 1721 1748 1725 1715 1743 1745 1749 1713 1726 1729 1750 1731 1746 1751 1750 1729 1746 1706 1752 1753 1754 1706 1711 1752 1754 1755 1752 1756 1711 1757 1756 1758 1714 1756 1757 1711 1714 1725 1759 1758 1760 1714 1758 1760 1725 1722 1761 1745 1762 1724 1722 1745 1762 1705 1763 1716 1698 1703 1764 1705 1698 1695 1721 1735 1699 1700 1737 1692 1691 1700 1719 1765 1691 1718 1717 1736 1691 1766 1701 1718 1736 1720 1736 1719 1691 1766 1720 1701 1736 1737 1738 1693 1691 1738 1739 1694 1691 1739 1736 1717 1691 1702 1767 1740 1699 1705 1716 1744 1704 1705 1741 1764 1703 1705 1722 1727 1762 1722 1705 1741 1762 1706 1742 1709 1734 1744 1709 1723 1742 1724 1711 1734 1726 1711 1754 1706 1734 1725 1713 1743 1726 1760 1726 1714 1725 1757 1711 1714 1726 1705 1727 1744 1734 1733 1723 1728 1742 1706 1753 1728 1742 1724 1762 1745 1726 1730 1746 1731 1747 1733 1728 1730 1747 1733 1731 1768 1747 1722 1734 1727 1762 1724 1734 1722 1762 1734 1744 1709 1727 1721 1769 1699 1740 1743 1748 1725 1770 1743 1713 1749 1726 1749 1745 1761 1726 1731 1746 1750 1747 1746 1751 1750 1771 1706 1754 1753 1742 1711 1755 1752 1754 1756 1757 1755 1711 1772 1757 1758 1714 1773 1759 1725 1760 1760 1758 1714 1772 1741 1761 1722 1762 1745 1762 1761 1726 1723 1774 1744 1742 1757 1734 1711 1726 1733 1774 1723 1742 1775 1730 1728 1747 1768 1774 1733 1747 1754 1776 1753 1742 1777 1775 1778 1730 1778 1779 1777 1730 1730 1779 1777 1746 1728 1753 1775 1776 1764 1763 1705 1698 1705 1716 1763 1780 1721 1699 1769 1735 1737 1700 1765 1691 1719 1736 1765 1691 1781 1718 1717 1736 1782 1766 1718 1736 1783 1719 1720 1736 1720 1766 1784 1736 1737 1736 1738 1691 1738 1736 1739 1691 1781 1717 1739 1736 1767 1699 1769 1740 1744 1716 1705 1785 1764 1741 1705 1762 1705 1727 1734 1762 1754 1742 1706 1734 1734 1709 1744 1742 1724 1734 1762 1726 1755 1754 1711 1734 1743 1786 1725 1726 1760 1725 1786 1726 1714 1726 1760 1772 1772 1757 1714 1726 1705 1744 1785 1734 1733 1742 1728 1747 1753 1776 1728 1742 1779 1746 1730 1747 1787 1768 1731 1747 1748 1773 1725 1770 1743 1770 1725 1786 1743 1749 1788 1726 1749 1761 1762 1726 1750 1787 1731 1747 1750 1747 1746 1771 1746 1789 1751 1771 1751 1790 1750 1771 1755 1711 1757 1734 1760 1773 1759 1791 1725 1773 1760 1786 1761 1741 1792 1762 1744 1774 1716 1742 1757 1793 1734 1726 1774 1742 1733 1747 1775 1728 1776 1747 1775 1778 1730 1747 1768 1794 1774 1747 1754 1795 1776 1742 1778 1779 1730 1747 1779 1796 1777 1746 1797 1773 1748 1770 1798 1770 1743 1786 1799 1759 1773 1791 1751 1789 1800 1790 1789 1800 1790 1801 1716 1774 1794 1802 1763 1764 1705 1780 1763 1716 1803 1780 1705 1785 1716 1780 1767 1769 1699 1735 1737 1765 1736 1691 1783 1765 1719 1736 1782 1718 1781 1736 1766 1736 1782 1804 1720 1784 1783 1736 1784 1736 1766 1804 1805 1738 1737 1736 1806 1739 1738 1736 1806 1781 1739 1736 1807 1740 1767 1769 1744 1716 1785 1742 1764 1808 1741 1762 1764 1705 1785 1762 1705 1734 1785 1762 1795 1742 1754 1734 1744 1742 1785 1734 1788 1762 1734 1726 1795 1754 1755 1734 1743 1788 1786 1726 1760 1786 1772 1726 1772 1793 1757 1726 1728 1742 1776 1747 1746 1747 1779 1771 1747 1794 1787 1768 1725 1770 1773 1786 1743 1788 1749 1786 1749 1762 1788 1726 1762 1749 1792 1761 1787 1747 1750 1771 1789 1746 1796 1771 1789 1790 1751 1771 1750 1790 1809 1771 1755 1757 1793 1734 1773 1791 1760 1786 1762 1792 1808 1741 1716 1742 1774 1802 1788 1734 1793 1726 1774 1802 1742 1747 1775 1776 1778 1747 1794 1802 1774 1747 1810 1776 1795 1742 1811 1779 1778 1747 1746 1779 1796 1771 1773 1797 1812 1770 1743 1749 1798 1786 1798 1813 1770 1786 1773 1814 1799 1791 1815 1790 1800 1801 1790 1789 1801 1816 1794 1803 1716 1802 1716 1802 1803 1780 1809 1787 1750 1771 1817 1812 1797 1770 1818 1815 1800 1801 1812 1819 1817 1797 1789 1796 1820 1821 1820 1789 1821 1801 1822 1823 1824 1819 1819 1824 1822 1812 1814 1799 1825 1812 1763 1826 1764 1780 1764 1785 1705 1780 1803 1827 1763 1780 1716 1785 1742 1780 1699 1767 1735 1828 1769 1735 1767 1829 1805 1737 1765 1736 1765 1783 1830 1736 1782 1736 1781 1804 1831 1766 1782 1804 1783 1736 1784 1804 1784 1766 1831 1804 1738 1805 1832 1736 1806 1738 1832 1736 1806 1781 1736 1804 1767 1807 1769 1829 1762 1808 1785 1764 1793 1785 1734 1762 1795 1785 1742 1734 1793 1734 1788 1762 1793 1795 1755 1734 1772 1786 1788 1726 1760 1833 1772 1786 1772 1788 1793 1726 1776 1742 1802 1747 1779 1747 1811 1771 1747 1787 1794 1802 1812 1773 1770 1786 1749 1788 1798 1786 1762 1792 1749 1788 1787 1834 1747 1771 1789 1796 1821 1771 1790 1771 1789 1816 1809 1790 1835 1771 1833 1760 1791 1786 1773 1814 1791 1786 1762 1808 1792 1836 1716 1742 1802 1780 1776 1811 1778 1747 1810 1742 1795 1802 1776 1742 1810 1802 1779 1821 1796 1771 1770 1813 1817 1786 1837 1813 1798 1786 1812 1814 1799 1773 1790 1801 1815 1816 1821 1801 1789 1816 1794 1838 1803 1802 1803 1802 1827 1780 1809 1834 1787 1771 1812 1770 1817 1786 1815 1818 1839 1801 1819 1817 1824 1812 1840 1820 1821 1801 1823 1841 1822 1824 1822 1812 1824 1842 1825 1822 1814 1812 1795 1742 1785 1802 1843 1798 1749 1788 1843 1749 1792 1788 1844 1792 1808 1836 1803 1838 1827 1802 1840 1845 1820 1801 1818 1839 1846 1847 1839 1845 1848 1849 1850 1825 1822 1851 1850 1822 1841 1851 1826 1763 1827 1780 1852 1764 1826 1780 1780 1785 1808 1764 1785 1802 1742 1780 1829 1735 1767 1828 1765 1830 1805 1736 1783 1830 1736 1804 1853 1782 1781 1804 1854 1831 1782 1804 1783 1784 1855 1804 1856 1784 1831 1804 1832 1736 1805 1804 1832 1806 1736 1804 1806 1853 1781 1804 1767 1807 1829 1828 1762 1785 1808 1836 1793 1785 1795 1734 1793 1788 1785 1762 1833 1788 1772 1786 1772 1833 1793 1788 1776 1802 1811 1747 1779 1811 1857 1771 1747 1834 1811 1771 1787 1838 1794 1802 1802 1747 1787 1834 1773 1812 1814 1786 1788 1858 1798 1786 1792 1836 1788 1762 1821 1789 1771 1816 1835 1771 1790 1816 1809 1835 1834 1771 1791 1859 1833 1786 1814 1859 1791 1786 1810 1795 1785 1802 1811 1776 1810 1802 1779 1857 1821 1771 1817 1786 1813 1860 1837 1798 1858 1786 1813 1786 1837 1860 1835 1790 1815 1816 1839 1815 1801 1816 1821 1840 1801 1816 1827 1802 1861 1780 1809 1862 1787 1834 1817 1812 1786 1842 1839 1818 1815 1847 1824 1812 1817 1842 1863 1841 1823 1824 1841 1822 1824 1842 1814 1812 1822 1842 1825 1822 1851 1814 1798 1788 1843 1858 1843 1788 1792 1836 1844 1808 1864 1836 1843 1792 1844 1836 1838 1865 1827 1802 1840 1845 1801 1849 1847 1846 1866 1839 1801 1845 1839 1849 1866 1839 1848 1849 1841 1867 1850 1851 1841 1851 1822 1842 1808 1764 1852 1780 1837 1798 1843 1858 1868 1813 1837 1860 1865 1861 1827 1802 1869 1863 1841 1823 1847 1866 1846 1870 1867 1850 1871 1841 1870 1866 1846 1872 1873 1874 1875 1869 1875 1841 1869 1876 1826 1827 1861 1780 1852 1826 1877 1780 1780 1808 1785 1836 1861 1802 1785 1780 1878 1735 1829 1828 1830 1805 1736 1804 1783 1855 1830 1804 1854 1782 1853 1804 1854 1879 1831 1804 1856 1855 1784 1804 1856 1831 1879 1804 1880 1832 1805 1804 1832 1881 1806 1804 1882 1853 1806 1804 1883 1807 1767 1828 1807 1884 1829 1828 1788 1836 1785 1762 1885 1795 1793 1785 1793 1886 1785 1788 1833 1858 1788 1786 1793 1833 1886 1788 1811 1747 1802 1834 1811 1834 1857 1771 1838 1802 1787 1834 1814 1786 1812 1842 1821 1771 1887 1816 1834 1771 1835 1816 1809 1835 1888 1834 1859 1858 1833 1786 1814 1859 1786 1860 1795 1885 1810 1785 1785 1861 1810 1802 1810 1889 1811 1802 1857 1887 1821 1771 1817 1813 1868 1860 1817 1842 1786 1860 1837 1786 1858 1860 1815 1890 1835 1816 1849 1801 1816 1839 1839 1847 1815 1816 1821 1887 1840 1816 1849 1816 1801 1840 1862 1809 1888 1834 1862 1838 1787 1834 1817 1868 1824 1842 1841 1824 1863 1842 1851 1814 1822 1842 1843 1858 1788 1836 1844 1864 1891 1836 1808 1892 1864 1836 1836 1843 1893 1844 1838 1865 1802 1894 1866 1847 1839 1895 1848 1866 1849 1896 1849 1866 1839 1895 1841 1867 1851 1842 1808 1852 1892 1780 1843 1893 1837 1858 1837 1897 1868 1860 1865 1898 1827 1861 1861 1802 1865 1894 1869 1841 1863 1876 1847 1866 1870 1895 1867 1841 1871 1876 1872 1870 1866 1899 1900 1873 1874 1875 1874 1875 1869 1876 1875 1871 1841 1876 1826 1827 1898 1861 1808 1892 1836 1780 1859 1858 1786 1860 1810 1861 1889 1802 1815 1847 1890 1816 1836 1893 1843 1858 1852 1864 1808 1892 1838 1862 1865 1894 1866 1848 1901 1896 1869 1863 1874 1876 1873 1902 1900 1874 1899 1903 1872 1904 1901 1905 1899 1906 1871 1907 1908 1875 1826 1861 1877 1780 1852 1877 1892 1780 1785 1836 1892 1780 1785 1892 1861 1780 1829 1884 1878 1828 1830 1880 1805 1804 1830 1855 1909 1804 1854 1853 1879 1804 1910 1831 1854 1879 1856 1879 1855 1804 1910 1856 1831 1879 1881 1832 1880 1804 1882 1806 1881 1804 1882 1879 1853 1804 1884 1807 1883 1828 1785 1788 1886 1836 1885 1793 1886 1785 1886 1788 1833 1858 1811 1802 1889 1834 1857 1811 1889 1834 1857 1834 1887 1771 1838 1894 1802 1834 1814 1786 1842 1860 1887 1771 1834 1816 1911 1834 1835 1816 1835 1911 1888 1834 1833 1859 1912 1858 1814 1913 1859 1860 1810 1785 1885 1861 1817 1868 1842 1860 1837 1858 1897 1860 1890 1914 1835 1816 1849 1895 1839 1816 1839 1895 1847 1816 1840 1887 1915 1816 1849 1840 1915 1816 1888 1916 1862 1834 1838 1862 1894 1834 1917 1824 1868 1842 1917 1863 1824 1842 1863 1841 1842 1876 1913 1814 1851 1842 1886 1788 1858 1836 1836 1893 1891 1844 1864 1892 1891 1836 1849 1896 1866 1895 1918 1851 1867 1842 1841 1867 1842 1876 1837 1893 1897 1858 1868 1897 1919 1860 1898 1861 1865 1894 1889 1802 1861 1894 1847 1870 1920 1895 1899 1870 1866 1895 1871 1908 1867 1876 1872 1870 1899 1904 1874 1900 1875 1921 1874 1921 1875 1876 1871 1875 1908 1876 1898 1877 1826 1861 1912 1858 1859 1860 1810 1922 1889 1861 1847 1914 1890 1816 1893 1923 1858 1836 1852 1877 1864 1892 1865 1862 1916 1894 1896 1901 1866 1906 1863 1924 1874 1876 1900 1925 1902 1873 1900 1874 1902 1921 1904 1899 1903 1926 1899 1866 1901 1906 1905 1899 1906 1927 1908 1907 1928 1875 1922 1810 1885 1861 1929 1898 1865 1894 1870 1904 1920 1895 1890 1847 1920 1914 1930 1904 1903 1926 1900 1928 1907 1875 1930 1903 1931 1926 1927 1926 1899 1932 1861 1892 1877 1780 1785 1886 1892 1836 1885 1861 1785 1892 1884 1883 1878 1828 1880 1830 1909 1804 1855 1879 1909 1804 1933 1854 1853 1879 1934 1910 1854 1879 1855 1856 1935 1879 1936 1856 1910 1879 1881 1880 1879 1804 1882 1881 1879 1804 1933 1853 1882 1879 1883 1937 1807 1884 1886 1885 1785 1892 1886 1833 1912 1858 1889 1802 1894 1834 1938 1857 1889 1834 1938 1887 1857 1834 1814 1842 1913 1860 1887 1834 1911 1816 1835 1914 1911 1816 1939 1888 1835 1911 1916 1888 1911 1834 1940 1859 1913 1860 1917 1842 1868 1860 1897 1858 1923 1860 1890 1939 1835 1914 1915 1895 1849 1816 1847 1895 1914 1816 1887 1914 1915 1816 1916 1894 1862 1834 1863 1842 1917 1876 1918 1913 1851 1842 1886 1858 1923 1836 1836 1891 1893 1923 1864 1941 1891 1892 1891 1892 1923 1836 1915 1896 1849 1895 1896 1906 1866 1895 1867 1918 1842 1876 1897 1858 1893 1923 1917 1868 1919 1860 1897 1942 1919 1860 1861 1894 1898 1943 1922 1889 1861 1894 1847 1920 1914 1895 1899 1866 1906 1895 1899 1904 1870 1895 1867 1908 1944 1876 1928 1875 1900 1921 1908 1875 1921 1876 1874 1945 1921 1876 1877 1861 1898 1943 1940 1912 1859 1860 1912 1923 1858 1860 1877 1941 1864 1892 1929 1865 1916 1894 1863 1917 1924 1876 1924 1945 1874 1876 1925 1900 1902 1921 1946 1902 1874 1921 1899 1926 1904 1932 1947 1905 1906 1927 1906 1927 1899 1932 1928 1908 1875 1921 1922 1885 1948 1861 1898 1894 1929 1943 1920 1904 1949 1895 1950 1890 1920 1914 1904 1926 1930 1932 1928 1907 1951 1900 1931 1952 1930 1926 1927 1952 1926 1932 1944 1918 1867 1876 1877 1898 1953 1943 1947 1954 1905 1927 1953 1898 1929 1943 1877 1892 1861 1943 1886 1923 1892 1836 1948 1861 1885 1892 1828 1883 1878 1955 1883 1955 1884 1878 1880 1909 1879 1804 1855 1935 1909 1879 1934 1854 1933 1879 1934 1956 1910 1879 1936 1935 1856 1879 1956 1936 1910 1879 1879 1957 1880 1881 1957 1882 1881 1879 1958 1933 1882 1879 1883 1884 1955 1937 1886 1948 1885 1892 1886 1858 1912 1923 1889 1894 1959 1834 1938 1889 1959 1834 1938 1911 1887 1834 1913 1842 1942 1860 1911 1914 1887 1816 1939 1911 1835 1914 1960 1888 1939 1911 1916 1888 1960 1911 1916 1911 1894 1834 1940 1913 1942 1860 1917 1942 1842 1860 1897 1923 1942 1860 1950 1939 1890 1914 1915 1914 1895 1816 1915 1887 1961 1914 1917 1842 1945 1876 1962 1913 1918 1842 1963 1893 1891 1923 1891 1892 1941 1923 1915 1964 1896 1895 1906 1896 1965 1895 1918 1962 1842 1876 1963 1897 1893 1923 1917 1919 1942 1860 1919 1897 1966 1942 1922 1894 1861 1943 1922 1959 1889 1894 1950 1914 1920 1895 1906 1932 1899 1895 1904 1899 1932 1895 1908 1945 1944 1876 1951 1928 1900 1921 1908 1921 1945 1876 1946 1874 1945 1921 1940 1923 1912 1860 1877 1941 1892 1943 1967 1929 1916 1894 1917 1945 1924 1876 1946 1874 1924 1945 1925 1968 1900 1921 1969 1925 1902 1921 1902 1946 1970 1921 1947 1927 1906 1932 1928 1944 1908 1921 1948 1922 1861 1943 1929 1894 1971 1943 1949 1950 1920 1895 1904 1972 1949 1895 1930 1973 1904 1932 1930 1926 1952 1932 1930 1952 1931 1974 1947 1952 1927 1932 1876 1962 1944 1918 1877 1953 1941 1943 1947 1952 1954 1927 1953 1929 1971 1943 1887 1938 1961 1911 1951 1900 1968 1921 1967 1916 1929 1975 1948 1861 1892 1943 1976 1892 1886 1923 1977 1884 1955 1878 1978 1880 1909 1879 1909 1935 1979 1879 1934 1933 1980 1879 1956 1879 1934 1981 1936 1982 1935 1879 1936 1879 1956 1981 1880 1957 1879 1978 1958 1882 1957 1879 1958 1983 1933 1879 1937 1883 1984 1955 1977 1955 1884 1937 1886 1976 1948 1892 1976 1886 1912 1923 1911 1834 1959 1894 1959 1834 1911 1938 1962 1942 1913 1842 1887 1911 1961 1914 1911 1914 1939 1985 1960 1911 1939 1985 1916 1911 1960 1967 1916 1894 1911 1967 1962 1940 1913 1942 1940 1942 1923 1860 1942 1945 1917 1842 1963 1897 1923 1942 1950 1939 1914 1985 1915 1914 1964 1895 1915 1961 1964 1914 1945 1842 1962 1876 1986 1963 1891 1923 1891 1941 1986 1923 1941 1923 1892 1943 1964 1965 1896 1895 1906 1965 1932 1895 1987 1917 1919 1942 1963 1966 1897 1942 1919 1966 1987 1942 1988 1894 1922 1943 1988 1959 1922 1894 1895 1972 1950 1914 1904 1932 1972 1895 1944 1945 1908 1921 1876 1944 1962 1945 1951 1989 1928 1921 1946 1945 1970 1921 1940 1990 1912 1923 1971 1894 1929 1967 1987 1924 1917 1945 1924 1991 1946 1945 1968 1925 1969 1921 1969 1902 1970 1921 1947 1906 1965 1932 1992 1944 1928 1921 1948 1988 1922 1943 1894 1971 1943 1993 1895 1950 1972 1949 1973 1949 1904 1972 1973 1930 1994 1932 1973 1972 1904 1932 1974 1930 1952 1932 1995 1931 1952 1974 1947 1954 1952 1932 1941 1953 1996 1943 1971 1943 1996 1953 1997 1961 1938 1911 1951 1968 1989 1921 1971 1929 1975 1967 1975 1916 1960 1967 1980 1956 1934 1981 1936 1956 1998 1981 1999 1960 1939 1985 1950 1999 1939 1985 1969 1968 2000 1925 1954 2001 1952 1932 2002 1952 1954 2001 1948 1892 1976 1943 1892 1923 1976 1943 2003 1878 1977 1955 1978 1909 1979 1879 1979 1935 1982 1879 1983 1980 1933 1879 1980 1934 1879 1981 1936 1982 1879 1981 1957 1978 2004 1879 1958 1957 2004 1879 1958 1983 1879 1981 1977 1937 1984 1955 1912 1990 1976 1923 1959 1911 1894 1967 1938 1959 1997 1911 1962 1945 1942 1842 1961 1914 1911 1985 1960 1967 1911 1985 1962 2005 1940 1942 1990 1923 1940 1942 1987 1917 1942 1945 1942 1963 2006 1923 2007 1950 1914 1985 1964 1914 1972 1895 1961 2008 1964 1914 2006 1963 1986 1923 1941 2009 1986 1923 1941 2010 1923 1943 1964 1972 1965 1895 1972 1932 1965 1895 1942 2006 1963 1966 1987 1966 2011 1942 1988 1894 1943 1993 1959 1894 1988 1967 2007 1914 1950 1972 1992 1945 1944 1921 1962 1944 2012 1945 1989 1992 1928 1921 1970 1946 1991 1945 1945 2013 1970 1921 1971 1993 1894 1967 1991 1924 1987 1945 1969 2014 1968 1921 1969 1970 2015 1921 1965 2016 1947 1932 2017 1988 1948 1943 1971 1996 1943 1993 1949 2007 1950 1972 1973 2018 1949 1972 1974 1994 1930 1932 1973 1994 1972 1932 1974 1952 1995 1932 2019 1931 1995 1974 1947 2001 1954 1932 1941 1996 2010 1943 1997 1961 1911 1985 1968 2020 1951 1989 1968 2014 1989 1921 1967 1971 2021 1975 1960 2022 1975 1967 1980 2023 1956 1981 1936 1998 1982 1981 1956 2024 1998 1981 2022 1960 1999 1985 1950 2007 1999 1985 1968 1969 2000 2014 1952 2001 2002 1932 2002 1954 2025 2001 1937 1984 2026 1977 2022 1967 1960 1985 2005 1990 1940 1942 2006 1986 1963 2027 1952 2002 1995 1932 2017 1948 1976 1943 1923 2010 1976 1943 1977 1984 2003 1955 2028 1978 1979 1879 1979 1879 1982 1981 1980 1879 1983 1981 2028 2004 1978 1879 1958 1879 2004 1981 1958 2004 1983 1981 1990 2029 1976 1923 1959 1997 1911 1967 1962 2012 1942 1945 2008 1914 1961 1985 1997 1911 1967 1985 1962 2012 2005 1942 1923 1942 1990 2006 1987 1945 1942 2030 2007 1914 2031 1985 1972 2008 1914 1964 1986 1923 2009 2006 2009 1923 1941 2010 1964 2032 1965 1972 1965 1972 2016 1932 1963 2027 1966 2006 2011 1942 1966 2006 2011 1987 1942 2030 1894 1993 1988 1967 2017 1988 1943 1993 2033 1959 1988 1967 2031 1914 2007 1972 1992 2012 1944 1945 1945 1992 2013 1921 1989 2014 1992 1921 1970 1945 1991 2013 1921 2015 2013 1970 1967 2021 1971 1993 1991 1945 1987 2030 1969 2015 2014 1921 1947 2016 2001 1932 1996 1971 2034 1993 1996 2010 1943 1993 1949 2018 2007 1972 2018 1973 1994 1972 1974 2035 1994 1932 1972 1932 1994 2036 1995 2035 1974 1932 1974 1995 2019 2035 1996 2009 1941 2010 1997 2008 1961 1985 1968 2020 1989 2014 2022 2021 1975 1967 1980 2037 2023 1981 2023 2024 1956 1981 1982 1998 2038 1981 1998 2024 2038 1981 2022 1999 2039 1985 1999 2007 2039 1985 1968 2000 2040 2014 2041 2000 1969 2014 2002 2001 2042 1932 2042 2025 2001 2002 1984 2026 1977 2043 2022 2044 1967 1985 2005 1990 1942 2006 1986 2009 2027 2006 2002 2042 1995 1932 1977 2003 1984 2043 2004 2045 1958 1983 1970 1991 2046 2013 1991 1987 2046 2030 2040 2020 1968 2014 2047 1970 2046 2013 2048 2049 2025 2042 2050 2041 2040 2000 2051 2020 2052 2040 2024 2023 2046 2053 2023 2047 2046 2053 2017 1976 2010 1943 2029 1976 1923 2010 1984 2003 1955 2054 1979 2028 1879 1981 1979 1982 2055 1981 1983 2037 1980 1981 2004 1879 2028 1981 2004 2045 1983 1981 1990 2029 1923 2006 1997 1959 2033 1967 1942 1945 2012 2030 2008 2031 1914 1985 1997 1967 2044 1985 2012 2005 1942 2030 2007 2031 2039 1985 2008 2032 1964 1972 1972 1914 2008 2031 1923 2010 2009 2006 2016 1965 2032 1972 2016 1932 1972 2036 2027 2011 1966 2006 2011 1942 2006 2030 2011 2046 1987 2030 2033 1988 1993 1967 2017 2056 1988 1993 2017 1943 2010 1993 2018 2031 2007 1972 1992 2012 1945 2013 2014 2013 1992 1921 2057 1992 1989 2014 1991 1945 2030 2013 1970 2047 2015 2013 1921 2013 2015 2014 2034 1971 2021 1993 2044 1993 2021 1967 2041 1969 2015 2014 2058 2001 2016 1932 2034 2059 1996 1993 2059 2010 1996 1993 2018 1972 1994 2036 2035 1994 1932 2036 1995 2035 1932 2060 2035 1995 2019 2042 2009 1996 2061 2010 2062 2008 1997 1985 2051 1989 2020 2014 2022 2044 2021 1967 2037 2053 2023 1981 2023 2053 2024 1981 1982 2038 2063 1981 2024 2064 2038 1981 2022 2039 2044 1985 2041 2040 2000 2014 2060 2042 2001 1932 2042 2001 2025 2048 1984 2043 2065 2026 2005 2066 1990 2006 2005 2006 1942 2030 2027 2009 2067 2006 1995 1932 2042 2060 2065 2043 1984 2003 1991 2030 2046 2013 2040 2051 2020 2014 2046 2053 2047 2013 2048 2068 2049 2042 2041 2069 2050 2040 2052 2070 2051 2040 2046 2011 2024 2053 2023 2037 2047 2053 1988 2056 2033 1993 2035 2071 1994 2036 2035 2019 2072 2042 2022 2039 2073 2044 2029 2017 1976 2010 2029 2010 1923 2006 2003 1984 2065 2054 2028 1979 2055 1981 2055 1982 2063 1981 1983 2045 2037 1981 2004 2028 2074 1981 2004 2074 2045 1981 1990 2066 2029 2006 1997 2033 2044 1967 2012 2030 1945 2013 2062 2031 2008 1985 2062 1997 2044 1985 2012 2075 2005 2030 2039 2007 2076 2031 2039 2031 2044 1985 2008 2031 2032 1972 2009 2010 2067 2006 2032 2016 1972 2036 2016 2058 1932 2036 2067 2011 2027 2006 2011 2006 2077 2030 2011 2053 2046 2030 2033 1993 2044 1967 2017 2010 2056 1993 2007 2018 2076 2031 2031 1972 2018 2036 1992 2078 2012 2013 1992 2014 2057 2013 1989 2051 2057 2014 2015 2013 2047 2079 2015 2014 2013 2079 2021 2080 2034 1993 2021 2044 2080 1993 2041 2015 2081 2014 2001 1932 2058 2060 2059 1993 2034 2082 2059 2061 1996 2010 2010 1993 2059 2082 2083 2018 1994 2036 2035 2036 1932 2060 1995 2042 2035 2060 2009 2061 2067 2010 2022 2073 2021 2044 2084 2053 2037 1981 2024 2053 2064 1981 2064 2063 2038 1981 2038 2024 2011 2064 2014 2040 2069 2041 2060 2001 2042 2048 2043 2065 2026 2085 2066 2006 2005 2030 2003 2065 2043 2085 2046 2030 2053 2013 2051 2040 2070 2014 2047 2013 2053 2079 2049 2068 2048 2086 2048 2068 2042 2060 2069 2070 2050 2040 2087 2052 2070 2051 2064 2024 2011 2053 2088 2047 2037 2053 2089 2033 2056 1993 2083 1994 2071 2036 2071 2036 2035 2060 2042 2072 2035 2090 2073 2044 2039 2031 2078 1992 2057 2013 2070 2050 2091 2069 2090 2042 2072 2068 2091 2092 2093 2069 2029 2094 2017 2010 2010 2006 2029 2077 2003 2065 2085 2054 2095 2028 2055 1981 2055 2063 2096 1981 2045 2084 2037 1981 2095 2074 2028 1981 2074 2084 2045 1981 2066 2029 2006 2077 2033 2062 1997 2044 2075 2030 2012 2013 2097 2008 2062 2031 2062 2044 2031 1985 2066 2005 2075 2030 2098 2039 2076 2031 2097 2032 2008 2031 2032 1972 2031 2036 2067 2006 2010 2077 2032 2099 2016 2036 2016 2099 2058 2036 1932 2036 2058 2060 2067 2011 2006 2077 2064 2011 2077 2030 2066 2077 2006 2030 2064 2053 2011 2030 2089 2044 2033 1993 2017 2094 2056 2010 2056 1993 2010 2082 2076 2031 2018 2036 2078 2075 2012 2013 2057 2013 2014 2079 2057 2051 2087 2014 2081 2015 2047 2079 2015 2081 2014 2079 2034 1993 2080 2082 2080 2021 2073 2044 2044 2100 2080 1993 2041 2081 2101 2014 2048 2001 2058 2060 2102 2059 2034 2082 2061 2010 2059 2082 2083 2076 2018 2036 2090 2035 2042 2060 2067 2010 2061 2103 2037 2084 2088 2053 2084 2064 2053 1981 2067 2038 2064 2063 2096 2063 2064 1981 2038 2011 2067 2064 2069 2040 2014 2070 2069 2041 2101 2014 2104 2026 2065 2085 2053 2013 2030 2079 2051 2070 2087 2014 2047 2053 2088 2079 2086 2105 2049 2068 2086 2068 2048 2060 2090 2042 2068 2060 2106 2052 2070 2087 2089 1993 2056 2082 2083 2071 2107 2036 2108 2071 2035 2060 2060 2036 2107 2071 2073 2039 2098 2031 2109 2073 2031 2044 2057 2078 2013 2079 2070 2091 2093 2069 2110 2090 2072 2068 2093 2111 2092 2091 2093 2069 2092 2112 2029 2094 2010 2103 2010 2077 2029 2103 2054 2003 2113 2085 2085 2065 2104 2054 2095 2055 2096 1981 2096 2055 2114 2063 2084 2088 2045 2037 2096 2074 2095 1981 2115 2045 2074 2084 2096 2084 2074 1981 2066 2116 2029 2077 2089 2062 2033 2044 2075 2030 2013 2079 2062 2097 2031 2109 2062 2031 2044 2109 2066 2075 2077 2030 2076 2098 2031 2109 2032 2097 2099 2031 2032 2031 2099 2036 2067 2077 2010 2103 2058 2099 2117 2036 2058 2036 2117 2060 2067 2064 2011 2077 2064 2077 2053 2030 2089 2100 2044 1993 2094 2056 2010 2082 2036 2109 2076 2031 2075 2013 2078 2079 2057 2014 2101 2079 2057 2087 2101 2014 2047 2088 2081 2079 2101 2014 2081 2079 2034 2080 2102 2082 2080 1993 2100 2082 2080 2044 2073 2100 2118 2041 2081 2101 2048 2058 2119 2060 2061 2059 2102 2082 2061 2103 2010 2082 2036 2076 2109 2083 2108 2035 2090 2060 2067 2061 2114 2103 2088 2053 2084 2079 2064 2084 2053 2120 2096 2064 2084 1981 2064 2096 2067 2063 2069 2101 2070 2014 2069 2041 2118 2101 2053 2030 2120 2079 2087 2070 2101 2014 2068 2086 2105 2121 2086 2048 2119 2060 2086 2122 2068 2060 2068 2122 2090 2060 2070 2123 2106 2087 2124 2089 2056 2082 2089 2100 1993 2082 2083 2107 2125 2036 2108 2107 2071 2060 2060 2107 2036 2125 2109 2031 2073 2098 2073 2100 2044 2109 2057 2126 2078 2079 2070 2069 2093 2112 2068 2110 2090 2127 2111 2093 2092 2112 2092 2069 2118 2112 2096 2114 2067 2063 2077 2120 2053 2030 2053 2120 2084 2079 2123 2106 2093 2070 2127 2068 2110 2121 2111 2128 2093 2112 2093 2129 2106 2123 2121 2110 2127 2130 2131 2128 2132 2111 2029 2116 2094 2103 2094 2010 2103 2082 2116 2029 2077 2103 2054 2113 2003 2133 2113 2085 2104 2054 2065 2134 2104 2054 2095 2055 2114 2096 2045 2115 2088 2084 2074 2095 2135 2096 2096 2115 2074 2084 2136 2116 2066 2077 2089 2062 2044 2100 2075 2120 2030 2079 2062 2137 2097 2109 2099 2031 2097 2109 2100 2109 2062 2044 2066 2075 2136 2077 2075 2120 2077 2030 2076 2138 2098 2109 2099 2031 2109 2036 2067 2103 2096 2077 2099 2125 2117 2036 2119 2058 2117 2060 2117 2036 2125 2060 2064 2067 2096 2077 2064 2053 2077 2120 2094 2124 2056 2082 2075 2078 2139 2079 2057 2101 2126 2079 2126 2057 2087 2101 2088 2101 2081 2079 2080 2100 2102 2082 2080 2073 2140 2100 2118 2081 2141 2101 2142 2061 2102 2082 2142 2103 2061 2082 2083 2138 2076 2109 2083 2125 2109 2036 2108 2090 2122 2060 2114 2061 2142 2103 2096 2103 2067 2114 2088 2084 2120 2079 2084 2064 2096 2120 2069 2112 2070 2101 2118 2112 2069 2101 2101 2123 2070 2087 2143 2105 2086 2121 2086 2121 2068 2122 2086 2119 2122 2060 2127 2090 2068 2122 2124 2100 2089 2082 2107 2138 2083 2125 2108 2125 2107 2060 2073 2098 2100 2109 2126 2139 2078 2079 2093 2123 2070 2112 2131 2111 2092 2112 2092 2118 2144 2112 2127 2068 2121 2122 2128 2129 2093 2112 2131 2128 2111 2112 2129 2123 2093 2112 2145 2130 2121 2127 2131 2146 2132 2128 2088 2141 2081 2101 2102 2080 2147 2100 2140 2073 2098 2100 2108 2090 2148 2122 2143 2149 2105 2121 2094 2116 2150 2103 2094 2103 2150 2082 2151 2116 2077 2103 2113 2104 2133 2054 2104 2152 2085 2113 2133 2104 2134 2054 2095 2114 2135 2096 2088 2084 2115 2120 2135 2115 2074 2096 2096 2115 2084 2120 2136 2151 2116 2077 2089 2137 2062 2100 2075 2139 2120 2079 2097 2137 2153 2109 2100 2062 2109 2137 2153 2099 2097 2109 2136 2077 2075 2120 2098 2138 2154 2109 2109 2125 2099 2036 2155 2077 2096 2103 2117 2099 2153 2125 2119 2117 2125 2060 2064 2077 2096 2120 2094 2150 2124 2082 2126 2101 2156 2079 2157 2126 2087 2101 2101 2088 2158 2079 2102 2147 2082 2100 2080 2140 2147 2100 2118 2141 2144 2101 2142 2102 2159 2082 2142 2159 2103 2082 2138 2109 2083 2125 2108 2122 2125 2060 2142 2160 2114 2103 2114 2155 2096 2103 2120 2158 2088 2079 2101 2070 2123 2112 2118 2144 2112 2101 2157 2087 2123 2101 2086 2143 2121 2122 2086 2119 2143 2122 2119 2125 2122 2060 2148 2090 2127 2122 2161 2089 2124 2100 2159 2100 2124 2082 2138 2107 2162 2125 2163 2107 2108 2125 2098 2140 2100 2109 2126 2156 2139 2079 2092 2144 2131 2112 2121 2145 2127 2122 2129 2128 2164 2112 2131 2146 2128 2112 2129 2164 2123 2112 2145 2121 2130 2165 2131 2132 2146 2166 2088 2141 2101 2158 2163 2108 2148 2122 2143 2149 2121 2167 2139 2136 2075 2120 2098 2154 2140 2109 2102 2082 2147 2168 2102 2168 2159 2082 2128 2169 2129 2164 2150 2116 2151 2103 2150 2103 2159 2082 2151 2077 2155 2103 2113 2104 2134 2133 2134 2104 2113 2152 2054 2134 2133 2170 2135 2096 2114 2155 2115 2088 2120 2158 2115 2096 2135 2120 2151 2077 2136 2120 2137 2089 2161 2100 2139 2158 2120 2079 2137 2171 2153 2109 2171 2137 2100 2109 2099 2109 2153 2125 2138 2162 2154 2109 2096 2077 2155 2120 2153 2172 2117 2125 2173 2119 2117 2125 2150 2159 2124 2082 2156 2126 2157 2101 2101 2158 2156 2079 2159 2082 2147 2100 2154 2147 2140 2100 2158 2144 2141 2101 2102 2168 2142 2159 2142 2159 2160 2103 2138 2162 2109 2125 2163 2125 2108 2122 2160 2155 2114 2103 2157 2123 2112 2101 2144 2112 2101 2174 2121 2143 2167 2122 2143 2119 2175 2122 2119 2125 2173 2122 2127 2145 2148 2122 2124 2159 2161 2100 2107 2163 2162 2125 2154 2100 2140 2109 2156 2158 2139 2079 2144 2176 2131 2112 2145 2121 2165 2122 2146 2164 2128 2112 2166 2146 2131 2112 2157 2123 2164 2112 2165 2130 2145 2177 2166 2178 2132 2146 2088 2179 2141 2158 2163 2122 2148 2180 2121 2149 2165 2167 2139 2181 2136 2120 2159 2147 2082 2168 2164 2169 2146 2128 2096 2155 2135 2120 2151 2136 2181 2120 2150 2151 2155 2103 2150 2155 2159 2103 2151 2155 2077 2120 2134 2182 2113 2133 2183 2104 2134 2152 2113 2182 2134 2152 2133 2134 2182 2170 2114 2160 2135 2155 2115 2179 2088 2158 2115 2158 2120 2184 2115 2120 2135 2184 2171 2137 2161 2100 2139 2181 2120 2158 2171 2153 2109 2125 2171 2100 2185 2109 2154 2162 2186 2109 2171 2172 2153 2125 2117 2172 2173 2125 2150 2187 2124 2159 2156 2101 2157 2158 2188 2159 2147 2100 2147 2154 2189 2100 2158 2141 2144 2179 2144 2101 2158 2174 2142 2168 2190 2159 2142 2190 2160 2159 2160 2159 2155 2103 2162 2185 2109 2125 2163 2125 2122 2180 2157 2101 2112 2174 2144 2176 2112 2174 2175 2167 2143 2122 2121 2167 2165 2122 2175 2119 2173 2122 2173 2122 2125 2180 2148 2122 2145 2191 2161 2124 2187 2159 2161 2159 2188 2100 2192 2162 2163 2125 2185 2100 2154 2109 2139 2156 2181 2158 2131 2112 2176 2174 2145 2122 2165 2191 2146 2164 2112 2174 2166 2146 2112 2174 2131 2166 2112 2174 2157 2112 2164 2174 2165 2177 2145 2191 2146 2166 2178 2193 2148 2192 2163 2180 2148 2180 2122 2191 2165 2149 2194 2167 2168 2147 2195 2159 2164 2146 2169 2196 2135 2120 2155 2184 2151 2120 2181 2184 2154 2186 2185 2109 2169 2197 2196 2146 2198 2150 2151 2155 2198 2159 2150 2155 2151 2155 2120 2184 2152 2134 2183 2182 2182 2199 2133 2170 2182 2134 2183 2170 2200 2135 2160 2155 2115 2201 2179 2158 2201 2158 2115 2184 2181 2120 2158 2184 2202 2115 2135 2184 2171 2161 2185 2100 2171 2109 2185 2125 2162 2185 2186 2109 2171 2172 2125 2203 2172 2173 2125 2180 2198 2187 2150 2159 2204 2156 2157 2158 2157 2158 2101 2174 2147 2188 2195 2159 2189 2100 2188 2147 2154 2185 2189 2100 2144 2158 2179 2174 2168 2195 2190 2159 2190 2160 2159 2155 2185 2125 2162 2203 2192 2125 2163 2180 2144 2179 2176 2174 2167 2122 2175 2191 2165 2122 2167 2191 2173 2175 2122 2180 2148 2145 2205 2191 2161 2187 2188 2159 2161 2188 2185 2100 2192 2162 2125 2203 2181 2156 2206 2158 2131 2176 2166 2174 2146 2196 2164 2174 2166 2193 2146 2174 2204 2157 2164 2174 2207 2177 2165 2191 2208 2145 2177 2191 2146 2178 2209 2193 2210 2178 2166 2193 2205 2192 2148 2180 2205 2180 2148 2191 2122 2180 2175 2191 2194 2165 2167 2211 2202 2135 2155 2184 2181 2212 2151 2184 2186 2189 2154 2185 2146 2197 2196 2209 2190 2200 2160 2155 2165 2194 2207 2211 2151 2212 2198 2155 2159 2155 2198 2213 2212 2155 2151 2184 2199 2182 2214 2170 2215 2183 2134 2170 2183 2215 2182 2170 2200 2202 2135 2155 2201 2216 2179 2158 2202 2201 2115 2184 2216 2158 2201 2184 2181 2158 2206 2184 2217 2171 2161 2185 2171 2125 2185 2203 2162 2186 2185 2203 2203 2218 2171 2172 2172 2180 2125 2203 2172 2219 2173 2180 2198 2187 2159 2213 2156 2204 2206 2158 2157 2204 2158 2174 2147 2189 2195 2188 2195 2188 2190 2159 2188 2100 2189 2185 2179 2158 2216 2174 2190 2155 2159 2213 2192 2125 2180 2203 2220 2176 2179 2174 2167 2175 2221 2191 2167 2211 2165 2191 2173 2221 2175 2180 2145 2208 2205 2191 2187 2217 2161 2188 2188 2159 2187 2213 2217 2185 2161 2188 2192 2222 2162 2203 2176 2193 2166 2174 2196 2223 2164 2174 2146 2193 2196 2174 2164 2223 2204 2174 2207 2208 2177 2191 2165 2211 2207 2191 2210 2209 2178 2193 2146 2209 2196 2193 2210 2166 2224 2193 2225 2192 2205 2180 2205 2180 2191 2226 2221 2175 2180 2191 2202 2155 2227 2184 2181 2206 2212 2184 2186 2228 2189 2185 2197 2229 2196 2209 2200 2155 2190 2213 2194 2230 2207 2211 2224 2166 2176 2193 2208 2231 2207 2177 2209 2210 2178 2232 2213 2212 2155 2198 2227 2155 2212 2184 2214 2215 2199 2170 2214 2182 2215 2170 2182 2215 2183 2214 2200 2227 2202 2155 2201 2220 2179 2216 2202 2227 2201 2184 2227 2216 2201 2184 2206 2158 2216 2184 2217 2218 2171 2185 2203 2171 2218 2185 2162 2222 2186 2203 2186 2185 2203 2233 2218 2219 2172 2203 2172 2219 2180 2203 2219 2221 2173 2180 2198 2234 2187 2213 2204 2216 2206 2158 2204 2216 2158 2174 2189 2235 2195 2188 2190 2195 2236 2188 2190 2159 2188 2213 2189 2185 2235 2188 2220 2179 2216 2174 2225 2192 2180 2203 2224 2176 2220 2174 2221 2211 2167 2191 2205 2191 2208 2226 2187 2234 2217 2188 2234 2188 2187 2213 2237 2185 2217 2188 2225 2222 2192 2203 2224 2193 2176 2174 2196 2193 2223 2174 2223 2238 2204 2174 2207 2208 2191 2226 2207 2191 2211 2226 2209 2210 2239 2193 2196 2209 2229 2193 2210 2224 2240 2193 2241 2225 2205 2180 2205 2241 2180 2226 2221 2191 2180 2226 2206 2227 2212 2184 2189 2228 2235 2185 2186 2228 2185 2233 2229 2197 2242 2209 2200 2190 2236 2213 2200 2227 2155 2213 2207 2230 2243 2211 2244 2231 2207 2208 2232 2209 2210 2245 2223 2196 2229 2193 2186 2222 2228 2233 2231 2246 2244 2207 2247 2248 2232 2245 2198 2212 2249 2213 2213 2155 2212 2227 2215 2199 2170 2250 2251 2215 2199 2214 2215 2251 2183 2214 2252 2202 2200 2227 2220 2201 2253 2216 2254 2201 2202 2227 2254 2201 2227 2216 2206 2216 2227 2184 2237 2218 2217 2185 2218 2203 2185 2233 2186 2203 2222 2233 2218 2255 2219 2203 2255 2180 2219 2203 2219 2221 2180 2226 2249 2234 2198 2213 2206 2204 2238 2216 2238 2216 2204 2174 2236 2195 2235 2188 2190 2188 2236 2213 2235 2188 2185 2233 2224 2220 2216 2174 2225 2180 2255 2203 2211 2191 2221 2226 2205 2208 2241 2226 2234 2237 2217 2188 2256 2188 2234 2213 2237 2185 2188 2233 2225 2257 2222 2203 2224 2258 2193 2174 2258 2174 2223 2193 2258 2223 2174 2238 2207 2244 2208 2226 2207 2211 2243 2226 2210 2245 2209 2239 2209 2239 2229 2193 2210 2240 2239 2193 2240 2193 2224 2258 2241 2225 2180 2226 2206 2259 2212 2227 2228 2235 2185 2233 2242 2229 2209 2260 2261 2200 2236 2213 2252 2227 2200 2213 2246 2230 2243 2207 2209 2232 2248 2245 2223 2229 2262 2193 2228 2222 2257 2233 2244 2263 2246 2231 2246 2244 2207 2226 2248 2247 2264 2245 2255 2180 2225 2226 2245 2210 2240 2239 2265 2230 2243 2246 2212 2227 2249 2213 2251 2199 2215 2250 2214 2199 2251 2266 2202 2252 2254 2227 2254 2253 2201 2216 2224 2220 2253 2216 2254 2227 2267 2216 2259 2227 2206 2216 2237 2218 2185 2233 2218 2255 2203 2233 2222 2203 2257 2233 2268 2219 2218 2255 2219 2180 2255 2226 2219 2269 2221 2226 2249 2256 2234 2213 2259 2206 2238 2216 2216 2238 2258 2174 2236 2235 2270 2188 2236 2188 2256 2213 2235 2271 2188 2233 2224 2216 2258 2174 2225 2255 2257 2203 2243 2211 2221 2226 2241 2208 2244 2226 2234 2256 2237 2188 2237 2188 2271 2233 2262 2223 2193 2258 2262 2238 2223 2258 2246 2207 2243 2226 2248 2209 2245 2239 2209 2260 2229 2239 2229 2239 2262 2193 2239 2193 2240 2258 2272 2240 2224 2258 2241 2255 2225 2226 2249 2212 2259 2227 2228 2273 2235 2233 2248 2242 2209 2260 2252 2200 2261 2213 2261 2236 2256 2213 2252 2227 2213 2274 2228 2257 2273 2233 2263 2244 2246 2275 2246 2275 2244 2226 2276 2264 2247 2245 2248 2277 2245 2264 2240 2278 2245 2239 2265 2246 2243 2275 2279 2225 2241 2255 2248 2280 2242 2260 2281 2246 2265 2275 2264 2280 2248 2282 2249 2213 2227 2274 2215 2283 2251 2250 2266 2199 2251 2250 2254 2227 2252 2274 2254 2267 2253 2216 2253 2224 2216 2258 2267 2227 2254 2274 2267 2227 2259 2216 2237 2271 2218 2233 2268 2255 2218 2233 2257 2203 2255 2233 2268 2269 2219 2255 2219 2255 2269 2226 2243 2221 2269 2226 2284 2234 2249 2256 2249 2256 2213 2274 2238 2259 2216 2258 2270 2235 2271 2188 2236 2270 2256 2188 2273 2271 2235 2233 2225 2279 2257 2255 2241 2244 2275 2226 2234 2284 2237 2256 2237 2256 2271 2188 2262 2193 2239 2258 2262 2285 2238 2258 2246 2243 2275 2226 2248 2260 2209 2239 2248 2245 2277 2239 2229 2260 2262 2239 2272 2239 2240 2258 2253 2272 2224 2258 2241 2279 2255 2226 2249 2259 2267 2227 2252 2213 2261 2274 2261 2236 2270 2256 2261 2213 2256 2274 2286 2273 2257 2233 2263 2246 2281 2275 2244 2263 2287 2275 2288 2264 2247 2276 2276 2245 2277 2264 2248 2264 2282 2277 2245 2278 2276 2239 2278 2240 2272 2239 2265 2243 2289 2275 2280 2248 2282 2260 2281 2265 2289 2275 2264 2290 2280 2282 2268 2218 2271 2233 2291 2241 2244 2275 2276 2277 2245 2239 2241 2292 2279 2226 2289 2293 2265 2281 2287 2294 2281 2263 2249 2227 2267 2274 2266 2251 2283 2250 2250 2199 2295 2266 2296 2254 2252 2274 2253 2254 2297 2267 2253 2216 2267 2258 2296 2267 2254 2274 2267 2216 2259 2258 2268 2218 2237 2271 2268 2271 2255 2233 2286 2257 2255 2233 2269 2255 2268 2292 2255 2292 2269 2226 2243 2269 2275 2226 2284 2256 2249 2274 2285 2259 2238 2258 2235 2273 2270 2271 2270 2271 2256 2188 2286 2271 2273 2233 2286 2257 2279 2255 2291 2241 2275 2226 2284 2271 2237 2256 2262 2239 2298 2258 2285 2262 2298 2258 2248 2260 2239 2277 2260 2298 2262 2239 2278 2239 2272 2258 2253 2297 2272 2258 2279 2292 2255 2226 2299 2249 2259 2267 2300 2252 2261 2274 2301 2261 2270 2256 2301 2261 2256 2274 2281 2287 2263 2275 2287 2291 2244 2275 2276 2288 2264 2277 2248 2282 2260 2277 2282 2264 2290 2277 2278 2276 2239 2277 2243 2269 2289 2275 2302 2281 2289 2275 2241 2291 2279 2292 2291 2292 2241 2226 2302 2293 2289 2281 2303 2287 2294 2281 2297 2254 2296 2267 2299 2284 2249 2274 2304 2278 2272 2258 2299 2249 2267 2274 2305 2251 2283 2266 2283 2305 2266 2250 2250 2295 2199 2306 2295 2266 2305 2250 2296 2252 2300 2274 2253 2267 2297 2258 2307 2267 2296 2274 2285 2267 2259 2258 2237 2308 2268 2271 2268 2255 2271 2292 2286 2255 2271 2233 2269 2268 2309 2292 2292 2275 2269 2226 2310 2256 2284 2274 2270 2273 2311 2271 2270 2256 2271 2312 2273 2286 2311 2271 2286 2255 2279 2292 2291 2275 2292 2226 2284 2308 2237 2271 2284 2271 2256 2312 2298 2239 2313 2258 2285 2298 2313 2258 2260 2298 2239 2277 2304 2239 2278 2258 2272 2297 2304 2258 2259 2285 2299 2267 2301 2300 2261 2274 2301 2256 2270 2312 2301 2256 2312 2274 2287 2281 2303 2275 2287 2314 2291 2275 2315 2264 2288 2277 2276 2316 2288 2277 2260 2282 2298 2277 2264 2315 2290 2277 2290 2317 2282 2277 2278 2318 2276 2277 2278 2239 2313 2277 2309 2289 2269 2275 2275 2302 2309 2289 2302 2319 2281 2275 2320 2279 2291 2292 2293 2302 2321 2281 2294 2321 2303 2281 2297 2296 2307 2267 2299 2310 2284 2274 2322 2293 2302 2321 2315 2323 2290 2317 2299 2267 2310 2274 2324 2305 2283 2250 2250 2324 2295 2306 2305 2325 2266 2295 2250 2295 2324 2305 2307 2296 2300 2274 2297 2267 2304 2258 2307 2326 2267 2274 2285 2313 2267 2258 2308 2268 2271 2292 2286 2271 2255 2292 2308 2309 2268 2292 2309 2269 2292 2275 2284 2256 2310 2312 2310 2312 2256 2274 2270 2271 2311 2312 2286 2327 2311 2271 2286 2279 2320 2292 2319 2292 2291 2275 2284 2308 2271 2312 2313 2239 2298 2277 2313 2239 2304 2258 2285 2298 2328 2313 2278 2304 2313 2239 2328 2299 2285 2267 2301 2312 2300 2274 2301 2270 2311 2312 2303 2275 2314 2287 2281 2319 2303 2275 2314 2319 2291 2275 2315 2288 2316 2277 2276 2318 2316 2277 2317 2298 2282 2277 2315 2317 2290 2277 2278 2313 2318 2277 2275 2309 2302 2319 2302 2321 2281 2319 2291 2329 2320 2292 2330 2321 2303 2294 2321 2303 2281 2319 2304 2297 2307 2267 2331 2284 2299 2310 2321 2302 2322 2332 2315 2323 2317 2333 2267 2326 2310 2274 2334 2315 2288 2316 2309 2335 2302 2319 2331 2308 2284 2310 2302 2336 2322 2332 2337 2322 2336 2332 2308 2335 2309 2338 2331 2335 2308 2338 2310 2267 2299 2326 2306 2324 2339 2250 2324 2340 2295 2306 2305 2295 2324 2325 2307 2300 2326 2274 2267 2313 2304 2258 2304 2267 2307 2326 2285 2328 2267 2313 2308 2271 2338 2292 2286 2327 2271 2292 2308 2338 2309 2292 2309 2292 2319 2275 2308 2284 2310 2312 2310 2300 2312 2274 2327 2311 2271 2312 2327 2286 2320 2292 2291 2319 2329 2292 2338 2271 2308 2312 2317 2313 2298 2277 2328 2298 2317 2313 2278 2304 2318 2313 2328 2299 2267 2326 2341 2300 2301 2312 2301 2311 2342 2312 2314 2275 2303 2319 2329 2291 2314 2319 2316 2333 2315 2277 2318 2313 2316 2277 2315 2333 2317 2277 2302 2321 2319 2343 2344 2320 2329 2292 2321 2303 2345 2330 2303 2319 2321 2343 2331 2299 2328 2310 2302 2332 2321 2343 2323 2315 2346 2333 2347 2317 2323 2333 2300 2310 2326 2274 2316 2334 2315 2333 2336 2302 2335 2319 2309 2338 2335 2319 2331 2338 2308 2310 2302 2336 2332 2343 2336 2346 2337 2332 2335 2338 2331 2348 2330 2345 2321 2332 2349 2331 2328 2310 2347 2346 2337 2336 2349 2335 2331 2348 2346 2337 2323 2347 2349 2336 2335 2348 2350 2330 2351 2332 2328 2310 2299 2326 2324 2340 2306 2339 2340 2352 2295 2306 2295 2340 2324 2325 2340 2325 2305 2324 2353 2307 2300 2326 2304 2313 2267 2326 2354 2304 2307 2326 2328 2267 2313 2326 2338 2271 2327 2292 2309 2338 2319 2292 2308 2310 2338 2312 2341 2310 2300 2312 2311 2327 2342 2312 2327 2271 2338 2312 2292 2327 2344 2320 2319 2292 2344 2329 2317 2333 2313 2277 2349 2328 2317 2313 2354 2318 2304 2313 2301 2342 2341 2312 2303 2314 2319 2343 2329 2314 2355 2319 2316 2313 2333 2277 2356 2316 2318 2313 2302 2319 2336 2343 2345 2303 2321 2343 2345 2321 2332 2343 2346 2315 2334 2333 2323 2346 2347 2333 2347 2349 2317 2333 2300 2310 2341 2326 2316 2357 2334 2333 2336 2319 2335 2348 2335 2319 2338 2348 2338 2310 2331 2358 2332 2336 2348 2343 2346 2332 2336 2348 2338 2331 2348 2358 2345 2330 2350 2332 2349 2310 2328 2313 2349 2331 2310 2348 2346 2336 2347 2348 2347 2336 2349 2348 2350 2351 2359 2332 2300 2341 2353 2326 2303 2355 2314 2343 2346 2359 2351 2332 2351 2359 2346 2334 2328 2313 2310 2326 2324 2360 2340 2339 2339 2340 2306 2352 2306 2361 2352 2295 2295 2352 2340 2325 2354 2307 2353 2326 2354 2313 2304 2326 2292 2344 2327 2338 2319 2344 2292 2338 2310 2358 2338 2312 2342 2310 2341 2312 2327 2338 2342 2312 2362 2344 2329 2319 2349 2313 2317 2333 2356 2318 2354 2313 2355 2319 2314 2343 2329 2355 2362 2319 2316 2313 2356 2333 2319 2348 2336 2343 2345 2355 2303 2343 2350 2345 2332 2343 2334 2359 2346 2333 2346 2348 2347 2333 2347 2348 2349 2333 2341 2310 2353 2326 2334 2357 2359 2333 2357 2316 2356 2333 2338 2348 2319 2358 2310 2348 2331 2358 2346 2332 2348 2343 2349 2348 2310 2313 2359 2350 2332 2343 2359 2332 2346 2343 2342 2358 2310 2312 2310 2313 2358 2326 2339 2360 2340 2352 2339 2306 2361 2352 2354 2353 2363 2326 2354 2363 2313 2326 2364 2327 2344 2338 2362 2338 2344 2319 2342 2338 2358 2312 2341 2342 2358 2310 2342 2327 2364 2338 2349 2348 2313 2333 2354 2363 2356 2313 2362 2319 2355 2343 2356 2313 2365 2333 2319 2358 2348 2343 2366 2355 2345 2343 2350 2366 2345 2343 2346 2359 2348 2333 2358 2353 2341 2310 2358 2326 2353 2310 2359 2357 2367 2333 2357 2356 2365 2333 2362 2338 2319 2358 2310 2313 2348 2358 2359 2346 2348 2343 2343 2367 2359 2350 2363 2358 2313 2326 2360 2368 2340 2352 2339 2361 2360 2352 2353 2326 2358 2363 2344 2364 2338 2358 2344 2338 2362 2358 2342 2338 2364 2358 2358 2342 2341 2369 2365 2313 2348 2333 2365 2356 2363 2313 2362 2355 2366 2343 2362 2358 2319 2343 2343 2366 2358 2348 2366 2350 2367 2343 2359 2367 2348 2333 2341 2353 2358 2369 2365 2367 2357 2333 2365 2348 2313 2358 2343 2359 2367 2348 2365 2313 2363 2358 2352 2360 2368 2370 2339 2360 2361 2371 2352 2361 2360 2370 2358 2369 2353 2363 2344 2362 2364 2358 2369 2342 2364 2358 2365 2348 2367 2333 2343 2358 2366 2362 2372 2366 2348 2358 2366 2367 2348 2343 2372 2348 2365 2358 2363 2372 2365 2358 2370 2371 2360 2368 2370 2360 2371 2361 2369 2372 2363 2358 2372 2364 2362 2358 2364 2372 2369 2358 2365 2372 2367 2348 2372 2362 2366 2358 2367 2372 2366 2348 2365 2363 2373 2372 2360 2374 2368 2371 2370 2371 2368 2375 2370 2361 2371 2375 2376 2363 2369 2372 2377 2364 2362 2372 2369 2364 2377 2372 2378 2367 2365 2372 2372 2366 2362 2379 2372 2367 2366 2379 2373 2378 2365 2372 2373 2363 2376 2372 2374 2368 2371 2375 2361 2380 2371 2375 2377 2376 2369 2372 2362 2379 2377 2372 2372 2378 2367 2379 2373 2378 2372 2379 2377 2373 2376 2372 2368 2374 2381 2375 2380 2374 2371 2375 2377 2379 2362 2382 2372 2377 2373 2379 2373 2383 2378 2379 2384 2373 2376 2377 2375 2385 2374 2381 2375 2374 2385 2380 2374 2371 2386 2380 2377 2382 2373 2379 2374 2386 2371 2387 2383 2378 2388 2373 2373 2382 2383 2379 2373 2376 2389 2384 2382 2373 2384 2377 2381 2385 2374 2386 2374 2385 2380 2386 2387 2371 2380 2386 2388 2389 2383 2373 2373 2383 2382 2384 2373 2389 2383 2384 2386 2385 2380 2390 2380 2371 2387 2391 2380 2390 2387 2386 2383 2388 2384 2389 2383 2384 2388 2382 2387 2390 2380 2391 2392 2386 2387 2390 2393 2384 2388 2389 2388 2383 2382 2394 2395 2388 2384 2382 2380 2396 2391 2390 2391 2392 2387 2390 2388 2384 2393 2395 2395 2388 2382 2394 2396 2392 2391 2390 2387 2397 2392 2391 2393 2388 2395 2394 2382 2398 2395 2394 2392 2396 2399 2390 2392 2397 2396 2391 2393 2400 2388 2394 2395 2398 2393 2394 2397 2396 2399 2392 2397 2396 2391 2401 2399 2397 2392 2402 2400 2393 2398 2394 2403 2398 2393 2395 2397 2399 2396 2401 2399 2397 2402 2404 2397 2399 2401 2404 2405 2400 2398 2394 2400 2398 2393 2403 2401 2399 2396 2404 2401 2402 2397 2404 2397 2406 2402 2401 2403 2400 2398 2405 2400 2393 2407 2403 2408 2401 2396 2404 2406 2402 2401 2404 2406 2404 2409 2402 2403 2398 2410 2405 2403 2407 2400 2405 2401 2396 2411 2408 2408 2406 2401 2404 2412 2406 2409 2402 2409 2404 2406 2408 2405 2403 2413 2410 2400 2407 2414 2405 2405 2413 2403 2407 2401 2411 2406 2408 2406 2408 2412 2409 2410 2414 2413 2405 2413 2414 2407 2405 2406 2411 2401 2415 2406 2412 2408 2411 2416 2412 2408 2409 2405 2410 2414 2417 2406 2418 2412 2415 2414 2410 2413 2417 2419 2414 2407 2413 2412 2411 2406 2415 2416 2408 2412 2411 2418 2412 2415 2416 2412 2418 2420 2416 2413 2410 2419 2417 2413 2419 2414 2417 2415 2412 2411 2416 2415 2420 2418 2416 2421 2410 2419 2413 2410 2421 2419 2417 2419 2422 2414 2417 2411 2423 2415 2416 2416 2415 2420 2423 2424 2415 2420 2418 2419 2421 2422 2417 2415 2423 2411 2425 2423 2424 2415 2420 2420 2418 2426 2424 2417 2421 2422 2427 2419 2422 2421 2428 2423 2415 2424 2425 2424 2426 2420 2423 2423 2426 2420 2429 2428 2422 2421 2427 2430 2419 2421 2428 2415 2424 2425 2431 2423 2424 2429 2425 2423 2429 2424 2426 2428 2421 2430 2427 2431 2424 2425 2429 2429 2423 2425 2432 2424 2429 2433 2426 2421 2434 2430 2427 2435 2428 2430 2427 2425 2431 2429 2432 2433 2429 2424 2431 2433 2436 2424 2426 2435 2430 2434 2427 2431 2425 2437 2432 2429 2431 2433 2432 2424 2436 2433 2431 2427 2434 2435 2438 2434 2439 2430 2435 2437 2433 2431 2432 2431 2433 2437 2436 2435 2434 2439 2438 2437 2433 2432 2440 2441 2437 2436 2431 2436 2433 2437 2440 2442 2433 2436 2440 2434 2443 2439 2438 2444 2435 2439 2438 2440 2436 2441 2437 2436 2440 2445 2442 2444 2439 2443 2438 2437 2446 2441 2440 2445 2440 2436 2441 2447 2442 2445 2440 2443 2444 2438 2448 2443 2449 2439 2444 2441 2446 2447 2440 2441 2447 2445 2440 2445 2450 2442 2447 2443 2449 2444 2448 2446 2447 2440 2451 2447 2445 2446 2441 2450 2445 2446 2447 2447 2450 2452 2451 2449 2443 2453 2448 2454 2444 2449 2448 2446 2450 2447 2451 2441 2445 2446 2455 2446 2456 2445 2450 2452 2450 2456 2451 2454 2449 2453 2448 2446 2456 2450 2451 2445 2456 2446 2455 2450 2456 2457 2452 2455 2452 2456 2451 2448 2453 2454 2458 2454 2453 2449 2459 2455 2456 2446 2451 2456 2457 2452 2455 2451 2460 2455 2452 2454 2453 2459 2458 2446 2460 2455 2451 2457 2456 2461 2455 2457 2452 2455 2460 2462 2452 2457 2460 2453 2463 2459 2458 2459 2464 2454 2458 2446 2460 2465 2455 2460 2461 2455 2457 2462 2457 2461 2460 2461 2457 2462 2466 2459 2463 2464 2458 2460 2455 2461 2465 2466 2461 2460 2462 2463 2464 2458 2467 2459 2464 2463 2468 2469 2465 2461 2455 2460 2461 2466 2465 2460 2470 2466 2462 2468 2464 2463 2467 2466 2465 2461 2469 2466 2470 2460 2465 2463 2471 2468 2467 2468 2472 2464 2467 2466 2461 2473 2469 2469 2466 2465 2470 2471 2472 2468 2467 2473 2466 2469 2470 2465 2474 2469 2470 2466 2473 2475 2470 2472 2471 2468 2476 2472 2471 2477 2467 2469 2474 2473 2470 2473 2474 2475 2470 2472 2477 2471 2476 2478 2474 2473 2469 2470 2474 2475 2479 2478 2473 2474 2475 2480 2473 2478 2475 2477 2481 2471 2476 2477 2472 2482 2476 2474 2478 2483 2469 2474 2478 2475 2479 2475 2478 2480 2479 2481 2477 2482 2476 2483 2478 2474 2479 2480 2475 2479 2484 2480 2478 2483 2479 2481 2482 2485 2476 2481 2477 2486 2482 2474 2487 2483 2479 2479 2483 2480 2484 2488 2480 2478 2483 2482 2486 2481 2485 2487 2483 2479 2484 2488 2480 2483 2484 2489 2486 2482 2485 2488 2490 2480 2484 2481 2486 2491 2485 2483 2487 2488 2484 2489 2491 2486 2485 2490 2488 2487 2484 2481 2491 2486 2492 2493 2487 2488 2483 2494 2489 2485 2491 2491 2486 2495 2489 2484 2487 2490 2496 2490 2487 2488 2493 2491 2495 2486 2492 2493 2487 2483 2497 2491 2489 2495 2494 2493 2490 2487 2496 2488 2498 2490 2493 2499 2489 2494 2495 2500 2495 2491 2492 2497 2493 2487 2496 2495 2494 2499 2491 2498 2490 2493 2496 2491 2494 2499 2501 2491 2502 2500 2492 2491 2495 2500 2501 2497 2487 2502 2496 2497 2498 2493 2496 2491 2495 2501 2499 2503 2490 2498 2496 2500 2502 2491 2501 2500 2495 2499 2501 2504 2497 2502 2496 2493 2505 2498 2497 2497 2503 2498 2496 2499 2505 2495 2500 2501 2500 2502 2504 2501 2500 2505 2499 2504 2497 2500 2502 2503 2497 2504 2496 2505 2493 2500 2497 2505 2503 2498 2497 2505 2500 2501 2504 2505 2503 2501 2499 2504 2500 2497 2505 2504 2505 2497 2503 2501 2503 2505 2504 </DataArray>
        <DataArray type="Int32" Name="offsets" format="ascii">4 8 12 16 20 24 28 32 36 40 44 48 52 56 60 64 68 72 76 80 84 88 92 96 100 104 108 112 116 120 124 128 132 136 140 144 148 152 156 160 164 168 172 176 180 184 188 192 196 200 204 208 212 216 220 224 228 232 236 240 244 248 252 256 260 264 268 272 276 280 284 288 292 296 300 304 308 312 316 320 324 328 332 336 340 344 348 352 356 360 364 368 372 376 380 384 388 392 396 400 404 408 412 416 420 424 428 432 436 440 444 448 452 456 460 464 468 472 476 480 484 488 492 496 500 504 508 512 516 520 524 528 532 536 540 544 548 552 556 560 564 568 572 576 580 584 588 592 596 600 604 608 612 616 620 624 628 632 636 640 644 648 652 656 660 664 668 672 676 680 684 688 692 696 700 704 708 712 716 720 724 728 732 736 740 744 748 752 756 760 764 768 772 776 780 784 788 792 796 800 804 808 812 816 820 824 828 832 836 840 844 848 852 856 860 864 868 872 876 880 884 888 892 896 900 904 908 912 916 920 924 928 932 936 940 944 948 952 956 960 964 968 972 976 980 984 988 992 996 1000 1004 1008 1012 1016 1020 1024 1028 1032 1036 1040 1044 1048 1052 1056 1060 1064 1068 1072 1076 1080 1084 1088 1092 1096 1100 1104 1108 1112 1116 1120 1124 1128 1132 1136 1140 1144 1148 1152 1156 1160 1164 1168 1172 1176 1180 1184 1188 1192 1196 1200 1204 1208 1212 1216 1220 1224 1228 1232 1236 1240 1244 1248 1252 1256 1260 1264 1268 1272 1276 1280 1284 1288 1292 1296 1300 1304 1308 1312 1316 1320 1324 1328 1332 1336 1340 1344 1348 1352 1356 1360 1364 1368 1372 1376 1380 1384 1388 1392 1396 1400 1404 1408 1412 1416 1420 1424 1428 1432 1436 1440 1444 1448 1452 1456 1460 1464 1468 1472 1476 1480 1484 1488 1492 1496 1500 1504 1508 1512 1516 1520 1524 1528 1532 1536 1540 1544 1548 1552 1556 1560 1564 1568 1572 1576 1580 1584 1588 1592 1596 1600 1604 1608 1612 1616 1620 1624 1628 1632 1636 1640 1644 1648 1652 1656 1660 1664 1668 1672 1676 1680 1684 1688 1692 1696 1700 1704 1708 1712 1716 1720 1724 1728 1732 1736 1740 1744 1748 1752 1756 1760 1764 1768 1772 1776 1780 1784 1788 1792 1796 1800 1804 1808 1812 1816 1820 1824 1828 1832 1836 1840 1844 1848 1852 1856 1860 1864 1868 1872 1876 1880 1884 1888 1892 1896 1900 1904 1908 1912 1916 1920 1924 1928 1932 1936 1940 1944 1948 1952 1956 1960 1964 1968 1972 1976 1980 1984 1988 1992 1996 2000 2004 2008 2012 2016 2020 2024 2028 2032 2036 2040 2044 2048 2052 2056 2060 2064 2068 2072 2076 2080 2084 2088 2092 2096 2100 2104 2108 2112 2116 2120 2124 2128 2132 2136 2140 2144 2148 2152 2156 2160 2164 2168 2172 2176 2180 2184 2188 2192 2196 2200 2204 2208 2212 2216 2220 2224 2228 2232 2236 2240 2244 2248 2252 2256 2260 2264 2268 2272 2276 2280 2284 2288 2292 2296 2300 2304 2308 2312 2316 2320 2324 2328 2332 2336 2340 2344 2348 2352 2356 2360 2364 2368 2372 2376 2380 2384 2388 2392 2396 2400 2404 2408 2412 2416 2420 2424 2428 2432 2436 2440 2444 2448 2452 2456 2460 2464 2468 2472 2476 2480 2484 2488 2492 2496 2500 2504 2508 2512 2516 2520 2524 2528 2532 2536 2540 2544 2548 2552 2556 2560 2564 2568 2572 2576 2580 2584 2588 2592 2596 2600 2604 2608 2612 2616 2620 2624 2628 2632 2636 2640 2644 2648 2652 2656 2660 2664 2668 2672 2676 2680 2684 2688 2692 2696 2700 2704 2708 2712 2716 2720 2724 2728 2732 2736 2740 2744 2748 2752 2756 2760 2764 2768 2772 2776 2780 2784 2788 2792 2796 2800 2804 2808 2812 2816 2820 2824 2828 2832 2836 2840 2844 2848 2852 2856 2860 2864 2868 2872 2876 2880 2884 2888 2892 2896 2900 2904 2908 2912 2916 2920 2924 2928 2932 2936 2940 2944 2948 2952 2956 2960 2964 2968 2972 2976 2980 2984 2988 2992 2996 3000 3004 3008 3012 3016 3020 3024 3028 3032 3036 3040 3044 3048 3052 3056 3060 3064 3068 3072 3076 3080 3084 3088 3092 3096 3100 3104 3108 3112 3116 3120 3124 3128 3132 3136 3140 3144 3148 3152 3156 3160 3164 3168 3172 3176 3180 3184 3188 3192 3196 3200 3204 3208 3212 3216 3220 3224 3228 3232 3236 3240 3244 3248 3252 3256 3260 3264 3268 3272 3276 3280 3284 3288 3292 3296 3300 3304 3308 3312 3316 3320 3324 3328 3332 3336 3340 3344 3348 3352 3356 3360 3364 3368 3372 3376 3380 3384 3388 3392 3396 3400 3404 3408 3412 3416 3420 3424 3428 3432 3436 3440 3444 3448 3452 3456 3460 3464 3468 3472 3476 3480 3484 3488 3492 3496 3500 3504 3508 3512 3516 3520 3524 3528 3532 3536 3540 3544 3548 3552 3556 3560 3564 3568 3572 3576 3580 3584 3588 3592 3596 3600 3604 3608 3612 3616 3620 3624 3628 3632 3636 3640 3644 3648 3652 3656 3660 3664 3668 3672 3676 3680 3684 3688 3692 3696 3700 3704 3708 3712 3716 3720 3724 3728 3732 3736 3740 3744 3748 3752 3756 3760 3764 3768 3772 3776 3780 3784 3788 3792 3796 3800 3804 3808 3812 3816 3820 3824 3828 3832 3836 3840 3844 3848 3852 3856 3860 3864 3868 3872 3876 3880 3884 3888 3892 3896 3900 3904 3908 3912 3916 3920 3924 3928 3932 3936 3940 3944 3948 3952 3956 3960 3964 3968 3972 3976 3980 3984 3988 3992 3996 4000 4004 4008 4012 4016 4020 4024 4028 4032 4036 4040 4044 4048 4052 4056 4060 4064 4068 4072 4076 4080 4084 4088 4092 4096 4100 4104 4108 4112 4116 4120 4124 4128 4132 4136 4140 4144 4148 4152 4156 4160 4164 4168 4172 4176 4180 4184 4188 4192 4196 4200 4204 4208 4212 4216 4220 4224 4228 4232 4236 4240 4244 4248 4252 4256 4260 4264 4268 4272 4276 4280 4284 4288 4292 4296 4300 4304 4308 4312 4316 4320 4324 4328 4332 4336 4340 4344 4348 4352 4356 4360 4364 4368 4372 4376 4380 4384 4388 4392 4396 4400 4404 4408 4412 4416 4420 4424 4428 4432 4436 4440 4444 4448 4452 4456 4460 4464 4468 4472 4476 4480 4484 4488 4492 4496 4500 4504 4508 4512 4516 4520 4524 4528 4532 4536 4540 4544 4548 4552 4556 4560 4564 4568 4572 4576 4580 4584 4588 4592 4596 4600 4604 4608 4612 4616 4620 4624 4628 4632 4636 4640 4644 4648 4652 4656 4660 4664 4668 4672 4676 4680 4684 4688 4692 4696 4700 4704 4708 4712 4716 4720 4724 4728 4732 4736 4740 4744 4748 4752 4756 4760 4764 4768 4772 4776 4780 4784 4788 4792 4796 4800 4804 4808 4812 4816 4820 4824 4828 4832 4836 4840 4844 4848 4852 4856 4860 4864 4868 4872 4876 4880 4884 4888 4892 4896 4900 4904 4908 4912 4916 4920 4924 4928 4932 4936 4940 4944 4948 4952 4956 4960 4964 4968 4972 4976 4980 4984 4988 4992 4996 5000 5004 5008 5012 5016 5020 5024 5028 5032 5036 5040 5044 5048 5052 5056 5060 5064 5068 5072 5076 5080 5084 5088 5092 5096 5100 5104 5108 5112 5116 5120 5124 5128 5132 5136 5140 5144 5148 5152 5156 5160 5164 5168 5172 5176 5180 5184 5188 5192 5196 5200 5204 5208 5212 5216 5220 5224 5228 5232 5236 5240 5244 5248 5252 5256 5260 5264 5268 5272 5276 5280 5284 5288 5292 5296 5300 5304 5308 5312 5316 5320 5324 5328 5332 5336 5340 5344 5348 5352 5356 5360 5364 5368 5372 5376 5380 5384 5388 5392 5396 5400 5404 5408 5412 5416 5420 5424 5428 5432 5436 5440 5444 5448 5452 5456 5460 5464 5468 5472 5476 5480 5484 5488 5492 5496 5500 5504 5508 5512 5516 5520 5524 5528 5532 5536 5540 5544 5548 5552 5556 5560 5564 5568 5572 5576 5580 5584 5588 5592 5596 5600 5604 5608 5612 5616 5620 5624 5628 5632 5636 5640 5644 5648 5652 5656 5660 5664 5668 5672 5676 5680 5684 5688 5692 5696 5700 5704 5708 5712 5716 5720 5724 5728 5732 5736 5740 5744 5748 5752 5756 5760 5764 5768 5772 5776 5780 5784 5788 5792 5796 5800 5804 5808 5812 5816 5820 5824 5828 5832 5836 5840 5844 5848 5852 5856 5860 5864 5868 5872 5876 5880 5884 5888 5892 5896 5900 5904 5908 5912 5916 5920 5924 5928 5932 5936 5940 5944 5948 5952 5956 5960 5964 5968 5972 5976 5980 5984 5988 5992 5996 6000 6004 6008 6012 6016 6020 6024 6028 6032 6036 6040 6044 6048 6052 6056 6060 6064 6068 6072 6076 6080 6084 6088 6092 6096 6100 6104 6108 6112 6116 6120 6124 6128 6132 6136 6140 6144 6148 6152 6156 6160 6164 6168 6172 6176 6180 6184 6188 6192 6196 6200 6204 6208 6212 6216 6220 6224 6228 6232 6236 6240 6244 6248 6252 6256 6260 6264 6268 6272 6276 6280 6284 6288 6292 6296 6300 6304 6308 6312 6316 6320 6324 6328 6332 6336 6340 6344 6348 6352 6356 6360 6364 6368 6372 6376 6380 6384 6388 6392 6396 6400 6404 6408 6412 6416 6420 6424 6428 6432 6436 6440 6444 6448 6452 6456 6460 6464 6468 6472 6476 6480 6484 6488 6492 6496 6500 6504 6508 6512 6516 6520 6524 6528 6532 6536 6540 6544 6548 6552 6556 6560 6564 6568 6572 6576 6580 6584 6588 6592 6596 6600 6604 6608 6612 6616 6620 6624 6628 6632 6636 6640 6644 6648 6652 6656 6660 6664 6668 6672 6676 6680 6684 6688 6692 6696 6700 6704 6708 6712 6716 6720 6724 6728 6732 6736 6740 6744 6748 6752 6756 6760 6764 6768 6772 6776 6780 6784 6788 6792 6796 6800 6804 6808 6812 6816 6820 6824 6828 6832 6836 6840 6844 6848 6852 6856 6860 6864 6868 6872 6876 6880 6884 6888 6892 6896 6900 6904 6908 6912 6916 6920 6924 6928 6932 6936 6940 6944 6948 6952 6956 6960 6964 6968 6972 6976 6980 6984 6988 6992 6996 7000 7004 7008 7012 7016 7020 7024 7028 7032 7036 7040 7044 7048 7052 7056 7060 7064 7068 7072 7076 7080 7084 7088 7092 7096 7100 7104 7108 7112 7116 7120 7124 7128 7132 7136 7140 7144 7148 7152 7156 7160 7164 7168 7172 7176 7180 7184 7188 7192 7196 7200 7204 7208 7212 7216 7220 7224 7228 7232 7236 7240 7244 7248 7252 7256 7260 7264 7268 7272 7276 7280 7284 7288 7292 7296 7300 7304 7308 7312 7316 7320 7324 7328 7332 7336 7340 7344 7348 7352 7356 7360 7364 7368 7372 7376 7380 7384 7388 7392 7396 7400 7404 7408 7412 7416 7420 7424 7428 7432 7436 7440 7444 7448 7452 7456 7460 7464 7468 7472 7476 7480 7484 7488 7492 7496 7500 7504 7508 7512 7516 7520 7524 7528 7532 7536 7540 7544 7548 7552 7556 7560 7564 7568 7572 7576 7580 7584 7588 7592 7596 7600 7604 7608 7612 7616 7620 7624 7628 7632 7636 7640 7644 7648 7652 7656 7660 7664 7668 7672 7676 7680 7684 7688 7692 7696 7700 7704 7708 7712 7716 7720 7724 7728 7732 7736 7740 7744 7748 7752 7756 7760 7764 7768 7772 7776 7780 7784 7788 7792 7796 7800 7804 7808 7812 7816 7820 7824 7828 7832 7836 7840 7844 7848 7852 7856 7860 7864 7868 7872 7876 7880 7884 7888 7892 7896 7900 7904 7908 7912 7916 7920 7924 7928 7932 7936 7940 7944 7948 7952 7956 7960 7964 7968 7972 7976 7980 7984 7988 7992 7996 8000 8004 8008 8012 8016 8020 8024 8028 8032 8036 8040 8044 8048 8052 8056 8060 8064 8068 8072 8076 8080 8084 8088 8092 8096 8100 8104 8108 8112 8116 8120 8124 8128 8132 8136 8140 8144 8148 8152 8156 8160 8164 8168 8172 8176 8180 8184 8188 8192 8196 8200 8204 8208 8212 8216 8220 8224 8228 8232 8236 8240 8244 8248 8252 8256 8260 8264 8268 8272 8276 8280 8284 8288 8292 8296 8300 8304 8308 8312 8316 8320 8324 8328 8332 8336 8340 8344 8348 8352 8356 8360 8364 8368 8372 8376 8380 8384 8388 8392 8396 8400 8404 8408 8412 8416 8420 8424 8428 8432 8436 8440 8444 8448 8452 8456 8460 8464 8468 8472 8476 8480 8484 8488 8492 8496 8500 8504 8508 8512 8516 8520 8524 8528 8532 8536 8540 8544 8548 8552 8556 8560 8564 8568 8572 8576 8580 8584 8588 8592 8596 8600 8604 8608 8612 8616 8620 8624 8628 8632 8636 8640 8644 8648 8652 8656 8660 8664 8668 8672 8676 8680 8684 8688 8692 8696 8700 8704 8708 8712 8716 8720 8724 8728 8732 8736 8740 8744 8748 8752 8756 8760 8764 8768 8772 8776 8780 8784 8788 8792 8796 8800 8804 8808 8812 8816 8820 8824 8828 8832 8836 8840 8844 8848 8852 8856 8860 8864 8868 8872 8876 8880 8884 8888 8892 8896 8900 8904 8908 8912 8916 8920 8924 8928 8932 8936 8940 8944 8948 8952 8956 8960 8964 8968 8972 8976 8980 8984 8988 8992 8996 9000 9004 9008 9012 9016 9020 9024 9028 9032 9036 9040 9044 9048 9052 9056 9060 9064 9068 9072 9076 9080 9084 9088 9092 9096 9100 9104 9108 9112 9116 9120 9124 9128 9132 9136 9140 9144 9148 9152 9156 9160 9164 9168 9172 9176 9180 9184 9188 9192 9196 9200 9204 9208 9212 9216 9220 9224 9228 9232 9236 9240 9244 9248 9252 9256 9260 9264 9268 9272 9276 9280 9284 9288 9292 9296 9300 9304 9308 9312 9316 9320 9324 9328 9332 9336 9340 9344 9348 9352 9356 9360 9364 9368 9372 9376 9380 9384 9388 9392 9396 9400 9404 9408 9412 9416 9420 9424 9428 9432 9436 9440 9444 9448 9452 9456 9460 9464 9468 9472 9476 9480 9484 9488 9492 9496 9500 9504 9508 9512 9516 9520 9524 9528 9532 9536 9540 9544 9548 9552 9556 9560 9564 9568 9572 9576 9580 9584 9588 9592 9596 9600 9604 9608 9612 9616 9620 9624 9628 9632 9636 9640 9644 9648 9652 9656 9660 9664 9668 9672 9676 9680 9684 9688 9692 9696 9700 9704 9708 9712 9716 9720 9724 9728 9732 9736 9740 9744 9748 9752 9756 9760 9764 9768 9772 9776 9780 9784 9788 9792 9796 9800 9804 9808 9812 9816 9820 9824 9828 9832 9836 9840 9844 9848 9852 9856 9860 9864 9868 9872 9876 9880 9884 9888 9892 9896 9900 9904 9908 9912 9916 9920 9924 9928 9932 9936 9940 9944 9948 9952 9956 9960 9964 9968 9972 9976 9980 9984 9988 9992 9996 10000 10004 10008 10012 10016 10020 10024 10028 10032 10036 10040 10044 10048 10052 10056 10060 10064 10068 10072 10076 10080 10084 10088 10092 10096 10100 10104 10108 10112 10116 10120 10124 10128 10132 10136 10140 10144 10148 10152 10156 10160 10164 10168 10172 10176 10180 10184 10188 10192 10196 10200 10204 10208 10212 10216 10220 10224 10228 10232 10236 10240 10244 10248 10252 10256 10260 10264 10268 10272 10276 10280 10284 10288 10292 10296 10300 10304 10308 10312 10316 10320 10324 10328 10332 10336 10340 10344 10348 10352 10356 10360 10364 10368 10372 10376 10380 10384 10388 10392 10396 10400 10404 10408 10412 10416 10420 10424 10428 10432 10436 10440 10444 10448 10452 10456 10460 10464 10468 10472 10476 10480 10484 10488 10492 10496 10500 10504 10508 10512 10516 10520 10524 10528 10532 10536 10540 10544 10548 10552 10556 10560 10564 10568 10572 10576 10580 10584 10588 10592 10596 10600 10604 10608 10612 10616 10620 10624 10628 10632 10636 10640 10644 10648 10652 10656 10660 10664 10668 10672 10676 10680 10684 10688 10692 10696 10700 10704 10708 10712 10716 10720 10724 10728 10732 10736 10740 10744 10748 10752 10756 10760 10764 10768 10772 10776 10780 10784 10788 10792 10796 10800 10804 10808 10812 10816 10820 10824 10828 10832 10836 10840 10844 10848 10852 10856 10860 10864 10868 10872 10876 10880 10884 10888 10892 10896 10900 10904 10908 10912 10916 10920 10924 10928 10932 10936 10940 10944 10948 10952 10956 10960 10964 10968 10972 10976 10980 10984 10988 10992 10996 11000 11004 11008 11012 11016 11020 11024 11028 11032 11036 11040 11044 11048 11052 11056 11060 11064 11068 11072 11076 11080 11084 11088 11092 11096 11100 11104 11108 11112 11116 11120 11124 11128 11132 11136 11140 11144 11148 11152 11156 11160 11164 11168 11172 11176 11180 11184 11188 11192 11196 11200 11204 11208 11212 11216 11220 11224 11228 11232 11236 11240 11244 11248 11252 11256 11260 11264 11268 11272 11276 11280 11284 11288 11292 11296 11300 11304 11308 11312 11316 11320 11324 11328 11332 11336 11340 11344 11348 11352 11356 11360 11364 11368 11372 11376 11380 11384 11388 11392 11396 11400 11404 11408 11412 11416 11420 11424 11428 11432 11436 11440 11444 11448 11452 11456 11460 11464 11468 11472 11476 11480 11484 11488 11492 11496 11500 11504 11508 11512 11516 11520 11524 11528 11532 11536 11540 11544 11548 11552 11556 11560 11564 11568 11572 11576 11580 11584 11588 11592 11596 11600 11604 11608 11612 11616 11620 11624 11628 11632 11636 11640 11644 11648 11652 11656 11660 11664 11668 11672 11676 11680 11684 11688 11692 11696 11700 11704 11708 11712 11716 11720 11724 11728 11732 11736 11740 11744 11748 11752 11756 11760 11764 11768 11772 11776 11780 11784 11788 11792 11796 11800 11804 11808 11812 11816 11820 11824 11828 11832 11836 11840 11844 11848 11852 11856 11860 11864 11868 11872 11876 11880 11884 11888 11892 11896 11900 11904 11908 11912 11916 11920 11924 11928 11932 11936 11940 11944 11948 11952 11956 11960 11964 11968 11972 11976 11980 11984 11988 11992 11996 12000 12004 12008 12012 12016 12020 12024 12028 12032 12036 12040 12044 12048 12052 12056 12060 12064 12068 12072 12076 12080 12084 12088 12092 12096 12100 12104 12108 12112 12116 12120 12124 12128 12132 12136 12140 12144 12148 12152 12156 12160 12164 12168 12172 12176 12180 12184 12188 12192 12196 12200 12204 12208 12212 12216 12220 12224 12228 12232 12236 12240 12244 12248 12252 12256 12260 12264 12268 12272 12276 12280 12284 12288 12292 12296 12300 12304 12308 12312 12316 12320 12324 12328 12332 12336 12340 12344 12348 12352 12356 12360 12364 12368 12372 12376 12380 12384 12388 12392 12396 12400 12404 12408 12412 12416 12420 12424 12428 12432 12436 12440 12444 12448 12452 12456 12460 12464 12468 12472 12476 12480 12484 12488 12492 12496 12500 12504 12508 12512 12516 12520 12524 12528 12532 12536 12540 12544 12548 12552 12556 12560 12564 12568 12572 12576 12580 12584 12588 12592 12596 12600 12604 12608 12612 12616 12620 12624 12628 12632 12636 12640 12644 12648 12652 12656 12660 12664 12668 12672 12676 12680 12684 12688 12692 12696 12700 12704 12708 12712 12716 12720 12724 12728 12732 12736 12740 12744 12748 12752 12756 12760 12764 12768 12772 12776 12780 12784 12788 12792 12796 12800 12804 12808 12812 12816 12820 12824 12828 12832 12836 12840 12844 12848 12852 12856 12860 12864 12868 12872 12876 12880 12884 12888 12892 12896 12900 12904 12908 12912 12916 12920 12924 12928 12932 12936 12940 12944 12948 12952 12956 12960 12964 12968 12972 12976 12980 12984 12988 12992 12996 13000 13004 13008 13012 13016 13020 13024 13028 13032 13036 13040 13044 13048 13052 13056 13060 13064 13068 13072 13076 13080 13084 13088 13092 13096 13100 13104 13108 13112 13116 13120 13124 13128 13132 13136 13140 13144 13148 13152 13156 13160 13164 13168 13172 13176 13180 13184 13188 13192 13196 13200 13204 13208 13212 13216 13220 13224 13228 13232 13236 13240 13244 13248 13252 13256 13260 13264 13268 13272 13276 13280 13284 13288 13292 13296 13300 13304 13308 13312 13316 13320 13324 13328 13332 13336 13340 13344 13348 13352 13356 13360 13364 13368 13372 13376 13380 13384 13388 13392 13396 13400 13404 13408 13412 13416 13420 13424 13428 13432 13436 13440 13444 13448 13452 13456 13460 13464 13468 13472 13476 13480 13484 13488 13492 13496 13500 13504 13508 13512 13516 13520 13524 13528 13532 13536 13540 13544 13548 13552 13556 13560 13564 13568 13572 13576 13580 13584 13588 13592 13596 13600 13604 13608 13612 13616 13620 13624 13628 13632 13636 13640 13644 13648 13652 13656 13660 13664 13668 13672 13676 13680 13684 13688 13692 13696 13700 13704 13708 13712 13716 13720 13724 13728 13732 13736 13740 13744 13748 13752 13756 13760 13764 13768 13772 13776 13780 13784 13788 13792 13796 13800 13804 13808 13812 13816 13820 13824 13828 13832 13836 13840 13844 13848 13852 13856 13860 13864 13868 13872 13876 13880 13884 13888 13892 13896 13900 13904 13908 13912 13916 13920 13924 13928 13932 13936 13940 13944 13948 13952 13956 13960 13964 13968 13972 13976 13980 13984 13988 13992 13996 14000 14004 14008 14012 14016 14020 14024 14028 14032 14036 14040 14044 14048 14052 14056 14060 14064 14068 14072 14076 14080 14084 14088 14092 14096 14100 14104 14108 14112 14116 14120 14124 14128 14132 14136 14140 14144 14148 14152 14156 14160 14164 14168 14172 14176 14180 14184 14188 14192 14196 14200 14204 14208 14212 14216 14220 14224 14228 14232 14236 14240 14244 14248 14252 14256 14260 14264 14268 14272 14276 14280 14284 14288 14292 14296 14300 14304 14308 14312 14316 14320 14324 14328 14332 14336 14340 14344 14348 14352 14356 14360 14364 14368 14372 14376 14380 14384 14388 14392 14396 14400 14404 14408 14412 14416 14420 14424 14428 14432 14436 14440 14444 14448 14452 14456 14460 14464 14468 14472 14476 14480 14484 14488 14492 14496 14500 14504 14508 14512 14516 14520 14524 14528 14532 14536 14540 14544 14548 14552 14556 14560 14564 14568 14572 14576 14580 14584 14588 14592 14596 14600 14604 14608 14612 14616 14620 14624 14628 14632 14636 14640 14644 14648 14652 14656 14660 14664 14668 14672 14676 14680 14684 14688 14692 14696 14700 14704 14708 14712 14716 14720 14724 14728 14732 14736 14740 14744 14748 14752 14756 14760 14764 14768 14772 14776 14780 14784 14788 14792 14796 14800 14804 14808 14812 14816 14820 14824 14828 14832 14836 14840 14844 14848 14852 14856 14860 14864 14868 14872 14876 14880 14884 14888 14892 14896 14900 14904 14908 14912 14916 14920 14924 14928 14932 14936 14940 14944 14948 14952 14956 14960 14964 14968 14972 14976 14980 14984 14988 14992 14996 15000 15004 15008 15012 15016 15020 15024 15028 15032 15036 15040 15044 15048 15052 15056 15060 15064 15068 15072 15076 15080 15084 15088 15092 15096 15100 15104 15108 15112 15116 15120 15124 15128 15132 15136 15140 15144 15148 15152 15156 15160 15164 15168 15172 15176 15180 15184 15188 15192 15196 15200 15204 15208 15212 15216 15220 15224 15228 15232 15236 15240 15244 15248 15252 15256 15260 15264 15268 15272 15276 15280 15284 15288 15292 15296 15300 15304 15308 15312 15316 15320 15324 15328 15332 15336 15340 15344 15348 15352 15356 15360 15364 15368 15372 15376 15380 15384 15388 15392 15396 15400 15404 15408 15412 15416 15420 15424 15428 15432 15436 15440 15444 15448 15452 15456 15460 15464 15468 15472 15476 15480 15484 15488 15492 15496 15500 15504 15508 15512 15516 15520 15524 15528 15532 15536 15540 15544 15548 15552 15556 15560 15564 15568 15572 15576 15580 15584 15588 15592 15596 15600 15604 15608 15612 15616 15620 15624 15628 15632 15636 15640 15644 15648 15652 15656 15660 15664 15668 15672 15676 15680 15684 15688 15692 15696 15700 15704 15708 15712 15716 15720 15724 15728 15732 15736 15740 15744 15748 15752 15756 15760 15764 15768 15772 15776 15780 15784 15788 15792 15796 15800 15804 15808 15812 15816 15820 15824 15828 15832 15836 15840 15844 15848 15852 15856 15860 15864 15868 15872 15876 15880 15884 15888 15892 15896 15900 15904 15908 15912 15916 15920 15924 15928 15932 15936 15940 15944 15948 15952 15956 15960 15964 15968 15972 15976 15980 15984 15988 15992 15996 16000 16004 16008 16012 16016 16020 16024 16028 16032 16036 16040 16044 16048 16052 16056 16060 16064 16068 16072 16076 16080 16084 16088 16092 16096 16100 16104 16108 16112 16116 16120 16124 16128 16132 16136 16140 16144 16148 16152 16156 16160 16164 16168 16172 16176 16180 16184 16188 16192 16196 16200 16204 16208 16212 16216 16220 16224 16228 16232 16236 16240 16244 16248 16252 16256 16260 16264 16268 16272 16276 16280 16284 16288 16292 16296 16300 16304 16308 16312 16316 16320 16324 16328 16332 16336 16340 16344 16348 16352 16356 16360 16364 16368 16372 16376 16380 16384 16388 16392 16396 16400 16404 16408 16412 16416 16420 16424 16428 16432 16436 16440 16444 16448 16452 16456 16460 16464 16468 16472 16476 16480 16484 16488 16492 16496 16500 16504 16508 16512 16516 16520 16524 16528 16532 16536 16540 16544 16548 16552 16556 16560 16564 16568 16572 16576 16580 16584 16588 16592 16596 16600 16604 16608 16612 16616 16620 16624 16628 16632 16636 16640 16644 16648 16652 16656 16660 16664 16668 16672 16676 16680 16684 16688 16692 16696 16700 16704 16708 16712 16716 16720 16724 16728 16732 16736 16740 16744 16748 16752 16756 16760 16764 16768 16772 16776 16780 16784 16788 16792 16796 16800 16804 16808 16812 16816 16820 16824 16828 16832 16836 16840 16844 16848 16852 16856 16860 16864 16868 16872 16876 16880 16884 16888 16892 16896 16900 16904 16908 16912 16916 16920 16924 16928 16932 16936 16940 16944 16948 16952 16956 16960 16964 16968 16972 16976 16980 16984 16988 16992 16996 17000 17004 17008 17012 17016 17020 17024 17028 17032 17036 17040 17044 17048 17052 17056 17060 17064 17068 17072 17076 17080 17084 17088 17092 17096 17100 17104 17108 17112 17116 17120 17124 17128 17132 17136 17140 17144 17148 17152 17156 17160 17164 17168 17172 17176 17180 17184 17188 17192 17196 17200 17204 17208 17212 17216 17220 17224 17228 17232 17236 17240 17244 17248 17252 17256 17260 17264 17268 17272 17276 17280 17284 17288 17292 17296 17300 17304 17308 17312 17316 17320 17324 17328 17332 17336 17340 17344 17348 17352 17356 17360 17364 17368 17372 17376 17380 17384 17388 17392 17396 17400 17404 17408 17412 17416 17420 17424 17428 17432 17436 17440 17444 17448 17452 17456 17460 17464 17468 17472 17476 17480 17484 17488 17492 17496 17500 17504 17508 17512 17516 17520 17524 17528 17532 17536 17540 17544 17548 17552 17556 17560 17564 17568 17572 17576 17580 17584 17588 17592 17596 17600 17604 17608 17612 17616 17620 17624 17628 17632 17636 17640 17644 17648 17652 17656 17660 17664 17668 17672 17676 17680 17684 17688 17692 17696 17700 17704 17708 17712 17716 17720 17724 17728 17732 17736 17740 17744 17748 17752 17756 17760 17764 17768 17772 17776 17780 17784 17788 17792 17796 17800 17804 17808 17812 17816 17820 17824 17828 17832 17836 17840 17844 17848 17852 17856 17860 17864 17868 17872 17876 17880 17884 17888 17892 17896 17900 17904 17908 17912 17916 17920 17924 17928 17932 17936 17940 17944 17948 17952 17956 17960 17964 17968 17972 17976 17980 17984 17988 17992 17996 18000 18004 18008 18012 18016 18020 18024 18028 18032 18036 18040 18044 18048 18052 18056 18060 18064 18068 18072 18076 18080 18084 18088 18092 18096 18100 18104 18108 18112 18116 18120 18124 18128 18132 18136 18140 18144 18148 18152 18156 18160 18164 18168 18172 18176 18180 18184 18188 18192 18196 18200 18204 18208 18212 18216 18220 18224 18228 18232 18236 18240 18244 18248 18252 18256 18260 18264 18268 18272 18276 18280 18284 18288 18292 18296 18300 18304 18308 18312 18316 18320 18324 18328 18332 18336 18340 18344 18348 18352 18356 18360 18364 18368 18372 18376 18380 18384 18388 18392 18396 18400 18404 18408 18412 18416 18420 18424 18428 18432 18436 18440 18444 18448 18452 18456 18460 18464 18468 18472 18476 18480 18484 18488 18492 18496 18500 18504 18508 18512 18516 18520 18524 18528 18532 18536 18540 18544 18548 18552 18556 18560 18564 18568 18572 18576 18580 18584 18588 18592 18596 18600 18604 18608 18612 18616 18620 18624 18628 18632 18636 18640 18644 18648 18652 18656 18660 18664 18668 18672 18676 18680 18684 18688 18692 18696 18700 18704 18708 18712 18716 18720 18724 18728 18732 18736 18740 18744 18748 18752 18756 18760 18764 18768 18772 18776 18780 18784 18788 18792 18796 18800 18804 18808 18812 18816 18820 18824 18828 18832 18836 18840 18844 18848 18852 18856 18860 18864 18868 18872 18876 18880 18884 18888 18892 18896 18900 18904 18908 18912 18916 18920 18924 18928 18932 18936 18940 18944 18948 18952 18956 18960 18964 18968 18972 18976 18980 18984 18988 18992 18996 19000 19004 19008 19012 19016 19020 19024 19028 19032 19036 19040 19044 19048 19052 19056 19060 19064 19068 19072 19076 19080 19084 19088 19092 19096 19100 19104 19108 19112 19116 19120 19124 19128 19132 19136 19140 19144 19148 19152 19156 19160 19164 19168 19172 19176 19180 19184 19188 19192 19196 19200 19204 19208 19212 19216 19220 19224 19228 19232 19236 19240 19244 19248 19252 19256 19260 19264 19268 19272 19276 19280 19284 19288 19292 19296 19300 19304 19308 19312 19316 19320 19324 19328 19332 19336 19340 19344 19348 19352 19356 19360 19364 19368 19372 19376 19380 19384 19388 19392 19396 19400 19404 19408 19412 19416 19420 19424 19428 19432 19436 19440 19444 19448 19452 19456 19460 19464 19468 19472 19476 19480 19484 19488 19492 19496 19500 19504 19508 19512 19516 19520 19524 19528 19532 19536 19540 19544 19548 19552 19556 19560 19564 19568 19572 19576 19580 19584 19588 19592 19596 19600 19604 19608 19612 19616 19620 19624 19628 19632 19636 19640 19644 19648 19652 19656 19660 19664 19668 19672 19676 19680 19684 19688 19692 19696 19700 19704 19708 19712 19716 19720 19724 19728 19732 19736 19740 19744 19748 19752 19756 19760 19764 19768 19772 19776 19780 19784 19788 19792 19796 19800 19804 19808 19812 19816 19820 19824 19828 19832 19836 19840 19844 19848 19852 19856 19860 19864 19868 19872 19876 19880 19884 19888 19892 19896 19900 19904 19908 19912 19916 19920 19924 19928 19932 19936 19940 19944 19948 19952 19956 19960 19964 19968 19972 19976 19980 19984 19988 19992 19996 20000 20004 20008 20012 20016 20020 20024 20028 20032 20036 20040 20044 20048 20052 20056 20060 20064 20068 20072 20076 20080 20084 20088 20092 20096 20100 20104 20108 20112 20116 20120 20124 20128 20132 20136 20140 20144 20148 20152 20156 20160 20164 20168 20172 20176 20180 20184 20188 20192 20196 20200 20204 20208 20212 20216 20220 20224 20228 20232 20236 20240 20244 20248 20252 20256 20260 20264 20268 20272 20276 20280 20284 20288 20292 20296 20300 20304 20308 20312 20316 20320 20324 20328 20332 20336 20340 20344 20348 20352 20356 20360 20364 20368 20372 20376 20380 20384 20388 20392 20396 20400 20404 20408 20412 20416 20420 20424 20428 20432 20436 20440 20444 20448 20452 20456 20460 20464 20468 20472 20476 20480 20484 20488 20492 20496 20500 20504 20508 20512 20516 20520 20524 20528 20532 20536 20540 20544 20548 20552 20556 20560 20564 20568 20572 20576 20580 20584 20588 20592 20596 20600 20604 20608 20612 20616 20620 20624 20628 20632 20636 20640 20644 20648 20652 20656 20660 20664 20668 20672 20676 20680 20684 20688 20692 20696 20700 20704 20708 20712 20716 20720 20724 20728 20732 20736 20740 20744 20748 20752 20756 20760 20764 20768 20772 20776 20780 20784 20788 20792 20796 20800 20804 20808 20812 20816 20820 20824 20828 20832 20836 20840 20844 20848 20852 20856 20860 20864 20868 20872 20876 20880 20884 20888 20892 20896 20900 20904 20908 20912 20916 20920 20924 20928 20932 20936 20940 20944 20948 20952 20956 20960 20964 20968 20972 20976 20980 20984 20988 20992 20996 21000 21004 21008 21012 21016 21020 21024 21028 21032 21036 21040 21044 21048 21052 21056 21060 21064 21068 21072 21076 21080 21084 21088 21092 21096 21100 21104 21108 21112 21116 21120 21124 21128 21132 21136 21140 21144 21148 21152 21156 21160 21164 21168 21172 21176 21180 21184 21188 21192 21196 21200 21204 21208 21212 21216 21220 21224 21228 21232 21236 21240 21244 21248 21252 21256 21260 21264 21268 21272 21276 21280 21284 21288 21292 21296 21300 21304 21308 21312 21316 21320 21324 21328 21332 21336 21340 21344 21348 21352 21356 21360 21364 21368 21372 21376 21380 21384 21388 21392 21396 21400 21404 21408 21412 21416 21420 21424 21428 21432 21436 21440 21444 21448 21452 21456 21460 21464 21468 21472 21476 21480 21484 21488 21492 21496 21500 21504 21508 21512 21516 21520 21524 21528 21532 21536 21540 21544 21548 21552 21556 21560 21564 21568 21572 21576 21580 21584 21588 21592 21596 21600 21604 21608 21612 21616 21620 21624 21628 21632 21636 21640 21644 21648 21652 21656 21660 21664 21668 21672 21676 21680 21684 21688 21692 21696 21700 21704 21708 21712 21716 21720 21724 21728 21732 21736 21740 21744 21748 21752 21756 21760 21764 21768 21772 21776 21780 21784 21788 21792 21796 21800 21804 21808 21812 21816 21820 21824 21828 21832 21836 21840 21844 21848 21852 21856 21860 21864 21868 21872 21876 21880 21884 21888 21892 21896 21900 21904 21908 21912 21916 21920 21924 21928 21932 21936 21940 21944 21948 21952 21956 21960 21964 21968 21972 21976 21980 21984 21988 21992 21996 22000 22004 22008 22012 22016 22020 22024 22028 22032 22036 22040 22044 22048 22052 22056 22060 22064 22068 22072 22076 22080 22084 22088 22092 22096 22100 22104 22108 22112 22116 22120 22124 22128 22132 22136 22140 22144 22148 22152 22156 22160 22164 22168 22172 22176 22180 22184 22188 22192 22196 22200 22204 22208 22212 22216 22220 22224 22228 22232 22236 22240 22244 22248 22252 22256 22260 22264 22268 22272 22276 22280 22284 22288 22292 22296 22300 22304 22308 22312 22316 22320 22324 22328 22332 22336 22340 22344 22348 22352 22356 22360 22364 22368 22372 22376 22380 22384 22388 22392 22396 22400 22404 22408 22412 22416 22420 22424 22428 22432 22436 22440 22444 22448 22452 22456 22460 22464 22468 22472 22476 22480 22484 22488 22492 22496 22500 22504 22508 22512 22516 22520 22524 22528 22532 22536 22540 22544 22548 22552 22556 22560 22564 22568 22572 22576 22580 22584 22588 22592 22596 22600 22604 22608 22612 22616 22620 22624 22628 22632 22636 22640 22644 22648 22652 22656 22660 22664 22668 22672 22676 22680 22684 22688 22692 22696 22700 22704 22708 22712 22716 22720 22724 22728 22732 22736 22740 22744 22748 22752 22756 22760 22764 22768 22772 22776 22780 22784 22788 22792 22796 22800 22804 22808 22812 22816 22820 22824 22828 22832 22836 22840 22844 22848 22852 22856 22860 22864 22868 22872 22876 22880 22884 22888 22892 22896 22900 22904 22908 22912 22916 22920 22924 22928 22932 22936 22940 22944 22948 22952 22956 22960 22964 22968 22972 22976 22980 22984 22988 22992 22996 23000 23004 23008 23012 23016 23020 23024 23028 23032 23036 23040 23044 23048 23052 23056 23060 23064 23068 23072 23076 23080 23084 23088 23092 23096 23100 23104 23108 23112 23116 23120 23124 23128 23132 23136 23140 23144 23148 23152 23156 23160 23164 23168 23172 23176 23180 23184 23188 23192 23196 23200 23204 23208 23212 23216 23220 23224 23228 23232 23236 23240 23244 23248 23252 23256 23260 23264 23268 23272 23276 23280 23284 23288 23292 23296 23300 23304 23308 23312 23316 23320 23324 23328 23332 23336 23340 23344 23348 23352 23356 23360 23364 23368 23372 23376 23380 23384 23388 23392 23396 23400 23404 23408 23412 23416 23420 23424 23428 23432 23436 23440 23444 23448 23452 23456 23460 23464 23468 23472 23476 23480 23484 23488 23492 23496 23500 23504 23508 23512 23516 23520 23524 23528 23532 23536 23540 23544 23548 23552 23556 23560 23564 23568 23572 23576 23580 23584 23588 23592 23596 23600 23604 23608 23612 23616 23620 23624 23628 23632 23636 23640 23644 23648 23652 23656 23660 23664 23668 23672 23676 23680 23684 23688 23692 23696 23700 23704 23708 23712 23716 23720 23724 23728 23732 23736 23740 23744 23748 23752 23756 23760 23764 23768 23772 23776 23780 23784 23788 23792 23796 23800 23804 23808 23812 23816 23820 23824 23828 23832 23836 23840 23844 23848 23852 23856 23860 23864 23868 23872 23876 23880 23884 23888 23892 23896 23900 23904 23908 23912 23916 23920 23924 23928 23932 23936 23940 23944 23948 23952 23956 23960 23964 23968 23972 23976 23980 23984 23988 23992 23996 24000 24004 24008 24012 24016 24020 24024 24028 24032 24036 24040 24044 24048 24052 24056 24060 24064 24068 24072 24076 24080 24084 24088 24092 24096 24100 24104 24108 24112 24116 24120 24124 24128 24132 24136 24140 24144 24148 24152 24156 24160 24164 24168 24172 24176 24180 24184 24188 24192 24196 24200 24204 24208 24212 24216 24220 24224 24228 24232 24236 24240 24244 24248 24252 24256 24260 24264 24268 24272 24276 24280 24284 24288 24292 24296 24300 24304 24308 24312 24316 24320 24324 24328 24332 24336 24340 24344 24348 24352 24356 24360 24364 24368 24372 24376 24380 24384 24388 24392 24396 24400 24404 24408 24412 24416 24420 24424 24428 24432 24436 24440 24444 24448 24452 24456 24460 24464 24468 24472 24476 24480 24484 24488 24492 24496 24500 24504 24508 24512 24516 24520 24524 24528 24532 24536 24540 24544 24548 24552 24556 24560 24564 24568 24572 24576 24580 24584 24588 24592 24596 24600 24604 24608 24612 24616 24620 24624 24628 24632 24636 24640 24644 24648 24652 24656 24660 24664 24668 24672 24676 24680 24684 24688 24692 24696 24700 24704 24708 24712 24716 24720 24724 24728 24732 24736 24740 24744 24748 24752 24756 24760 24764 24768 24772 24776 24780 24784 24788 24792 24796 24800 24804 24808 24812 24816 24820 24824 24828 24832 24836 24840 24844 24848 24852 24856 24860 24864 24868 24872 24876 24880 24884 24888 24892 24896 24900 24904 24908 24912 24916 24920 24924 24928 24932 24936 24940 24944 24948 24952 24956 24960 24964 24968 24972 24976 24980 24984 24988 24992 24996 25000 25004 25008 25012 25016 25020 25024 25028 25032 25036 25040 25044 25048 25052 25056 25060 25064 25068 25072 25076 25080 25084 25088 25092 25096 25100 25104 25108 25112 25116 25120 25124 25128 25132 25136 25140 25144 25148 25152 25156 25160 25164 25168 25172 25176 25180 25184 25188 25192 25196 25200 25204 25208 25212 25216 25220 25224 25228 25232 25236 25240 25244 25248 25252 25256 25260 25264 25268 25272 25276 25280 25284 25288 25292 25296 25300 25304 25308 25312 25316 25320 25324 25328 25332 25336 25340 25344 25348 25352 25356 25360 25364 25368 25372 25376 25380 25384 25388 25392 25396 25400 25404 25408 25412 25416 25420 25424 25428 25432 25436 25440 25444 25448 25452 25456 25460 25464 25468 25472 25476 25480 25484 25488 25492 25496 25500 25504 25508 25512 25516 25520 25524 25528 25532 25536 25540 25544 25548 25552 25556 25560 25564 25568 25572 25576 25580 25584 25588 25592 25596 25600 25604 25608 25612 25616 25620 25624 25628 25632 25636 25640 25644 25648 25652 25656 25660 25664 25668 25672 25676 25680 25684 25688 25692 25696 25700 25704 25708 25712 25716 25720 25724 25728 25732 25736 25740 25744 25748 25752 25756 25760 25764 25768 25772 25776 25780 25784 25788 25792 25796 25800 25804 25808 25812 25816 25820 25824 25828 25832 25836 25840 25844 25848 25852 25856 25860 25864 25868 25872 25876 25880 25884 25888 25892 25896 25900 25904 25908 25912 25916 25920 25924 25928 25932 25936 25940 25944 25948 25952 25956 25960 25964 25968 25972 25976 25980 25984 25988 25992 25996 26000 26004 26008 26012 26016 26020 26024 26028 26032 26036 26040 26044 26048 26052 26056 26060 26064 26068 26072 26076 26080 26084 26088 26092 26096 26100 26104 26108 26112 26116 26120 26124 26128 26132 26136 26140 26144 26148 26152 26156 26160 26164 26168 26172 26176 26180 26184 26188 26192 26196 26200 26204 26208 26212 26216 26220 26224 26228 26232 26236 26240 26244 26248 26252 26256 26260 26264 26268 26272 26276 26280 26284 26288 26292 26296 26300 26304 26308 26312 26316 26320 26324 26328 26332 26336 26340 26344 26348 26352 26356 26360 26364 26368 26372 26376 26380 26384 26388 26392 26396 26400 26404 26408 26412 26416 26420 26424 26428 26432 26436 26440 26444 26448 26452 26456 26460 26464 26468 26472 26476 26480 26484 26488 26492 26496 26500 26504 26508 26512 26516 26520 26524 26528 26532 26536 26540 26544 26548 26552 26556 26560 26564 26568 26572 26576 26580 26584 26588 26592 26596 26600 26604 26608 26612 26616 26620 26624 26628 26632 26636 26640 26644 26648 26652 26656 26660 26664 26668 26672 26676 26680 26684 26688 26692 26696 26700 26704 26708 26712 26716 26720 26724 26728 26732 26736 26740 26744 26748 26752 26756 26760 26764 26768 26772 26776 26780 26784 26788 26792 26796 26800 26804 26808 26812 26816 26820 26824 26828 26832 26836 26840 26844 26848 26852 26856 26860 26864 26868 26872 26876 26880 26884 26888 26892 26896 26900 26904 26908 26912 26916 26920 26924 26928 26932 26936 26940 26944 26948 26952 26956 26960 26964 26968 26972 26976 26980 26984 26988 26992 26996 27000 27004 27008 27012 27016 27020 27024 27028 27032 27036 27040 27044 27048 27052 27056 27060 27064 27068 27072 27076 27080 27084 27088 27092 27096 27100 27104 27108 27112 27116 27120 27124 27128 27132 27136 27140 27144 27148 27152 27156 27160 27164 27168 27172 27176 27180 27184 27188 27192 27196 27200 27204 27208 27212 27216 27220 27224 27228 27232 27236 27240 27244 27248 27252 27256 27260 27264 27268 27272 27276 27280 27284 27288 27292 27296 27300 27304 27308 27312 27316 27320 27324 27328 27332 27336 27340 27344 27348 27352 27356 27360 27364 27368 27372 27376 27380 27384 27388 27392 27396 27400 27404 27408 27412 27416 27420 27424 27428 27432 27436 27440 27444 27448 27452 27456 27460 27464 27468 27472 27476 27480 27484 27488 27492 27496 27500 27504 27508 27512 27516 27520 27524 27528 27532 27536 27540 27544 27548 27552 27556 27560 27564 27568 27572 27576 27580 27584 27588 27592 27596 27600 27604 27608 27612 27616 27620 27624 27628 27632 27636 27640 27644 27648 27652 27656 27660 27664 27668 27672 27676 27680 27684 27688 27692 27696 27700 27704 27708 27712 27716 27720 27724 27728 27732 27736 27740 27744 27748 27752 27756 27760 27764 27768 27772 27776 27780 27784 27788 27792 27796 27800 27804 27808 27812 27816 27820 27824 27828 27832 27836 27840 27844 27848 27852 27856 27860 27864 27868 27872 27876 27880 27884 27888 27892 27896 27900 27904 27908 27912 27916 27920 27924 27928 27932 27936 27940 27944 27948 27952 27956 27960 27964 27968 27972 27976 27980 27984 27988 27992 27996 28000 28004 28008 28012 28016 28020 28024 28028 28032 28036 28040 28044 28048 28052 28056 28060 28064 28068 28072 28076 28080 28084 28088 28092 28096 28100 28104 28108 28112 28116 28120 28124 28128 28132 28136 28140 28144 28148 28152 28156 28160 28164 28168 28172 28176 28180 28184 28188 28192 28196 28200 28204 28208 28212 28216 28220 28224 28228 28232 28236 28240 28244 28248 28252 28256 28260 28264 28268 28272 28276 28280 28284 28288 28292 28296 28300 28304 28308 28312 28316 28320 28324 28328 28332 28336 28340 28344 28348 28352 28356 28360 28364 28368 28372 28376 28380 28384 28388 28392 28396 28400 28404 28408 28412 28416 28420 28424 28428 28432 28436 28440 28444 28448 28452 28456 28460 28464 28468 28472 28476 28480 28484 28488 28492 28496 28500 28504 28508 28512 28516 28520 28524 28528 28532 28536 28540 28544 28548 28552 28556 28560 28564 28568 28572 28576 28580 28584 28588 28592 28596 28600 28604 28608 28612 28616 28620 28624 28628 28632 28636 28640 28644 28648 28652 28656 28660 28664 28668 28672 28676 28680 28684 28688 28692 28696 28700 28704 28708 28712 28716 28720 28724 28728 28732 28736 28740 28744 28748 28752 28756 28760 28764 28768 28772 28776 28780 28784 28788 28792 28796 28800 28804 28808 28812 28816 28820 28824 28828 28832 28836 28840 28844 28848 28852 28856 28860 28864 28868 28872 28876 28880 28884 28888 28892 28896 28900 28904 28908 28912 28916 28920 28924 28928 28932 28936 28940 28944 28948 28952 28956 28960 28964 28968 28972 28976 28980 28984 28988 28992 28996 29000 29004 29008 29012 29016 29020 29024 29028 29032 29036 29040 29044 29048 29052 29056 29060 29064 29068 29072 29076 29080 29084 29088 29092 29096 29100 29104 29108 29112 29116 29120 29124 29128 29132 29136 29140 29144 29148 29152 29156 29160 29164 29168 29172 29176 29180 29184 29188 29192 29196 29200 29204 29208 29212 29216 29220 29224 29228 29232 29236 29240 29244 29248 29252 29256 29260 29264 29268 29272 29276 29280 29284 </DataArray>
        <DataArray type="Int8" Name="types" format="ascii">71 71 71 71 71 71 71 71 71 71 71 71 71 71 71 71 71 71 71 71 71 71 71 71 71 71 71 71 71 71 71 71 71 71 71 71 71 71 71 71 71 71 71 71 71 71 71 71 71 71 71 71 71 71 71 71 71 71 71 71 71 71 71 71 71 71 71 71 71 71 71 71 71 71 71 71 71 71 71 71 71 71 71 71 71 71 71 71 71 71 71 71 71 71 71 71 71 71 71 71 71 71 71 71 71 71 71 71 71 71 71 71 71 71 71 71 71 71 71 71 71 71 71 71 71 71 71 71 71 71 71 71 71 71 71 71 71 71 71 71 71 71 71 71 71 71 71 71 71 71 71 71 71 71 71 71 71 71 71 71 71 71 71 71 71 71 71 71 71 71 71 71 71 71 71 71 71 71 71 71 71 71 71 71 71 71 71 71 71 71 71 71 71 71 71 71 71 71 71 71 71 71 71 71 71 71 71 71 71 71 71 71 71 71 71 71 71 71 71 71 71 71 71 71 71 71 71 71 71 71 71 71 71 71 71 71 71 71 71 71 71 71 71 71 71 71 71 71 71 71 71 71 71 71 71 71 71 71 71 71 71 71 71 71 71 71 71 71 71 71 71 71 71 71 71 71 71 71 71 71 71 71 71 71 71 71 71 71 71 71 71 71 71 71 71 71 71 71 71 71 71 71 71 71 71 71 71 71 71 71 71 71 71 71 71 71 71 71 71 71 71 71 71 71 71 71 71 71 71 71 71 71 71 71 71 71 71 71 71 71 71 71 71 71 71 71 71 71 71 71 71 71 71 71 71 71 71 71 71 71 71 71 71 71 71 71 71 71 71 71 71 71 71 71 71 71 71 71 71 71 71 71 71 71 71 71 71 71 71 71 71 71 71 71 71 71 71 71 71 71 71 71 71 71 71 71 71 71 71 71 71 71 71 71 71 71 71 71 71 71 71 71 71 71 71 71 71 71 71 71 71 71 71 71 71 71 71 71 71 71 71 71 71 71 71 71 71 71 71 71 71 71 71 71 71 71 71 71 71 71 71 71 71 71 71 71 71 71 71 71 71 71 71 71 71 71 71 71 71 71 71 71 71 71 71 71 71 71 71 71 71 71 71 71 71 71 71 71 71 71 71 71 71 71 71 71 71 71 71 71 71 71 71 71 71 71 71 71 71 71 71 71 71 71 71 71 71 71 71 71 71 71 71 71 71 71 71 71 71 71 71 71 71 71 71 71 71 71 71 71 71 71 71 71 71 71 71 71 71 71 71 71 71 71 71 71 71 71 71 71 71 71 71 71 71 71 71 71 71 71 71 71 71 71 71 71 71 71 71 71 71 71 71 71 71 71 71 71 71 71 71 71 71 71 71 71 71 71 71 71 71 71 71 71 71 71 71 71 71 71 71 71 71 71 71 71 71 71 71 71 71 71 71 71 71 71 71 71 71 71 71 71 71 71 71 71 71 71 71 71 71 71 71 71 71 71 71 71 71 71 71 71 71 71 71 71 71 71 71 71 71 71 71 71 71 71 71 71 71 71 71 71 71 71 71 71 71 71 71 71 71 71 71 71 71 71 71 71 71 71 71 71 71 71 71 71 71 71 71 71 71 71 71 71 71 71 71 71 71 71 71 71 71 71 71 71 71 71 71 71 71 71 71 71 71 71 71 71 71 71 71 71 71 71 71 71 71 71 71 71 71 71 71 71 71 71 71 71 71 71 71 71 71 71 71 71 71 71 71 71 71 71 71 71 71 71 71 71 71 71 71 71 71 71 71 71 71 71 71 71 71 71 71 71 71 71 71 71 71 71 71 71 71 71 71 71 71 71 71 71 71 71 71 71 71 71 71 71 71 71 71 71 71 71 71 71 71 71 71 71 71 71 71 71 71 71 71 71 71 71 71 71 71 71 71 71 71 71 71 71 71 71 71 71 71 71 71 71 71 71 71 71 71 71 71 71 71 71 71 71 71 71 71 71 71 71 71 71 71 71 71 71 71 71 71 71 71 71 71 71 71 71 71 71 71 71 71 71 71 71 71 71 71 71 71 71 71 71 71 71 71 71 71 71 71 71 71 71 71 71 71 71 71 71 71 71 71 71 71 71 71 71 71 71 71 71 71 71 71 71 71 71 71 71 71 71 71 71 71 71 71 71 71 71 71 71 71 71 71 71 71 71 71 71 71 71 71 71 71 71 71 71 71 71 71 71 71 71 71 71 71 71 71 71 71 71 71 71 71 71 71 71 71 71 71 71 71 71 71 71 71 71 71 71 71 71 71 71 71 71 71 71 71 71 71 71 71 71 71 71 71 71 71 71 71 71 71 71 71 71 71 71 71 71 71 71 71 71 71 71 71 71 71 71 71 71 71 71 71 71 71 71 71 71 71 71 71 71 71 71 71 71 71 71 71 71 71 71 71 71 71 71 71 71 71 71 71 71 71 71 71 71 71 71 71 71 71 71 71 71 71 71 71 71 71 71 71 71 71 71 71 71 71 71 71 71 71 71 71 71 71 71 71 71 71 71 71 71 71 71 71 71 71 71 71 71 71 71 71 71 71 71 71 71 71 71 71 71 71 71 71 71 71 71 71 71 71 71 71 71 71 71 71 71 71 71 71 71 71 71 71 71 71 71 71 71 71 71 71 71 71 71 71 71 71 71 71 71 71 71 71 71 71 71 71 71 71 71 71 71 71 71 71 71 71 71 71 71 71 71 71 71 71 71 71 71 71 71 71 71 71 71 71 71 71 71 71 71 71 71 71 71 71 71 71 71 71 71 71 71 71 71 71 71 71 71 71 71 71 71 71 71 71 71 71 71 71 71 71 71 71 71 71 71 71 71 71 71 71 71 71 71 71 71 71 71 71 71 71 71 71 71 71 71 71 71 71 71 71 71 71 71 71 71 71 71 71 71 71 71 71 71 71 71 71 71 71 71 71 71 71 71 71 71 71 71 71 71 71 71 71 71 71 71 71 71 71 71 71 71 71 71 71 71 71 71 71 71 71 71 71 71 71 71 71 71 71 71 71 71 71 71 71 71 71 71 71 71 71 71 71 71 71 71 71 71 71 71 71 71 71 71 71 71 71 71 71 71 71 71 71 71 71 71 71 71 71 71 71 71 71 71 71 71 71 71 71 71 71 71 71 71 71 71 71 71 71 71 71 71 71 71 71 71 71 71 71 71 71 71 71 71 71 71 71 71 71 71 71 71 71 71 71 71 71 71 71 71 71 71 71 71 71 71 71 71 71 71 71 71 71 71 71 71 71 71 71 71 71 71 71 71 71 71 71 71 71 71 71 71 71 71 71 71 71 71 71 71 71 71 71 71 71 71 71 71 71 71 71 71 71 71 71 71 71 71 71 71 71 71 71 71 71 71 71 71 71 71 71 71 71 71 71 71 71 71 71 71 71 71 71 71 71 71 71 71 71 71 71 71 71 71 71 71 71 71 71 71 71 71 71 71 71 71 71 71 71 71 71 71 71 71 71 71 71 71 71 71 71 71 71 71 71 71 71 71 71 71 71 71 71 71 71 71 71 71 71 71 71 71 71 71 71 71 71 71 71 71 71 71 71 71 71 71 71 71 71 71 71 71 71 71 71 71 71 71 71 71 71 71 71 71 71 71 71 71 71 71 71 71 71 71 71 71 71 71 71 71 71 71 71 71 71 71 71 71 71 71 71 71 71 71 71 71 71 71 71 71 71 71 71 71 71 71 71 71 71 71 71 71 71 71 71 71 71 71 71 71 71 71 71 71 71 71 71 71 71 71 71 71 71 71 71 71 71 71 71 71 71 71 71 71 71 71 71 71 71 71 71 71 71 71 71 71 71 71 71 71 71 71 71 71 71 71 71 71 71 71 71 71 71 71 71 71 71 71 71 71 71 71 71 71 71 71 71 71 71 71 71 71 71 71 71 71 71 71 71 71 71 71 71 71 71 71 71 71 71 71 71 71 71 71 71 71 71 71 71 71 71 71 71 71 71 71 71 71 71 71 71 71 71 71 71 71 71 71 71 71 71 71 71 71 71 71 71 71 71 71 71 71 71 71 71 71 71 71 71 71 71 71 71 71 71 71 71 71 71 71 71 71 71 71 71 71 71 71 71 71 71 71 71 71 71 71 71 71 71 71 71 71 71 71 71 71 71 71 71 71 71 71 71 71 71 71 71 71 71 71 71 71 71 71 71 71 71 71 71 71 71 71 71 71 71 71 71 71 71 71 71 71 71 71 71 71 71 71 71 71 71 71 71 71 71 71 71 71 71 71 71 71 71 71 71 71 71 71 71 71 71 71 71 71 71 71 71 71 71 71 71 71 71 71 71 71 71 71 71 71 71 71 71 71 71 71 71 71 71 71 71 71 71 71 71 71 71 71 71 71 71 71 71 71 71 71 71 71 71 71 71 71 71 71 71 71 71 71 71 71 71 71 71 71 71 71 71 71 71 71 71 71 71 71 71 71 71 71 71 71 71 71 71 71 71 71 71 71 71 71 71 71 71 71 71 71 71 71 71 71 71 71 71 71 71 71 71 71 71 71 71 71 71 71 71 71 71 71 71 71 71 71 71 71 71 71 71 71 71 71 71 71 71 71 71 71 71 71 71 71 71 71 71 71 71 71 71 71 71 71 71 71 71 71 71 71 71 71 71 71 71 71 71 71 71 71 71 71 71 71 71 71 71 71 71 71 71 71 71 71 71 71 71 71 71 71 71 71 71 71 71 71 71 71 71 71 71 71 71 71 71 71 71 71 71 71 71 71 71 71 71 71 71 71 71 71 71 71 71 71 71 71 71 71 71 71 71 71 71 71 71 71 71 71 71 71 71 71 71 71 71 71 71 71 71 71 71 71 71 71 71 71 71 71 71 71 71 71 71 71 71 71 71 71 71 71 71 71 71 71 71 71 71 71 71 71 71 71 71 71 71 71 71 71 71 71 71 71 71 71 71 71 71 71 71 71 71 71 71 71 71 71 71 71 71 71 71 71 71 71 71 71 71 71 71 71 71 71 71 71 71 71 71 71 71 71 71 71 71 71 71 71 71 71 71 71 71 71 71 71 71 71 71 71 71 71 71 71 71 71 71 71 71 71 71 71 71 71 71 71 71 71 71 71 71 71 71 71 71 71 71 71 71 71 71 71 71 71 71 71 71 71 71 71 71 71 71 71 71 71 71 71 71 71 71 71 71 71 71 71 71 71 71 71 71 71 71 71 71 71 71 71 71 71 71 71 71 71 71 71 71 71 71 71 71 71 71 71 71 71 71 71 71 71 71 71 71 71 71 71 71 71 71 71 71 71 71 71 71 71 71 71 71 71 71 71 71 71 71 71 71 71 71 71 71 71 71 71 71 71 71 71 71 71 71 71 71 71 71 71 71 71 71 71 71 71 71 71 71 71 71 71 71 71 71 71 71 71 71 71 71 71 71 71 71 71 71 71 71 71 71 71 71 71 71 71 71 71 71 71 71 71 71 71 71 71 71 71 71 71 71 71 71 71 71 71 71 71 71 71 71 71 71 71 71 71 71 71 71 71 71 71 71 71 71 71 71 71 71 71 71 71 71 71 71 71 71 71 71 71 71 71 71 71 71 71 71 71 71 71 71 71 71 71 71 71 71 71 71 71 71 71 71 71 71 71 71 71 71 71 71 71 71 71 71 71 71 71 71 71 71 71 71 71 71 71 71 71 71 71 71 71 71 71 71 71 71 71 71 71 71 71 71 71 71 71 71 71 71 71 71 71 71 71 71 71 71 71 71 71 71 71 71 71 71 71 71 71 71 71 71 71 71 71 71 71 71 71 71 71 71 71 71 71 71 71 71 71 71 71 71 71 71 71 71 71 71 71 71 71 71 71 71 71 71 71 71 71 71 71 71 71 71 71 71 71 71 71 71 71 71 71 71 71 71 71 71 71 71 71 71 71 71 71 71 71 71 71 71 71 71 71 71 71 71 71 71 71 71 71 71 71 71 71 71 71 71 71 71 71 71 71 71 71 71 71 71 71 71 71 71 71 71 71 71 71 71 71 71 71 71 71 71 71 71 71 71 71 71 71 71 71 71 71 71 71 71 71 71 71 71 71 71 71 71 71 71 71 71 71 71 71 71 71 71 71 71 71 71 71 71 71 71 71 71 71 71 71 71 71 71 71 71 71 71 71 71 71 71 71 71 71 71 71 71 71 71 71 71 71 71 71 71 71 71 71 71 71 71 71 71 71 71 71 71 71 71 71 71 71 71 71 71 71 71 71 71 71 71 71 71 71 71 71 71 71 71 71 71 71 71 71 71 71 71 71 71 71 71 71 71 71 71 71 71 71 71 71 71 71 71 71 71 71 71 71 71 71 71 71 71 71 71 71 71 71 71 71 71 71 71 71 71 71 71 71 71 71 71 71 71 71 71 71 71 71 71 71 71 71 71 71 71 71 71 71 71 71 71 71 71 71 71 71 71 71 71 71 71 71 71 71 71 71 71 71 71 71 71 71 71 71 71 71 71 71 71 71 71 71 71 71 71 71 71 71 71 71 71 71 71 71 71 71 71 71 71 71 71 71 71 71 71 71 71 71 71 71 71 71 71 71 71 71 71 71 71 71 71 71 71 71 71 71 71 71 71 71 71 71 71 71 71 71 71 71 71 71 71 71 71 71 71 71 71 71 71 71 71 71 71 71 71 71 71 71 71 71 71 71 71 71 71 71 71 71 71 71 71 71 71 71 71 71 71 71 71 71 71 71 71 71 71 71 71 71 71 71 71 71 71 71 71 71 71 71 71 71 71 71 71 71 71 71 71 71 71 71 71 71 71 71 71 71 71 71 71 71 71 71 71 71 71 71 71 71 71 71 71 71 71 71 71 71 71 71 71 71 71 71 71 71 71 71 71 71 71 71 71 71 71 71 71 71 71 71 71 71 71 71 71 71 71 71 71 71 71 71 71 71 71 71 71 71 71 71 71 71 71 71 71 71 71 71 71 71 71 71 71 71 71 71 71 71 71 71 71 71 71 71 71 71 71 71 71 71 71 71 71 71 71 71 71 71 71 71 71 71 71 71 71 71 71 71 71 71 71 71 71 71 71 71 71 71 71 71 71 71 71 71 71 71 71 71 71 71 71 71 71 71 71 71 71 71 71 71 71 71 71 71 71 71 71 71 71 71 71 71 71 71 71 71 71 71 71 71 71 71 71 71 71 71 71 71 71 71 71 71 71 71 71 71 71 71 71 71 71 71 71 71 71 71 71 71 71 71 71 71 71 71 71 71 71 71 71 71 71 71 71 71 71 71 71 71 71 71 71 71 71 71 71 71 71 71 71 71 71 71 71 71 71 71 71 71 71 71 71 71 71 71 71 71 71 71 71 71 71 71 71 71 71 71 71 71 71 71 71 71 71 71 71 71 71 71 71 71 71 71 71 71 71 71 71 71 71 71 71 71 71 71 71 71 71 71 71 71 71 71 71 71 71 71 71 71 71 71 71 71 71 71 71 71 71 71 71 71 71 71 71 71 71 71 71 71 71 71 71 71 71 71 71 71 71 71 71 71 71 71 71 71 71 71 71 71 71 71 71 71 71 71 71 71 71 71 71 71 71 71 71 71 71 71 71 71 71 71 71 71 71 71 71 71 71 71 71 71 71 71 71 71 71 71 71 71 71 71 71 71 71 71 71 71 71 71 71 71 71 71 71 71 71 71 71 71 71 71 71 71 71 71 71 71 71 71 71 71 71 71 71 71 71 71 71 71 71 71 71 71 71 71 71 71 71 71 71 71 71 71 71 71 71 71 71 71 71 71 71 71 71 71 71 71 71 71 71 71 71 71 71 71 71 71 71 71 71 71 71 71 71 71 71 71 71 71 71 71 71 71 71 71 71 71 71 71 71 71 71 71 71 71 71 71 71 71 71 71 71 71 71 71 71 71 71 71 71 71 71 71 71 71 71 71 71 71 71 71 71 71 71 71 71 71 71 71 71 71 71 71 71 71 71 71 71 71 71 71 71 71 71 71 71 71 71 71 71 71 71 71 71 71 71 71 71 71 71 71 71 71 71 71 71 71 71 71 71 71 71 71 71 71 71 71 71 71 71 71 71 71 71 71 71 71 71 71 71 71 71 71 71 71 71 71 71 71 71 71 71 71 71 71 71 71 71 71 71 71 71 71 71 71 71 71 71 71 71 71 71 71 71 71 71 71 71 71 71 71 71 71 71 71 71 71 71 71 71 71 71 71 71 71 71 71 71 71 71 71 71 71 71 71 71 71 71 71 71 71 71 71 71 71 71 71 71 71 71 71 71 71 71 71 71 71 71 71 71 71 71 71 71 71 71 71 71 71 71 71 71 71 71 71 71 71 71 71 71 71 71 71 71 71 71 71 71 71 71 71 71 71 71 71 71 71 71 71 71 71 71 71 71 71 71 71 71 71 71 71 71 71 71 71 71 71 71 71 71 71 71 71 71 71 71 71 71 71 71 71 71 71 71 71 71 71 71 71 71 71 71 71 71 71 71 71 71 71 71 71 71 71 71 71 71 71 71 71 71 71 71 71 71 71 71 71 71 71 71 71 71 71 71 71 71 71 71 71 71 71 71 71 71 71 71 71 71 71 71 71 71 71 71 71 71 71 71 71 71 71 71 71 71 71 71 71 71 71 71 71 71 71 71 71 71 71 71 71 71 71 71 71 71 71 71 71 71 71 71 71 71 71 71 71 71 71 71 71 71 71 71 71 71 71 71 71 71 71 71 71 71 71 71 71 71 71 71 71 71 71 71 71 71 71 71 71 71 71 71 71 71 71 71 71 71 71 71 71 71 71 71 71 71 71 71 71 71 71 71 71 71 71 71 71 71 71 71 71 71 71 71 71 71 71 71 71 71 71 71 71 71 71 71 71 71 71 71 71 71 71 71 71 71 71 71 71 71 71 71 71 71 71 71 71 71 71 71 71 71 71 71 71 71 71 71 71 71 71 71 71 71 71 71 71 71 71 71 71 71 71 71 71 71 71 71 71 71 71 71 71 71 71 71 71 71 71 71 71 71 71 71 71 71 71 71 71 71 71 71 71 71 71 71 71 71 71 71 71 71 71 71 71 71 71 71 71 71 71 71 71 71 71 71 71 71 71 71 71 71 71 71 71 71 71 71 71 71 71 71 71 71 71 71 71 71 71 71 71 71 71 71 71 71 71 71 71 71 71 71 71 71 71 71 71 71 71 71 71 71 71 71 71 71 71 71 71 71 71 71 71 71 71 71 71 71 71 71 71 71 71 71 71 71 71 71 71 71 71 71 71 71 71 71 71 71 71 71 71 71 71 71 71 71 71 71 71 71 71 71 71 71 71 71 71 71 71 71 71 71 71 71 71 71 71 71 71 71 71 71 71 71 71 71 71 71 71 71 71 71 71 71 71 71 71 71 71 71 71 71 71 71 71 71 71 71 71 71 71 71 71 71 71 71 71 71 71 71 71 71 71 71 71 71 71 71 71 71 71 71 71 71 71 71 71 71 71 71 71 71 71 71 71 71 71 71 71 71 71 71 71 71 71 71 71 71 71 71 71 71 71 71 71 71 71 71 71 71 71 71 71 71 71 71 71 71 71 71 71 71 71 71 71 71 71 71 71 71 71 71 71 71 71 71 71 71 71 71 71 71 71 71 71 71 71 71 71 71 71 71 71 71 71 71 71 71 71 71 71 71 71 71 71 71 71 71 71 71 71 71 71 71 71 71 71 71 71 71 71 71 71 71 71 71 71 71 71 71 71 71 71 71 71 71 71 71 71 71 71 71 71 71 71 71 71 71 71 71 71 71 71 71 71 71 71 71 71 71 71 71 71 71 71 71 71 71 71 71 71 71 71 71 71 71 71 71 71 71 71 71 71 71 71 71 71 71 71 71 71 71 71 71 71 71 71 71 71 71 71 71 71 71 71 71 71 71 71 71 71 71 71 71 71 71 71 71 71 71 71 71 71 71 71 71 71 71 71 71 71 71 71 71 71 71 71 71 71 71 71 71 71 71 71 71 71 71 71 71 71 71 71 71 71 71 71 71 71 71 71 71 71 71 71 71 71 71 71 71 71 71 71 71 71 71 71 71 71 71 71 71 71 71 71 71 71 71 71 71 71 71 71 71 71 71 71 71 71 71 71 71 71 71 71 71 71 71 71 71 71 71 71 71 71 71 71 71 71 71 71 71 71 71 71 71 71 71 71 71 71 71 71 71 71 71 71 71 71 71 71 71 71 71 71 71 71 71 71 71 71 71 71 71 71 71 71 71 71 71 71 71 71 71 71 71 71 71 71 71 71 71 71 71 71 71 71 71 71 71 71 71 71 71 71 71 71 71 71 71 71 71 71 71 71 71 71 71 71 71 71 71 71 71 71 71 71 71 71 71 71 71 71 71 71 71 71 71 71 71 71 71 71 71 71 71 71 71 71 71 71 71 71 71 71 71 71 71 71 71 71 71 71 71 71 71 71 71 71 71 71 71 71 71 71 71 71 71 71 71 71 71 71 71 71 71 71 71 71 71 71 71 71 71 71 71 71 71 71 71 71 71 71 71 71 71 71 71 71 71 71 71 71 71 71 71 71 71 71 71 71 71 71 71 71 71 71 71 71 71 71 71 71 71 71 71 71 71 71 71 71 71 71 71 71 71 71 71 71 71 71 71 71 71 71 71 71 71 71 71 71 71 71 71 71 71 71 71 71 71 71 71 71 71 71 71 71 71 71 71 71 71 71 71 71 71 71 71 71 71 71 71 71 71 71 71 71 71 71 71 71 71 71 71 71 71 71 71 71 71 71 71 71 71 71 71 71 71 71 71 71 71 71 71 71 71 71 71 71 71 71 71 71 71 71 71 71 71 71 71 71 71 71 71 71 71 71 71 71 71 71 71 71 71 71 71 71 71 71 71 71 71 71 71 71 71 71 71 71 71 71 71 71 71 71 71 71 71 71 71 71 71 71 71 71 71 71 71 71 71 71 71 71 71 71 71 71 71 71 71 71 71 71 71 71 71 71 71 71 71 71 71 71 71 71 71 71 71 71 71 71 71 71 71 71 71 71 71 71 71 71 71 71 71 71 71 71 71 71 71 71 71 71 71 71 71 71 71 71 71 71 71 71 71 71 71 71 71 71 71 71 71 71 71 71 71 71 71 71 71 71 71 71 71 71 71 71 71 71 71 71 71 71 71 71 71 71 71 71 71 71 71 71 71 71 71 71 71 71 71 71 71 71 71 71 71 71 71 71 71 71 71 71 71 71 71 71 71 71 71 71 71 71 71 71 71 71 71 71 71 71 71 71 71 71 71 71 71 71 71 71 71 71 71 71 71 71 71 71 71 71 71 71 71 71 71 71 71 71 71 71 71 71 71 71 71 71 71 71 71 71 71 71 71 71 71 71 71 71 71 71 71 71 71 71 71 71 71 71 71 71 71 71 71 71 71 71 71 71 71 71 71 71 71 71 71 71 71 71 71 71 71 71 71 71 71 71 71 71 71 71 71 71 71 71 71 71 71 71 71 71 71 71 71 71 71 71 71 71 71 71 71 71 71 71 71 71 71 71 71 71 71 71 71 71 71 71 71 71 71 71 71 71 71 71 71 71 71 71 71 71 71 71 71 71 71 71 71 71 71 71 71 71 71 71 71 71 71 71 71 71 71 71 71 71 71 71 71 71 71 71 71 71 71 71 71 71 71 71 71 71 71 71 71 71 71 71 71 71 71 71 71 71 71 71 71 71 71 71 71 71 71 71 71 71 71 71 71 71 71 71 71 71 71 71 71 71 71 71 71 71 71 71 71 71 71 71 71 71 71 71 71 71 71 71 71 71 71 71 71 71 71 71 71 71 71 71 71 71 71 71 71 71 71 71 71 71 71 71 71 71 71 71 71 71 71 71 71 71 71 71 71 71 71 71 71 71 71 71 71 71 71 71 71 71 71 71 71 71 71 71 71 71 71 71 71 71 71 71 71 71 71 71 71 71 71 71 71 71 71 71 71 71 71 71 71 71 71 71 71 71 71 71 71 71 71 71 71 71 71 71 71 71 71 71 71 71 71 71 71 71 71 71 71 71 71 71 71 71 71 71 71 71 71 71 71 71 71 71 71 71 71 71 71 71 71 71 71 71 71 71 71 71 71 71 71 71 71 71 71 71 71 71 71 71 71 71 71 71 71 71 71 71 71 71 71 71 71 71 71 71 71 71 71 71 71 71 71 71 71 71 71 71 71 71 71 71 71 71 71 71 71 71 71 71 71 71 71 71 71 71 71 71 71 71 71 71 71 71 71 71 71 71 71 71 71 71 71 71 71 71 71 71 71 71 71 71 71 71 71 71 71 71 71 71 71 71 71 71 71 71 71 71 71 71 71 71 71 71 71 71 71 71 71 71 71 71 71 71 71 71 71 71 71 71 71 71 71 71 71 71 71 71 71 71 71 71 71 71 71 71 71 71 71 71 71 71 71 71 71 71 71 71 71 71 71 71 71 71 71 71 71 71 71 71 71 71 71 71 71 71 71 71 71 71 71 71 71 71 71 71 71 71 71 71 71 71 71 71 71 71 71 71 71 71 71 71 71 71 71 71 71 71 71 71 71 71 71 71 71 71 71 71 71 71 71 71 71 71 71 71 71 71 71 71 71 71 71 71 71 71 71 71 71 71 71 71 71 71 71 71 71 71 71 71 71 71 71 71 71 71 71 71 71 71 71 71 71 71 71 71 71 71 71 71 71 71 71 71 71 71 71 71 71 71 71 71 71 71 71 71 71 71 71 71 71 71 71 71 71 71 71 71 71 71 71 71 71 71 71 71 71 71 71 71 71 71 71 71 71 71 71 71 71 71 71 71 71 71 71 71 71 71 71 71 71 71 71 71 71 71 71 71 71 71 71 71 71 71 71 71 71 71 71 71 71 71 71 71 71 71 71 71 71 71 71 71 71 71 71 71 71 71 71 71 71 71 71 71 71 71 71 71 71 71 71 71 71 71 71 71 71 71 71 71 71 71 71 71 71 71 71 71 71 71 71 71 71 71 71 71 71 71 71 71 71 71 71 71 71 71 71 71 71 71 71 71 71 71 71 71 71 71 71 71 71 71 71 71 71 71 71 71 71 71 71 71 71 71 71 71 71 71 71 71 71 71 71 71 71 71 71 71 71 71 71 71 71 71 71 71 71 71 71 71 71 71 71 71 71 71 71 71 71 71 71 71 71 71 71 71 71 71 71 71 71 71 71 71 71 71 71 71 71 71 71 71 71 71 71 71 71 71 71 71 71 71 71 71 71 71 71 71 71 71 71 71 71 71 71 71 71 71 71 71 71 71 71 71 71 71 71 71 71 71 71 71 71 71 71 71 71 71 71 71 71 71 71 71 71 71 71 71 71 71 71 71 71 71 71 71 71 71 71 71 71 71 71 71 71 71 71 71 71 71 71 71 71 71 71 71 71 71 71 71 71 71 71 71 71 71 71 71 71 71 71 71 71 71 71 71 71 71 71 71 71 71 71 71 71 71 71 71 71 71 71 71 71 71 71 71 71 71 71 71 71 71 71 71 71 71 71 71 71 71 71 71 71 71 71 71 71 71 71 71 71 71 71 71 71 71 71 71 71 71 71 71 71 71 71 71 71 71 71 71 71 71 71 71 71 71 71 71 71 71 71 71 71 71 71 71 71 71 71 71 71 71 71 71 71 71 71 71 71 71 71 71 71 71 71 71 71 71 71 71 71 71 71 71 71 71 71 71 71 71 71 71 71 71 71 71 71 71 71 71 71 71 71 71 71 71 71 71 71 71 71 71 71 71 71 71 71 71 71 71 71 71 71 71 71 71 71 71 71 71 71 71 71 71 71 71 71 71 71 71 71 71 71 71 71 71 71 71 71 71 71 71 71 71 71 71 71 71 71 71 71 71 71 71 71 71 71 71 71 71 71 71 71 71 71 71 71 71 71 71 71 71 71 71 71 71 71 71 71 71 71 71 71 71 71 71 71 71 71 71 71 71 71 71 71 71 71 71 71 71 71 71 71 71 71 71 71 71 71 71 71 71 71 71 71 71 71 71 71 71 71 71 71 71 71 71 71 71 71 71 71 71 71 71 71 71 71 71 71 71 71 71 71 71 71 71 71 71 71 71 71 71 71 71 71 71 71 71 71 71 71 71 71 71 71 71 71 71 71 71 71 71 71 71 71 71 71 71 71 71 71 71 71 71 71 71 71 71 71 71 71 71 71 71 71 71 71 71 71 71 71 71 71 71 71 71 71 71 71 71 71 71 71 71 71 71 71 71 71 71 71 71 71 71 71 71 71 71 71 71 71 71 71 71 71 71 71 71 71 71 71 71 71 71 71 71 71 71 71 71 71 71 71 71 71 71 71 71 71 71 71 71 71 71 71 71 71 71 71 71 71 71 71 71 71 71 71 71 71 71 71 71 71 71 71 71 71 71 71 71 71 71 71 71 71 71 71 71 71 71 71 71 71 71 71 71 71 71 71 71 71 71 71 71 71 71 71 71 71 71 71 71 71 71 71 71 71 71 71 71 71 71 71 71 71 71 71 71 71 71 71 71 71 71 71 71 71 71 71 71 71 71 71 71 71 71 71 71 71 71 71 71 71 71 71 71 71 71 71 71 71 71 71 71 71 71 71 71 71 71 71 71 71 71 71 71 71 71 71 71 71 71 71 71 71 71 71 71 71 71 71 71 71 71 71 71 71 71 71 71 71 71 71 71 71 71 71 71 71 71 71 71 71 71 71 71 71 71 71 71 71 71 71 71 71 71 71 71 71 71 71 71 71 71 71 71 71 71 71 71 71 71 71 71 71 71 71 71 71 71 71 71 71 71 71 71 71 71 71 71 71 71 71 71 71 71 71 71 71 71 71 71 71 71 71 71 71 71 71 71 71 71 71 71 71 71 71 71 71 71 71 71 71 71 71 71 71 71 71 71 71 71 71 71 71 71 71 71 71 71 71 71 71 71 71 71 71 71 71 71 71 71 71 71 71 71 71 71 71 71 71 71 71 71 71 71 71 71 71 71 71 71 71 71 71 71 71 71 71 71 71 71 71 71 71 71 71 71 71 71 71 71 71 71 71 71 71 71 71 71 71 71 71 71 71 71 71 71 71 71 71 71 71 71 71 71 71 71 71 71 71 71 71 71 71 71 71 71 71 71 71 71 71 71 71 71 71 71 71 71 71 71 71 71 71 71 71 71 71 71 71 71 71 71 71 71 71 71 71 71 71 71 71 71 71 71 71 71 71 71 71 71 71 71 71 71 71 71 71 71 71 71 71 71 71 71 71 71 71 71 71 71 71 71 71 71 71 71 71 71 71 71 71 71 71 71 71 71 71 71 71 71 71 71 71 71 71 71 71 71 71 71 71 71 71 71 71 71 71 71 71 71 71 71 71 71 71 71 71 71 71 71 71 71 71 71 71 71 71 71 71 71 71 71 71 71 71 71 71 71 71 71 71 71 71 71 71 71 71 71 71 71 71 71 71 71 71 71 71 71 71 71 71 71 71 71 71 71 71 71 71 71 71 71 71 71 71 71 71 71 71 71 71 71 71 71 71 71 71 71 71 71 71 71 71 71 71 71 71 71 71 71 71 71 71 71 71 71 71 71 71 71 71 71 71 71 71 71 71 71 71 71 71 71 71 71 71 71 71 71 71 71 71 71 71 71 71 71 71 71 71 71 71 71 71 71 71 71 71 71 71 71 71 71 71 71 71 71 71 71 71 71 71 71 71 71 71 71 71 71 71 71 71 71 71 71 71 71 71 71 71 71 71 71 71 71 71 71 71 71 71 71 71 71 71 71 71 71 71 71 71 71 71 71 71 71 71 71 71 71 71 71 71 71 71 71 71 71 71 71 71 71 71 71 71 71 71 71 71 71 71 71 71 71 71 71 71 71 71 71 71 71 71 71 71 71 71 71 71 71 71 71 71 71 71 71 71 71 71 71 71 71 71 71 71 71 71 71 71 71 71 71 71 71 71 71 71 71 71 71 71 71 71 71 71 71 71 71 71 71 71 71 71 71 71 71 71 71 71 71 71 71 71 71 71 71 71 71 71 71 71 71 71 71 71 71 71 71 71 71 71 71 71 71 71 71 71 71 71 71 71 71 71 71 71 71 71 71 71 71 71 71 71 71 71 71 71 71 71 71 71 71 71 71 71 71 71 71 71 71 71 71 71 71 71 71 71 71 71 71 71 71 71 71 71 71 71 71 71 71 71 71 71 71 71 71 71 71 71 71 71 71 71 71 71 71 71 71 71 71 71 71 71 71 71 71 71 71 71 71 71 71 71 71 71 71 71 71 71 71 71 71 71 71 71 71 71 71 71 71 71 71 71 71 71 71 71 71 71 71 71 71 71 71 71 71 71 71 71 71 71 71 71 71 71 71 71 71 71 71 71 71 71 71 71 71 71 71 71 71 71 71 71 71 71 71 71 71 71 71 71 71 71 71 71 71 71 71 71 71 71 71 71 71 71 71 71 71 71 71 71 71 71 71 71 71 71 71 71 71 71 71 71 71 71 71 71 71 71 71 71 71 71 71 71 </DataArray>
      </Cells>
      <CellData Vectors="heat_flux" Scalars="region_ID">
        <DataArray type="UInt8" Name="vtkGhostType" format="ascii" RangeMin="0" RangeMax="1">0 0 0 0 0 0 0 0 0 0 0 0 0 0 0 0 0 0 0 0 0 0 0 0 0 0 0 0 0 0 0 0 0 0 0 0 0 0 0 0 0 0 0 0 0 0 0 0 0 0 0 0 0 0 0 0 0 0 0 0 0 0 0 0 0 0 0 0 0 0 0 0 0 0 0 0 0 0 0 0 0 0 0 0 0 0 0 0 0 0 0 0 0 0 0 0 0 0 0 0 0 0 0 0 0 0 0 0 0 0 0 0 0 0 0 0 0 0 0 0 0 0 0 0 0 0 0 0 0 0 0 0 0 0 0 0 0 0 0 0 0 0 0 0 0 0 0 0 0 0 0 0 0 0 0 0 0 0 0 0 0 0 0 0 0 0 0 0 0 0 0 0 0 0 0 0 0 0 0 0 0 0 0 0 0 0 0 0 0 0 0 0 0 0 0 0 0 0 0 0 0 0 0 0 0 0 0 0 0 0 0 0 0 0 0 0 0 0 0 0 0 0 0 0 0 0 0 0 0 0 0 0 0 0 0 0 0 0 0 0 0 0 0 0 0 0 0 0 0 0 0 0 0 0 0 0 0 0 0 0 0 0 0 0 0 0 0 0 0 0 0 0 0 0 0 0 0 0 0 0 0 0 0 0 0 0 0 0 0 0 0 0 0 0 0 0 0 0 0 0 0 0 0 0 0 0 0 0 0 0 0 0 0 0 0 0 0 0 0 0 0 0 0 0 0 0 0 0 0 0 0 0 0 0 0 0 0 0 0 0 0 0 0 0 0 0 0 0 0 0 0 0 0 0 0 0 0 0 0 0 0 0 0 0 0 0 0 0 0 0 0 0 0 0 0 0 0 0 0 0 0 0 0 0 0 0 0 0 0 0 0 0 0 0 0 0 0 0 0 0 0 0 0 0 0 0 0 0 0 0 0 0 0 0 0 0 0 0 0 0 0 0 0 0 0 0 0 0 0 0 0 0 0 0 0 0 0 0 0 0 0 0 0 0 0 0 0 0 0 0 0 0 0 0 0 0 0 0 0 0 0 0 0 0 0 0 0 0 0 0 0 0 0 0 0 0 0 0 0 0 0 0 0 0 0 0 0 0 0 0 0 0 0 0 0 0 0 0 0 0 0 0 0 0 0 0 0 0 0 0 0 0 0 0 0 0 0 0 0 0 0 0 0 0 0 0 0 0 0 0 0 0 0 0 0 0 0 0 0 0 0 0 0 0 0 0 0 0 0 0 0 0 0 0 0 0 0 0 0 0 0 0 0 0 0 0 0 0 0 0 0 0 0 0 0 0 0 0 0 0 0 0 0 0 0 0 0 0 0 0 0 0 0 0 0 0 0 0 0 0 0 0 0 0 0 0 0 0 0 0 0 0 0 0 0 0 0 0 0 0 0 0 0 0 0 0 0 0 0 0 0 0 0 0 0 0 0 0 0 0 0 0 0 0 0 0 0 0 0 0 0 0 0 0 0 0 0 0 0 0 0 0 0 0 0 0 0 0 0 0 0 0 0 0 0 0 0 0 0 0 0 0 0 0 0 0 0 0 0 0 0 0 0 0 0 0 0 0 0 0 0 0 0 0 0 0 0 0 0 0 0 0 0 0 0 0 0 0 0 0 0 0 0 0 0 0 0 0 0 0 0 0 0 0 0 0 0 0 0 0 0 0 0 0 0 0 0 0 0 0 0 0 0 0 0 0 0 0 0 0 0 0 0 0 0 0 0 0 0 0 0 0 0 0 0 0 0 0 0 0 0 0 0 0 0 0 0 0 0 0 0 0 0 0 0 0 0 0 0 0 0 0 0 0 0 0 0 0 0 0 0 0 0 0 0 0 0 0 0 0 0 0 0 0 0 0 0 0 0 0 0 0 0 0 0 0 0 0 0 0 0 0 0 0 0 0 0 0 0 0 0 0 0 0 0 0 0 0 0 0 0 0 0 0 0 0 0 0 0 0 0 0 0 0 0 0 0 0 0 0 0 0 0 0 0 0 0 0 0 0 0 0 0 0 0 0 0 0 0 0 0 0 0 0 0 0 0 0 0 0 0 0 0 0 0 0 0 0 0 0 0 0 0 0 0 0 0 0 0 0 0 0 0 0 0 0 0 0 0 0 0 0 0 0 0 0 0 0 0 0 0 0 0 0 0 0 0 0 0 0 0 0 0 0 0 0 0 0 0 0 0 0 0 0 0 0 0 0 0 0 0 0 0 0 0 0 0 0 0 0 0 0 0 0 0 0 0 0 0 0 0 0 0 0 0 0 0 0 0 0 0 0 0 0 0 0 0 0 0 0 0 0 0 0 0 0 0 0 0 0 0 0 0 0 0 0 0 0 0 0 0 0 0 0 0 0 0 0 0 0 0 0 0 0 0 0 0 0 0 0 0 0 0 0 0 0 0 0 0 0 0 0 0 0 0 0 0 0 0 0 0 0 0 0 0 0 0 0 0 0 0 0 0 0 0 0 0 0 0 0 0 0 0 0 0 0 0 0 0 0 0 0 0 0 0 0 0 0 0 0 0 0 0 0 0 0 0 0 0 0 0 0 0 0 0 0 0 0 0 0 0 0 0 0 0 0 0 0 0 0 0 0 0 0 0 0 0 0 0 0 0 0 0 0 0 0 0 0 0 0 0 0 0 0 0 0 0 0 0 0 0 0 0 0 0 0 0 0 0 0 0 0 0 0 0 0 0 0 0 0 0 0 0 0 0 0 0 0 0 0 0 0 0 0 0 0 0 0 0 0 0 0 0 0 0 0 0 0 0 0 0 0 0 0 0 0 0 0 0 0 0 0 0 0 0 0 0 0 0 0 0 0 0 0 0 0 0 0 0 0 0 0 0 0 0 0 0 0 0 0 0 0 0 0 0 0 0 0 0 0 0 0 0 0 0 0 0 0 0 0 0 0 0 0 0 0 0 0 0 0 0 0 0 0 0 0 0 0 0 0 0 0 0 0 0 0 0 0 0 0 0 0 0 0 0 0 0 0 0 0 0 0 0 0 0 0 0 0 0 0 0 0 0 0 0 0 0 0 0 0 0 0 0 0 0 0 0 0 0 0 0 0 0 0 0 0 0 0 0 0 0 0 0 0 0 0 0 0 0 0 0 0 0 0 0 0 0 0 0 0 0 0 0 0 0 0 0 0 0 0 0 0 0 0 0 0 0 0 0 0 0 0 0 0 0 0 0 0 0 0 0 0 0 0 0 0 0 0 0 0 0 0 0 0 0 0 0 0 0 0 0 0 0 0 0 0 0 0 0 0 0 0 0 0 0 0 0 0 0 0 0 0 0 0 0 0 0 0 0 0 0 0 0 0 0 0 0 0 0 0 0 0 0 0 0 0 0 0 0 0 0 0 0 0 0 0 0 0 0 0 0 0 0 0 0 0 0 0 0 0 0 0 0 0 0 0 0 0 0 0 0 0 0 0 0 0 0 0 0 0 0 0 0 0 0 0 0 0 0 0 0 0 0 0 0 0 0 0 0 0 0 0 0 0 0 0 0 0 0 0 0 0 0 0 0 0 0 0 0 0 0 0 0 0 0 0 0 0 0 0 0 0 0 0 0 0 0 0 0 0 0 0 0 0 0 0 0 0 0 0 0 0 0 0 0 0 0 0 0 0 0 0 0 0 0 0 0 0 0 0 0 0 0 0 0 0 0 0 0 0 0 0 0 0 0 0 0 0 0 0 0 0 0 0 0 0 0 0 0 0 0 0 0 0 0 0 0 0 0 0 0 0 0 0 0 0 0 0 0 0 0 0 0 0 0 0 0 0 0 0 0 0 0 0 0 0 0 0 0 0 0 0 0 0 0 0 0 0 0 0 0 0 0 0 0 0 0 0 0 0 0 0 0 0 0 0 0 0 0 0 0 0 0 0 0 0 0 0 0 0 0 0 0 0 0 0 0 0 0 0 0 0 0 0 0 0 0 0 0 0 0 0 0 0 0 0 0 0 0 0 0 0 0 0 0 0 0 0 0 0 0 0 0 0 0 0 0 0 0 0 0 0 0 0 0 0 0 0 0 0 0 0 0 0 0 0 0 0 0 0 0 0 0 0 0 0 0 0 0 0 0 0 0 0 0 0 0 0 0 0 0 0 0 0 0 0 0 0 0 0 0 0 0 0 0 0 0 0 0 0 0 0 0 0 0 0 0 0 0 0 0 0 0 0 0 0 0 0 0 0 0 0 0 0 0 0 0 0 0 0 0 0 0 0 0 0 0 0 0 0 0 0 0 0 0 0 0 0 0 0 0 0 0 0 0 0 0 0 0 0 0 0 0 0 0 0 0 0 0 0 0 0 0 0 0 0 0 0 0 0 0 0 0 0 0 0 0 0 0 0 0 0 0 0 0 0 0 0 0 0 0 0 0 0 0 0 0 0 0 0 0 0 0 0 0 0 0 0 0 0 0 0 0 0 0 0 0 0 0 0 0 0 0 0 0 0 0 0 0 0 0 0 0 0 0 0 0 0 0 0 0 0 0 0 0 0 0 0 0 0 0 0 0 0 0 0 0 0 0 0 0 0 0 0 0 0 0 0 0 0 0 0 0 0 0 0 0 0 0 0 0 0 0 0 0 0 0 0 0 0 0 0 0 0 0 0 0 0 0 0 0 0 0 0 0 0 0 0 0 0 0 0 0 0 0 0 0 0 0 0 0 0 0 0 0 0 0 0 0 0 0 0 0 0 0 0 0 0 0 0 0 0 0 0 0 0 0 0 0 0 0 0 0 0 0 0 0 0 0 0 0 0 0 0 0 0 0 0 0 0 0 0 0 0 0 0 0 0 0 0 0 0 0 0 0 0 0 0 0 0 0 0 0 0 0 0 0 0 0 0 0 0 0 0 0 0 0 0 0 0 0 0 0 0 0 0 0 0 0 0 0 0 0 0 0 0 0 0 0 0 0 0 0 0 0 0 0 0 0 0 0 0 0 0 0 0 0 0 0 0 0 0 0 0 0 0 0 0 0 0 0 0 0 0 0 0 0 0 0 0 0 0 0 0 0 0 0 0 0 0 0 0 0 0 0 0 0 0 0 0 0 0 0 0 0 0 0 0 0 0 0 0 0 0 0 0 0 0 0 0 0 0 0 0 0 0 0 0 0 0 0 0 0 0 0 0 0 0 0 0 0 0 0 0 0 0 0 0 0 0 0 0 0 0 0 0 0 0 0 0 0 0 0 0 0 0 0 0 0 0 0 0 0 0 0 0 0 0 0 0 0 0 0 0 0 0 0 0 0 0 0 0 0 0 0 0 0 0 0 0 0 0 0 0 0 0 0 0 0 0 0 0 0 0 0 0 0 0 0 0 0 0 0 0 0 0 0 0 0 0 0 0 0 0 0 0 0 0 0 0 0 0 0 0 0 0 0 0 0 0 0 0 0 0 0 0 0 0 0 0 0 0 0 0 0 0 0 0 0 0 0 0 0 0 0 0 0 0 0 0 0 0 0 0 0 0 0 0 0 0 0 0 0 0 0 0 0 0 0 0 0 0 0 0 0 0 0 0 0 0 0 0 0 0 0 0 0 0 0 0 0 0 0 0 0 0 0 0 0 0 0 0 0 0 0 0 0 0 0 0 0 0 0 0 0 0 0 0 0 0 0 0 0 0 0 0 0 0 0 0 0 0 0 0 0 0 0 0 0 0 0 0 0 0 0 0 0 0 0 0 0 0 0 0 0 0 0 0 0 0 0 0 0 0 0 0 0 0 0 0 0 0 0 0 0 0 0 0 0 0 0 0 0 0 0 0 0 0 0 0 0 0 0 0 0 0 0 0 0 0 0 0 0 0 0 0 0 0 0 0 0 0 0 0 0 0 0 0 0 0 0 0 0 0 0 0 0 0 0 0 0 0 0 0 0 0 0 0 0 0 0 0 0 0 0 0 0 0 0 0 0 0 0 0 0 0 0 0 0 0 0 0 0 0 0 0 0 0 0 0 0 0 0 0 0 0 0 0 0 0 0 0 0 0 0 0 0 0 0 0 0 0 0 0 0 0 0 0 0 0 0 0 0 0 0 0 0 0 0 0 0 0 0 0 0 0 0 0 0 0 0 0 0 0 0 0 0 0 0 0 0 0 0 0 0 0 0 0 0 0 0 0 0 0 0 0 0 0 0 0 0 0 0 0 0 0 0 0 0 0 0 0 0 0 0 0 0 0 0 0 0 0 0 0 0 0 0 0 0 0 0 0 0 0 0 0 0 0 0 0 0 0 0 0 0 0 0 0 0 0 0 0 0 0 0 0 0 0 0 0 0 0 0 0 0 0 0 0 0 0 0 0 0 0 0 0 0 0 0 0 0 0 0 0 0 0 0 0 0 0 0 0 0 0 0 0 0 0 0 0 0 0 0 0 0 0 0 0 0 0 0 0 0 0 0 0 0 0 0 0 0 0 0 0 0 0 0 0 0 0 0 0 0 0 0 0 0 0 0 0 0 0 0 0 0 0 0 0 0 0 0 0 0 0 0 0 0 0 0 0 0 0 0 0 0 0 0 0 0 0 0 0 0 0 0 0 0 0 0 0 0 0 0 0 0 0 0 0 0 0 0 0 0 0 0 0 0 0 0 0 0 0 0 0 0 0 0 0 0 0 0 0 0 0 0 0 0 0 0 0 0 0 0 0 0 0 0 0 0 0 0 0 0 0 0 0 0 0 0 0 0 0 0 0 0 0 0 0 0 0 0 0 0 0 0 0 0 0 0 0 0 0 0 0 0 0 0 0 0 0 0 0 0 0 0 0 0 0 0 0 0 0 0 0 0 0 0 0 0 0 0 0 0 0 0 0 0 0 0 0 0 0 0 0 0 0 0 0 0 0 0 0 0 0 0 0 0 0 0 0 0 0 0 0 0 0 0 0 0 0 0 0 0 0 0 0 0 0 0 0 0 0 0 0 0 0 0 0 0 0 0 0 0 0 0 0 0 0 0 0 0 0 0 0 0 0 0 0 0 0 0 0 0 0 0 0 0 0 0 0 0 0 0 0 0 0 0 0 0 0 0 0 0 0 0 0 0 0 0 0 0 0 0 0 0 0 0 0 0 0 0 0 0 0 0 0 0 0 0 0 0 0 0 0 0 0 0 0 0 0 0 0 0 0 0 0 0 0 0 0 0 0 0 0 0 0 0 0 0 0 0 0 0 0 0 0 0 0 0 0 0 0 0 0 0 0 0 0 0 0 0 0 0 0 0 0 0 0 0 0 0 0 0 0 0 0 0 0 0 0 0 0 0 0 0 0 0 0 0 0 0 0 0 0 0 0 0 0 0 0 0 0 0 0 0 0 0 0 0 0 0 0 0 0 0 0 0 0 0 0 0 0 0 0 0 0 0 0 0 0 0 0 0 0 0 0 0 0 0 0 0 0 0 0 0 0 0 0 0 0 0 0 0 0 0 0 0 0 0 0 0 0 0 0 0 0 0 0 0 0 0 0 0 0 0 0 0 0 0 0 0 0 0 0 0 0 0 0 0 0 0 0 0 0 0 0 0 0 0 0 0 0 0 0 0 0 0 0 0 0 0 0 0 0 0 0 0 0 0 0 0 0 0 0 0 0 0 0 0 0 0 0 0 0 0 0 0 0 0 0 0 0 0 0 0 0 0 0 0 0 0 0 0 0 0 0 0 0 0 0 0 0 0 0 0 0 0 0 0 0 0 0 0 0 0 0 0 0 0 0 0 0 0 0 0 0 0 0 0 0 0 0 0 0 0 0 0 0 0 0 0 0 0 0 0 0 0 0 0 0 0 0 0 0 0 0 0 0 0 0 0 0 0 0 0 0 0 0 0 0 0 0 0 0 0 0 0 0 0 0 0 0 0 0 0 0 0 0 0 0 0 0 0 0 0 0 0 0 0 0 0 0 0 0 0 0 0 0 0 0 0 0 0 0 0 0 0 0 0 0 0 0 0 0 0 0 0 0 0 0 0 0 0 0 0 0 0 0 0 0 0 0 0 0 0 0 0 0 0 0 0 0 0 0 0 0 0 0 0 0 0 0 0 0 0 0 0 0 0 0 0 0 0 0 0 0 0 0 0 0 0 0 0 0 0 0 0 0 0 0 0 0 0 0 0 0 0 0 0 0 0 0 0 0 0 0 0 0 0 0 0 0 0 0 0 0 0 0 0 0 0 0 0 0 0 0 0 0 0 0 0 0 0 0 0 0 0 0 0 0 0 0 0 0 0 0 0 0 0 0 0 0 0 0 0 0 0 0 0 0 0 0 0 0 0 0 0 0 0 0 0 0 0 0 0 0 0 0 0 0 0 0 0 0 0 0 0 0 0 0 0 0 0 0 0 0 0 0 0 0 0 0 0 0 0 0 0 0 0 0 0 0 0 0 0 0 0 0 0 0 0 0 0 0 0 0 0 0 0 0 0 0 0 0 0 0 0 0 0 0 0 0 0 0 0 0 0 0 0 0 0 0 0 0 0 0 0 0 0 0 0 0 0 0 0 0 0 0 0 0 0 0 0 0 0 0 0 0 0 0 0 0 0 0 0 0 0 0 0 0 0 0 0 0 0 0 0 0 0 0 0 0 0 0 0 0 0 0 0 0 0 0 0 0 0 0 0 0 0 0 0 0 0 0 0 0 0 0 0 0 0 0 0 0 0 0 0 0 0 0 0 0 0 0 0 0 0 0 0 0 0 0 0 0 0 0 0 0 0 0 0 0 0 0 0 0 0 0 0 0 0 0 0 0 0 0 0 0 0 0 0 0 0 0 0 0 0 0 0 0 0 0 0 0 0 0 0 0 0 0 0 0 0 0 0 0 0 0 0 0 0 0 0 0 0 0 0 0 0 0 0 0 0 0 0 0 0 0 0 0 0 0 0 0 0 0 0 0 0 0 0 0 0 0 0 0 0 0 0 0 0 0 0 0 0 0 0 0 0 0 0 0 0 0 0 0 0 0 0 0 0 0 0 0 0 0 0 0 0 0 0 0 0 0 0 0 0 0 0 0 0 0 0 0 0 0 0 0 0 0 0 0 0 0 0 0 0 0 0 0 0 0 0 0 0 0 0 0 0 0 0 0 0 0 0 0 0 0 0 0 0 0 0 0 0 0 0 0 0 0 0 0 0 0 0 0 0 0 0 0 0 0 0 0 0 0 0 0 0 0 0 0 0 0 0 0 0 0 0 0 0 0 0 0 0 0 0 0 0 0 0 0 0 0 0 0 0 0 0 0 0 0 0 0 0 0 0 0 0 0 0 0 0 0 0 0 0 0 0 0 0 0 0 0 0 0 0 0 0 0 0 0 0 0 0 0 0 0 0 0 0 0 0 0 0 0 0 0 0 0 0 0 0 0 0 0 0 0 0 0 0 0 0 0 0 0 0 0 0 0 0 0 0 0 0 0 0 0 0 0 0 0 0 0 0 0 0 0 0 0 0 0 0 0 0 0 0 0 0 0 0 0 0 0 0 0 0 0 0 0 0 0 0 0 0 0 0 0 0 0 0 0 0 0 0 0 0 0 0 0 0 0 0 0 0 0 0 0 0 0 0 0 0 0 0 0 0 0 0 0 0 0 0 0 0 0 0 0 0 0 0 0 0 0 0 0 0 0 0 0 0 0 0 0 0 0 0 0 0 0 0 0 0 0 0 0 0 0 0 0 0 0 0 0 0 0 0 0 0 0 0 0 0 0 0 0 0 0 0 0 0 0 0 0 0 0 0 0 0 0 0 0 0 0 0 0 0 0 0 0 0 0 0 0 0 0 0 0 0 0 0 0 0 0 0 0 0 0 0 0 0 0 0 0 0 0 0 0 0 0 0 0 0 0 0 0 0 0 0 0 0 0 0 0 0 0 0 0 0 0 0 0 0 0 0 0 0 0 0 0 0 0 0 0 0 0 0 0 0 0 0 0 0 0 0 0 0 0 0 0 0 0 0 0 0 0 0 0 0 0 0 0 0 0 0 0 0 0 0 0 0 0 0 0 0 0 0 0 0 0 0 0 0 0 0 0 0 0 0 0 0 0 0 0 0 0 0 0 0 0 0 0 0 0 0 0 0 0 0 0 0 0 0 0 0 0 0 0 0 0 0 0 0 0 0 0 0 0 0 0 0 0 0 0 0 0 0 0 0 0 0 0 0 0 0 0 0 0 0 0 0 0 0 0 0 0 0 0 0 0 0 0 0 0 0 0 0 0 0 0 0 0 0 0 0 0 0 0 0 0 0 0 0 0 0 0 0 0 0 0 0 0 0 0 0 0 0 0 0 0 0 0 0 0 0 0 0 0 0 0 0 0 0 0 0 0 0 0 0 0 0 0 0 0 0 0 0 0 0 0 0 0 0 0 0 0 0 0 0 0 0 0 0 0 0 0 0 0 0 0 0 0 0 0 0 0 0 0 0 0 0 0 0 0 0 0 0 0 0 0 0 0 0 0 0 0 0 0 0 0 0 0 0 0 0 0 0 0 0 0 0 0 0 0 0 0 0 0 0 0 0 0 0 0 0 0 0 0 0 0 0 0 0 0 0 0 0 0 0 0 0 0 0 0 0 0 0 0 0 0 0 0 0 0 0 0 0 0 0 0 0 0 0 0 0 0 0 0 0 0 0 0 0 0 0 0 0 0 0 0 0 0 0 0 0 0 0 0 0 0 0 0 0 0 0 0 0 0 0 0 0 0 0 0 0 0 0 0 0 0 0 0 0 0 0 0 0 0 0 0 0 0 0 0 0 0 0 0 0 0 0 0 0 0 0 0 0 0 0 0 0 0 0 0 0 0 0 0 0 0 0 0 0 0 0 0 0 0 0 0 0 0 0 0 0 0 0 0 0 0 0 0 0 0 0 0 0 0 0 0 0 0 0 0 0 0 0 0 0 0 0 0 0 0 0 0 0 0 0 0 0 0 0 0 0 0 0 0 0 0 0 0 0 0 0 0 0 0 0 0 0 0 0 0 0 0 0 0 0 0 0 0 0 0 0 0 0 0 0 0 0 0 0 0 0 0 0 0 0 0 0 0 0 0 0 0 0 0 0 0 0 0 0 0 0 0 0 0 0 0 0 0 0 0 0 0 0 0 0 0 0 0 0 0 0 0 0 0 0 0 0 0 0 0 0 0 0 0 0 0 0 0 0 0 0 0 0 0 0 0 0 0 0 0 0 0 0 0 0 0 0 0 0 0 0 0 0 0 0 0 0 0 0 0 0 0 0 0 0 0 0 0 0 0 0 0 0 0 0 0 0 0 0 0 0 0 0 0 0 0 0 0 0 0 0 0 0 0 0 0 0 0 0 0 0 0 0 0 0 0 0 0 0 0 0 0 0 0 0 0 0 0 0 0 0 0 0 0 0 0 0 0 0 0 0 0 0 0 0 0 0 0 0 0 0 0 0 0 0 0 0 0 0 0 0 0 0 0 0 0 0 0 0 0 0 0 0 0 0 0 0 0 0 0 0 0 0 0 0 0 0 0 0 0 0 0 0 0 0 0 0 0 0 0 0 0 0 0 0 0 0 0 0 0 0 0 0 0 0 0 0 0 0 0 0 0 0 0 0 0 0 0 0 0 0 0 0 0 0 0 0 0 0 0 0 0 0 0 0 0 0 0 0 0 0 0 0 0 0 0 0 0 0 0 0 0 0 0 0 0 0 0 0 0 0 0 0 0 0 0 0 0 0 0 0 0 0 0 0 0 0 0 0 0 0 0 0 0 0 0 0 0 0 0 0 0 0 0 0 0 0 0 0 0 0 0 0 0 0 0 0 0 0 0 0 0 0 0 0 0 0 0 0 0 0 0 0 0 0 0 0 0 0 0 0 0 0 0 0 0 0 0 0 0 0 0 0 0 0 0 0 0 0 0 0 0 0 0 0 0 0 0 0 0 0 0 0 0 0 0 0 0 0 0 0 0 0 0 0 0 0 0 0 0 0 0 0 0 0 0 0 0 0 0 0 0 0 0 0 0 0 0 0 0 0 0 0 0 0 0 0 0 0 0 0 0 0 0 0 0 0 0 0 0 0 0 0 0 0 0 0 0 0 0 0 0 0 0 0 0 0 0 0 0 0 0 0 0 0 0 0 0 0 0 0 0 0 0 0 0 0 0 0 0 0 0 0 0 0 0 0 0 0 0 0 0 0 0 0 0 0 0 0 0 0 0 0 0 0 0 0 0 0 0 0 0 0 0 0 0 0 0 0 0 0 0 0 0 0 0 0 0 0 0 0 0 0 0 0 0 0 0 0 0 0 0 0 0 0 0 0 0 0 0 0 0 0 0 0 0 0 0 0 0 0 0 0 0 0 0 0 0 0 0 0 0 0 0 0 0 0 0 0 0 0 0 0 0 0 0 0 0 0 0 0 0 0 0 0 0 0 0 0 0 0 0 0 0 0 0 0 0 0 0 0 0 0 0 0 0 0 0 0 0 0 0 0 0 0 0 0 0 0 0 0 0 0 0 0 0 0 0 0 0 0 0 0 0 0 0 0 0 0 0 0 0 0 0 0 0 0 0 0 0 0 0 0 0 0 0 0 0 0 0 0 0 0 0 0 0 0 0 0 0 0 0 0 0 0 0 0 0 0 0 0 0 0 0 0 0 0 0 0 0 0 0 0 0 0 0 0 0 0 0 0 0 0 0 0 0 0 0 0 0 0 0 0 0 0 0 0 0 0 0 0 0 0 0 0 0 0 0 0 0 0 0 0 0 0 0 0 0 0 0 0 0 0 0 0 0 0 0 0 0 0 0 0 0 0 0 0 0 0 0 0 0 0 0 0 0 0 0 0 0 0 0 0 0 0 0 0 0 0 0 0 0 0 0 0 0 0 0 0 0 0 0 0 0 0 0 0 0 0 0 0 0 0 0 0 0 0 0 0 0 0 0 0 0 0 0 0 0 0 0 0 0 0 0 0 0 0 0 0 0 0 0 0 0 0 0 0 0 0 0 0 0 0 0 0 0 0 0 0 0 0 0 0 0 0 0 0 0 0 0 0 0 0 0 0 0 0 0 0 0 0 0 0 0 0 0 0 0 0 0 0 0 0 0 0 0 0 0 0 0 0 0 0 0 0 0 0 0 0 0 0 0 0 0 0 0 0 0 0 0 0 0 0 0 0 0 0 0 0 0 0 0 0 0 0 0 0 0 0 0 0 0 0 0 0 0 0 0 0 0 0 0 0 0 0 0 0 0 0 0 0 0 0 0 0 0 0 0 0 0 0 0 0 0 0 0 0 0 0 0 0 0 0 0 0 0 0 0 0 0 0 0 0 0 0 0 0 0 0 0 0 0 0 0 0 0 0 0 0 0 0 0 0 0 0 0 0 0 0 0 0 0 0 0 0 0 0 0 0 0 0 0 0 0 0 0 0 0 0 0 0 0 0 0 0 0 0 0 0 0 0 0 0 0 0 0 0 0 0 0 0 0 0 0 0 0 0 0 0 0 0 0 0 0 0 0 0 0 0 0 0 0 0 0 0 0 0 0 0 0 0 0 0 0 0 0 0 0 0 0 0 0 0 0 0 0 0 0 0 0 0 0 0 0 0 0 0 0 0 0 0 0 0 0 0 0 0 0 0 0 0 0 0 0 0 0 0 0 0 0 0 0 0 0 0 0 0 0 0 0 0 0 0 0 0 0 0 0 0 0 0 0 0 0 0 0 0 0 0 0 0 0 0 0 0 0 0 0 0 0 0 0 0 0 0 0 0 0 0 0 0 0 0 0 0 0 0 0 0 0 0 0 0 0 0 0 0 0 0 0 0 0 0 0 0 0 0 0 0 0 0 0 0 0 0 0 0 0 0 0 0 0 0 0 0 0 0 0 0 0 0 0 0 0 0 0 0 0 0 0 0 0 0 0 0 0 0 0 0 0 0 0 0 0 0 0 0 0 0 0 0 0 0 0 0 0 0 0 0 0 0 0 0 0 0 0 0 0 0 0 0 0 0 0 0 0 0 0 0 0 0 0 0 0 0 0 0 0 0 0 0 0 0 0 0 0 0 0 0 0 0 0 0 0 0 0 0 0 0 0 0 0 0 0 0 0 0 0 0 0 0 0 0 0 0 0 0 0 0 0 0 0 0 0 0 0 0 0 0 0 0 0 0 0 0 0 0 0 0 0 0 0 0 0 0 0 0 0 0 0 0 0 0 0 0 0 0 0 0 0 0 0 0 0 0 0 0 0 0 0 0 0 0 0 0 0 0 0 0 0 0 0 0 0 0 0 0 0 0 0 0 0 0 0 0 0 0 0 0 0 0 0 0 0 0 0 0 0 0 0 0 0 0 0 0 0 0 0 0 0 0 0 0 0 0 0 0 0 0 0 0 0 0 0 0 0 0 0 0 0 0 0 0 0 0 0 0 0 0 0 0 0 0 0 0 0 0 0 0 0 0 0 0 0 0 0 0 0 0 0 0 0 0 0 0 0 0 0 0 0 0 0 0 0 0 0 0 0 0 0 0 0 0 0 0 0 0 0 0 0 0 0 0 0 0 0 0 0 0 0 0 0 0 0 0 0 0 0 0 0 0 0 0 0 0 0 0 0 0 0 0 0 0 0 0 0 0 0 0 0 0 0 0 0 0 0 0 0 0 0 0 0 0 0 0 0 0 0 0 0 0 0 0 0 0 0 0 0 0 0 0 0 0 0 0 0 0 0 0 0 0 0 0 0 0 0 0 0 0 0 0 0 0 0 0 0 0 0 0 0 0 0 0 0 0 0 0 0 0 0 0 0 0 0 0 0 0 0 0 0 0 0 0 0 0 0 0 0 0 0 0 0 0 0 0 0 0 0 0 0 0 0 0 0 0 0 0 0 0 0 0 0 0 0 0 0 0 0 0 0 0 0 0 0 0 0 0 0 0 0 0 0 0 0 0 0 0 0 0 0 0 0 0 0 0 0 0 0 0 0 0 0 0 0 0 0 0 0 0 0 0 0 0 0 0 0 0 0 0 0 0 0 0 0 0 0 0 0 0 0 0 0 0 0 0 0 0 0 0 0 0 0 0 0 0 0 0 0 0 0 0 0 0 0 0 0 0 0 0 0 0 0 0 0 0 0 0 0 0 0 0 0 0 0 0 0 0 0 0 0 0 0 0 0 0 0 0 0 0 0 0 0 0 0 0 0 0 0 0 0 0 0 0 0 0 0 0 0 0 0 0 0 0 0 0 0 0 0 0 0 0 0 0 0 0 0 0 0 0 0 0 0 0 0 0 0 0 0 0 0 0 0 0 0 0 0 0 0 0 0 0 0 0 0 0 0 0 0 0 0 0 0 0 0 0 0 0 0 0 0 0 0 0 0 0 0 0 0 0 0 0 0 0 0 0 0 0 0 0 0 0 0 0 0 0 0 0 0 0 0 0 0 0 0 0 0 0 0 0 0 0 0 0 0 0 0 0 0 0 0 0 0 0 0 0 0 0 0 0 0 0 0 0 0 0 0 0 0 0 0 0 0 0 0 0 0 0 0 0 0 0 0 0 0 0 0 0 0 0 0 0 0 0 0 0 0 0 0 0 0 0 0 0 0 0 0 0 0 0 0 0 0 0 0 0 0 0 0 0 0 0 0 0 0 0 0 0 0 0 0 0 0 0 0 0 0 0 0 0 0 0 0 0 0 0 0 0 0 0 0 0 0 0 0 0 0 0 0 0 0 0 0 0 0 0 0 0 0 0 0 0 0 0 0 0 0 0 0 0 0 0 0 0 0 0 0 0 0 0 0 0 0 0 0 0 0 0 0 0 0 0 0 0 0 0 0 0 0 0 0 0 0 0 0 0 0 0 0 0 0 0 0 0 0 0 0 0 0 0 0 0 0 0 0 0 0 0 0 0 0 0 0 0 0 0 0 0 0 0 0 0 0 0 0 0 0 0 0 0 0 0 0 0 0 0 0 0 0 0 0 0 0 0 0 0 0 0 0 0 0 0 0 0 0 0 0 0 0 0 0 0 0 0 0 0 0 0 0 0 0 0 0 0 0 0 0 0 0 0 0 0 0 0 0 0 0 0 0 0 0 0 0 0 0 0 0 0 0 0 0 0 0 0 0 0 0 0 0 0 0 0 0 0 0 0 0 0 0 0 0 0 0 0 0 0 0 0 0 0 0 0 0 0 0 0 0 0 0 0 0 0 0 0 0 0 0 0 0 0 0 0 0 0 0 0 0 0 0 0 0 0 0 0 0 0 0 0 0 0 0 0 0 0 0 0 0 0 0 0 0 0 0 0 0 0 0 0 0 0 0 0 0 0 0 0 0 0 0 0 0 0 0 0 0 0 0 0 0 0 0 0 0 0 0 0 0 0 0 0 0 0 0 0 0 0 0 0 0 0 0 0 0 0 0 0 0 0 0 0 0 0 0 0 0 0 0 0 0 0 0 0 0 0 0 0 0 0 0 0 0 0 0 0 0 0 0 0 0 0 0 0 0 0 0 0 0 0 0 0 0 0 0 0 0 0 0 0 0 0 0 0 0 0 0 0 0 0 0 0 0 0 0 0 0 0 0 0 0 0 0 0 0 0 0 0 0 0 0 0 0 0 0 0 0 0 0 0 </DataArray>
        <DataArray type="Int64" IdType="1" Name="vtkOriginalCellIds" format="ascii" RangeMin="0" RangeMax="7320">0 1 2 3 4 5 6 7 8 9 10 11 12 13 14 15 16 17 18 19 20 21 22 23 24 25 26 27 28 29 30 31 32 33 34 35 36 37 38 39 40 41 42 43 44 45 46 47 48 49 50 51 52 53 54 55 56 57 58 59 60 61 62 63 64 65 66 67 68 69 70 71 72 73 74 75 76 77 78 79 80 81 82 83 84 85 86 87 88 89 90 91 92 93 94 95 96 97 98 99 100 101 102 103 104 105 106 107 108 109 110 111 112 113 114 115 116 117 118 119 120 121 122 123 124 125 126 127 128 129 130 131 132 133 134 135 136 137 138 139 140 141 142 143 144 145 146 147 148 149 150 151 152 153 154 155 156 157 158 159 160 161 162 163 164 165 166 167 168 169 170 171 172 173 174 175 176 177 178 179 180 181 182 183 184 185 186 187 188 189 190 191 192 193 194 195 196 197 198 199 200 201 202 203 204 205 206 207 208 209 210 211 212 213 214 215 216 217 218 219 220 221 222 223 224 225 226 227 228 229 230 231 232 233 234 235 236 237 238 239 240 241 242 243 244 245 246 247 248 249 250 251 252 253 254 255 256 257 258 259 260 261 262 263 264 265 266 267 268 269 270 271 272 273 274 275 276 277 278 279 280 281 282 283 284 285 286 287 288 289 290 291 292 293 294 295 296 297 298 299 300 301 302 303 304 305 306 307 308 309 310 311 312 313 314 315 316 317 318 319 320 321 322 323 324 325 326 327 328 329 330 331 332 333 334 335 336 337 338 339 340 341 342 343 344 345 346 347 348 349 350 351 352 353 354 355 356 357 358 359 360 361 362 363 364 365 366 367 368 369 370 371 372 373 374 375 376 377 378 379 380 381 382 383 384 385 386 387 388 389 390 391 392 393 394 395 396 397 398 399 400 401 402 403 404 405 406 407 408 409 410 411 412 413 414 415 416 417 418 419 420 421 422 423 424 425 426 427 428 429 430 431 432 433 434 435 436 437 438 439 440 441 442 443 444 445 446 447 448 449 450 451 452 453 454 455 456 457 458 459 460 461 462 463 464 465 466 467 468 469 470 471 472 473 474 475 476 477 478 479 480 481 482 483 484 485 486 487 488 489 490 491 492 493 494 495 496 497 498 499 500 501 502 503 504 505 506 507 508 509 510 511 512 513 514 515 516 517 518 519 520 521 522 523 524 525 526 527 528 529 530 531 532 533 534 535 536 537 538 539 540 541 542 543 544 545 546 547 548 549 550 551 552 553 554 555 556 557 558 559 560 561 562 563 564 565 566 567 568 569 570 571 572 573 574 575 576 577 578 579 580 581 582 583 584 585 586 587 588 589 590 591 592 593 594 595 596 597 598 599 600 601 602 603 604 605 606 607 608 609 610 611 612 613 614 615 616 617 618 619 620 621 622 623 624 625 626 627 628 629 630 631 632 633 634 635 636 637 638 639 640 641 642 643 644 645 646 647 648 649 650 651 652 653 654 655 656 657 658 659 660 661 662 663 664 665 666 667 668 669 670 671 672 673 674 675 676 677 678 679 680 681 682 683 684 685 686 687 688 689 690 691 692 693 694 695 696 697 698 699 700 701 702 703 704 705 706 707 708 709 710 711 712 713 714 715 716 717 718 719 720 721 722 723 724 725 726 727 728 729 730 731 732 733 734 735 736 737 738 739 740 741 742 743 744 745 746 747 748 749 750 751 752 753 754 755 756 757 758 759 760 761 762 763 764 765 766 767 768 769 770 771 772 773 774 775 776 777 778 779 780 781 782 783 784 785 786 787 788 789 790 791 792 793 794 795 796 797 798 799 800 801 802 803 804 805 806 807 808 809 810 811 812 813 814 815 816 817 818 819 820 821 822 823 824 825 826 827 828 829 830 831 832 833 834 835 836 837 838 839 840 841 842 843 844 845 846 847 848 849 850 851 852 853 854 855 856 857 858 859 860 861 862 863 864 865 866 867 868 869 870 871 872 873 874 875 876 877 878 879 880 881 882 883 884 885 886 887 888 889 890 891 892 893 894 895 896 897 898 899 900 901 902 903 904 905 906 907 908 909 910 911 912 913 914 915 916 917 918 919 920 921 922 923 924 925 926 927 928 929 930 931 932 933 934 935 936 937 938 939 940 941 942 943 944 945 946 947 948 949 950 951 952 953 954 955 956 957 958 959 960 961 962 963 964 965 966 967 968 969 970 971 972 973 974 975 976 977 978 979 980 981 982 983 984 985 986 987 988 989 990 991 992 993 994 995 996 997 998 999 1000 1001 1002 1003 1004 1005 1006 1007 1008 1009 1010 1011 1012 1013 1014 1015 1016 1017 1018 1019 1020 1021 1022 1023 1024 1025 1026 1027 1028 1029 1030 1031 1032 1033 1034 1035 1036 1037 1038 1039 1040 1041 1042 1043 1044 1045 1046 1047 1048 1049 1050 1051 1052 1053 1054 1055 1056 1057 1058 1059 1060 1061 1062 1063 1064 1065 1066 1067 1068 1069 1070 1071 1072 1073 1074 1075 1076 1077 1078 1079 1080 1081 1082 1083 1084 1085 1086 1087 1088 1089 1090 1091 1092 1093 1094 1095 1096 1097 1098 1099 1100 1101 1102 1103 1104 1105 1106 1107 1108 1109 1110 1111 1112 1113 1114 1115 1116 1117 1118 1119 1120 1121 1122 1123 1124 1125 1126 1127 1128 1129 1130 1131 1132 1133 1134 1135 1136 1137 1138 1139 1140 1141 1142 1143 1144 1145 1146 1147 1148 1149 1150 1151 1152 1153 1154 1155 1156 1157 1158 1159 1160 1161 1162 1163 1164 1165 1166 1167 1168 1169 1170 1171 1172 1173 1174 1175 1176 1177 1178 1179 1180 1181 1182 1183 1184 1185 1186 1187 1188 1189 1190 1191 1192 1193 1194 1195 1196 1197 1198 1199 1200 1201 1202 1203 1204 1205 1206 1207 1208 1209 1210 1211 1212 1213 1214 1215 1216 1217 1218 1219 1220 1221 1222 1223 1224 1225 1226 1227 1228 1229 1230 1231 1232 1233 1234 1235 1236 1237 1238 1239 1240 1241 1242 1243 1244 1245 1246 1247 1248 1249 1250 1251 1252 1253 1254 1255 1256 1257 1258 1259 1260 1261 1262 1263 1264 1265 1266 1267 1268 1269 1270 1271 1272 1273 1274 1275 1276 1277 1278 1279 1280 1281 1282 1283 1284 1285 1286 1287 1288 1289 1290 1291 1292 1293 1294 1295 1296 1297 1298 1299 1300 1301 1302 1303 1304 1305 1306 1307 1308 1309 1310 1311 1312 1313 1314 1315 1316 1317 1318 1319 1320 1321 1322 1323 1324 1325 1326 1327 1328 1329 1330 1331 1332 1333 1334 1335 1336 1337 1338 1339 1340 1341 1342 1343 1344 1345 1346 1347 1348 1349 1350 1351 1352 1353 1354 1355 1356 1357 1358 1359 1360 1361 1362 1363 1364 1365 1366 1367 1368 1369 1370 1371 1372 1373 1374 1375 1376 1377 1378 1379 1380 1381 1382 1383 1384 1385 1386 1387 1388 1389 1390 1391 1392 1393 1394 1395 1396 1397 1398 1399 1400 1401 1402 1403 1404 1405 1406 1407 1408 1409 1410 1411 1412 1413 1414 1415 1416 1417 1418 1419 1420 1421 1422 1423 1424 1425 1426 1427 1428 1429 1430 1431 1432 1433 1434 1435 1436 1437 1438 1439 1440 1441 1442 1443 1444 1445 1446 1447 1448 1449 1450 1451 1452 1453 1454 1455 1456 1457 1458 1459 1460 1461 1462 1463 1464 1465 1466 1467 1468 1469 1470 1471 1472 1473 1474 1475 1476 1477 1478 1479 1480 1481 1482 1483 1484 1485 1486 1487 1488 1489 1490 1491 1492 1493 1494 1495 1496 1497 1498 1499 1500 1501 1502 1503 1504 1505 1506 1507 1508 1509 1510 1511 1512 1513 1514 1515 1516 1517 1518 1519 1520 1521 1522 1523 1524 1525 1526 1527 1528 1529 1530 1531 1532 1533 1534 1535 1536 1537 1538 1539 1540 1541 1542 1543 1544 1545 1546 1547 1548 1549 1550 1551 1552 1553 1554 1555 1556 1557 1558 1559 1560 1561 1562 1563 1564 1565 1566 1567 1568 1569 1570 1571 1572 1573 1574 1575 1576 1577 1578 1579 1580 1581 1582 1583 1584 1585 1586 1587 1588 1589 1590 1591 1592 1593 1594 1595 1596 1597 1598 1599 1600 1601 1602 1603 1604 1605 1606 1607 1608 1609 1610 1611 1612 1613 1614 1615 1616 1617 1618 1619 1620 1621 1622 1623 1624 1625 1626 1627 1628 1629 1630 1631 1632 1633 1634 1635 1636 1637 1638 1639 1640 1641 1642 1643 1644 1645 1646 1647 1648 1649 1650 1651 1652 1653 1654 1655 1656 1657 1658 1659 1660 1661 1662 1663 1664 1665 1666 1667 1668 1669 1670 1671 1672 1673 1674 1675 1676 1677 1678 1679 1680 1681 1682 1683 1684 1685 1686 1687 1688 1689 1690 1691 1692 1693 1694 1695 1696 1697 1698 1699 1700 1701 1702 1703 1704 1705 1706 1707 1708 1709 1710 1711 1712 1713 1714 1715 1716 1717 1718 1719 1720 1721 1722 1723 1724 1725 1726 1727 1728 1729 1730 1731 1732 1733 1734 1735 1736 1737 1738 1739 1740 1741 1742 1743 1744 1745 1746 1747 1748 1749 1750 1751 1752 1753 1754 1755 1756 1757 1758 1759 1760 1761 1762 1763 1764 1765 1766 1767 1768 1769 1770 1771 1772 1773 1774 1775 1776 1777 1778 1779 1780 1781 1782 1783 1784 1785 1786 1787 1788 1789 1790 1791 1792 1793 1794 1795 1796 1797 1798 1799 1800 1801 1802 1803 1804 1805 1806 1807 1808 1809 1810 1811 1812 1813 1814 1815 1816 1817 1818 1819 1820 1821 1822 1823 1824 1825 1826 1827 1828 1829 1830 1831 1832 1833 1834 1835 1836 1837 1838 1839 1840 1841 1842 1843 1844 1845 1846 1847 1848 1849 1850 1851 1852 1853 1854 1855 1856 1857 1858 1859 1860 1861 1862 1863 1864 1865 1866 1867 1868 1869 1870 1871 1872 1873 1874 1875 1876 1877 1878 1879 1880 1881 1882 1883 1884 1885 1886 1887 1888 1889 1890 1891 1892 1893 1894 1895 1896 1897 1898 1899 1900 1901 1902 1903 1904 1905 1906 1907 1908 1909 1910 1911 1912 1913 1914 1915 1916 1917 1918 1919 1920 1921 1922 1923 1924 1925 1926 1927 1928 1929 1930 1931 1932 1933 1934 1935 1936 1937 1938 1939 1940 1941 1942 1943 1944 1945 1946 1947 1948 1949 1950 1951 1952 1953 1954 1955 1956 1957 1958 1959 1960 1961 1962 1963 1964 1965 1966 1967 1968 1969 1970 1971 1972 1973 1974 1975 1976 1977 1978 1979 1980 1981 1982 1983 1984 1985 1986 1987 1988 1989 1990 1991 1992 1993 1994 1995 1996 1997 1998 1999 2000 2001 2002 2003 2004 2005 2006 2007 2008 2009 2010 2011 2012 2013 2014 2015 2016 2017 2018 2019 2020 2021 2022 2023 2024 2025 2026 2027 2028 2029 2030 2031 2032 2033 2034 2035 2036 2037 2038 2039 2040 2041 2042 2043 2044 2045 2046 2047 2048 2049 2050 2051 2052 2053 2054 2055 2056 2057 2058 2059 2060 2061 2062 2063 2064 2065 2066 2067 2068 2069 2070 2071 2072 2073 2074 2075 2076 2077 2078 2079 2080 2081 2082 2083 2084 2085 2086 2087 2088 2089 2090 2091 2092 2093 2094 2095 2096 2097 2098 2099 2100 2101 2102 2103 2104 2105 2106 2107 2108 2109 2110 2111 2112 2113 2114 2115 2116 2117 2118 2119 2120 2121 2122 2123 2124 2125 2126 2127 2128 2129 2130 2131 2132 2133 2134 2135 2136 2137 2138 2139 2140 2141 2142 2143 2144 2145 2146 2147 2148 2149 2150 2151 2152 2153 2154 2155 2156 2157 2158 2159 2160 2161 2162 2163 2164 2165 2166 2167 2168 2169 2170 2171 2172 2173 2174 2175 2176 2177 2178 2179 2180 2181 2182 2183 2184 2185 2186 2187 2188 2189 2190 2191 2192 2193 2194 2195 2196 2197 2198 2199 2200 2201 2202 2203 2204 2205 2206 2207 2208 2209 2210 2211 2212 2213 2214 2215 2216 2217 2218 2219 2220 2221 2222 2223 2224 2225 2226 2227 2228 2229 2230 2231 2232 2233 2234 2235 2236 2237 2238 2239 2240 2241 2242 2243 2244 2245 2246 2247 2248 2249 2250 2251 2252 2253 2254 2255 2256 2257 2258 2259 2260 2261 2262 2263 2264 2265 2266 2267 2268 2269 2270 2271 2272 2273 2274 2275 2276 2277 2278 2279 2280 2281 2282 2283 2284 2285 2286 2287 2288 2289 2290 2291 2292 2293 2294 2295 2296 2297 2298 2299 2300 2301 2302 2303 2304 2305 2306 2307 2308 2309 2310 2311 2312 2313 2314 2315 2316 2317 2318 2319 2320 2321 2322 2323 2324 2325 2326 2327 2328 2329 2330 2331 2332 2333 2334 2335 2336 2337 2338 2339 2340 2341 2342 2343 2344 2345 2346 2347 2348 2349 2350 2351 2352 2353 2354 2355 2356 2357 2358 2359 2360 2361 2362 2363 2364 2365 2366 2367 2368 2369 2370 2371 2372 2373 2374 2375 2376 2377 2378 2379 2380 2381 2382 2383 2384 2385 2386 2387 2388 2389 2390 2391 2392 2393 2394 2395 2396 2397 2398 2399 2400 2401 2402 2403 2404 2405 2406 2407 2408 2409 2410 2411 2412 2413 2414 2415 2416 2417 2418 2419 2420 2421 2422 2423 2424 2425 2426 2427 2428 2429 2430 2431 2432 2433 2434 2435 2436 2437 2438 2439 2440 2441 2442 2443 2444 2445 2446 2447 2448 2449 2450 2451 2452 2453 2454 2455 2456 2457 2458 2459 2460 2461 2462 2463 2464 2465 2466 2467 2468 2469 2470 2471 2472 2473 2474 2475 2476 2477 2478 2479 2480 2481 2482 2483 2484 2485 2486 2487 2488 2489 2490 2491 2492 2493 2494 2495 2496 2497 2498 2499 2500 2501 2502 2503 2504 2505 2506 2507 2508 2509 2510 2511 2512 2513 2514 2515 2516 2517 2518 2519 2520 2521 2522 2523 2524 2525 2526 2527 2528 2529 2530 2531 2532 2533 2534 2535 2536 2537 2538 2539 2540 2541 2542 2543 2544 2545 2546 2547 2548 2549 2550 2551 2552 2553 2554 2555 2556 2557 2558 2559 2560 2561 2562 2563 2564 2565 2566 2567 2568 2569 2570 2571 2572 2573 2574 2575 2576 2577 2578 2579 2580 2581 2582 2583 2584 2585 2586 2587 2588 2589 2590 2591 2592 2593 2594 2595 2596 2597 2598 2599 2600 2601 2602 2603 2604 2605 2606 2607 2608 2609 2610 2611 2612 2613 2614 2615 2616 2617 2618 2619 2620 2621 2622 2623 2624 2625 2626 2627 2628 2629 2630 2631 2632 2633 2634 2635 2636 2637 2638 2639 2640 2641 2642 2643 2644 2645 2646 2647 2648 2649 2650 2651 2652 2653 2654 2655 2656 2657 2658 2659 2660 2661 2662 2663 2664 2665 2666 2667 2668 2669 2670 2671 2672 2673 2674 2675 2676 2677 2678 2679 2680 2681 2682 2683 2684 2685 2686 2687 2688 2689 2690 2691 2692 2693 2694 2695 2696 2697 2698 2699 2700 2701 2702 2703 2704 2705 2706 2707 2708 2709 2710 2711 2712 2713 2714 2715 2716 2717 2718 2719 2720 2721 2722 2723 2724 2725 2726 2727 2728 2729 2730 2731 2732 2733 2734 2735 2736 2737 2738 2739 2740 2741 2742 2743 2744 2745 2746 2747 2748 2749 2750 2751 2752 2753 2754 2755 2756 2757 2758 2759 2760 2761 2762 2763 2764 2765 2766 2767 2768 2769 2770 2771 2772 2773 2774 2775 2776 2777 2778 2779 2780 2781 2782 2783 2784 2785 2786 2787 2788 2789 2790 2791 2792 2793 2794 2795 2796 2797 2798 2799 2800 2801 2802 2803 2804 2805 2806 2807 2808 2809 2810 2811 2812 2813 2814 2815 2816 2817 2818 2819 2820 2821 2822 2823 2824 2825 2826 2827 2828 2829 2830 2831 2832 2833 2834 2835 2836 2837 2838 2839 2840 2841 2842 2843 2844 2845 2846 2847 2848 2849 2850 2851 2852 2853 2854 2855 2856 2857 2858 2859 2860 2861 2862 2863 2864 2865 2866 2867 2868 2869 2870 2871 2872 2873 2874 2875 2876 2877 2878 2879 2880 2881 2882 2883 2884 2885 2886 2887 2888 2889 2890 2891 2892 2893 2894 2895 2896 2897 2898 2899 2900 2901 2902 2903 2904 2905 2906 2907 2908 2909 2910 2911 2912 2913 2914 2915 2916 2917 2918 2919 2920 2921 2922 2923 2924 2925 2926 2927 2928 2929 2930 2931 2932 2933 2934 2935 2936 2937 2938 2939 2940 2941 2942 2943 2944 2945 2946 2947 2948 2949 2950 2951 2952 2953 2954 2955 2956 2957 2958 2959 2960 2961 2962 2963 2964 2965 2966 2967 2968 2969 2970 2971 2972 2973 2974 2975 2976 2977 2978 2979 2980 2981 2982 2983 2984 2985 2986 2987 2988 2989 2990 2991 2992 2993 2994 2995 2996 2997 2998 2999 3000 3001 3002 3003 3004 3005 3006 3007 3008 3009 3010 3011 3012 3013 3014 3015 3016 3017 3018 3019 3020 3021 3022 3023 3024 3025 3026 3027 3028 3029 3030 3031 3032 3033 3034 3035 3036 3037 3038 3039 3040 3041 3042 3043 3044 3045 3046 3047 3048 3049 3050 3051 3052 3053 3054 3055 3056 3057 3058 3059 3060 3061 3062 3063 3064 3065 3066 3067 3068 3069 3070 3071 3072 3073 3074 3075 3076 3077 3078 3079 3080 3081 3082 3083 3084 3085 3086 3087 3088 3089 3090 3091 3092 3093 3094 3095 3096 3097 3098 3099 3100 3101 3102 3103 3104 3105 3106 3107 3108 3109 3110 3111 3112 3113 3114 3115 3116 3117 3118 3119 3120 3121 3122 3123 3124 3125 3126 3127 3128 3129 3130 3131 3132 3133 3134 3135 3136 3137 3138 3139 3140 3141 3142 3143 3144 3145 3146 3147 3148 3149 3150 3151 3152 3153 3154 3155 3156 3157 3158 3159 3160 3161 3162 3163 3164 3165 3166 3167 3168 3169 3170 3171 3172 3173 3174 3175 3176 3177 3178 3179 3180 3181 3182 3183 3184 3185 3186 3187 3188 3189 3190 3191 3192 3193 3194 3195 3196 3197 3198 3199 3200 3201 3202 3203 3204 3205 3206 3207 3208 3209 3210 3211 3212 3213 3214 3215 3216 3217 3218 3219 3220 3221 3222 3223 3224 3225 3226 3227 3228 3229 3230 3231 3232 3233 3234 3235 3236 3237 3238 3239 3240 3241 3242 3243 3244 3245 3246 3247 3248 3249 3250 3251 3252 3253 3254 3255 3256 3257 3258 3259 3260 3261 3262 3263 3264 3265 3266 3267 3268 3269 3270 3271 3272 3273 3274 3275 3276 3277 3278 3279 3280 3281 3282 3283 3284 3285 3286 3287 3288 3289 3290 3291 3292 3293 3294 3295 3296 3297 3298 3299 3300 3301 3302 3303 3304 3305 3306 3307 3308 3309 3310 3311 3312 3313 3314 3315 3316 3317 3318 3319 3320 3321 3322 3323 3324 3325 3326 3327 3328 3329 3330 3331 3332 3333 3334 3335 3336 3337 3338 3339 3340 3341 3342 3343 3344 3345 3346 3347 3348 3349 3350 3351 3352 3353 3354 3355 3356 3357 3358 3359 3360 3361 3362 3363 3364 3365 3366 3367 3368 3369 3370 3371 3372 3373 3374 3375 3376 3377 3378 3379 3380 3381 3382 3383 3384 3385 3386 3387 3388 3389 3390 3391 3392 3393 3394 3395 3396 3397 3398 3399 3400 3401 3402 3403 3404 3405 3406 3407 3408 3409 3410 3411 3412 3413 3414 3415 3416 3417 3418 3419 3420 3421 3422 3423 3424 3425 3426 3427 3428 3429 3430 3431 3432 3433 3434 3435 3436 3437 3438 3439 3440 3441 3442 3443 3444 3445 3446 3447 3448 3449 3450 3451 3452 3453 3454 3455 3456 3457 3458 3459 3460 3461 3462 3463 3464 3465 3466 3467 3468 3469 3470 3471 3472 3473 3474 3475 3476 3477 3478 3479 3480 3481 3482 3483 3484 3485 3486 3487 3488 3489 3490 3491 3492 3493 3494 3495 3496 3497 3498 3499 3500 3501 3502 3503 3504 3505 3506 3507 3508 3509 3510 3511 3512 3513 3514 3515 3516 3517 3518 3519 3520 3521 3522 3523 3524 3525 3526 3527 3528 3529 3530 3531 3532 3533 3534 3535 3536 3537 3538 3539 3540 3541 3542 3543 3544 3545 3546 3547 3548 3549 3550 3551 3552 3553 3554 3555 3556 3557 3558 3559 3560 3561 3562 3563 3564 3565 3566 3567 3568 3569 3570 3571 3572 3573 3574 3575 3576 3577 3578 3579 3580 3581 3582 3583 3584 3585 3586 3587 3588 3589 3590 3591 3592 3593 3594 3595 3596 3597 3598 3599 3600 3601 3602 3603 3604 3605 3606 3607 3608 3609 3610 3611 3612 3613 3614 3615 3616 3617 3618 3619 3620 3621 3622 3623 3624 3625 3626 3627 3628 3629 3630 3631 3632 3633 3634 3635 3636 3637 3638 3639 3640 3641 3642 3643 3644 3645 3646 3647 3648 3649 3650 3651 3652 3653 3654 3655 3656 3657 3658 3659 3660 3661 3662 3663 3664 3665 3666 3667 3668 3669 3670 3671 3672 3673 3674 3675 3676 3677 3678 3679 3680 3681 3682 3683 3684 3685 3686 3687 3688 3689 3690 3691 3692 3693 3694 3695 3696 3697 3698 3699 3700 3701 3702 3703 3704 3705 3706 3707 3708 3709 3710 3711 3712 3713 3714 3715 3716 3717 3718 3719 3720 3721 3722 3723 3724 3725 3726 3727 3728 3729 3730 3731 3732 3733 3734 3735 3736 3737 3738 3739 3740 3741 3742 3743 3744 3745 3746 3747 3748 3749 3750 3751 3752 3753 3754 3755 3756 3757 3758 3759 3760 3761 3762 3763 3764 3765 3766 3767 3768 3769 3770 3771 3772 3773 3774 3775 3776 3777 3778 3779 3780 3781 3782 3783 3784 3785 3786 3787 3788 3789 3790 3791 3792 3793 3794 3795 3796 3797 3798 3799 3800 3801 3802 3803 3804 3805 3806 3807 3808 3809 3810 3811 3812 3813 3814 3815 3816 3817 3818 3819 3820 3821 3822 3823 3824 3825 3826 3827 3828 3829 3830 3831 3832 3833 3834 3835 3836 3837 3838 3839 3840 3841 3842 3843 3844 3845 3846 3847 3848 3849 3850 3851 3852 3853 3854 3855 3856 3857 3858 3859 3860 3861 3862 3863 3864 3865 3866 3867 3868 3869 3870 3871 3872 3873 3874 3875 3876 3877 3878 3879 3880 3881 3882 3883 3884 3885 3886 3887 3888 3889 3890 3891 3892 3893 3894 3895 3896 3897 3898 3899 3900 3901 3902 3903 3904 3905 3906 3907 3908 3909 3910 3911 3912 3913 3914 3915 3916 3917 3918 3919 3920 3921 3922 3923 3924 3925 3926 3927 3928 3929 3930 3931 3932 3933 3934 3935 3936 3937 3938 3939 3940 3941 3942 3943 3944 3945 3946 3947 3948 3949 3950 3951 3952 3953 3954 3955 3956 3957 3958 3959 3960 3961 3962 3963 3964 3965 3966 3967 3968 3969 3970 3971 3972 3973 3974 3975 3976 3977 3978 3979 3980 3981 3982 3983 3984 3985 3986 3987 3988 3989 3990 3991 3992 3993 3994 3995 3996 3997 3998 3999 4000 4001 4002 4003 4004 4005 4006 4007 4008 4009 4010 4011 4012 4013 4014 4015 4016 4017 4018 4019 4020 4021 4022 4023 4024 4025 4026 4027 4028 4029 4030 4031 4032 4033 4034 4035 4036 4037 4038 4039 4040 4041 4042 4043 4044 4045 4046 4047 4048 4049 4050 4051 4052 4053 4054 4055 4056 4057 4058 4059 4060 4061 4062 4063 4064 4065 4066 4067 4068 4069 4070 4071 4072 4073 4074 4075 4076 4077 4078 4079 4080 4081 4082 4083 4084 4085 4086 4087 4088 4089 4090 4091 4092 4093 4094 4095 4096 4097 4098 4099 4100 4101 4102 4103 4104 4105 4106 4107 4108 4109 4110 4111 4112 4113 4114 4115 4116 4117 4118 4119 4120 4121 4122 4123 4124 4125 4126 4127 4128 4129 4130 4131 4132 4133 4134 4135 4136 4137 4138 4139 4140 4141 4142 4143 4144 4145 4146 4147 4148 4149 4150 4151 4152 4153 4154 4155 4156 4157 4158 4159 4160 4161 4162 4163 4164 4165 4166 4167 4168 4169 4170 4171 4172 4173 4174 4175 4176 4177 4178 4179 4180 4181 4182 4183 4184 4185 4186 4187 4188 4189 4190 4191 4192 4193 4194 4195 4196 4197 4198 4199 4200 4201 4202 4203 4204 4205 4206 4207 4208 4209 4210 4211 4212 4213 4214 4215 4216 4217 4218 4219 4220 4221 4222 4223 4224 4225 4226 4227 4228 4229 4230 4231 4232 4233 4234 4235 4236 4237 4238 4239 4240 4241 4242 4243 4244 4245 4246 4247 4248 4249 4250 4251 4252 4253 4254 4255 4256 4257 4258 4259 4260 4261 4262 4263 4264 4265 4266 4267 4268 4269 4270 4271 4272 4273 4274 4275 4276 4277 4278 4279 4280 4281 4282 4283 4284 4285 4286 4287 4288 4289 4290 4291 4292 4293 4294 4295 4296 4297 4298 4299 4300 4301 4302 4303 4304 4305 4306 4307 4308 4309 4310 4311 4312 4313 4314 4315 4316 4317 4318 4319 4320 4321 4322 4323 4324 4325 4326 4327 4328 4329 4330 4331 4332 4333 4334 4335 4336 4337 4338 4339 4340 4341 4342 4343 4344 4345 4346 4347 4348 4349 4350 4351 4352 4353 4354 4355 4356 4357 4358 4359 4360 4361 4362 4363 4364 4365 4366 4367 4368 4369 4370 4371 4372 4373 4374 4375 4376 4377 4378 4379 4380 4381 4382 4383 4384 4385 4386 4387 4388 4389 4390 4391 4392 4393 4394 4395 4396 4397 4398 4399 4400 4401 4402 4403 4404 4405 4406 4407 4408 4409 4410 4411 4412 4413 4414 4415 4416 4417 4418 4419 4420 4421 4422 4423 4424 4425 4426 4427 4428 4429 4430 4431 4432 4433 4434 4435 4436 4437 4438 4439 4440 4441 4442 4443 4444 4445 4446 4447 4448 4449 4450 4451 4452 4453 4454 4455 4456 4457 4458 4459 4460 4461 4462 4463 4464 4465 4466 4467 4468 4469 4470 4471 4472 4473 4474 4475 4476 4477 4478 4479 4480 4481 4482 4483 4484 4485 4486 4487 4488 4489 4490 4491 4492 4493 4494 4495 4496 4497 4498 4499 4500 4501 4502 4503 4504 4505 4506 4507 4508 4509 4510 4511 4512 4513 4514 4515 4516 4517 4518 4519 4520 4521 4522 4523 4524 4525 4526 4527 4528 4529 4530 4531 4532 4533 4534 4535 4536 4537 4538 4539 4540 4541 4542 4543 4544 4545 4546 4547 4548 4549 4550 4551 4552 4553 4554 4555 4556 4557 4558 4559 4560 4561 4562 4563 4564 4565 4566 4567 4568 4569 4570 4571 4572 4573 4574 4575 4576 4577 4578 4579 4580 4581 4582 4583 4584 4585 4586 4587 4588 4589 4590 4591 4592 4593 4594 4595 4596 4597 4598 4599 4600 4601 4602 4603 4604 4605 4606 4607 4608 4609 4610 4611 4612 4613 4614 4615 4616 4617 4618 4619 4620 4621 4622 4623 4624 4625 4626 4627 4628 4629 4630 4631 4632 4633 4634 4635 4636 4637 4638 4639 4640 4641 4642 4643 4644 4645 4646 4647 4648 4649 4650 4651 4652 4653 4654 4655 4656 4657 4658 4659 4660 4661 4662 4663 4664 4665 4666 4667 4668 4669 4670 4671 4672 4673 4674 4675 4676 4677 4678 4679 4680 4681 4682 4683 4684 4685 4686 4687 4688 4689 4690 4691 4692 4693 4694 4695 4696 4697 4698 4699 4700 4701 4702 4703 4704 4705 4706 4707 4708 4709 4710 4711 4712 4713 4714 4715 4716 4717 4718 4719 4720 4721 4722 4723 4724 4725 4726 4727 4728 4729 4730 4731 4732 4733 4734 4735 4736 4737 4738 4739 4740 4741 4742 4743 4744 4745 4746 4747 4748 4749 4750 4751 4752 4753 4754 4755 4756 4757 4758 4759 4760 4761 4762 4763 4764 4765 4766 4767 4768 4769 4770 4771 4772 4773 4774 4775 4776 4777 4778 4779 4780 4781 4782 4783 4784 4785 4786 4787 4788 4789 4790 4791 4792 4793 4794 4795 4796 4797 4798 4799 4800 4801 4802 4803 4804 4805 4806 4807 4808 4809 4810 4811 4812 4813 4814 4815 4816 4817 4818 4819 4820 4821 4822 4823 4824 4825 4826 4827 4828 4829 4830 4831 4832 4833 4834 4835 4836 4837 4838 4839 4840 4841 4842 4843 4844 4845 4846 4847 4848 4849 4850 4851 4852 4853 4854 4855 4856 4857 4858 4859 4860 4861 4862 4863 4864 4865 4866 4867 4868 4869 4870 4871 4872 4873 4874 4875 4876 4877 4878 4879 4880 4881 4882 4883 4884 4885 4886 4887 4888 4889 4890 4891 4892 4893 4894 4895 4896 4897 4898 4899 4900 4901 4902 4903 4904 4905 4906 4907 4908 4909 4910 4911 4912 4913 4914 4915 4916 4917 4918 4919 4920 4921 4922 4923 4924 4925 4926 4927 4928 4929 4930 4931 4932 4933 4934 4935 4936 4937 4938 4939 4940 4941 4942 4943 4944 4945 4946 4947 4948 4949 4950 4951 4952 4953 4954 4955 4956 4957 4958 4959 4960 4961 4962 4963 4964 4965 4966 4967 4968 4969 4970 4971 4972 4973 4974 4975 4976 4977 4978 4979 4980 4981 4982 4983 4984 4985 4986 4987 4988 4989 4990 4991 4992 4993 4994 4995 4996 4997 4998 4999 5000 5001 5002 5003 5004 5005 5006 5007 5008 5009 5010 5011 5012 5013 5014 5015 5016 5017 5018 5019 5020 5021 5022 5023 5024 5025 5026 5027 5028 5029 5030 5031 5032 5033 5034 5035 5036 5037 5038 5039 5040 5041 5042 5043 5044 5045 5046 5047 5048 5049 5050 5051 5052 5053 5054 5055 5056 5057 5058 5059 5060 5061 5062 5063 5064 5065 5066 5067 5068 5069 5070 5071 5072 5073 5074 5075 5076 5077 5078 5079 5080 5081 5082 5083 5084 5085 5086 5087 5088 5089 5090 5091 5092 5093 5094 5095 5096 5097 5098 5099 5100 5101 5102 5103 5104 5105 5106 5107 5108 5109 5110 5111 5112 5113 5114 5115 5116 5117 5118 5119 5120 5121 5122 5123 5124 5125 5126 5127 5128 5129 5130 5131 5132 5133 5134 5135 5136 5137 5138 5139 5140 5141 5142 5143 5144 5145 5146 5147 5148 5149 5150 5151 5152 5153 5154 5155 5156 5157 5158 5159 5160 5161 5162 5163 5164 5165 5166 5167 5168 5169 5170 5171 5172 5173 5174 5175 5176 5177 5178 5179 5180 5181 5182 5183 5184 5185 5186 5187 5188 5189 5190 5191 5192 5193 5194 5195 5196 5197 5198 5199 5200 5201 5202 5203 5204 5205 5206 5207 5208 5209 5210 5211 5212 5213 5214 5215 5216 5217 5218 5219 5220 5221 5222 5223 5224 5225 5226 5227 5228 5229 5230 5231 5232 5233 5234 5235 5236 5237 5238 5239 5240 5241 5242 5243 5244 5245 5246 5247 5248 5249 5250 5251 5252 5253 5254 5255 5256 5257 5258 5259 5260 5261 5262 5263 5264 5265 5266 5267 5268 5269 5270 5271 5272 5273 5274 5275 5276 5277 5278 5279 5280 5281 5282 5283 5284 5285 5286 5287 5288 5289 5290 5291 5292 5293 5294 5295 5296 5297 5298 5299 5300 5301 5302 5303 5304 5305 5306 5307 5308 5309 5310 5311 5312 5313 5314 5315 5316 5317 5318 5319 5320 5321 5322 5323 5324 5325 5326 5327 5328 5329 5330 5331 5332 5333 5334 5335 5336 5337 5338 5339 5340 5341 5342 5343 5344 5345 5346 5347 5348 5349 5350 5351 5352 5353 5354 5355 5356 5357 5358 5359 5360 5361 5362 5363 5364 5365 5366 5367 5368 5369 5370 5371 5372 5373 5374 5375 5376 5377 5378 5379 5380 5381 5382 5383 5384 5385 5386 5387 5388 5389 5390 5391 5392 5393 5394 5395 5396 5397 5398 5399 5400 5401 5402 5403 5404 5405 5406 5407 5408 5409 5410 5411 5412 5413 5414 5415 5416 5417 5418 5419 5420 5421 5422 5423 5424 5425 5426 5427 5428 5429 5430 5431 5432 5433 5434 5435 5436 5437 5438 5439 5440 5441 5442 5443 5444 5445 5446 5447 5448 5449 5450 5451 5452 5453 5454 5455 5456 5457 5458 5459 5460 5461 5462 5463 5464 5465 5466 5467 5468 5469 5470 5471 5472 5473 5474 5475 5476 5477 5478 5479 5480 5481 5482 5483 5484 5485 5486 5487 5488 5489 5490 5491 5492 5493 5494 5495 5496 5497 5498 5499 5500 5501 5502 5503 5504 5505 5506 5507 5508 5509 5510 5511 5512 5513 5514 5515 5516 5517 5518 5519 5520 5521 5522 5523 5524 5525 5526 5527 5528 5529 5530 5531 5532 5533 5534 5535 5536 5537 5538 5539 5540 5541 5542 5543 5544 5545 5546 5547 5548 5549 5550 5551 5552 5553 5554 5555 5556 5557 5558 5559 5560 5561 5562 5563 5564 5565 5566 5567 5568 5569 5570 5571 5572 5573 5574 5575 5576 5577 5578 5579 5580 5581 5582 5583 5584 5585 5586 5587 5588 5589 5590 5591 5592 5593 5594 5595 5596 5597 5598 5599 5600 5601 5602 5603 5604 5605 5606 5607 5608 5609 5610 5611 5612 5613 5614 5615 5616 5617 5618 5619 5620 5621 5622 5623 5624 5625 5626 5627 5628 5629 5630 5631 5632 5633 5634 5635 5636 5637 5638 5639 5640 5641 5642 5643 5644 5645 5646 5647 5648 5649 5650 5651 5652 5653 5654 5655 5656 5657 5658 5659 5660 5661 5662 5663 5664 5665 5666 5667 5668 5669 5670 5671 5672 5673 5674 5675 5676 5677 5678 5679 5680 5681 5682 5683 5684 5685 5686 5687 5688 5689 5690 5691 5692 5693 5694 5695 5696 5697 5698 5699 5700 5701 5702 5703 5704 5705 5706 5707 5708 5709 5710 5711 5712 5713 5714 5715 5716 5717 5718 5719 5720 5721 5722 5723 5724 5725 5726 5727 5728 5729 5730 5731 5732 5733 5734 5735 5736 5737 5738 5739 5740 5741 5742 5743 5744 5745 5746 5747 5748 5749 5750 5751 5752 5753 5754 5755 5756 5757 5758 5759 5760 5761 5762 5763 5764 5765 5766 5767 5768 5769 5770 5771 5772 5773 5774 5775 5776 5777 5778 5779 5780 5781 5782 5783 5784 5785 5786 5787 5788 5789 5790 5791 5792 5793 5794 5795 5796 5797 5798 5799 5800 5801 5802 5803 5804 5805 5806 5807 5808 5809 5810 5811 5812 5813 5814 5815 5816 5817 5818 5819 5820 5821 5822 5823 5824 5825 5826 5827 5828 5829 5830 5831 5832 5833 5834 5835 5836 5837 5838 5839 5840 5841 5842 5843 5844 5845 5846 5847 5848 5849 5850 5851 5852 5853 5854 5855 5856 5857 5858 5859 5860 5861 5862 5863 5864 5865 5866 5867 5868 5869 5870 5871 5872 5873 5874 5875 5876 5877 5878 5879 5880 5881 5882 5883 5884 5885 5886 5887 5888 5889 5890 5891 5892 5893 5894 5895 5896 5897 5898 5899 5900 5901 5902 5903 5904 5905 5906 5907 5908 5909 5910 5911 5912 5913 5914 5915 5916 5917 5918 5919 5920 5921 5922 5923 5924 5925 5926 5927 5928 5929 5930 5931 5932 5933 5934 5935 5936 5937 5938 5939 5940 5941 5942 5943 5944 5945 5946 5947 5948 5949 5950 5951 5952 5953 5954 5955 5956 5957 5958 5959 5960 5961 5962 5963 5964 5965 5966 5967 5968 5969 5970 5971 5972 5973 5974 5975 5976 5977 5978 5979 5980 5981 5982 5983 5984 5985 5986 5987 5988 5989 5990 5991 5992 5993 5994 5995 5996 5997 5998 5999 6000 6001 6002 6003 6004 6005 6006 6007 6008 6009 6010 6011 6012 6013 6014 6015 6016 6017 6018 6019 6020 6021 6022 6023 6024 6025 6026 6027 6028 6029 6030 6031 6032 6033 6034 6035 6036 6037 6038 6039 6040 6041 6042 6043 6044 6045 6046 6047 6048 6049 6050 6051 6052 6053 6054 6055 6056 6057 6058 6059 6060 6061 6062 6063 6064 6065 6066 6067 6068 6069 6070 6071 6072 6073 6074 6075 6076 6077 6078 6079 6080 6081 6082 6083 6084 6085 6086 6087 6088 6089 6090 6091 6092 6093 6094 6095 6096 6097 6098 6099 6100 6101 6102 6103 6104 6105 6106 6107 6108 6109 6110 6111 6112 6113 6114 6115 6116 6117 6118 6119 6120 6121 6122 6123 6124 6125 6126 6127 6128 6129 6130 6131 6132 6133 6134 6135 6136 6137 6138 6139 6140 6141 6142 6143 6144 6145 6146 6147 6148 6149 6150 6151 6152 6153 6154 6155 6156 6157 6158 6159 6160 6161 6162 6163 6164 6165 6166 6167 6168 6169 6170 6171 6172 6173 6174 6175 6176 6177 6178 6179 6180 6181 6182 6183 6184 6185 6186 6187 6188 6189 6190 6191 6192 6193 6194 6195 6196 6197 6198 6199 6200 6201 6202 6203 6204 6205 6206 6207 6208 6209 6210 6211 6212 6213 6214 6215 6216 6217 6218 6219 6220 6221 6222 6223 6224 6225 6226 6227 6228 6229 6230 6231 6232 6233 6234 6235 6236 6237 6238 6239 6240 6241 6242 6243 6244 6245 6246 6247 6248 6249 6250 6251 6252 6253 6254 6255 6256 6257 6258 6259 6260 6261 6262 6263 6264 6265 6266 6267 6268 6269 6270 6271 6272 6273 6274 6275 6276 6277 6278 6279 6280 6281 6282 6283 6284 6285 6286 6287 6288 6289 6290 6291 6292 6293 6294 6295 6296 6297 6298 6299 6300 6301 6302 6303 6304 6305 6306 6307 6308 6309 6310 6311 6312 6313 6314 6315 6316 6317 6318 6319 6320 6321 6322 6323 6324 6325 6326 6327 6328 6329 6330 6331 6332 6333 6334 6335 6336 6337 6338 6339 6340 6341 6342 6343 6344 6345 6346 6347 6348 6349 6350 6351 6352 6353 6354 6355 6356 6357 6358 6359 6360 6361 6362 6363 6364 6365 6366 6367 6368 6369 6370 6371 6372 6373 6374 6375 6376 6377 6378 6379 6380 6381 6382 6383 6384 6385 6386 6387 6388 6389 6390 6391 6392 6393 6394 6395 6396 6397 6398 6399 6400 6401 6402 6403 6404 6405 6406 6407 6408 6409 6410 6411 6412 6413 6414 6415 6416 6417 6418 6419 6420 6421 6422 6423 6424 6425 6426 6427 6428 6429 6430 6431 6432 6433 6434 6435 6436 6437 6438 6439 6440 6441 6442 6443 6444 6445 6446 6447 6448 6449 6450 6451 6452 6453 6454 6455 6456 6457 6458 6459 6460 6461 6462 6463 6464 6465 6466 6467 6468 6469 6470 6471 6472 6473 6474 6475 6476 6477 6478 6479 6480 6481 6482 6483 6484 6485 6486 6487 6488 6489 6490 6491 6492 6493 6494 6495 6496 6497 6498 6499 6500 6501 6502 6503 6504 6505 6506 6507 6508 6509 6510 6511 6512 6513 6514 6515 6516 6517 6518 6519 6520 6521 6522 6523 6524 6525 6526 6527 6528 6529 6530 6531 6532 6533 6534 6535 6536 6537 6538 6539 6540 6541 6542 6543 6544 6545 6546 6547 6548 6549 6550 6551 6552 6553 6554 6555 6556 6557 6558 6559 6560 6561 6562 6563 6564 6565 6566 6567 6568 6569 6570 6571 6572 6573 6574 6575 6576 6577 6578 6579 6580 6581 6582 6583 6584 6585 6586 6587 6588 6589 6590 6591 6592 6593 6594 6595 6596 6597 6598 6599 6600 6601 6602 6603 6604 6605 6606 6607 6608 6609 6610 6611 6612 6613 6614 6615 6616 6617 6618 6619 6620 6621 6622 6623 6624 6625 6626 6627 6628 6629 6630 6631 6632 6633 6634 6635 6636 6637 6638 6639 6640 6641 6642 6643 6644 6645 6646 6647 6648 6649 6650 6651 6652 6653 6654 6655 6656 6657 6658 6659 6660 6661 6662 6663 6664 6665 6666 6667 6668 6669 6670 6671 6672 6673 6674 6675 6676 6677 6678 6679 6680 6681 6682 6683 6684 6685 6686 6687 6688 6689 6690 6691 6692 6693 6694 6695 6696 6697 6698 6699 6700 6701 6702 6703 6704 6705 6706 6707 6708 6709 6710 6711 6712 6713 6714 6715 6716 6717 6718 6719 6720 6721 6722 6723 6724 6725 6726 6727 6728 6729 6730 6731 6732 6733 6734 6735 6736 6737 6738 6739 6740 6741 6742 6743 6744 6745 6746 6747 6748 6749 6750 6751 6752 6753 6754 6755 6756 6757 6758 6759 6760 6761 6762 6763 6764 6765 6766 6767 6768 6769 6770 6771 6772 6773 6774 6775 6776 6777 6778 6779 6780 6781 6782 6783 6784 6785 6786 6787 6788 6789 6790 6791 6792 6793 6794 6795 6796 6797 6798 6799 6800 6801 6802 6803 6804 6805 6806 6807 6808 6809 6810 6811 6812 6813 6814 6815 6816 6817 6818 6819 6820 6821 6822 6823 6824 6825 6826 6827 6828 6829 6830 6831 6832 6833 6834 6835 6836 6837 6838 6839 6840 6841 6842 6843 6844 6845 6846 6847 6848 6849 6850 6851 6852 6853 6854 6855 6856 6857 6858 6859 6860 6861 6862 6863 6864 6865 6866 6867 6868 6869 6870 6871 6872 6873 6874 6875 6876 6877 6878 6879 6880 6881 6882 6883 6884 6885 6886 6887 6888 6889 6890 6891 6892 6893 6894 6895 6896 6897 6898 6899 6900 6901 6902 6903 6904 6905 6906 6907 6908 6909 6910 6911 6912 6913 6914 6915 6916 6917 6918 6919 6920 6921 6922 6923 6924 6925 6926 6927 6928 6929 6930 6931 6932 6933 6934 6935 6936 6937 6938 6939 6940 6941 6942 6943 6944 6945 6946 6947 6948 6949 6950 6951 6952 6953 6954 6955 6956 6957 6958 6959 6960 6961 6962 6963 6964 6965 6966 6967 6968 6969 6970 6971 6972 6973 6974 6975 6976 6977 6978 6979 6980 6981 6982 6983 6984 6985 6986 6987 6988 6989 6990 6991 6992 6993 6994 6995 6996 6997 6998 6999 7000 7001 7002 7003 7004 7005 7006 7007 7008 7009 7010 7011 7012 7013 7014 7015 7016 7017 7018 7019 7020 7021 7022 7023 7024 7025 7026 7027 7028 7029 7030 7031 7032 7033 7034 7035 7036 7037 7038 7039 7040 7041 7042 7043 7044 7045 7046 7047 7048 7049 7050 7051 7052 7053 7054 7055 7056 7057 7058 7059 7060 7061 7062 7063 7064 7065 7066 7067 7068 7069 7070 7071 7072 7073 7074 7075 7076 7077 7078 7079 7080 7081 7082 7083 7084 7085 7086 7087 7088 7089 7090 7091 7092 7093 7094 7095 7096 7097 7098 7099 7100 7101 7102 7103 7104 7105 7106 7107 7108 7109 7110 7111 7112 7113 7114 7115 7116 7117 7118 7119 7120 7121 7122 7123 7124 7125 7126 7127 7128 7129 7130 7131 7132 7133 7134 7135 7136 7137 7138 7139 7140 7141 7142 7143 7144 7145 7146 7147 7148 7149 7150 7151 7152 7153 7154 7155 7156 7157 7158 7159 7160 7161 7162 7163 7164 7165 7166 7167 7168 7169 7170 7171 7172 7173 7174 7175 7176 7177 7178 7179 7180 7181 7182 7183 7184 7185 7186 7187 7188 7189 7190 7191 7192 7193 7194 7195 7196 7197 7198 7199 7200 7201 7202 7203 7204 7205 7206 7207 7208 7209 7210 7211 7212 7213 7214 7215 7216 7217 7218 7219 7220 7221 7222 7223 7224 7225 7226 7227 7228 7229 7230 7231 7232 7233 7234 7235 7236 7237 7238 7239 7240 7241 7242 7243 7244 7245 7246 7247 7248 7249 7250 7251 7252 7253 7254 7255 7256 7257 7258 7259 7260 7261 7262 7263 7264 7265 7266 7267 7268 7269 7270 7271 7272 7273 7274 7275 7276 7277 7278 7279 7280 7281 7282 7283 7284 7285 7286 7287 7288 7289 7290 7291 7292 7293 7294 7295 7296 7297 7298 7299 7300 7301 7302 7303 7304 7305 7306 7307 7308 7309 7310 7311 7312 7313 7314 7315 7316 7317 7318 7319 7320 </DataArray>
        <DataArray type="Float64" Name="heat_flux" format="ascii" NumberOfComponents="3">-1.097101012491057e-14 3.271369017680409e-14 -4.138137553463475e-14 -2.734233508659641e-14 3.568754606877334e-14 -5.092776550460155e-14 -1.158860634862745e-15 2.184992749375916e-14 -7.156331838758104e-14 -8.033678442744299e-14 -5.600939601511855e-14 -1.689022133731762e-13 2.613677390017795e-14 2.528493261353213e-14 -2.24637123724792e-14 4.450394470844155e-14 1.219099400929157e-14 -5.033027916503382e-14 0 0 0 -7.139120052368817e-15 1.959242610087796e-14 -2.212272827563449e-13 8.529039619311504e-14 3.153739110265834e-14 -2.605357881484589e-14 4.52343702810949e-14 -7.085132015548532e-15 -8.480942626621778e-14 1.317023114965141e-14 7.654216321110882e-15 -5.060805778143458e-14 0 0 0 0 0 0 -2.816435222399824e-13 2.63204804849603e-13 -5.184640077135564e-13 5.126852529087454e-14 2.495222107426214e-14 -2.998884010422517e-13 0 0 0 0 0 0 1.605968322878301e-13 2.201861976981417e-13 -9.066327497752449e-13 2.901115211444873e-13 -2.681277968075087e-13 -8.330667684057901e-13 0 0 0 0 0 0 0 0 0 -8.250491953024199e-14 -1.020161172943594e-13 -5.133454262484606e-13 3.179233960180563e-13 1.800409506754383e-13 -1.426203604449408e-12 0 0 0 0 0 0 -8.512433648488592e-14 -1.38669935330211e-13 -5.444765564094703e-13 5.197243208194923e-13 2.084566510760877e-13 -8.655107838496771e-13 0 0 0 0 0 0 0 0 0 2.3664831658711e-12 -3.15805819164459e-13 -3.265162911249351e-12 -1.465721873805034e-14 -1.176689275973036e-13 -4.333364276721901e-13 -1.006984787876627e-12 -1.873213880826067e-12 -2.290406693196986e-12 0 0 0 0 0 0 0 0 0 1.428007508261412e-12 -5.947211935992359e-13 -4.739698891398635e-12 1.554042834169711e-12 -1.89512067480813e-13 -4.082350463999588e-12 0 0 0 0 0 0 7.591660883825987e-13 9.743872102543889e-13 -9.130158615883265e-12 3.334716185189736e-12 -4.373749495613326e-12 -7.171653315470719e-12 7.857381527694935e-13 1.448849716842268e-12 -9.085919172458951e-12 0 0 0 0 0 0 1.60971812491848e-12 3.11346272248111e-12 -1.135700735925429e-11 1.483446958370911e-12 -2.321532494785332e-13 -1.187182016783993e-11 0 0 0 0 0 0 2.341943264659544e-12 5.704470875144814e-13 -1.449817822715638e-11 -8.145813301849126e-12 -1.083520832237429e-11 -2.255893621554262e-11 0 0 0 0 0 0 0 0 0 -1.206686637805384e-11 2.588282047020224e-12 2.247449796054703e-12 -1.379114182606535e-12 -3.972664125054064e-12 -2.980702566633338e-11 0 0 0 0 0 0 -1.792974209194785e-11 -1.239819283744554e-13 -4.637081464991455e-12 -8.196981416654667e-12 -1.298186210844823e-12 -3.816465057916365e-11 0 0 0 0 0 0 0 0 0 -6.560855313934966e-12 -4.358231336143735e-11 -3.664715326749024e-11 -2.397160012018476e-11 2.847345504419798e-12 -2.238202275665218e-11 0 0 0 0 0 0 0 0 0 0 0 0 0 0 0 -2.657896068709579e-11 -1.996459792125254e-11 -7.165297948842716e-11 6.359767543785618e-11 2.789711732928939e-10 -3.547182276548249e-10 0 0 0 0 0 0 -4.862259836551086e-11 -3.434283682787467e-11 -9.413450142252856e-11 -2.16089645548776e-11 -1.45331796841171e-11 -1.32039404690739e-10 3.720032093932955e-11 1.460570944391637e-10 -4.559878360351199e-10 0 0 0 0 0 0 0 0 0 9.516109519830823e-11 -6.908608128169492e-11 -4.36757516320893e-10 2.593261284245646e-10 7.897196596711506e-11 -2.949941856520864e-10 8.319992090014478e-11 9.663157811303156e-11 -5.507028340316849e-10 0 0 0 0 0 0 -7.605744729952468e-11 -6.69768729102625e-10 -6.73958177665098e-10 2.137165385837205e-10 1.356353740016465e-10 -1.734878903836655e-10 5.036247792220642e-10 2.680130188841321e-10 -8.151033958427765e-10 0 0 0 0 0 0 -9.727940396970077e-11 -2.684856776476291e-10 -9.264151571385788e-10 2.335179383259546e-10 1.736271331586036e-10 -1.153705468871153e-09 0 0 0 0 0 0 1.443009279654695e-10 -1.714657518311211e-10 -7.754693574694866e-10 6.049776046019314e-11 -5.064307562497638e-11 -1.619499743351721e-09 2.314836353008096e-10 1.77203171589419e-10 -1.16382530159932e-09 0 0 0 0 0 0 2.446326872179742e-10 -3.730470192052719e-11 -1.193828494446601e-09 1.161091073827576e-09 -1.949692145481107e-09 -3.709649225524163e-09 1.688253821230671e-10 -7.48428096402241e-11 -1.204842306847847e-09 -4.961613073809428e-10 -1.455716423079179e-09 3.583834518189913e-10 0 0 0 0 0 0 -1.261648156264921e-09 -2.263472422360465e-09 -5.158362234183569e-09 3.843150220014686e-10 -1.047401543899749e-09 -3.904478563506907e-09 -6.371313821978072e-10 -2.6408809038593e-09 -6.884877957961972e-10 0 0 0 0 0 0 0 0 0 0 0 0 -2.25217106318657e-09 -2.42993529961259e-09 -4.48237440574601e-09 -1.571846121702042e-10 -2.67807996647316e-09 -1.217962305502389e-09 -2.09029134709348e-09 -2.880599088579565e-09 -2.705400576004725e-09 0 0 0 0 0 0 0 0 0 -6.18101670092576e-09 -3.683865753217787e-09 -9.702786856975334e-09 -8.968863103677286e-09 -9.917221990880098e-10 -1.003743785805404e-08 -4.987266492817421e-09 -3.949345002194958e-09 -1.279667668332383e-08 0 0 0 0 0 0 -1.251794874392019e-08 1.245955932690057e-08 -4.703506901365343e-08 -6.881319827537563e-09 -6.947741504532294e-09 -1.461973011573979e-08 -7.098599607838276e-09 -7.114408751153116e-09 -1.447982905036255e-08 0 0 0 0 0 0 -9.431552383116456e-09 1.898403865252553e-08 -5.261122614738876e-08 -1.262155419186687e-08 5.342355764135084e-09 -4.880248626576993e-08 -3.121672249366008e-09 -1.531505607603229e-08 -2.055892557220515e-08 0 0 0 0 0 0 -2.009963374378992e-09 5.610842385816375e-09 -7.425445135983964e-08 -1.223538064331964e-08 4.476574709883506e-09 -4.997681328958795e-08 0 0 0 0 0 0 3.279090243815173e-08 -5.20890478073484e-09 -1.208506902224302e-07 2.223764312182318e-09 -8.611329238514136e-09 -1.272655835064157e-07 5.260336011275552e-09 2.786170488136939e-08 -2.881192917792254e-08 0 0 0 0 0 0 2.481377572507095e-08 -7.748761823470255e-09 -1.285845121447699e-07 7.349552101179964e-08 5.559038083236778e-08 -1.318717124744312e-07 -8.065365132973688e-08 5.741128208786583e-08 -3.99436209855195e-07 0 0 0 0 0 0 0 0 0 -8.883765064639382e-08 5.456989909651133e-08 -3.888332961731787e-07 -1.382161782643842e-07 1.017195378779289e-08 -4.048166362790105e-07 0 0 0 0 0 0 0 0 0 -8.904186909615425e-08 5.393873841668079e-08 -3.881688173561992e-07 -1.170051024316985e-07 1.216955577515217e-07 -1.267228630242829e-07 7.770884099199405e-10 1.613574604978595e-07 -2.829277660148542e-07 0 0 0 0 0 0 0 0 0 -1.121978140239741e-07 1.426544121651579e-07 -1.356190262828689e-07 -1.273713638874663e-07 1.34266896579949e-07 -1.069347628842147e-07 -1.219706409846707e-07 1.19947966167465e-07 -9.553129198499764e-08 0 0 0 0 0 0 -1.53424445475529e-07 1.316065380681247e-07 -7.234827823272779e-08 -4.056401299057427e-08 9.306801176035582e-08 1.324123894525737e-07 2.851302450801923e-08 1.695085886694487e-07 6.768647385996843e-08 0 0 0 0 0 0 -4.485183925711583e-08 2.729335213941555e-08 -7.234827824636829e-08 -2.198506882906906e-08 1.0700814178101e-07 5.465558663974276e-08 -3.465852149954345e-08 8.577581881500463e-08 1.39556090973228e-07 -4.949072505857596e-08 8.989595438534339e-08 1.503978151646128e-07 0 0 0 0 0 0 -6.427270621799362e-08 3.601829791673842e-08 -8.47558648048803e-08 4.876174574303171e-08 1.062790308756797e-07 5.426636537627748e-08 -4.259714882402332e-09 -5.369146458117662e-08 -1.697870170254201e-07 0 0 0 0 0 0 -6.818560265291848e-08 4.058039343815854e-08 -4.754398054657873e-08 5.066504830428554e-08 8.718120676128511e-08 1.695614150451835e-08 1.845091871584712e-07 2.585667436426348e-08 -1.853839961812617e-08 -8.800319256506438e-08 -9.571999082756771e-08 -1.390916098558339e-07 0 0 0 0 0 0 0 0 0 -6.870863528445413e-09 6.341639948823021e-08 -2.204506898916296e-08 3.465913522129593e-08 6.533035457760675e-08 -9.222508793663095e-08 -1.170846807666105e-07 -1.312611765843945e-07 1.755455198887569e-07 0 0 0 0 0 0 0 0 0 2.077322077352877e-08 5.176073595283393e-08 5.354582875337905e-09 8.374081880618011e-09 6.692108637339652e-08 -2.972686467642423e-08 7.107419053979719e-08 3.10346771787473e-08 -3.856459987773109e-08 -8.819847596363365e-08 -2.22965176505241e-07 6.6192899690772e-08 0 0 0 0 0 0 0 0 0 3.129901778946491e-08 -1.412681762365215e-07 1.524174409112738e-07 3.382527188781575e-08 6.063885978357023e-08 4.648990721062623e-08 2.041332342827817e-08 5.14569438192249e-08 6.04318456258065e-09 0 0 0 0 0 0 0 0 0 0 0 0 8.224621919274869e-08 -4.794365929025111e-08 2.79606685206599e-07 3.369046115983276e-08 6.096704536564775e-08 4.68883382616116e-08 4.555582349890701e-08 7.023453660267763e-08 3.3507175212845e-08 0 0 0 0 0 0 0 0 0 5.234932976153282e-08 -4.358964002099985e-08 2.56956249689893e-07 8.581853852914087e-08 -5.844980372405644e-08 1.957965564241065e-07 0 0 0 0 0 0 0 0 0 8.559457807575676e-08 -5.844117356587232e-08 1.954190662254753e-07 1.115838449641357e-07 -3.834675333094057e-08 1.127669696632694e-07 0 0 0 0 0 0 0 0 0 6.477486800657388e-08 -7.789633436136795e-08 1.708596482716749e-07 8.589304283386286e-08 -4.734897992603128e-08 1.293619843019901e-07 7.904253192894023e-08 -7.732685986183575e-08 1.437202738696938e-07 5.701442250036447e-08 -3.736634017391641e-08 2.02397723906157e-07 0 0 0 0 0 0 9.736134003259008e-08 -3.631402502521192e-08 1.409354123862472e-07 7.649759220278487e-08 1.85655243764875e-08 2.023977239490292e-07 5.686240637810985e-08 -3.756398789311036e-08 2.021053279816663e-07 0 0 0 0 0 0 6.927770887768826e-09 -7.218092250699248e-09 -1.061457459389692e-08 5.225471239386472e-08 -1.250364330983427e-08 2.210489405008321e-07 5.042393419146651e-09 -4.498389761046965e-08 2.900720853003532e-08 -4.031685151530923e-08 7.157648225256369e-08 -8.916559903688296e-08 0 0 0 0 0 0 0 0 0 5.25958946221353e-08 3.996330424248497e-08 -2.047277380504151e-07 -2.084860925635905e-08 3.077199254304359e-08 4.860084347589468e-08 0 0 0 0 0 0 0 0 0 -5.648782412540789e-11 -1.155030940893105e-09 -1.274878308752034e-07 -2.094894071722396e-08 8.13191546064575e-08 4.329924007979647e-09 -2.808562453306974e-08 3.967537450484215e-08 6.490700927052254e-08 -1.638476131830685e-08 8.258582540261896e-08 1.895272773114377e-08 0 0 0 0 0 0 2.287005076607303e-08 1.018827795015076e-07 -7.393682504898926e-08 5.895458193329545e-08 1.145130050554693e-07 -2.639844484523964e-08 2.082144833734125e-07 -1.929644756589797e-08 1.245210380829082e-07 0 0 0 0 0 0 -9.344201876434897e-09 1.149509125328821e-07 -5.160181480194092e-08 4.997324717888668e-05 -2.385567777004632e-05 -4.453644344346027e-05 3.612039464815269e-05 5.554148665803424e-07 -0.0001133633306577343 0 0 0 0 0 0 -2.766528477521876e-05 -1.582866956424141e-05 -5.315230608371364e-05 6.527640050022362e-05 -5.216828314099621e-07 -2.201170518313987e-05 9.315803239982789e-06 -3.703339374071857e-05 1.849660115535535e-06 0 0 0 0 0 0 0 0 0 -4.526096907199679e-05 -3.21365505863809e-05 -2.022936890806278e-06 8.158680711695823e-05 2.616120836719539e-05 6.69605284176475e-08 2.104266251798928e-05 -3.373038523020467e-05 1.930080200238044e-05 0 0 0 0 0 0 0 0 0 -4.782668517943881e-05 -3.130439923166929e-05 9.198120214151346e-08 1.31321567461111e-05 -1.261482858157881e-05 9.660632895201038e-05 -0.3687528562728686 0.5910932557222173 -0.3382283900932405 0 0 0 0 0 0 0 0 0 0 0 0 2.614210061966603e-05 -2.137141694369457e-05 6.856938805321848e-05 -0.1077795986632695 0.1035337293039194 -0.7928774811390291 0 0 0 0.4964530714009004 -3.421183679466503 -2.924614430452291 -0.2080740632078883 0.09021611323469773 -0.9011323971737776 0 0 0 -0.2211429167684268 0.1807864466273012 -0.5800465194333939 0 0 0 0 0 0 -1.557655848151029 -1.708344154885202 -8.26535716382933 1.957538357209596 -0.6111041113626515 -2.143169397487432 0 0 0 0 0 0 11.40002621070836 21.88514623306237 -25.74089511516212 0 0 0 -1.196776538080704 -1.811004950835576 4.411688780608611 -8.897100301725036 -16.01806398103443 -11.90754640816292 0 0 0 0 0 0 5.24653410040593 11.52287010614703 -32.17769550879088 6.263179888732872 -8.983773795452468 -39.91461178715397 22.8715399638045 10.63530286956728 -36.49441705750801 0 0 0 0 0 0 -42.97816075569817 -0.1907174913490206 0.002565160861378792 -35.91237618950217 -2.44280405196861 -0.8852894013327057 -42.197310294966 0.2398790006477892 -4.010720536298261 0 0 0 7.930079981440464 8.532044059016721 -29.16454184398011 7.831496397739292 -1.968191295915828 -48.43062036948483 21.95240957622013 4.621745941888295 -23.77263680004002 0 0 0 -51.76156322125829 12.61181377883955 -4.868586539370385 -38.48376871293566 2.271930146516189 -2.093616354189059 -37.37555861145152 -4.102161598251787 -0.05400929577110217 -42.78206757511105 2.72976129759027 -5.830312321988075 -43.78599411964069 10.13200888575954 -0.9599222079119278 9.114912887291425 -2.083931168546729 -77.66209260805289 0 0 0 9.928468036870282 -1.780281412753931 -40.83319613789438 92.89710547390605 -4.121093014420365 -120.4101690048033 -9.537831741774159 2.704970344873328 -49.5425934777832 10.95419533310034 -2.37003812078422 -92.8502480263125 0 0 0 -51.13609254254619 13.17497270533222 -5.272357531460381 -38.42632087050287 4.122649796934089 -3.046458694955927 -34.00970258258554 -3.497145160531784 -1.77868168611569 -40.63720620449669 3.377755385962734 -5.830473692026364 -39.96948008534905 -9.241415931454961 -11.24421809210742 -55.08254051445739 13.64502956605589 5.002017936495341 -43.35268672841065 14.40018550698782 -4.875267621149799 -0.009995680338908497 -0.0005510623615919519 -66.52916067484382 -0.005075993872221149 -0.001501046046277975 -54.84655976524099 -0.004169175576570833 17.87474611392995 -53.15555717578364 -68.49858301118719 -2.469036993745776 -10.8030693582703 -32.39285992679372 -3.206435566367621 -0.9685249874514352 -35.32122772428027 -8.806429924343947 -11.65339636002773 -38.80385204390905 -8.315585190150239 -11.00216623315511 -47.7207508704489 16.98296646584443 1.675994890925546 -0.00306189447832247 0.0001052320533288759 -54.84711194644639 -68.79420500455595 -1.766257098419198 -10.54823282098981 -28.98920187546985 -5.125907346224148 0.4924857971277679 -81.23372133938125 1.320684032980876 -9.365082255295043 -45.41252997318361 12.87426904332965 -4.58903836803001 -43.4461263374125 13.33301613229163 -3.682268973200361 -43.85024720893934 7.241951815084414 -3.850599466068691 -45.89640196324734 6.327147691942899 -4.900021104415886 -38.55186210255242 2.604459297390016 -0.9824448708063243 -35.13733667474052 0.8729759912462489 -2.630593840650123 0 0 0 0 0 0 9.570802069693569 -2.814398544194237 -90.18763584173874 -0.004182567057093683 -21.63265907316157 -53.32629395398082 20.96356237003367 -1.79462040153306 -84.9095578870666 -52.80339728862245 12.82855419847426 -4.784138569357976 -38.62095468488655 4.156369849295421 0.1600959991687578 -34.31652436822901 -1.802561174359983 -3.237403727512136 -42.26797065619947 2.91506136902535 -4.839591595182499 -58.86895750450662 -4.755109322535953 -17.42677438082991 -55.76873059745834 22.51360146600166 -1.883481789129304 -43.28169419811898 14.15273291250077 -3.127576505060088 6.838032086224642 -14.22568028240224 -89.73384799589924 -70.48963455451029 -3.886097110768275 -9.587417323993554 -38.12835097372935 -11.27511417880647 -10.45706478807488 -32.73153277400793 -1.618393291536957 -2.36797124318548 -29.86164684081209 -3.097642538062898 -14.19157914487751 -49.2884764156958 18.39843989980836 0.7163391336406624 -22.99950669660766 0.7904535353423661 -16.60950960966131 -28.7697072750588 -5.011094479458946 0.3721746239498954 -92.92067666316538 29.08358930922477 -16.09829823471908 -55.65695199414333 21.06829563542167 -2.40427660334841 -52.66712422329303 24.83445628942281 0.4338404824985005 -50.06548331013784 11.79816671479261 -0.3421011037304606 -45.55354862098305 8.413673066751388 -2.95992213986421 -34.76981391926127 1.202705599097668 -2.431082207147095 -24.32033621802205 -8.361740924147655 1.896938779801923 0 0 0 0 0 0 7.314778554442915 1.683449410330473 -81.09616746906678 -0.003076665588084257 0.004842803492228737 -59.4719078739196 4.607469945244957 9.607133865737941 -91.19328825676833 -52.0620165813747 12.2620408555329 -0.1281364030308378 -42.43801613228946 2.994409263921167 -0.2638901747479953 -34.35698512162578 -1.771030474029485 -4.65193814341468 -41.33443299523868 -0.6833985642637641 -6.138743122063061 -59.21505222621022 -6.460243299202727 -17.33304920361978 -63.32707682451711 28.07656546880309 -5.517098421101809 -50.15194002522148 12.51223614554958 0.3005540074946172 -55.93496351039339 22.63580886501277 -1.952887146463515 -0.01220081434547965 0.005392399202522909 -77.06082405013755 -92.15439902741599 41.10968632397908 -20.02874685432843 -32.53555816599483 -2.535998189092957 -2.72029908401969 -29.90291441052071 -1.234684458890866 -2.930147372760739 -30.42537450641811 4.366186947075859 -15.81654118746784 -55.36485283345151 23.87602122947154 4.4557261500041 -46.57142290189789 26.14525203059538 -5.617662962096694 -22.99751683175382 29.81858891063689 -37.34315369696985 -30.50470937319616 -5.91335915467381 -0.6075573652105499 -85.09916627517802 40.62118000777227 -21.09369435370648 -69.30941979616691 26.75622349648346 -7.68895490244409 -66.60342363777208 30.44950754477673 -7.107283755944154 -47.67914332549775 23.06695423164238 -2.155850396200882 -44.9249133704568 12.24215325984013 -4.230608028252306 -37.90834863387158 -1.591090695547285 -0.6033506912781974 -23.31426634304161 -6.848988644894863 1.11239214547699 0 0 0 -33.88317540788817 -2.129026589732144 -2.544038789524881 -25.05852658667271 -9.468239079463997 -0.2523659065321862 -22.13158244942983 -9.620703199980458 0.9563554242180264 0 0 0 -0.01119142505094509 0.008524098437124183 -68.12938070533971 -0.008202885897151055 0.008930632477296661 -59.47052821320322 -22.99894044664603 36.20131792806594 -6.696039936366335 -51.28241119595361 17.39754153676141 -1.795871438862836 -44.61629091733936 12.3167334599854 -4.188013978875142 -37.49923175789693 -2.264054466444142 -1.457118937847902 -40.78543997277148 -2.923967923842671 -5.939051497533368 -57.29574685491498 16.76905250498442 -33.61231699238947 -65.86055203122604 28.4818050098986 6.040269492520007 -60.09052548527059 31.50103965601293 -1.516824395069521 -51.31631662635982 22.14810566561554 -3.548484931748466 -54.90177307124854 23.33191343828861 -2.669343151360524 -91.92151516130504 40.62659188271028 -20.202799047012 -91.34856702525657 40.62312336593385 -20.01279776862686 -29.29176472907838 3.770528109221119 -1.415943121809435 -29.94867150621251 -1.303512511613063 -0.5189772535934758 -30.57963585434761 -2.042299891666001 -3.033946287104899 -47.13639076189672 25.68054960841247 0.967753493988082 -53.30336250975435 31.22286213288637 -1.021915654162364 -46.76563584866643 26.23853812895388 1.621394655773456 -22.99753746593721 -0.9291257585437737 -45.35252951630155 -43.03659525924694 22.47454565226746 -23.0617588520901 -71.97380063808643 21.27435858103247 -5.005169702848201 -68.84196284518174 23.64845030860963 -5.588128578702739 -49.56024478804296 23.73277848521472 -3.169702659347527 -22.86594870178953 -7.682654515582393 1.703243733273222 0 0 0 -33.41505253450146 -1.710323491615077 -2.259014011990672 -26.09488873536298 -8.043925752599907 -1.536415022117119 -21.11069866625241 -7.347173218180031 -0.07580932784063596 -33.89958052608411 1.962248014489107 -0.8946631989511582 -30.61665576279675 -0.1314529360943545 -2.390154739856555 -45.24344022244923 25.39665202066168 -1.410015290592325 -20.32529740200529 -7.21441412632554 -0.4313098225486327 -16.73039888139476 -8.722223662504961 0.517381166622758 -17.01555251971922 -11.37352635013525 1.479732921091313 -14.36502581844327 -10.23535460906362 0.1783097476539696 -13.26043448793109 -9.76111499907565 0.7534977230643818 -26.1072423924704 -4.794746577683279 -1.695880945964743 -28.4503297042639 -8.122495693677543 -3.427998616750223 -23.06984234575522 -7.492131127512868 -0.8931808238118102 -22.83477619585629 -7.464814742533441 -1.005006397197063 -12.58154316464751 -9.581636425388616 -0.9487265094342239 -31.60939243933732 -0.4555961379752065 0.8606170624853273 0 0 0 -81.56650818827517 62.12622090612479 -16.75290936206311 -61.31491894943796 66.75467797288798 -19.75793960359402 -30.42669903281669 32.62496490798906 -11.19018783955643 -65.08381006162678 69.76120953275701 -18.19449784454063 -55.01870361463119 20.42854500861048 -3.929020603613025 -50.43921154432277 20.15713655877335 -0.4040622562914823 -46.16001055025126 11.95698783251891 -2.545294507015802 -47.0344167416572 21.48283509660835 0.3259180947993579 -30.16734282583409 4.550451128950656 -1.75269871969492 -46.83461718725905 23.67538273017458 -22.21037490874392 -59.77254819579294 32.45668497704434 1.806370290856822 -52.90104217393149 32.65998476159525 0.5450898707853522 -64.26987173061077 26.17611128506377 -10.9920080339048 -32.10580122973752 -3.891760938567824 0.9130751954909554 -31.35718006364016 -2.974235675043242 -2.575519891725734 -47.6003857150473 26.41129298850584 0.6079553735177262 -57.06002401916954 34.08316105664689 -1.890499661851612 -57.01590581669383 34.03497053109025 0.02186410484979224 -46.50981459932576 21.34378569708536 -14.46728237113697 -87.88667698040105 44.74816528874184 3.635685371783074 -72.72113605576126 49.67946869142995 -0.2432884287936579 -53.08311500014682 34.60625687057786 3.983343232749156 -23.02017508222803 -7.599574326501612 -1.000283365202477 -32.61517141383721 -3.111336916573663 -2.688760182375511 0 0 0 0 0 0 -35.31714051450458 -3.408132148222687 -1.62535469550311 -31.53287432283724 -0.5630767812337795 0.7101462246264463 -21.9833656644385 -9.288892641283164 -1.179207223455043 -34.29492885571941 9.63595379639821 -3.88626389409009 -33.51371489818067 -1.080096550392539 0.1228383715530979 -47.03076265210581 27.57161701024422 -0.1262734652494161 -20.31429022842938 -7.234888729265738 0.1306702858064692 -21.39093099917013 -9.225166364539087 -1.477821975071909 -20.02576518079155 -9.314035632852272 -0.7953954136540105 -15.907526874913 -8.525701626810868 -1.720043720367289 -13.30990305432436 -10.74982810760106 1.174708511998118 -31.480079186438 -3.236679906700988 1.200407185733047 -22.88700563252165 -7.57731062018925 -1.058810771924293 -14.54539430199927 -10.02539854892728 -0.1569040286238459 -12.60415402813055 -9.674668124936741 -0.9899410381910506 -32.40084823262355 -3.237772517642558 -0.74881324637292 -63.49870432556258 39.44513652671247 -1.277752934903287 -11.93160723592717 -10.05052155871859 0.4422406186517279 -38.26979815540287 4.169325388258556 1.800196147821157 -10.7121411327461 -9.431814780852982 1.02675523172508 -17.52186429247696 -8.310975741427773 -0.6612233639817953 0 0 0 -76.90628478896059 56.28822463490368 -15.20173597829124 -62.14661181788343 63.10516699025355 -18.51080076169486 -27.75370304794426 30.60412987771827 -13.01970886731754 -30.26249102474677 35.48281813653487 -10.3696772299139 -54.69168288200893 22.10627915120425 -3.228765660029549 -45.8589253094414 12.70386453303538 -2.73227380394643 -51.08745610899165 12.97281060439883 3.14495424818768 -27.67366805533567 31.48101818786991 -12.09994312710029 -64.12550097969748 28.73326819133311 0.6157982811927012 -57.17823977907097 37.10472791360833 0.5610840654984993 -67.26695379746633 54.34396268626583 -11.99174039226061 -31.56671875843685 -3.247979242761718 1.220330217883642 -52.29382206883433 33.75228554416768 4.487285464456573 -42.55361106126328 36.80580449381974 -7.732989557656419 -57.53606887912412 41.46865474943597 -4.298859205586869 -82.29621834066626 60.20116853815189 -2.021434321513395 -74.70990321793056 51.13028706485505 -0.3853975811839186 -55.52914911454035 42.15068452207416 -2.476010118402533 -42.31320461144922 36.41391722588377 6.727604923754153 -32.23958021641067 -3.302253084592989 0.8705038347981133 0 0 0 -35.4213818931534 2.42216953325233 -2.66324182826843 -32.41648429978437 -3.23725987216289 -0.7369311095451151 -24.93586063251021 -3.60001251101205 0.7988093245719637 -37.74786850544415 11.76882154192333 -4.848486796367792 -39.04150809198112 4.457231247727336 1.780138605561879 -52.60082122596344 34.34199193813677 -4.153786420183138 -21.17354209049426 -8.987598052074913 1.044466682646735 -21.58973978068605 -9.619392662436214 -1.408564875440367 -26.27063958112981 -5.040873426203309 2.510376197561084 -16.17119696094128 -8.555830690198739 1.548573319818087 -15.91984196404927 -8.54062168624694 -1.721782760018031 -35.07392770836517 2.55919443494017 -3.709043647812853 -23.75642359697297 -9.466099954310893 -0.04191721925946462 -18.44131925271535 -10.90597639355126 -1.866346106520239 -12.88566339222566 -10.85025961089553 -0.4147539040156015 -15.31886481253916 -7.489439125497055 1.704316538969133 -60.02744490215959 48.19012390283931 -1.495301923907814 -15.29465439110593 -7.840705800645332 -2.518116757327996 -39.337980003703 4.134950195989346 1.549316031063355 -38.36014305373145 2.927324050845293 2.306399528349643 -10.96311983885464 -6.738332230725518 -0.06494091830605823 -61.21942801297148 58.65648431744366 -9.976640235194914 -61.46392915000249 41.55692439236572 6.447004922085272 -45.43215660619478 34.04951634147585 1.542101922420396 -84.11199967713186 55.18096284465148 -5.994520757383456 -48.17444114106527 18.20782000253577 -0.6101031028623407 -41.68503234261578 33.66494382636371 0.7001946681774214 -10.37351268062205 -9.95455336788892 -1.501080220060489 -48.83612463136234 14.7782868485485 -1.122570291637941 0 0 0 -83.12310045874403 42.31687916813951 -10.2023693829475 -63.80016183757017 55.86357971706096 -21.18352755153042 -54.93615805308441 37.31125597127872 -10.66675961844192 -58.96442994114248 11.65224937093048 -4.9699966269866 -62.52218770066507 56.29269738990455 -20.45884597939346 -57.91978982924636 22.27660544400721 -2.117145347343171 -53.4292076196982 28.60399944951924 -6.150743637698509 -47.47324325228183 12.32962419294754 -2.388257090593243 -48.4359626041369 15.31868152980815 0.6568244092034533 -51.95360091706115 18.88952334391734 -0.363845730538834 -59.28876205851185 11.00991728939829 -5.396154902272178 -66.99720465979159 53.89958610078855 -5.760416129840297 -57.96298876181248 52.25237100861953 4.036159479770046 -36.18240419996436 2.127319596863357 -3.195796731920981 -48.57259928412573 40.53678622371079 -1.461277699387665 -58.68443903058853 63.73330759072142 0.9114339307617837 -85.97802297786146 61.75730060139321 -1.933929431087782 -70.58531575034641 64.30557594375826 -5.109212661268933 -56.60134610894299 56.41543527086205 5.38236098652439 -47.90012914783615 38.84871212812656 2.826059589319624 -47.15123481908537 39.56427162553528 2.583160182146023 -31.75510250610447 -1.010585327067148 -0.1506731062083239 0 0 0 -32.15096131419031 -1.927426004377634 -1.419020284360728 -26.92752719427839 -5.751865975112102 1.642218663570522 -45.31605894033266 11.57574815745967 -2.763110851393768 -21.48710405564568 -9.58539597175111 0.8269826082830918 -25.9764249351483 -8.774663573996136 1.124873933573891 -19.86822288454983 -9.278137847774651 0.07556894187042332 -20.22567498914886 -4.896385821751082 0.8004817463001662 -36.72593773744067 -1.841505739566539 -2.095498867891743 -29.79436153976692 -0.6826998677498468 -1.004291520505358 -15.31635745160008 -8.158613988457541 1.842439261521617 -67.12307520934836 56.24083292631674 4.250252747954008 -55.36702223304066 48.62363652282914 0.5020086057016613 -15.28491899359195 -10.81614047234928 -1.486960030557939 -45.4240550988689 10.95395251006428 -2.859737958874276 -47.80521355044244 9.518049610429033 -2.837693673148567 -38.24496443004382 3.035719485424969 2.167673848576917 -10.47589565379826 -6.282705061152442 -0.3765666073971789 -10.8249646444002 -8.222640562526244 -0.7350676795636857 -46.82530797321646 43.72659325263811 0.09473830531610421 -48.22747106797413 40.14383458386396 -1.342433996706469 -88.87259220847001 61.27901415225011 -3.048358582525974 -48.45903533475626 14.92244468466504 -1.198008390981527 -41.32487206720953 33.02230423638811 0.379659120495588 -10.80849126775664 -6.593376544456948 -0.1211589657306279 -50.32304238938101 8.663745710614034 1.05808824509319 -60.19437284107888 27.24749880822687 -8.267761253751281 -15.29797672242533 -10.80712436785152 0.9344510040899576 -16.64948454535803 -5.117368587926019 1.160383626286824 -36.82925649000384 38.29180332109187 3.33938367694551 -7.704125177033109 -6.204686212503796 0.2686923572923972 0 0 0 0 0 0 -73.77792412835386 63.26902299808422 -5.773658990546092 -78.80676734217721 45.69246753088445 -11.61894754376858 -51.60813514878053 43.14731015174447 -5.86583416538071 -59.47364153281964 38.81615329285903 -2.155073638464553 -56.88831421973531 21.47388439066909 -2.831367335488493 -61.2576839658788 33.55652768303516 -8.131024448367334 -57.83005521440374 23.78341422984508 -2.941097519706461 -71.83611572902936 47.10837770397094 -0.469662450571226 -47.74309693837862 11.48303070487187 -3.021380855274525 -55.65201409153176 11.31108411920196 0.1482583475781189 -57.44221227283312 35.41324018670164 -3.48398073565336 -75.47382014886217 46.76521758941072 1.959886644749967 -58.63513422643258 63.83823694687609 3.306963526368109 -45.45003987449096 11.59960831600627 -1.875243221513198 -48.13893384258763 40.25886608468776 -1.453317935776438 -54.48589903853016 60.75969682880088 3.506361789941973 -58.73446520552078 49.66546279177405 7.790595284764599 -61.26713663759669 61.40490545148252 0.6856416485451186 -57.0811303682033 56.9884394773498 0.3504581640653396 -39.9705821933805 34.98771003509589 2.571620732468954 -32.00152637603736 -1.816791761296426 -0.4225918173607086 -32.45442466661865 -2.040539660425339 -1.409882603681296 -28.47242514417986 -4.806395830554556 -1.143065637394302 -34.15883889095416 -1.060552580531795 -2.421730001120949 -24.36896613449223 -4.143403381891972 -2.947928964814143 -20.17970297811374 -5.922485452036677 1.118159155935131 -43.84131081156863 9.501354001294565 -2.002816224283959 -31.5024939238805 -5.29595631990142 -2.406215740713598 -18.07587403143644 -5.102944571620856 0.007482631578496192 -77.34283097186213 67.83443222782077 -4.86788276879706 -69.10736702686368 54.39308025615919 1.721708961107999 -45.59828614468092 10.26222660329776 -2.60863739319593 -47.97841041251953 8.831957747462811 -2.071321676313782 -42.62757623958694 -1.025452455598586 1.168994993149033 -10.50200141067654 -6.303217664429571 0.0833482961930038 -10.32043642455415 -7.896426640152759 -1.110247824506603 -53.20473203412256 53.3340617354735 1.941898683886898 -37.51457764215879 38.40657442604006 3.636572644261088 -82.9802842128876 74.64977354134106 -0.2060404660980404 -45.98063203360376 41.39332103075392 -4.102490109533824 -10.64153801735392 -7.884390184798191 0.5387005732197899 -58.58837916910534 14.7923705124157 -0.4431888071188652 -19.0895682313569 -7.008867518255582 -1.726832489431332 -16.46658162179465 -6.550547477773974 1.573850846678859 -20.1219052400172 -7.208366825729764 0.5431621185548228 -37.98013079813796 42.45611876823649 1.53456893707362 -7.863051867334629 -5.484172371483771 -0.05647225472996071 -82.1559116915777 74.70192864023073 -0.3765492189763602 -69.03660761075842 54.42173823437862 0.5892154418169652 -32.42566664967267 -1.067651369064598 -0.9596547275355615 -39.96133258741294 40.31639149557282 -1.371825871441952 -11.57658636388582 39.85854467257254 3.019013257048748 -27.98734462191234 47.5967724600044 0.008322365433514976 -28.63407645672294 43.30169566218646 1.518648588436752 -35.24799933998158 45.3339933031468 -1.393641430758835 -13.87582544437057 42.37888556363053 6.142502712162881 -8.321283364859658 -6.103983812015906 -0.4373725209887163 -4.57672630673926 -3.697083637716625 -0.7582299955960871 -3.948943603989628 -1.644136562078434 1.35893746455224 -7.21138129872687 -4.903618375908044 0.281000218773785 0 0 0 0 0 0 -80.76048964634687 62.77445376243514 -0.769819154318568 -78.04847278185301 45.33508628486602 -2.684740600978849 -71.09294375385788 63.47258152449296 2.341809457801497 -55.56119141593261 40.98698695429105 -3.983781747884669 -55.87018333401245 14.46415948901222 -0.5224709865676004 -61.80684278411389 43.54749857374554 -4.866332860612783 -67.6289135799359 29.6546185541174 -5.761645481272198 -62.97031133398229 21.0853267950235 3.845738403456345 -70.28648577395124 50.67147474442218 1.691638673848644 -48.5819167409548 8.855002306586728 -2.28698732303879 -56.33762927964681 40.32651467663155 -4.005395027736045 -62.57218903186708 66.84712721944474 4.704067465496914 -46.0377678890472 9.201861156654664 -1.112606326273648 -38.35845975758829 52.63916249832793 5.317826367537374 -40.10322316055368 34.99870913317167 6.983221361151655 -49.33081510578397 68.25009110989943 -0.3880872480129873 -60.58542653164503 65.50921951092862 7.126199655869277 -70.50821058610846 64.21408789735912 4.014682845633792 -65.76493267437701 66.21493306061308 3.377414183166948 -37.09018181013418 53.64286188593201 -1.583630010262483 -42.92014032224989 45.61184016409177 0.804583114201975 -33.80177551598074 -2.461352353978584 0.1891985078476701 -45.04099980781369 6.590946136887812 -3.093354495493853 -32.47266051903522 -1.908956593497804 1.117893953169325 -34.11554137179376 -0.4806270211574743 -2.591018588450814 -25.09987091937273 -6.043722231850914 -2.879289806758758 -22.81165919091742 -3.286816910895128 -0.06941388601249625 -72.47509398008029 80.14715907188636 2.789450990607509 -44.55064087612366 13.16218628934205 -5.678008195574273 -50.45376872969383 -1.093967948746404 -1.595895678613591 -50.02559892536494 9.763931421530083 -4.312461874850594 -42.46926085553201 -1.517620391999149 1.291641589660826 -10.43955904162025 -7.729400662170144 0.6872422157040661 -10.33168554453648 -7.670294935914249 -1.184602802187816 -45.4917879900457 70.23807400641857 -2.784473886527236 -91.83235541717234 87.9008577401887 -2.940264517792668 -18.68908943098035 -6.25447254068699 -2.00382154042641 -65.37603866306117 19.82524275020855 2.7969122480179 -22.81491156273405 -3.283916294410143 -0.1129852592465141 -22.57771267662606 -2.749045585180014 -1.358704136236504 -15.39116917122577 -5.607481360407338 0.6865946957243274 -23.65018093007253 -4.261011289266199 -1.335694806345904 -40.57530360128326 51.83103984694456 5.938604527301961 -28.8041581688018 52.17126805504535 -8.957455813550883 -7.226183217359912 -4.977202224489832 -0.4209930463489957 -7.766905023868822 -5.920358690192135 -0.3458195751713811 -87.62537948556943 64.41038634836544 4.055041519995079 -32.34699973557016 1.091471733503559 -1.658851133906854 -43.0183854021186 47.71939260621861 2.305266002809205 -10.78050185032379 42.43871356104594 4.140697162110116 -6.160253766287586 37.02089658754819 5.556340534341592 -27.48969042669136 44.28605642490036 1.489292377606083 -28.65693826248912 43.44077421597865 1.581596305794504 -28.23848577847836 51.92798210685634 6.493375663861632 -29.49366942495644 48.06733791372009 -0.5886844140598346 -14.10961486510018 49.32013882050205 9.099016519244429 -8.345724939004054 -5.918708619430224 -0.3587070674804815 -4.520826114222251 -3.813243770590995 -0.8104254154887119 -7.182822055130541 -5.626401175643184 0.6629825296142287 -3.912235029902034 -1.712812718623415 1.425138367701277 -5.158935924829554 -3.249359957759461 0.8539017723828514 -82.49122760797643 79.02144768589473 11.79193953981565 -5.174656898013031 36.81928277962918 0.375981197925191 -5.661937366997341 41.13973697906992 3.708483922633897 -5.022626411969791 -3.634604504551532 0.749752342164092 -5.125102765286885 -3.344842884953357 0.6311125230730519 0.7715339505057696 44.20533272687812 5.049454227979839 0.06408631731206026 37.77009861785131 7.804192364905222 -3.491357195163111 -1.729476615855027 -3.016740893717165 -0.8507150883762813 0.911177718634979 -2.37234599231121 -1.030189648476691 1.389025571557991 -2.551815468697419 -7.679317409173613 -2.924330187273712 0.1824064620710756 0 0 0 0 0 0 -81.04666811084216 64.6166556197021 -0.6544909192436519 -76.29205538242756 36.78790100890749 1.706750518403141 -79.36183591763408 47.73536091070217 -2.018165834046218 -61.16422350616677 24.36344848823979 6.036428348227325 -70.37261645639833 16.50366264075269 -23.0043118822608 -76.18924434480066 34.78327804584762 0.4985044945734319 -74.34796922238417 27.92645982577955 0.5364293978034799 -60.81395818518551 24.41734654996982 0.1986813639180909 -66.44105292669073 23.68419075061315 2.548843591290832 -60.85133941710939 65.59980867377152 5.317535677760288 -45.574619024629 13.2013211591783 0.9571782149668148 -42.61933765416645 68.84359938257579 -1.663437808557163 -45.32117157226329 54.36068735129965 -1.476700823472968 -55.90826390884121 76.54277512431435 3.283086444564525 -45.05780037220743 67.67118455525308 9.47775053978188 -74.66356392088031 96.61496260570618 3.942484466475892 -59.55630874125655 82.95390368282287 6.910520103724919 -45.5221923381814 54.31275133874683 5.706934165077067 -38.50221082469384 3.332282290155428 -2.27471608533791 -46.89786798383781 2.077485928256053 -0.3708396262106031 -49.56167303732985 10.67225064762193 1.428608220646939 -32.37866884692033 0.9801852901802537 1.483599958977787 -34.38432499368361 -4.112281135210238 -5.329796100688911 -40.86958188960577 -6.606010148919227 -1.734066428486631 -29.25562885081014 -0.7096476433737259 -0.2014174849598317 -32.44483064972873 -3.365566434173993 -1.469924313665782 -65.19321934914483 98.53344835872274 2.820688586749908 -74.32264033149791 91.57096912412341 8.936536153048959 -52.82418326439294 1.668968325584691 -4.674852947904908 -39.4935638456183 1.463378224374864 -0.2758165461705352 -10.45122849706566 -7.60428606677018 0.7365932961512728 -43.8816789923447 68.6686403467759 -1.862684611730869 -97.45715348405854 80.39885475042 0.5964556899560879 -78.26804448305153 87.72094256210772 2.168180942634648 -20.21043068240203 -3.550496576339446 -1.450227674111763 -65.9933284972339 7.794226316490607 1.006927792713256 -23.19817866863007 -3.862515338427592 0.1386383911028918 -30.36596332842947 -3.260358969368196 -2.445843403203003 -23.11898176184549 -2.412135646201122 -0.9397137621723044 -22.56424941503523 -2.726041889905972 -1.379684467510882 -13.97625278843938 -4.366770629003718 1.325362025386495 -27.15641492197144 -1.331568469532008 1.654387164346521 -34.23029399939101 57.692568311014 -1.416396735946785 -7.219795891683683 -5.386961887283225 -0.6142466074847371 -95.72428376485091 79.96729981764497 0.4165656834273995 -38.4598067157266 53.3032372194038 9.098531234813111 -1.077669051175915 43.89810436804871 10.32054162707511 -13.82897072979809 41.04219491868393 11.58240058164447 -5.224296690432919 46.11599080568898 8.389371052595967 -29.46340931565246 57.49130924537501 7.763670111185189 -23.55978885397342 47.10772390546447 -2.62418828158302 -23.48476972529855 47.22787675452539 6.80913956210828 -20.8060296816172 55.55356081976863 7.904480408704209 -8.277562818303476 -6.436844632742102 -0.03711640706393866 -5.013054170227869 -2.79151349644812 -1.442432858185172 -7.252334598928469 -2.644276109087015 1.118324894437844 -4.801083853072217 -0.05090370005930382 1.425131232470181 -7.19263397270962 -2.374884255385593 -1.54280043912871 -7.366383291589239 -2.900602154629756 -1.487453929179069 6.665359685825866 24.95221941563899 7.328540041665035 6.755782369039717 39.78904846942027 9.308185804414059 -5.684909870090907 41.2226681679584 5.044649514874688 -7.298544864913722 -2.458584410872879 -1.105881071900943 -4.984050900597288 48.20068402494987 7.929695129362085 0.3522581526577222 40.38749513713161 9.085411482835184 6.077926921994862 40.26008352753731 2.483231341375576 -6.862484434342763 -0.4632592644490019 -4.28288658861849 -2.493242753262195 -0.7313594316351654 -4.0148654652948 -1.274701897533899 1.026093009354108 -2.415495035752791 -7.159861151161565 1.26721125894911 -8.681448677011288 -7.381920803988879 -1.757129413031151 0.5433478918171194 -7.248735446228256 -2.548636875073584 1.375623948897746 -59.28426506536646 80.79875708022601 0.6928782227690561 -78.83092888630743 87.2344780460139 1.932752369062998 -13.74619970689867 49.20162323535737 -0.3409264141959095 -4.295461139400788 -1.72816914629502 -2.201961750388786 -6.706994512137229 -0.5216530956273443 -4.370730081983542 -1.557736965426858 -1.666848542859682 -4.950337595276634 -2.03804550632729 -0.106915997790809 -3.178841189208268 -5.896995284268527 -0.064360919973422 -4.828342060427528 15.50085017980588 -6.639554718236883 7.321935607070237 -76.33309390163167 22.05016876021774 -0.9590711430740974 0 0 0 0 0 0 -90.55676718480578 64.33675827906593 -3.665489567746357 -78.71640352542479 52.99305125790975 4.660560673104723 -73.43681786775112 43.39354483647815 -2.377673144883867 -78.35487348088158 49.64856463646009 2.268631098306361 -76.59762597239278 42.95727306651554 -1.619621562777206 -70.83583872339412 16.2814425751038 -1.211633227274966 -76.19941116372793 34.14374756958905 0.6594486391279049 -64.16475732388778 15.52836950059602 -5.323899034160911 -38.04338152770143 108.592046163265 17.16216515380456 -43.51272846312692 72.25122216449493 2.078970984733423 -29.73969499613243 69.9228620933454 10.08629098960078 -52.91638461962827 81.56745025634713 6.561902344078981 -42.65377071702849 63.44068341529866 11.83530659386149 -28.21510212328169 71.13737853364565 -3.565271023675065 -74.11086714565974 91.46050677988173 5.818738522370386 -75.80757031595269 103.2019889249096 1.593138640758514 -39.20199506468525 1.541391952534273 -2.920898221404585 -50.71196926252966 7.198221708089743 3.210063778944526 -35.13855572661208 -1.537432477636757 2.403470919886071 -40.64217954585582 0.3146382302163832 -0.9790515445952223 -37.2790407827146 -3.314809539857752 -3.479969554592953 -77.1695428716101 68.22818183957345 20.47485659775825 -107.7848754125885 63.70985865146733 4.935038929716629 -59.9535577794857 9.970844012102747 -0.7670251590504361 -52.58565365146143 2.414115677434619 -5.225900235706168 -20.26341379179771 -3.657663553816927 -1.517582911735189 -46.19955385992186 70.91827949725909 0.6021612534508299 -94.50810507656729 74.70506374327452 5.922515121621466 -78.60277476662475 87.71250542674574 2.283205016527905 -82.86404887563091 19.75419728626522 -3.662230332571708 -30.98200266934358 -4.67545798989728 -1.7319202256849 -22.37504256183282 -2.783801419454298 0.6301079067597618 -37.51366459591679 -3.656831348893487 1.414889305361871 -26.95244717071772 -4.04285257063585 0.5391109291845774 -23.36911934215652 -3.891324892311397 -0.2268999066392011 -21.99234890294115 -4.40811370537944 -1.400532857929564 -14.65959616365967 -2.918487417340245 1.278459889257319 -26.06272740271802 65.24609527203924 4.003383708402709 -7.310255071379564 -2.470333161507171 -1.112854704169468 -109.4578270518756 72.28180127993976 14.57361800956338 -31.72175553014516 61.55882265130454 3.929352685734377 14.68091085605525 46.27123092194417 4.765366767712823 10.19003308264405 58.33839897673626 3.830617800804377 -5.235140301259213 46.11290719781424 8.837639371650447 38.57739136234602 57.80391325972111 -13.13557926186852 -24.5987532044955 60.72795768310189 2.598186263209338 -24.43700461785502 58.72582758167151 2.767024255375552 -13.85206080250557 61.55030620924695 5.360204487778349 -13.14119770865629 -3.113909263388882 -2.006578973129971 -7.274913963533582 -2.923286079323957 1.482876950383893 -7.335119984951819 -2.539209005588215 1.092754013535228 -3.936659115586286 1.587657589478341 1.42513853236986 -7.89510615201427 -0.09370764159902775 -1.120151131412909 -13.99090596703926 -1.854011195114463 1.573482185123357 9.921085297672432 32.77180156038504 10.6707058592852 -13.72775333182584 48.53759744113233 -0.05164119775521613 -13.88078567467333 54.37455584792056 1.677750953324155 10.26507396445985 29.93980370923187 2.399981096517078 5.49410563504122 41.84895584553407 4.125924953980535 -6.095274815088003 3.292367560662802 -8.038411225594032 -6.419586470033528 3.195069578961417 -7.941168933683774 -7.421008328039365 0.903957220358197 -8.561772756128358 -6.336528428710115 1.283560560456991 -9.058786649149472 -7.192386306833931 -2.370725169047541 1.466464151124824 -31.74209227769618 84.15373907562807 5.074507592841722 -56.11519575554234 88.50667135734795 4.434947165922396 -4.900615272639965 -0.7014083463492954 -1.244082053634105 -5.933927805180863 3.245323460339853 -8.140696247404939 -3.090643177712729 -0.133899849135981 -9.03162415744273 -1.296122869461881 -1.208664753213407 -2.436916406585787 -4.216133885984295 -1.013353213586102 -3.878526548430204 4.308629708376371 -20.93740850138113 -0.3338552162372193 18.22230040632144 -12.2089560805843 10.01527150001868 -76.22225417996317 21.95887061837419 -0.8584882090195725 -91.34036555598671 66.16021090933052 3.7705477020165 -14.45917275812696 65.59904298157232 4.190314412710636 -3.94384268386797 1.573999111798202 1.41196656282834 15.19663335459877 19.68035168627884 4.081570068460055 -0.9389246400059947 -1.739113638730614 -2.636155403184184 23.28767233670187 0.3582352265660892 3.720269205501065 -0.6007855999193978 -0.8388303473943945 -2.298022116186146 16.506929586618 10.05035574314821 8.879519216666091 0 0 0 0 0 0 -94.46604176532631 49.26715205117401 0.9482618478908269 -78.7640399258492 52.99241425193824 4.059391858764678 -82.73721991043443 27.19853694113154 -7.54983566213412 -73.16491238780367 24.1597919551463 -1.737649664271296 -73.13321048302092 23.71125762388307 2.574724467924117 -65.18445523638745 12.82022595722477 -3.967818328876286 -35.8851346502948 108.8877429475515 16.2035663254722 -49.55280657135361 80.08168675074555 30.33855503283482 -28.95028862116669 66.40462452946664 6.131813470149524 -28.40585556400258 60.99041793037824 5.613373053713154 -79.78800109407931 94.09250536574898 5.646226637100648 -40.71168325082438 -2.321668008717762 0.02825423061405716 -52.49633866966693 2.172364406244395 1.342480412972633 -55.84169639559492 14.08384043726214 -2.268848756824443 -39.49510879175089 -12.37072302878079 -3.303177095159337 -35.18376182516945 -10.13674508641045 -5.622067873954858 -94.84151153248908 90.51981386711005 16.03921540902735 -102.9441203224775 67.97366087239762 8.041850179626456 -60.15230528499667 8.518213412426253 0.02810510209722546 -54.17466771330266 6.015998282377229 -5.064686644878093 -20.91501452651409 -4.991032516078073 -0.6725987386957941 -119.5345833908099 123.2093259042595 20.32958335245879 -103.1910326672267 68.53795626358234 16.37128866807128 -121.9266118219129 147.7918608520771 24.21545430529239 -82.58296359467332 17.77894349409878 -2.636897944252999 -34.3305044707753 -0.3760208939131364 -1.16230792171745 -21.87048944709487 -4.351444745697011 0.2722674854451516 -38.25826729644928 -0.9622022612530855 1.061558278499411 -25.43658914148109 -5.086990216303357 0.7130495512655106 -23.15718342019947 -2.633392927929118 0.5241711852771385 -27.03993116562087 -2.683812799194151 -0.05402773269904464 -20.95214882823224 -2.707427176278755 -0.8300831409720951 -14.3928423497406 -2.493765957983528 1.117805192460903 -31.55764821184502 88.03578603786208 11.6574439465615 -121.489615028462 65.55460012148225 9.232707315350924 -32.71198865838505 63.74524124378988 3.405696417451518 14.83252482075821 46.50686385948957 4.63898559113534 19.90558002281744 32.24998207115509 20.61850195586231 4.036072651207506 74.83908589960645 13.60788373312724 37.71255077688654 57.66413681747941 19.13086455696079 -2.034834416559442 75.73572901986164 15.19633553584397 -24.43146561766848 58.74590866838977 3.378092438462096 -21.51027364374113 62.44065362607831 0.4737713421190501 -12.88035823066724 -2.413726372763151 -1.756205197530224 -13.19902246989164 -3.268421992875635 -1.111020191756835 -6.333656640988358 2.081151485653927 -0.7769874398644854 -13.33139323562513 -0.168915395318577 1.349557203925382 -7.917847875181341 -0.01984455638717429 -1.17131394211877 -14.18542057530346 -1.518319645612731 1.677172430231569 6.001826759636931 23.35761329589818 14.97102136528002 19.3400920940731 71.84653044262784 5.533299354874582 10.38960833882082 30.36046112250039 2.195480903683398 52.91966886800981 55.34488343379927 16.24573355901345 -5.476277563210417 2.257927667092506 -11.06844242482494 -6.289208512554154 3.064728282119778 -8.375140398836374 -7.302726188493774 0.8988249921505518 -8.819569048775211 -7.4212511682937 -1.086906768137443 -8.562015823390604 -4.638629819484428 -0.8097585981239867 -9.837388824553583 -7.922415980641073 -0.001641934306661649 0.9152352284019915 -47.53551332827409 100.7282830902864 10.74755609701916 -52.72917934879023 96.7357109085425 -0.4049611549526171 -60.05188540063724 98.87619191815381 8.611463766747031 -5.444034162355606 0.2207113646444597 -1.244072801170816 -5.078446470516562 3.189555559335807 -8.084823759480795 -3.867758594093359 -1.30215773129929 -11.10064824248273 -8.205285130387768 -2.511657880956116 -6.132650682248286 8.055572995919899 -16.15107400771293 -3.146531456365539 14.11658954872594 -22.29880856914812 7.652122980329255 11.76548208698708 1.001634554440549 16.7745862274645 -103.5678258050002 45.01642208009611 8.036901949808275 -93.17640478306708 61.5891340801462 -0.2799320681843713 -11.43266380552474 67.13986217768685 5.750631336110708 -5.062401304279925 3.083388489147792 0.9378482153997302 15.34614118475604 19.96504735933357 8.050522147978571 12.99885562266819 14.49359537487907 6.49561048539968 -7.039808802844809 -1.61782421574142 -8.736996596536663 23.25509654085952 0.1891427272363608 10.56609649417319 17.47686843102279 11.90288503385143 9.818181205038584 -2.591548875698009 1.151941374521299 -4.288775434383844 -95.33648508298457 45.8980737879988 -1.297966893893319 -14.71516493696335 -0.630109856606776 -22.44998242635041 -4.425964596558522 -0.8097507594733261 -9.817216828565543 -4.808661329498285 -0.5132057151479891 -9.703172700243263 -3.246005739263165 -0.6489893172244298 -7.995295825675532 -1.615283417181355 2.128184576717969 -5.264999987037464 -3.735466687745953 2.29586213888713 -3.144843512306246 28.11939591351143 13.21892504362212 4.111947110134596 13.41257586785382 -29.89279830509658 10.78495710323051 23.81648791210366 -7.409617824732223 6.751589280067218 16.83272536360451 -22.55354811266358 14.74233946777514 -7.046172604611467 -1.132278095567736 -11.79529115249557 -4.844816577112758 0.9498681595240187 -9.713402362103459 -11.00238132043728 -0.1083935272562837 -3.630446543402662 -7.32102374831029 -3.789828055064488 -13.43213145461579 -4.094447496897872 -46.80968191793324 8.10127886039991 0 0 0 0 0 0 -109.7334876539369 45.52273712537046 5.260487242040084 -99.35978142776021 47.97021063664183 7.960275951623212 -78.68770344302432 27.80420133745802 -4.854908913546942 -66.08892940209095 29.68118970327168 -7.72260739483367 -77.36038118671983 28.00948110440905 -0.02966903411926248 -34.25540689539644 106.7096922762026 16.19690893221492 -59.14825285680014 101.8771022551269 27.63567695396472 -31.53440826314706 88.0574152036999 11.64545038996132 -31.76821902776794 101.5655388628504 3.548332349290778 -54.80535628761039 151.1348182213168 46.40469572237396 -46.45555631519804 4.961456659691849 -2.522638606632208 -54.2746967435164 6.21502473525964 -0.5666433783716495 -58.39854709485561 7.660335550156637 -4.954753312273526 -47.10360426107348 -7.687819446839491 -5.276159113506314 -36.83997993409909 -3.252488487563549 -10.17483376849227 -96.83635134340413 85.43964962060889 14.14643511823732 -114.9867787151804 113.4545723117651 10.54989097043737 -63.44606316657835 -15.43909960337338 -12.19446859591099 -83.15569636410092 17.36116815485559 -2.356077353273955 -61.96633117467761 -14.73606151081147 -12.6740971281833 -21.66337409492664 -3.978606653319099 0.008580838412860834 -132.3720772608726 124.5388934922922 24.76443063848556 -118.095427968525 124.8361739904783 18.44344584008461 -79.91347630447216 -1.22230749268904 -10.25561689047865 -34.32969289799153 -0.3700394911067102 -1.16009333290894 -49.47874347241238 -2.636335675121663 -3.718440405380055 -37.56608560063375 -2.970049713217492 -0.6760915368578684 -25.43662614365363 -1.081560591817876 -1.085263830567313 -23.01286883126826 -2.810195162425489 0.443143889518511 -27.16647313910274 -2.810050344376148 -0.1441964974709241 -34.05383680550931 -0.7688725959863747 -6.540212915873714 -20.76862081968333 -2.387060344906069 -0.9568338837261684 -119.6027441859949 53.78454470894055 8.339403106948055 -23.42253822727651 78.6978087040212 7.974644547055503 28.8216760187391 26.4143347246562 7.052374514024957 31.44181857039618 48.4822814530559 12.83447048274019 -7.03216705184495 80.41998381757389 15.29962546421135 42.25620654505568 64.38925482644409 25.83385320807961 19.57917006423135 67.05778334744441 7.920767546824364 -3.874910652771689 85.6144284680784 10.5010458477333 -15.15924802477351 70.73536335715126 2.756888600576922 -20.72092375350161 -2.431645154593633 0.4579047503579456 -14.92290817240898 -1.015157617149743 -2.091865948955199 -6.526612956519243 1.791212764521536 0.1802707117726288 -6.347007739557332 2.900878612917476 -0.4357642090861525 -13.8805660523177 0.6826396231206262 0.8865520652190551 -7.902002549203642 -0.06787326143252807 0.8669170145501913 -21.884392078444 -0.6717547018684222 -0.4674208009448612 -3.523732242066287 83.71772819378955 9.930021478934059 12.2951265272637 36.7937036554244 4.138002648785302 61.19550201299732 81.46193525264994 24.23114221522729 -7.233409753956731 1.519145359902787 -11.03354384616619 -7.591152280704842 0.1232231143562729 -8.190405865193263 -7.145612981246066 -1.074949000124366 -9.163079396201704 -5.322290184963377 -1.651949257862043 -9.524244592684258 -14.73161850806302 -0.6125376918281469 -2.045634491573514 -26.02318608738482 78.13069456032292 26.67078565022407 -58.66310742714538 104.0134886100609 6.499166649287294 -5.054564736094061 1.01140505304631 -1.244080575373975 -4.29179587698557 -0.6443616645002156 -9.730304712971719 -9.237687794286646 2.543660174358898 -11.18785446056818 10.26144250334833 -29.97547744112275 3.653283976684895 16.18428614887334 -20.9293939823176 7.505175567595832 14.25642811121774 -22.07870350046318 17.27885360320604 30.31408319949889 0.418261103695162 10.81846728080972 -119.4734100431939 5.694332845253983 -8.043775659477335 -109.4677634607235 44.36537163419288 4.222218875095861 -96.43403510457841 53.46159091815933 4.609475441774798 -5.100711401822306 2.974690838059055 0.9672442864778347 18.56611058264448 27.45138120907902 11.43289914567341 14.50002547397352 17.98526559858304 8.00481719189543 -6.574389980685051 -2.83099893172772 -8.271571563424581 21.69408162311079 -3.630284902427921 8.611954499064757 22.82642841082827 1.069553561948553 10.11422558806987 -21.79600218674137 -4.347597510999745 -13.71920426136017 -22.03787688403805 0.001625966565840283 -22.44884887411819 -2.702577783990034 -2.932852421928196 -8.702138049227093 -3.464298763327222 -1.639756017811566 -7.70772407815461 -4.904475559627148 1.009540881719106 -9.653692024536758 -3.420186629698305 0.3232136189377589 -10.07046003917294 -7.859488784645634 0.7468471076935312 -4.693767893428881 6.277103046050349 -36.78951556697616 14.89941276903669 13.43126834707541 -29.92798759988886 10.76767995094756 -2.008585499879801 3.905118067209892 -25.20666452995997 -5.435088278395209 -0.6216386812792203 -9.123200339549994 -17.73324844235427 6.622807768032615 -10.36153538741696 -11.18741880337451 0.07663142965241231 -13.50886849241301 -3.9641678891704 -47.91160050551362 7.586980698886185 -3.006567666440692 -47.41342272630431 7.029733440551177 -102.9901164830621 52.51603541355501 5.476386278081294 -13.00083561427788 104.2818549190601 23.95773993730946 -163.0096984595554 75.06799582989122 -4.817229968681714 -25.43665115918387 -1.081561655473549 -18.06523069201883 -27.1663770967428 -2.81004040992992 -0.928730263426359 29.99744327842733 48.30920448269144 13.3002655941502 -4.741110000459664 1.647666774906049 -1.831954019842852 -4.60777093513017 4.373544544342813 1.539000428364872 -14.54244160129157 3.747333504746074 -22.44831810546164 -3.809177797001914 0.5400804575257664 -9.492991548492059 -5.958132281559024 1.460980912956536 -5.767277574684719 -12.14141389731837 1.828557556019051 -25.40750241228941 -6.481237958571187 1.756596200789527 -5.471811559188536 -7.560244128958247 0.1075417266695863 -12.42518734117019 -2.405509460047497 5.262343738661032 -9.313122108467676 -1.126840463995839 4.782128985068743 -9.79348478736175 -5.109996688162432 -1.104140500780912 -9.057791583022686 -6.390830269155088 -3.006117508165997 -7.777089220160745 0 0 0 0 0 0 -109.2630876755338 45.71558048050089 0.4868114823746289 -80.86902266632143 19.07747477507329 -3.75828503843295 -35.92709552977968 103.2250804498504 17.90882225260468 -36.93338475043655 182.9674206248917 72.88816324199691 -31.9507620338152 101.7466864532842 4.958890270632399 -8.42912950635135 81.92311385614431 15.5360085502152 -77.51421328326715 180.5979145708065 33.46009257272657 -55.35720784631461 3.648412763498838 1.419873736601107 -60.28959021109197 2.920338911680812 -1.21381259672717 -83.47087621127119 17.39944205378632 -4.716034684791649 -47.10076102694671 22.04110841502888 -26.17701121479854 -56.96806789874873 -1.42169831559602 -7.972738592117504 -31.4437798779337 1.175214377541764 -7.400294807223715 -118.9128967121133 113.2884835427589 40.22701101347643 -56.964940094301 91.33705938091511 34.39444057943205 -129.8675693042618 95.62738067028663 28.87385627740185 -114.9180849175491 112.5596277466282 26.71271449563159 -83.19738337921687 -3.348467066948043 -12.12265554285845 -79.98029506269256 -1.260990881553044 -10.22549982938156 -24.18607628576232 -0.5667269049308191 -1.986789179981999 -187.8562932705968 194.4929059399798 -6.467751549076124 -35.10542555982153 -2.343397792835168 0.2044813169251753 -34.20390522653364 -0.4169036931692944 -1.2719268917174 -50.03520415858388 -1.924945303443265 -3.190841415159516 -21.82110070080581 -0.5528961365923518 -0.3867407753536894 -32.57947518449177 11.60558500989449 -7.285778219272369 -111.4459289918714 58.72727632957022 5.196469522940883 25.40233306484238 18.93483233064801 3.906459507152447 36.91172013908291 56.44719455562085 17.04422922466418 -5.951500870459022 83.67155259622353 14.09382538640505 -7.703284424479612 80.7816677195686 14.6619389763082 18.70168306927656 84.37190439219303 14.60611349173717 55.16673289269467 82.92325628497925 27.95130922473181 -7.931409028634316 80.90812486624839 13.43722982369652 -7.661197970066552 80.78774719602563 13.18117570709384 -21.08073003268313 -1.817884798546856 0.159928619052514 -6.465282366685529 2.338767778660687 0.02502476429131942 -6.414298937723113 1.933266133045329 0.4093320263727742 -14.5877610072873 1.730181692387811 1.527283840148574 -6.441405593513974 2.281164161957022 -0.1236357550823051 -14.57259608679731 1.75580286895289 1.533354137187251 -19.97405976067141 1.487579064025158 -0.8636908331962133 -15.83428614105085 0.9731393096073172 -1.109922742079217 -21.899550698326 -0.645638186642928 -0.4812875778225479 82.86246678528953 44.02538982509004 18.99824418203015 -7.047245949113944 1.363536517051894 -8.323906033899256 -7.64883551341835 0.1232208781515775 -8.802602720232365 -6.747744637841003 -1.925154213454624 -8.989303362342389 -5.232192073001928 -2.092711465670184 -9.317899159115717 -14.40434929404883 103.7361636233817 17.28798897841135 -52.97798991762347 97.02693092756175 11.17568509326642 -44.71109528441374 155.046829372868 28.5002257178029 -4.61732187811864 -0.6378800034505175 -9.940860378953998 -13.01574095381467 -3.119904487957953 -29.68749632937645 -5.10840658892256 0.8055587268836214 -9.44963514266931 -2.542587818543705 -46.11502317697244 -5.736901392674902 22.16498839585667 -24.44466994923586 4.384885127569479 27.29796303662183 -13.42296797730787 17.68539604736073 -1.892689112505302 -32.74530446936749 20.69733646222224 22.16321703405139 11.84860040947846 8.268959775908517 -148.0652735851973 36.67544663794694 -21.20022923298804 14.46676510915284 17.77378047827184 16.10738461088157 -6.049777958561602 -2.306449133458337 -10.01802422722149 -7.161389604897455 -2.654657746267837 -8.095157213343647 21.1780107227629 -2.712608208187187 8.061594966764886 -23.25475467323094 -0.6940964578078158 -20.83334800923614 -1.444133237334216 3.228505032605922 -11.34693236043689 -4.380056473307668 -2.966131209898019 -9.787737458070184 -1.60660709693249 -34.58128787265991 20.34407532536548 -3.52463201940283 4.750597754048744 -27.45716936511564 -5.274869510190646 0.6386276475651981 -25.27069808030807 -5.184316836031642 -0.99373177798152 -8.983313551194772 -12.19403766167433 1.083604557668879 -15.90072702516606 -2.994102687563291 -47.27881258296776 7.073020079521885 34.04338166225931 -67.89990450183785 19.04924962184677 -111.7277090837915 30.40292847613486 -2.139914885477512 -13.55093772887351 106.6229449012088 22.29474883039976 -160.3838899500578 62.63528813016816 2.974133011673047 -32.13659453452602 1.435530873035276 -15.54711392160915 -27.50563584025202 -1.905014355546991 -0.5888118814912443 33.82536127151241 56.78415247259313 18.61647732015983 -5.624752534897305 3.000505320111715 -0.9410470527122456 -6.073010249828063 5.793055662335388 0.6717519845753156 -32.57484549539218 -4.062870592387235 -44.68027592973942 -2.766794638268193 1.414274340167746 -11.03988043156125 -8.938770305329342 0.3678153088687683 -6.859310691083029 -8.473698861481855 2.539778122045496 -11.51153068016766 -6.538892470341184 1.128837950590043 -13.44639451396685 -4.351625325481441 -32.37853007563967 0.5480174563805185 27.34636322833748 -13.58307948674679 3.011693240283373 -24.44907179280247 -0.9763970648440145 -26.65956667058245 -13.17492714299682 -3.341072707170974 -41.78641560941736 -168.7776884010177 52.84918856475119 9.179690705571861 -22.88228852667702 6.660492639966269 -19.02287494290876 27.31527255560089 42.37639372331934 25.04329274261626 -5.681337974270957 2.83985851890371 -1.034381453167804 -6.255695806367923 5.970041121249444 0.7847585383384471 -4.904940877476277 -0.5049810556951649 -11.81227363591879 -3.331327007873286 -40.13352133813213 3.842612285965108 51.52977892633613 14.13504298780273 17.96660290115111 -5.157857540602863 4.326366756614295 -1.72102335904612 2.077773780025754 85.51418686886232 69.01033171544982 38.6187698724812 -13.82793315141784 69.50631054326706 33.35727089166092 -26.25966783695831 13.27728636605798 -10.93312231730414 11.3028356440905 -45.10605021167543 0 0 0 0 0 0 -107.3886541163827 31.05202207488342 1.136132304587111 -83.44828109889174 12.50775655145777 -2.726268722217616 3.774308045583609 185.3244565618037 55.82450652706865 -44.36482510902492 155.4166659790672 77.20294622413707 -7.280096063817106 80.87109207557624 13.10658784658468 -7.246153521803055 80.8831222592862 14.89720715423645 -98.80500881036909 124.5657879641756 36.11327648563262 -57.21814387803754 -1.201747989917797 0.6221522044344412 -69.4141694655918 14.56024451005546 -6.633184762808514 -82.0494921389167 12.71499931345867 -1.917815521615875 -47.10134608189291 -12.53492516893811 -16.04010291067885 -32.13523363254426 1.435470082001311 -7.189168167193825 -105.8126915626894 96.77969706443044 49.47087561743031 -118.9522953721535 113.2624982272935 40.18397761403697 -119.1593162291877 82.14687849846689 43.01936354715988 -168.3103806013614 52.8504287497184 18.32253368197802 -194.5614992891438 140.4752232304354 38.84178640778164 -83.19024683768768 11.17670665709391 -16.38008561550443 -83.52161473002796 10.84389527088455 -16.54941800408216 -24.9564136766546 -2.323131681438642 -2.301633059946113 -3.815034570191914 178.1975969672713 58.88941965736246 -34.55520809112613 -3.065739861480502 -0.1390574394101192 -54.04269460341261 3.196077516174384 -6.149730417698033 -21.82134799980762 -0.5519294788274214 -0.3872387778914971 -27.50415797163234 -1.90491199976244 -8.561861046616636 -34.37417202230134 -1.952352785573612 -1.542609194204006 -110.9102480424008 50.92052672521306 10.0956920808594 51.65125608236168 20.64177700151955 16.56679355502404 38.65329631398487 59.88712424199078 44.97739929459217 48.40333697411682 96.22450858507831 42.01112052818558 113.0159943360523 150.6159943430393 39.55509843555422 130.6365203122433 64.60564233920786 57.67202437014448 59.32919822620129 123.6066644105942 29.47789379951329 -21.84099650507781 -0.4849823681819399 0.878952467151298 -6.529884222131075 2.405427810078771 -0.1954992788690559 -6.332203127320875 2.904078297622458 0.05955478135988287 -15.49852677183647 3.194898977867834 0.9827114018143628 -8.460993229928301 5.2022671156803 -1.175064788339392 -19.79481514963489 1.171863085173403 -1.063816347658113 -20.09516303669691 1.46587110234951 0.7709795924480756 -16.38852851369548 1.770497733630136 -1.521375923100126 -22.84669930328175 0.9535044732835881 0.5551669117282075 83.36444569615249 45.43466008793244 18.28812344179931 -7.269925463666116 0.8446260402586747 -8.217402860541192 -8.243557623784669 1.255736662939736 -9.721801669679397 -7.143549477643547 -2.258110163008356 -14.76490726562049 -9.500170009479598 -2.371039507072663 -9.595829653251688 -37.43105903788002 129.1179411019561 29.19455935019127 -35.34608103034661 141.5569154966052 35.90597216067724 -4.380183902605309 -1.009699560431337 -9.787342976391715 -10.83659047270847 -4.922953498537348 -30.83506168990037 20.6637745740191 -46.37017337248206 20.49293949663978 35.89756998918953 -20.24199520478041 11.19172487029098 41.71230768384908 -24.72317965104507 22.35424746094331 47.47048965673587 13.81935813482905 20.19498954622035 -147.8472232351454 13.4370693486549 -8.0323018083674 96.39875979418416 23.63674485612384 34.87670568337256 -6.769663281471606 -2.003557464287064 -10.00358584778583 115.7062698492387 -8.685189035733648 23.89515176362494 -24.16459872342896 -2.123051004447841 -19.1065775601445 -21.25870042471126 -5.114963245764239 -19.68970744681674 -5.999459359570391 2.588925514307039 -13.98559306731328 -1.920359787471127 -33.31694722621636 2.743285677960604 16.62684318194901 -66.873783365921 5.262163382918673 -9.430875181060118 -0.2006278870903086 -28.47209092637226 -13.1134273579214 -1.619076500809532 -14.98088993072618 -2.738086444606699 -43.75212577561312 5.33938555379543 -12.15722697019036 -53.27552303701004 1.193840945223014 37.69612785719201 -65.55220974861717 21.38183037392474 33.95634656527093 -62.75041498215649 23.83785412181718 -128.4452204831742 51.50748971412339 10.00195516527043 -27.94558327078241 168.0547249556578 44.67825309297943 -168.8479974278074 103.4631479801881 21.8906941917801 -35.11217444238657 -13.06767085932594 -30.05018474573388 -25.76895105411163 0.6738035234607876 0.3797773476692169 70.37758579056066 57.03268279910702 33.77662955134724 -8.474174812776596 5.169148008609532 -1.189732130006855 -35.22300644312514 -6.085232611976859 -31.766702321733 -27.31470280372999 -5.078210861283507 -44.78168400411508 -5.250049951397354 -0.6695908966572595 -14.72732858368933 -2.819822212856398 -2.590029914067005 -17.16471711193524 -1.78519128760639 6.20320895314463 -58.68658046993851 -177.5092435974724 98.37876971582264 29.53825905748752 -47.10629411466774 -7.018353071651982 -32.69928759285997 20.84212168424794 41.59317577069558 22.82494974133878 -6.178823304626104 6.315441430508915 0.9315099369153973 -8.560084465956081 5.353262353695914 -1.022135084554385 -1.619917465933465 -3.789845150537522 -20.55777534136977 -2.396502277841922 -39.41696889390882 4.339189891818313 64.70849539966663 42.70744675101461 35.79142822759668 -6.123419852414502 5.425170594776636 -0.9876533822488174 -3.358722598658998 73.81514969752132 73.24592604774564 37.86189111013107 -13.93729526962655 69.73446904734759 78.42288766799516 -57.91388849666938 31.58902408711393 107.7486095257111 -82.23320827918434 54.99941622297327 -34.48842807991188 -12.25681395894896 -107.8179179343361 -49.77879436028788 105.0533046641927 51.65329377557987 -38.33403706247733 1.915145141393963 -2.997502925337846 -18.003958208603 2.273358624876636 -14.98012909907463 42.571563197703 -18.19923076489491 6.576145530021098 -148.0114781273956 35.41150548219722 1.919298402558801 -1.377735708699632 16.1844329095928 -18.60677098714677 -9.293206937981592 -1.385681763146075 -28.71587804583564 -33.44729572387098 -14.72901628495733 -40.40897794715955 -221.5889124802681 72.35756502633484 16.38056098030877 -5.968120062211433 5.939133560530944 -0.7356678505034471 -22.88429536334289 71.12597645316198 66.89844862677957 11.10985208758018 20.63622764399052 59.30752997800237 -5.761932387617837 6.621140811092534 -1.007615343665355 -83.20640065245169 -9.603088897982882 -59.09102615480449 0 0 0 0 0 0 -99.11346852275727 32.28171374598791 -0.7494868449829249 -111.8860475769116 50.97515857331017 19.33180666866656 7.904448409521616 180.1037459228631 54.32203452680318 -205.7143568399065 390.7724929974139 133.8036130968165 18.84359369165836 144.2223456466858 68.8027696067449 17.73753048600306 144.4439524709598 -6.022374865592427 -75.94842881150409 184.5245276682468 79.02125113801375 -60.26467340558949 2.267793592796052 -1.170138207291866 -75.16767326105958 0.04535066039176508 -9.12169595664626 -81.9276605275991 12.04459958381907 -2.192862134165987 -47.10527365468202 -7.018201033615235 -12.26656237606728 -58.1528932176659 0.006270298006082051 -17.69282492492559 -32.84277379580811 -2.010887541662137 -6.888950210324739 -111.4170834971098 82.60548276894023 41.98273631329201 -121.6496852199089 111.8832794195087 84.04469817301847 -131.3679092367248 51.26258327133549 47.32127995877753 -166.6027160717505 46.06459604152239 22.61277884300771 -165.7598830829333 371.416231802595 146.6601418140995 -83.19184448626001 -9.601408929172129 -26.70850574814533 -117.1364258269547 -22.34910718726239 -0.3444057239984963 -140.2876417984559 20.2198397980222 -13.06202631070937 -26.5117401847382 -0.1433494132607189 -1.289632728786318 -34.4330867633971 -1.928781441980412 0.1577718828871094 -55.60833468528783 -0.6862554375482405 -4.661449695566414 -31.80458086086044 0.3240749058885798 -2.186124787768583 -27.98782944824645 -2.623480980068547 -7.860624374514908 56.22096835392832 20.01545473447902 54.62507410367292 122.2480053710884 58.1979014698809 61.71108047957183 49.69389918889853 32.95800187134709 44.28506748256483 47.56029505085198 177.7825846256088 50.451616424263 -8.336807421018303 5.3339513054142 1.055735737912862 -16.52227486249281 1.515459786247376 -1.451871194213102 -21.21152508206478 3.032406108122365 -1.886383291237027 -15.6535134658035 2.871428820403751 1.163640225597274 -22.92531380833065 0.8217578366871847 0.5561880548516573 -20.89700600918048 3.417800367610129 -1.750524921831393 -19.95033815418557 1.154317385196169 0.9710523141667612 -25.5807483548355 0.9534530520033434 -0.1287480413839255 -11.16050208437543 0.9640256388758247 -14.22855375195826 -8.239216707132458 1.245827212736996 -9.723712880177985 -11.07021493102623 1.168890291606819 -14.08912386153062 -12.18111687652544 1.624153977826929 -22.66361556165198 -28.71030111605678 131.8070117632754 31.19981084674005 -12.58921285198038 -1.432636673746514 -31.07796279996439 15.42233353360886 -46.31118723605024 24.21262961344832 16.64546494389493 -66.8395954634463 3.497409145318831 81.22779634644884 -55.75768209967724 28.37429977201273 107.0279133091561 -75.80674643517989 57.89811080228924 67.86001973625743 41.3170154171444 32.57721717101651 -15.13831696307189 0.6113765425261617 -20.32130665945095 101.280515683841 -24.6754248659528 30.33414370734809 -24.18399590506387 -1.838952277950285 -19.24891880753673 -9.879606522309118 2.788811738981187 -24.04886773311286 -22.47331428279194 -11.13762098518907 -55.12989239324829 -2.824861755864276 -43.92243659934667 2.307295539891554 -12.10216576878245 -51.15443394422547 0.05058150190411112 36.66226106992271 -81.2815449933709 16.76671202612489 34.04262220358488 -62.72814646353113 23.86153957962443 -128.5927296872632 51.71007408712192 9.893848551582666 -410.6619475447098 223.1183009005653 74.94194051910306 -32.8429817449183 -2.010900273908113 -31.3361147295268 -25.58051746036718 0.9534444460379334 0.1913745809845164 44.69437406729006 9.835071709615635 53.01097872162014 69.93290753993224 62.2664499591684 75.14780520960393 -8.468458383208622 4.994325777491887 1.021436200001746 -59.23530177034282 1.790519798919591 -47.70821292909991 -25.92701449162044 -3.692749994354731 -53.18968930744182 -7.208373481694294 2.276703824163355 -9.51319773350091 -6.273355585756568 0.8637052824464145 -20.64979955899284 -167.190290466233 55.68049840119193 50.33584591591995 29.95395115598744 61.21516737215938 35.08360693365825 -7.306608612021755 7.071987009517339 0.3290696446725171 -15.33263140450948 3.540767679421559 1.431546946029008 -8.949912371950635 6.24656250544785 -1.062135271799603 -3.920150028014879 -5.072095525165232 -23.97136874963642 -13.46647251529389 -47.91311897195354 10.50212859779344 -8.378912056127694 5.219584406857848 1.110297141878633 21.08215441688429 -52.00335793955385 56.68693941957066 45.10383220114292 -81.61021891210683 32.26978075893934 133.2422376358776 -68.93789970157701 60.08348013662241 -57.52018609564102 -35.28983745824554 -84.77805945674011 -41.99911717221245 95.2319975426349 45.98271945767564 -39.80682408611277 -1.473674018363851 -4.950272343601989 -18.73885285790164 3.306917875468749 -14.99437402149104 -17.68818345389302 1.073947822162449 -16.74782188227264 23.60367434718487 -58.84647231845599 17.68359269377797 -141.3645818623073 42.46623810612086 -2.023316535004066 -9.415840695352529 -1.213077242092374 -28.8550137781239 -58.77740243611912 -0.4242798357469449 -49.92010565728145 -225.1413128908249 45.42347313517155 24.3472775280945 -24.30155109092081 67.6356483353822 64.75806209537055 23.39130338395112 22.56308644825732 66.02620401327316 -6.864988507519703 7.302049495593946 -0.4633862177858975 -57.73307554705352 -0.03509489681184274 -17.75537316775325 -85.24446315363183 148.7136828084755 32.76143487165081 -31.4561891106328 -7.769083615155699 -8.54404580845285 -25.69155471910211 1.459468219595984 0.5321329374433941 -11.64680686137608 2.819229806731741 -25.58308847401551 -11.96322528823165 -45.85615144343974 2.303381134505948 128.2425595605609 -135.446495118091 77.21557935309508 -205.1172835549362 19.29231884641473 44.10305382008092 -34.13978595484404 43.56166277811062 80.49422123613348 -118.6942721849081 64.13570249743719 87.77590397672758 107.3416510441982 -370.7792234994863 138.9600552443413 0 0 0 0 0 0 0 0 0 -106.0286074402593 14.78983095052184 -12.91109402148442 -140.3456072988261 22.07909438642594 5.203214957880862 66.4363425854109 365.9235697082554 21.60344487704714 -204.0023561731416 390.5657890117167 134.4516967507855 -31.20116852083343 139.6465026746838 265.2075092465591 20.32741064917243 147.9479279166454 68.23683759659936 -58.09419905170898 -0.177194260932798 -2.722897373805939 -83.46460693579198 10.55316042912095 -2.054537253663548 -58.42131030621176 -0.6258961624546767 -18.37073827859432 -32.71779493017932 -2.164248821446566 -6.80699306285523 -120.6049353096828 114.6073570299608 59.79833993891214 -191.320029698135 378.9408936365112 129.8556176214002 -139.1811123411755 61.15010666912535 47.40169022238225 -168.2401884917429 54.62973702098977 25.90006341240679 -88.67924070338404 -4.103653467549244 -24.08754698208329 -91.31127143546347 3.443206730968042 -23.92169057904161 -26.82771385486244 0.3000446359443389 -1.622253474611711 -31.7891572476024 0.4445483543347331 0.1858173771878265 -57.39579771111863 1.564089067717816 -3.392719487632667 68.73813301830437 39.39823296544458 49.25398849478743 285.2282789742182 182.7473248112655 108.2049714868805 271.9144765855107 115.2904517493552 98.18886497282267 21.84131004605647 145.0651088864117 66.33456986202039 -16.91585437429405 2.355362647399647 -1.082648135491028 -20.8709898273392 1.060916788038121 -0.1086628263943031 -22.95948356794582 0.8875460058070034 0.5372044561211656 -20.04338181409821 1.373538238493656 0.7280490335686723 -27.00456135480161 -0.06599166340595543 -1.536613089500361 -20.0745168780424 1.377483703345814 1.083163904196354 -32.34771814234179 11.00410285724893 -3.387439129800612 -11.16018992343722 0.9501135784709973 -14.22815238672309 -10.37135074286647 -0.8866544956545356 -14.7877037896749 -11.79030449523736 -0.7334611665519751 -20.75968761425084 -12.10582655236625 -4.466363095186627 -29.82549734029 4.946388292197313 -69.96206565286712 8.651366785138753 82.78610544274198 -56.66140075192863 67.25423128743518 -14.77700063712901 -0.08794378314424431 -19.87579519972064 75.36203724564054 -9.656633284444631 43.82175580693896 -27.5433501983873 6.305547376427993 -20.54508078082128 -23.51825856750196 -8.205644141331714 -55.7279249109729 -13.73613506237872 -52.12953313948375 8.472876827899842 -18.38473072130989 -55.91636974793707 2.547751425041813 -6.215683624623766 -103.2768740887984 28.16367163079799 41.87692203950794 -60.64680091653189 21.15162578245501 -147.8840366031909 2.964121542925078 2.138893995948985 -389.5804074515891 117.4909820308386 128.7141428268429 -33.56667952646738 -1.117225565666974 -31.97150401245071 -25.77313294620678 1.24052390724016 0.3847068894737221 59.72407154005533 42.1043578180298 73.22855995963994 184.4206809002168 304.8639374471564 207.6981357727298 -9.001119765864324 6.205273447016731 1.098676030683717 -57.344234398948 -7.414026326634822 -44.42064824982018 -24.48932810444462 -8.066448357293243 -51.75087350844633 -10.38901083106414 -0.9040380215210879 -1.044570765920882 -11.54121737056432 1.321390604616631 -25.27668014738465 -9.390604124422602 8.470007710859207 1.471401871983202 -16.94884271100247 4.90286309389144 1.691067288779362 -11.54209112601243 7.311523238525645 -0.4425238483742853 -12.80494595782523 2.380233080315503 -37.15786795000302 7.534249476958365 -64.13491771285226 6.317926115567457 -16.1312882237987 4.513036013414846 -2.11817697389078 -0.08576740302440318 -55.00184842800152 45.12806915696658 26.32800010150405 -58.47581743570378 18.24703275090155 46.01189612150741 -81.01448529689712 33.29260217531301 287.2505191294852 -149.3503311550791 18.94436006086765 -88.69273594788181 -4.104277963276085 -115.9467884372649 -39.88023948522245 101.3850081406772 49.24769670385301 -39.98376906873595 -1.8772993060279 -4.716613178179444 -57.941342601014 0.252200542776316 -4.148701220370545 -19.45410261078752 2.825280742439394 -18.49876902367626 -27.08046468913383 -20.58593100487191 -30.72848597275036 -185.5287324003976 -4.102476899845873 -26.09354245306447 -139.1696909569769 -0.9921246036684875 8.27063856131514 -21.8490593167306 -1.212974971791708 -50.05942328587377 -13.89925556889042 -4.125087492580292 -31.21890297128009 -58.77400563001428 -0.4242553161819952 -18.13366961397801 -214.7323130928607 46.2292531461632 20.76423990662593 -15.49373809904953 48.83916840152534 57.45218670765291 -13.00021222049576 16.84772459054578 89.23429025574289 32.00131878591152 -74.91795716226684 59.97167234059285 22.60737974264922 30.73430831770586 57.97832157913759 -9.751895651948564 9.084200830534193 -1.912288469889664 -176.346885984863 55.61667577657372 52.54196002445648 -25.9063397936551 0.8874918089540967 0.7469613529762902 -20.45155517444645 -50.33527679938416 6.546296963281966 61.80356266534834 -163.3491594422195 109.2281428646688 -215.6753483952754 33.16687716433283 52.39452765474972 -192.1531959310228 31.76763879171947 28.5931758773824 -95.20094146911602 34.5340882747002 99.17435256203005 -29.29777780797549 37.44278047942017 75.76443989958484 130.9530738147816 -341.7167108698382 163.6959980789933 41.09143179879627 -96.78705467834676 269.9068657268015 -179.947614314946 43.45929595038651 26.87604587714674 -13.22965595243731 -44.17416266912752 4.919683095067685 16.15363439182723 -117.2759876890214 14.01078120556153 0 0 0 0 0 0 -109.4812891767346 6.057318432990954 -9.972904019933281 -139.1814577892061 -0.9579850618882483 7.289641036171518 178.9772924249249 197.3331260570652 112.0738138146596 -207.795744658437 383.6351962774795 134.7614597655326 -43.4927939877663 105.2002389966315 269.7105947279127 -91.16985687405081 3.289136645790491 -12.14771862673172 -82.9979974939188 9.971223088165097 -1.591115954188806 -58.12125779114188 0.1190967118995443 -18.3705707370942 -33.56673045747486 -1.117227260842799 -6.361987598267641 -136.1622443969995 120.1093889546577 263.5103983680465 -143.9716386726687 49.01298331454132 38.23919599023049 -87.85369973344314 -1.885225112227441 -25.15356064978078 -31.73220663279118 -0.5117378369657551 1.15015177890669 -59.24915330093652 3.896947721486596 -4.946742158382508 271.900209501952 -82.48754279721643 210.8677678032749 276.956685136059 110.6541544102811 98.6947326955122 165.5541514790456 327.7183606390839 201.7975598115304 -17.21514885192656 2.994523987935337 -1.642633660704732 -21.07219644185895 2.229487854749269 0.2631873353163086 -25.90661452715976 0.8875012206941176 -0.1999647897117484 -23.73164025536442 2.750826935403844 -1.72057738754541 -28.38068295034428 1.817233196899598 -0.6711650644703541 -23.69229188197289 2.681121122581151 1.029287015367638 -25.7719695696231 1.240467911080586 -7.271838314006583 -31.11366864981263 -12.97909046554523 0.6591155913182548 -31.56205751659163 1.355521986360589 -22.09404827891772 -17.25164638914863 -7.766930722034822 -7.907459656520556 -12.50693829362254 -1.334766069348031 -19.87521596472765 -15.99790515792291 -4.892738448159013 -25.68711412993553 41.94378437452801 -60.58898331801122 18.94154956227722 242.8427236611381 54.73860625725394 111.704084748581 271.8736264026518 -123.582235206082 201.0881728858082 -24.37722638920066 -8.281614301170787 -51.86593646480632 -18.31029171675335 -55.74171241024271 6.017259865770344 -17.46068382364982 -52.40722513348263 3.430098676136884 -2.461153401680681 -83.34665629981306 17.47275051015223 13.33367445169945 -111.9011085351917 16.94715128466972 -145.7006832157338 3.292060218318772 3.358899154963573 -394.8800938142252 144.9889254613755 141.4546290385812 -182.6819454388691 70.95203393654408 258.357007424585 -52.24028035023106 -1.117123134162157 -42.91909752863039 42.72992095182788 35.5150463823971 253.1518410879956 -12.02598824999812 7.494746981676442 0.2106833082469676 -57.33918999996027 -7.413374137146391 -20.4399303485375 -89.7028436315647 -6.769387594982112 -116.9597454637066 -20.34716712413008 8.706462930922513 -48.11089894583267 -9.472387262424672 7.760799513456925 1.17609251820462 -17.02282051645467 4.36026651721732 1.812892155194269 -12.15926887087548 7.579415560004136 -0.7909590115600241 -3.481214347979633 -5.442909885558167 -50.99924419329161 -11.32262716997132 -68.80415596975075 1.009883985561263 -16.15566728182548 4.608255404769 -2.105256679813157 -19.22115079682443 -57.72204834961921 51.27339836034429 36.1884644801093 -37.12414597630031 32.34736345346122 -42.030409309288 0.642039408655347 -5.876400927690746 -59.61641807489534 2.985244321520233 -5.458667366830914 -20.14272354527401 6.197673843680329 -21.87102112971724 -32.59944898788022 6.439376087339336 -32.95235068596001 -178.970158195937 -20.76095884601402 -17.83670226602864 -21.41836490209522 -0.4800260778123918 -50.65461192740969 -205.4894936679491 46.94116096486329 24.00052614243978 -18.34524994787888 49.77441724006528 347.4274061694471 -34.72340046674427 -38.25654040525977 102.7916843165924 4.37724657641466 -87.31661020290112 77.54800757343125 35.13186658824228 -93.27966077791332 269.7174111823599 24.85465878367863 29.23911576422721 353.7537286447811 -9.715612142035051 7.681395107331481 -1.305778836529547 -174.4350129155561 57.74168792599283 53.86411070279372 -30.59636521286919 -55.6856256568394 1.266993016186019 5.67960988532272 -186.9269396912915 53.52739279596285 -476.2175788930709 67.15917872558106 128.1739192014949 -199.7952507461931 90.22438145803432 25.8797296454871 -191.7786326548416 32.0949891156603 11.34981124134127 -117.3499653065505 -21.43270646501188 80.97665098033332 -110.0928728134257 -30.53655229370478 73.92071806608153 128.4708035101585 -341.5899923735061 162.7882780015211 -152.8303528694227 9.289483553040872 54.57025338559507 -28.05211762077226 -54.44176011900342 -3.765343740400437 19.49213888445363 -119.350286259774 14.02828598902119 -89.69970424460621 -6.769150682457703 -27.39989379814938 26.77543757686603 -96.07049323153217 265.0861166168671 -29.69335286908511 -49.63049647095342 3.948694366386627 -27.66436190996061 -44.92510070970939 0.4512227030167955 -29.72224844209202 -120.6797602422215 292.8859337772737 -27.53090850220161 -41.59910493673993 -0.8812660941516409 17.9506823707035 -159.0962277248255 319.8483792721288 -131.3649211345903 -45.23276923788858 352.4876390202814 0 0 0 0 0 0 0 0 0 -111.3108245857399 8.387784481281045 -9.225081062420202 -125.9938256124457 6.212819869149706 -0.8489709273865651 92.12684957935731 327.1232391922052 196.9826428121922 -95.81776704449921 113.3063143703039 248.0391472644739 -85.60995010466934 194.8765190243429 314.5924616411195 -87.74701474786367 -1.958368404877113 -8.830170947215549 -57.38400084436245 -1.117106551319274 -19.03726525844628 -31.5607517442573 1.355465906267985 -6.101184773948763 -160.1357677531824 8.196650441748398 52.18592468446602 -102.0583929531463 19.98648396189578 -36.10140418250585 -31.82367204792997 1.35204022904644 1.279633328669491 -87.06424745930113 -0.2160657901861721 -9.503871325918894 67.7525539192158 23.99917932629362 232.3720343184964 -23.67656275555181 2.394123977735866 1.323728639797516 -23.74998192447375 3.274235528652993 -1.493824512592679 -26.74752447383531 1.728769956041745 -1.34248732775909 -28.72964665396145 1.062023804891581 -1.23898972086596 -31.82387802269764 0.1528229305511669 -5.471292417115914 -28.19226817703466 3.174689007388334 -18.84845416552617 -31.5566790970717 3.273151124157592 -43.34298172742542 -53.28049061075135 0.1623272139863041 -42.16840739888823 13.67726343690496 -110.7822042876933 36.4302361298051 280.0037018254654 -116.6066814840857 202.807414247343 -89.56110137738582 -6.985106196798373 -117.0451293657429 -21.79264948728332 -0.6788353080243992 -49.28320584517233 -18.59243705093443 -56.8283652841447 6.302435844282011 -17.4607515329383 -52.59275893419773 9.297955282436678 -25.34673802992215 -59.17631483429676 -4.014620971664401 -0.9614223797916026 -75.38966201279942 18.90882353157902 21.89315886748766 -107.5417261175797 24.9821620507815 -179.5697661413027 55.80953591700447 251.21326869103 -52.23568523461835 -1.117024870716388 -21.79247186863525 227.4070578959876 92.61027890299304 253.5801276690038 -12.15825419288752 7.548251850191019 0.2688298790554751 -21.21584138188251 -1.138008459976299 -50.11833129827289 -22.51975731138457 6.046071875707322 -43.51989627357303 -12.38468670637374 9.400476637423495 -0.3419366751747029 -17.74360046432667 4.780513547111269 1.298266989197878 -8.327400284400239 -8.145764079953979 -43.80055503988801 -11.63928517421338 -68.88368916812969 1.271778231029856 -20.37855298328293 6.452740135317274 -0.1317157876517311 -33.83020251156549 -95.45705440785875 59.20142668353288 9.122300265664318 -95.73694439375124 46.00210980974481 -42.32352905790762 -0.0660083923309925 -6.152294744212837 -61.67649314952298 -2.182309640801922 -2.482583326615689 -61.85973495479706 6.752518270479075 -3.667001467569032 -31.66570305943736 1.869034211684793 -28.38177029353907 -54.5420894797848 16.0866740266901 -42.59707324112658 -231.3478154243545 -1.398842633620876 15.06019567571841 -33.3163721226441 36.9922642568654 334.0536857373883 -25.26698001203031 64.83049855656797 336.6769408063327 -96.70746100063606 -47.4333817379646 84.98465660267615 -37.08392928813864 -101.8108191652576 60.06787783967543 43.26614305379351 -181.0092964770365 319.8798834152159 30.13917869435784 -33.08335659494981 321.2681414527973 -12.30386145724557 8.740832863410995 -0.1754941166176459 -158.5661715188555 -27.5317398501842 55.80118811861954 -480.1437964206611 91.30358866125536 120.5642538700774 -262.0122049404125 -132.0817865844112 4.403752924659576 -183.4514349545386 -41.13059557232747 68.9733805063028 -179.7660728003072 -58.72346032180027 13.58366639871378 -119.1185905658754 -38.27613776552101 61.19898656774134 105.0351317784512 -376.9420601055535 169.8478624357734 -13.98562254291673 -136.4361057511661 7.749388949505639 -103.5195013268432 13.77375302739133 -38.13078135272634 55.21010403301195 -164.6987094608048 320.1019872913786 -39.50783955662822 -52.93300697476018 8.524283585792945 -92.33386775101127 -395.2796032140591 278.7564333134856 -32.06464355410157 -42.84178739079928 -2.84765626121078 -96.33476228900416 -141.6328596084531 259.5796556312029 -86.54809609456649 -78.032245377691 319.4043730177014 -163.5226862462023 -45.91629245212751 353.3042412149933 -73.74013334569095 2.830797593200357 320.2073176798866 -198.3172010342295 161.7171141697954 216.8963050372846 -12.30118714583759 8.717273668272703 -0.02921300120232635 -35.81607449754466 -95.7478586004657 58.18875619341335 -277.8296828744117 -136.233651923881 272.5871148724664 0 0 0 0 0 0 0 0 0 -108.5066585445782 15.47841425820964 -4.92626093470228 34.99398076880022 189.1261016135056 221.1329043381749 -134.3217410289076 206.3408462264442 297.3545937180964 6.071009030583257 173.111444978801 241.0275445772419 -101.3530881445081 19.09323988658703 -1.352754556169103 -60.67705462973672 4.222140572226199 -22.5334412074954 -33.69875591501468 11.83278579182807 -10.65923102684846 -134.5819161013549 -23.98461795588612 42.19859007269907 -31.76998868533938 0.0119107242497562 -0.2072934644396846 -86.37014689915249 -1.085905674749422 -9.902273950290393 230.024817863584 91.21712761904762 251.1244326820986 -28.3131786914309 1.963245203927888 -1.806565138857471 -23.78016549527914 4.961389731005254 1.411641387463545 -26.69081840017595 4.421691938522804 -0.2166149117594842 -23.68934695474946 1.937389248605419 -1.062317111225479 -28.19216910559101 3.174677851101753 -0.3410096200284698 -43.88439066452131 5.105685257655096 -5.286994301337349 -29.94447824390998 0.4226029845655574 -51.21670646099378 -56.88208358892873 4.60436688804691 -43.72684272203368 19.03185186296138 -108.5857817074392 30.98204548685967 173.6210151459421 -72.54119472561092 211.2243776421158 -93.31326193895647 -1.399703926286605 -120.7941183837847 -24.40432780963141 5.249647584596125 -51.89274399590695 -24.4754420187528 -55.34654059690629 11.01650243916553 -37.8505966782875 -70.57933915815127 5.694533451918715 -37.86607793821197 -70.35584242622191 -1.93449315221203 -31.45929743286327 -88.07261387641852 13.65052246795245 -33.84840842636712 -133.6533427616149 16.84952113591595 -226.8159075440922 75.39317108115509 273.7516601917128 -57.07135567738754 4.847084216555683 -25.07830946536384 -20.28998767446772 3.651393812686023 -2.673846505434363 -19.73802241761069 -1.216258452483405 -54.05640746849633 -19.25757875394705 2.785540630914307 -53.57654875428693 -13.88521675486853 10.24527090483294 0.5206392676303715 -21.28942694216828 6.847391534149839 3.349742536513894 -32.58720615017621 16.11721256356466 -108.3870859579099 -14.80442108537398 -75.2228031588395 4.179822136148405 -29.6840884896067 -100.5516480817988 58.39196006293874 -45.56166883108265 3.959928876962786 -3.393873692067102 -63.54463950472017 0.1830118600802531 -0.8692067509727489 -47.2643603220186 10.68464159844046 -37.19523661668445 -31.66381244045368 1.868922619923983 -16.49444960031408 -56.73466659221256 5.330162776715653 -31.83855642312844 -199.5525176337411 -45.80653150803573 26.11983504751232 -93.28938969015101 -1.399345841276093 -49.49854071701371 -38.92217292389188 17.52967693429138 320.8138245998498 -99.51945466408621 -54.53827075348504 79.72822149291554 109.324444131128 -91.10651956011361 243.6413547959239 -12.30001512137998 8.711211576714854 -0.1884363368024567 -14.05158515151527 9.456185958804506 -1.289742536973146 -156.1426614623106 -38.65032178845267 44.35106234860862 -450.6019951708804 -93.84692786952161 8.589506558671564 -125.4519777144414 -58.12268243760623 301.9932542566203 -237.5589519520596 -44.70817339732554 61.19241032631988 -185.2284554095302 -46.19144893865331 31.06915409661465 -181.932694001046 -43.54114677446779 20.7096333381694 -168.2405160208816 -29.51584412254618 9.698093922099263 33.75403557858624 -152.1354792321318 48.29959318833025 -7.600443320295722 -108.8965398983415 12.841958665489 -32.52764265625525 -130.1980662878847 19.8899740359535 -108.7408306089641 -10.41824287987084 -29.95194871291982 55.13702728555445 -164.4807122987156 1055.540405252335 -35.66576588955886 -39.05823618964826 2.074814583036154 -35.23595489710368 -56.88512837151651 3.627394793685286 -237.26023633879 -408.7620623590182 204.8484690246984 -42.64304499164078 -128.4301833535027 69.046011889535 -40.9614482360432 -45.27512446946712 1.397313956434246 -32.50696854565972 -42.41557795419529 -3.270861712480406 -96.18593432349155 -141.4140504284188 1043.114737417651 -176.1223466070316 -185.6623007587802 221.4007715007928 -74.00803263285161 2.999451468938553 320.2503158781697 -212.674671704875 79.42533111785008 270.8929420066882 -294.3676081405511 -128.0841855894782 250.6853718909226 -13.84349701377051 9.671402422134193 0.8087312841839626 -53.3069771129211 -98.35394400494759 67.05415262839831 -44.47512116132283 -129.4853326007615 37.11335383376706 -161.5237818556402 -43.85656931303841 258.4863320718294 -28.19214628896394 3.40005706124259 -0.245508549559851 -26.74315082110222 3.62823787365582 0.6225330077371983 -35.88520541411948 -39.84041120636653 1.730396477772671 -39.52199543644449 -40.80570314652145 -0.7267632398848497 -175.8503438149808 -185.3755644918735 1086.979486538163 -13.78615851859174 8.881994548051614 0.4865984794192378 -13.96415387280715 8.910519028850358 -0.7876165960811472 0 0 0 0 0 0 -116.6215430014734 -5.037658452699117 -2.196433197869848 34.9391210853859 188.8296106790096 1049.411686853969 -134.1222794879806 206.0344396624044 1104.09223589377 6.061490211179399 172.8400211391737 1034.325807130615 -106.5029250749546 -4.523216999230483 4.750771440847757 -63.27224330712094 -6.801666777887843 -20.31590002223072 -148.1864953930976 -58.30222329588101 21.52579187253584 -43.83363432997324 4.994038749534749 -1.263824757726833 -86.73555534821205 -0.6124472082991944 -10.31380687354259 229.6775552933737 91.07941946008287 1064.365760430687 -29.30274814960736 3.255419795421342 -2.390312931569802 -29.58948800931345 2.41429108545572 -2.633667710379857 -23.69271994137597 1.943265263888426 -1.320529763620333 -26.77031809523586 3.21946625095585 0.2478475737309141 -40.17449386285517 -1.326986843439626 -10.98489038580026 -30.92013050977454 -4.365418312275301 -46.4248424401464 -56.87436524877602 4.603742120675753 -25.20814297893474 -33.85344222630044 -132.8794274330706 32.90271214965326 173.379713503724 -72.44037565482598 1049.399284794466 -89.71891836951487 3.950581961633164 -117.2023167300298 -35.53308183523256 -71.42673579974937 3.61037938332974 -28.15595113745079 -74.36992732224354 5.457691137179725 -226.5091328281498 75.29119975607108 1113.486210635777 -20.32391230337387 4.746520041251396 -3.031076300372928 -87.27677176538209 -2.558328298775488 -121.5888924069061 -53.32656896687633 36.85757042454282 -87.63920609704846 -21.60139653409152 5.348759247611923 3.213526459185786 -35.04131078936387 -77.8926368156317 1.116993430905231 -41.19031443209489 -130.4373945236795 38.06521315046525 -42.27514116047371 -0.1205763180271737 -0.3609683505913265 -65.07499860534723 -8.517138021826426 -4.75605179281167 -62.53068983563323 -1.087733938443098 0.2385913292590465 -47.26153814826002 10.68400361423981 -10.81236543586036 -56.73127866127664 5.329844484136357 -13.54965238375304 -182.3479258685481 3.043058869944296 -10.43043011205245 -104.8222807920446 -18.51898278514829 -34.1277032968847 -38.84440363955767 17.49465138645119 916.6721083950612 -95.7199148544963 -44.86951219005567 75.88358380474328 109.1724747090134 -90.97987446039751 1013.21998079311 -14.09968574699149 9.758757588827367 -1.166042229608391 -168.5813866753021 -48.47774643975873 44.37042937037667 -357.4450131616899 -154.2170997989354 40.53284811112547 -251.6436939389253 -29.21181254903149 69.33613823221691 -144.8714691435527 -4.185876162426055 7.909918992879236 -161.0266921864209 -11.30176481959106 -2.216013264009155 -149.603328330749 -9.60871287273482 4.831775871306932 33.8733303036882 -152.5199786816309 48.15558415913281 -24.85097515329925 -110.8604151750498 21.71377012059265 -30.07540672725053 -151.3361764913375 1000.403496151825 100.6592515894222 -102.3517281000897 1002.296390501633 -32.48763684630323 -42.37600128448596 -1.524281065980815 -26.00009690821446 -65.42608879697603 9.505764651037619 -255.8506329930286 -378.0069444809557 193.1201611080587 -71.07834880041551 -145.1015725990256 67.11608955368949 -39.13485536323185 -47.54569532252413 3.730496096173149 -78.25438977898051 -25.96003687273165 906.1701361207133 -73.86017165844051 2.99345885163583 916.3491136967078 -212.3869420533828 79.3178758075445 1108.441259675246 -293.8857435837962 -127.8745183991706 1174.362182227832 -18.04380583930632 12.15506685688747 -0.3219149268904748 -72.02359218932132 -145.6603558716245 41.58847713699229 -164.4077151415773 -54.84877796989257 256.2859693611667 -35.95540211079108 7.460845741416295 -4.185321701099229 -31.43180307865764 5.406564898467278 -1.791398440413115 -41.02780014367592 -40.67742650373185 3.912265433496844 -46.74221893216496 -41.59261731813426 -3.771020059787915 -138.909675437777 -203.1081402197588 1111.219532442711 -17.71088209352214 9.847147070083977 -1.17545441326047 -17.7655110068693 9.991417943801311 0.9191893512975259 -116.8248067237947 -4.755873240545368 -2.164804909982848 -163.036906232207 158.7858302919998 1070.496076604432 -28.33045913398806 -60.95689045747064 -4.681100593580333 0 0 0 0 0 0 0 0 0 -107.1253098871198 -3.630568076469003 3.935312665060315 115.3009816099366 148.2421221775209 995.2247566545832 -2.307483097922788 174.6569712859617 1028.281815995483 -27.9604755758521 54.9664891500175 904.8735333817565 -59.93921327012188 -10.39354128590515 -22.51555114737188 -140.3296502375219 -38.39502138267854 8.501112819521374 -41.70946214609743 1.284672611964538 0.5165059112139078 -88.44248910465281 -4.899733102157722 -8.745115752812502 194.6697410557683 -9.953319147737256 1006.16095483877 -41.85076442730378 0.9407509614253471 0.7302858787911041 -32.17842077393927 5.521521527747962 -0.5597132390799092 -36.03796791977921 7.214660632282003 -4.109389479554009 -39.00963978164346 -3.353656465858209 -10.99532037879655 -77.17270799065913 13.00973517763566 -63.79041572670936 -89.71185763875877 3.950271057354912 -23.86117793553334 -19.51893728148414 -97.76430268814298 16.02498344849102 -33.15837381827629 -72.35343795313712 3.483606777990426 -12.31974640644607 -80.44595716935906 1.150916504501855 -239.0422118359526 36.35479479181267 1072.134949430503 -25.11076375874586 6.071278076954959 -2.370394016571996 -88.75743648949049 1.413842795045439 -123.0651806952092 -23.68594690181685 7.642342220683203 2.117295833948298 -25.60321287053581 -89.96419163741378 19.32337256284964 -63.39326683266084 -3.245965314113699 -6.542358042569727 -65.32099766526045 -8.133404084453963 -5.020151827601233 -47.26110524451853 -1.295558811044032 -7.20276165411024 -61.01679305141038 6.94126855162411 -16.0050873074204 -182.9466362190857 1.413139340078041 -11.00440230775712 -107.8572962052294 -13.53213367280153 -35.60123616702093 30.05975110049796 -32.98790639321432 889.6436413345351 -175.2665484262506 -56.64658778060008 46.03234623370054 -18.04917710888513 12.16611516594675 -0.08940250383690011 -172.1451427934665 -63.09445656388235 51.2450509746411 -361.6017144381817 -208.0543449951297 41.45417156510684 -253.9295563441015 -77.0440306191507 70.56036061884255 -141.4631901554459 -26.68909502131985 5.924239502539309 -144.8833617266145 -4.174941254173622 8.164163943647253 -139.5913264533536 -38.29199205411959 8.261913428854641 -0.06169578337165941 -195.0849552212522 37.2863133832635 -39.96042361189046 -112.5809015049366 15.73156503692464 -20.24664328865522 -53.49519769238712 888.3890707101297 29.60314827365311 -34.28068628745608 888.507622784058 -36.9792963735036 -45.92004808053809 -1.269574099914394 -43.96603393388365 -72.63634368370869 7.711056187582465 -55.84547609824898 -312.8587998962095 140.9396904094508 -95.0589484634549 -183.157691065521 56.41748561532081 -139.0802362616081 -185.008749118207 92.85291455862509 -40.85191937409352 -48.90321511142606 3.746537525513433 -22.300569823872 -39.95758812309315 928.231985509173 -74.38859964123205 3.314934491820503 915.4200679807564 -253.9718241366568 -8.686376518497662 1072.102991563889 -59.43927566474751 -113.8377728587163 26.89684875508777 -3.499598900794462 -105.5446548358652 79.76958811786234 -37.70590148403257 8.377080633035595 -3.039490957690298 -33.94001117761822 3.790913395401412 -5.293226794213594 -30.40164098304765 0.5462597743381864 -1.193950703911314 -49.12744793729215 -41.99157413117673 0.11135235700529 -44.23090966442332 -35.94646103145648 -1.065524756715436 -17.31014533211789 6.797282570563525 0.06188644887915357 -19.09688218016776 10.18789942644131 -0.1762247529235073 -17.30811129079021 6.839115071865351 -0.4084832398188356 -18.7930237225032 10.28349644687319 0.1492085135724682 -118.9694838761283 -10.15178692231033 -6.367743561585954 -66.34962141641732 20.76122314182638 909.8683880532716 -43.2539771913276 -61.30800310944181 -0.2154776581035724 -131.0063705013039 -50.10782044895156 15.31837028163638 -363.5203451459856 -234.7825902749294 22.10078068646113 -164.5678497254699 -348.4542243943741 55.88887961822575 -18.76528076658338 10.20379726355531 -2.007447840244602 -19.02317459076945 10.00033321035611 1.858039902213902 0 0 0 0 0 0 0 0 0 -101.9747750150774 -13.46422462708636 1.34961677505513 14.16559398223985 41.8884091617543 885.279215756741 -8.502106104430846 44.08926757385259 910.5541843558502 -65.1388382976132 -3.648743872061001 -23.47734649843474 -139.9059436030748 -38.92489030437342 8.08896766763727 -39.33235200583682 -2.84433428481796 -1.200573239416995 -84.79570842700949 -9.484795177946442 -10.79642657748394 37.33997861352449 -21.01849123067074 883.411229048227 -39.17708584203847 -2.383030234511982 -1.456599158216001 -28.83957507052418 1.515486233725557 0.007699626761012023 -36.30628689713593 7.234839992130345 1.454639447272603 -77.16478565404047 13.00839963422815 -8.35497640545225 -94.36190596488447 16.37235699535439 -25.81800997595136 -12.93584619945254 -80.85567832927518 24.11088628723843 -33.64488284313683 -73.77955739836872 4.463080866668034 -41.08014443780409 -92.90658547169733 -2.158257966228331 -44.13031335611696 38.39697459863972 937.2066596564572 -25.12456945590002 6.152566947694682 -2.337043810422433 -88.73917447281298 1.413551894116754 -33.69305890936113 -22.33153495966452 6.15317554714983 0.8229479783052156 -30.14351669896486 2.076429036598151 -1.08546777156709 -74.60997153483397 -94.72740228959155 14.87010633405512 -65.55176808368205 -0.5152489730929829 -5.532878983885519 -67.90223269710948 -5.217132027120718 -3.784285159308932 -47.26138800154774 2.582288335083403 -4.451161598020079 -63.34311941286809 2.014303360830556 -15.58825446582042 -152.1811934539875 -31.47489020023405 -0.4463006248275388 -145.2715770966951 -126.5301455440789 26.5250726677807 -224.6774110170331 -102.8813902091473 80.8606151005546 -140.4573137831338 -34.71937757660159 11.24334104903415 -140.3823756880962 -34.5568230206096 8.164019631702269 -137.9984857995284 -34.20040678124958 9.604473359742654 -92.69829194113652 -189.4593677258447 53.69215777160794 -36.85189140627455 -108.4612107243595 13.6350396610045 -28.63407898140238 -15.63270611244194 994.1757689719635 5.341576616194577 -7.759340578936563 980.9050896842484 -37.31543881208007 -46.05353003917166 7.848854520471369 -46.0986719455308 -45.85019559826694 -3.690017217306194 -39.05797440226021 -54.82715851833619 1.789764039867484 -47.0051447201323 -71.1210223274918 8.702750143850841 -116.1092493142861 -184.0555934731402 89.80073840549416 -53.47737911791528 -134.7969779366689 27.61794312031184 -39.55455733727469 -50.5165442309381 2.73566094301705 -2.9377075076049 -26.20394694989153 991.9530486944458 -43.20376900060172 -11.59194263555487 925.1691407467857 -53.51426371936486 -134.8347286534197 30.13924886414383 -38.38965270423917 0.9248936511295303 -1.967629323983501 -30.77508873467356 -1.765206762227589 -2.031361937461287 -30.70141468931241 1.970425822170554 -0.5508410802130853 -45.88516365300671 -35.10550214901083 3.438055693250396 -43.35617818811451 -33.97449679923287 -1.958420598814947 -17.8940697337721 7.10773036286059 0.3967653713219618 -17.69966592796353 7.087766466934467 -0.6262054272659185 -25.0151028994446 5.534912921368528 -2.032488497425335 -120.8250909612675 -14.81621867665079 -4.898714077809483 -31.97464440464232 -4.833952407169045 1019.388750050041 -139.5896904233981 -71.73178944965294 21.60773263312157 -171.8763242238283 -149.5856701548299 31.09226546972231 -186.5768071263895 -187.06844958492 34.14158519030688 -23.20575646124941 10.16139969855165 -0.3588771395597652 -22.14123201142894 10.20891762287485 0.5099278219982477 1.779482492453915 -10.442093975389 976.243761106918 0 0 0 0 0 0 -101.457480711934 -11.95022157260279 0.845720326132262 -13.6107097599558 18.97902902013968 994.3517760412188 -4.30318566543014 11.19333690270458 1005.69404174072 -103.9797585366024 -9.557899747688591 -21.00036444869876 -136.3765553766007 -36.20221930152658 8.042843106277822 -64.25304860169453 2.759437054607406 -3.492619437873234 -83.92962613424446 -7.28009095989283 -9.151143816028009 0.3380145610830111 -13.26579564277909 987.0089210329694 -40.65744223579851 -0.5377385789229364 -2.415727031581445 -30.32034086136792 1.377543781043101 1.361518462833518 -30.96909505676001 -1.961253095646994 4.7011794056298 -77.16168098060437 3.548393200919883 -9.466990502595788 -102.0976453949125 -11.94131680081017 -23.19159353778555 -48.21480977423757 -96.11471335994497 15.4746392210343 -49.54479285686634 -74.68677619798422 -4.858257175006259 -48.27665563194861 -96.07296887905555 3.491947683980651 -30.3111283881939 -2.447818309048642 1019.75893781671 -30.17917622814513 2.214441255141044 1.433708755237686 -27.70303907646967 5.640341490025567 1.206254847897785 -30.3391162405839 2.414503844483923 -0.8070567767038921 -74.21643795703336 -93.71972850380611 15.36422899765618 -60.71597605799739 -6.607625702448061 -0.04357406231588721 -69.34658302069045 13.13318652446027 -11.70419314500306 -152.2592387017721 -38.77644152397002 3.551905806615403 -101.2630108385572 -120.0598765536499 -4.019312932844692 -147.0914120965256 -121.7183491913262 33.05411395949512 -136.8949930217213 -36.54562195995278 11.5933753266942 -140.355969176896 -34.77290212999208 7.94094066010951 -108.8494356956603 -29.89513775978477 -10.53788757440792 -52.6825815502044 -136.3898282568492 26.76398331646888 -69.10869373013925 -103.8596111400406 18.40114998497478 -14.07059660311996 -18.3957427526255 1001.696723702333 0.2431560813542729 -13.58863459709981 986.1365783803802 -51.16871657412832 -45.92150814253734 2.490164299948731 -51.19111984165786 -45.86155373262823 -1.66094878644359 -50.60196334331269 -55.4057171422922 6.904973167079403 -49.53871316534634 -73.64300066699104 10.33223779850614 -147.8879542812564 -121.4639888053148 20.19241419064491 -50.79475579316045 -52.91868529208917 -3.984215319379861 -36.77255043519417 14.66617313943239 979.2154994913366 -41.7535577409078 3.966406006433033 -3.311770082963427 -42.7159053104428 -1.435607953285035 0.9497380224413141 -42.2587170467356 1.135546612810763 1.871642602040685 -52.98731437719884 -34.76331761503037 6.508208955320494 -50.93572752779368 -33.58114296105997 -5.090320161171746 -22.43766643693637 9.790215772506746 0.07836963026309968 -23.16845275452715 10.26348041023425 -0.430585481141612 -24.92989069018641 5.489569157333665 -2.034328234233966 -14.36153548212307 8.941161584505341 999.4417127909862 -111.489540141292 -67.5909154699289 28.3254253778161 -155.9360800326922 -78.25813782335049 24.06634945454055 -119.9075459887648 -103.6794345579132 30.76182602524602 -20.57736299441187 6.747860614087482 -2.347726152076826 -20.76621134194725 6.975281753784645 2.120447415307526 -1.364856123660485 -16.88585267609232 994.8306346221879 -152.2905878383003 -43.06803345492612 0.790750607448881 -45.60444683881396 -25.53135932798033 0.9240275407675282 -45.8439335488797 -25.08226259967193 -0.8922150910970413 0 0 0 0 0 0 -100.6911819622987 -10.41460165628437 1.849986160011983 -0.4846905396630387 10.26010260937511 1001.944838084613 -1.279217660796003 -1.766601172874324 978.0173949162872 -136.8607766536489 -36.56225466896677 7.446350361063862 -60.20186802138798 -5.296608325334672 0.7694421218822707 -85.09186726772353 -10.2146758341187 -7.933640735330539 -59.66034994284448 -3.91455034208765 0.0003662471584879258 -41.02761042843793 -1.383224183205516 -2.759063630714035 -40.22444011928098 0.4561447736002808 -4.297050086924245 -74.47397871364269 1.802750458681517 -8.393149747712499 -64.92205096020086 11.02184350656379 -13.84754028730893 -94.22091081727976 -20.44191201817025 -20.43759249632471 -79.51695501408496 -83.45842571949871 19.84001283887753 -63.45990253501935 -75.4762997186691 3.371247773695794 -79.13833068817176 -83.57614545282311 -0.8248664667121474 -29.96756143368462 -0.8740196408027572 1020.500126600171 -30.95481864652594 3.498868588936324 0.9755556016487774 -26.86223704703371 3.531125002873206 1.597705626778992 -31.76619211422353 4.778822322885237 -1.571285661477098 -65.75851278392796 -72.4541185323158 6.038965277671313 -58.23936233050777 -8.534245362981022 -5.330686136801063 -91.27023937782215 -94.76355729443736 13.72082250033955 -94.79030950199662 -94.15009934287397 17.33498885307146 -125.6017731633828 -63.36771585255665 -0.64466579742507 -106.5744838990568 -24.12321118247592 -6.899405296681366 -59.72954483898901 -145.7504327780929 19.61635763555851 -78.66754072757459 -102.5118408388895 10.84987794119386 -13.59119581849575 -16.01221326423805 992.0527227403009 5.015353788695724 -11.09780151977224 995.3635765048484 -53.16695129983214 -47.46294004944097 2.685698037907698 -53.31363476560053 -47.49040138433185 -1.904046136249689 -58.38104578001683 -55.79865520605266 1.273599022275707 -50.50765226080058 -74.60881477275264 9.767526811779481 -95.27658407768097 -95.83088162894344 45.5030585400927 -56.56324716819336 -54.1557818906975 -0.5821902500865975 -29.53584297970441 -9.258297798844552 1020.523749936565 -51.90627293875804 3.04254852291775 -5.683823248887694 -50.93510982852011 -1.060465472113719 -1.918771612256601 -38.89837266494037 -1.368189523416554 2.351753177560703 -50.73025020421888 -39.86325304801966 2.183080747787308 -49.55681738855198 -35.72541486803967 -3.23306166396943 -20.03361123894649 8.101403489726984 3.195280281665596 -19.26873816556389 8.338569427897317 -4.281710858633378 -13.95489971433987 5.872070281310688 989.5433152606972 -119.5840466910159 -88.0263051999822 14.02076843630382 -154.1093500286378 -80.40987106066132 24.51119660951997 -76.07925825015519 -99.73462092945445 34.70284330252449 -128.0939640610618 -85.79320532992939 11.61031155411303 -21.93549423679227 8.512947715558074 -3.418634779581566 -20.85462659279549 7.185265352042644 2.21404828176286 -11.55989643751354 -4.551224940654348 1012.56234819764 -117.881282715551 -5.788212436841696 3.689754836447614 -121.7208866601456 -61.46307864018366 2.285351704077479 -47.10468570963567 -27.40327518223346 -0.1863776604852574 -45.92245083248194 -24.90389387769876 1.501160891182158 -46.07703496321263 -25.46552595465229 -0.7082391049448995 -45.97602958628044 -24.82953258686452 -1.075661018071248 -54.91444397040103 -56.48768789112962 -1.572560373490877 -3.725883855987576 -0.04461550215078711 1010.797133330877 0 0 0 0 0 0 -92.94511447139737 -19.52260338361213 -1.447649122692581 -1.621031236927179 7.011176746568263 991.7219515602801 6.029181259988197 0.3911807334339627 993.9211734251278 -114.8970132827185 -89.48882754921281 18.99248492321206 -58.24001490229858 -8.906694571893688 -0.6356545327856646 -77.612658005776 -19.63446019029522 -11.01551159588901 -57.57596856124751 -6.418841321611434 -1.702218616884367 -56.01312349022189 -0.960715470916868 0.6911806589147724 -38.05155528983034 -2.037272722573888 -3.02925621940166 -84.27378194327568 0.08779127111976098 -13.27520747145319 -76.54969956070731 -13.11902522176108 0.5527739139921326 -62.00042304933771 -9.693849745417337 -1.374910685180466 -63.06889107528048 -75.98526585909396 3.662331196715778 -53.83473126346055 -71.56972649980982 9.838287743788273 -10.75845349469149 9.98651781433716 989.240705038994 -36.8289612199321 1.557608051738814 -2.366387719158068 -31.74278024393981 4.859921858586411 2.331291300085864 -31.9687311586722 3.014729258543042 -1.846542555879248 -38.62042192706564 -2.694385004800502 2.873988329422738 -77.00837716296397 -73.50613367660058 7.444336143697606 -56.57130186293336 -2.480028066844408 -5.92448664267187 -80.92283423928083 -68.58063154835389 1.707453600374027 -83.85718611908415 -64.87557301780558 4.563176137156968 -115.0601806625261 -88.8775313974574 10.22668145127953 -106.4930121067036 -23.9045386429575 -7.006101863309488 -101.5400869166908 -144.061814767552 13.64528272719301 -2.54421484615528 0.9527558987416693 1025.166763683668 -11.25095776462919 -18.78382006399544 992.2094127212422 -53.97000314466585 -47.21869325722768 3.527361165150184 -52.64528730663054 -47.67502269221107 -1.234583234772326 -66.15965242658335 -71.51444235458693 6.543893110932395 -108.1175976917343 -129.6610925130123 21.74066091769813 -49.17405708312684 -8.485823286941237 -3.464984320318943 -56.1039931163485 -0.7334180296935907 -6.744121614384541 -49.34201446326482 -42.99676602569649 3.080021043785854 -49.62816103608717 -35.61901738681564 -3.174484722775253 -31.65575891157198 5.815732786346426 -3.781176534005774 -31.64010135136535 5.747197925509209 2.785400734803271 -6.165360742377809 -3.513990183845718 1011.364207980087 -103.7937553548102 -48.05272398150126 -4.318416407648882 -133.279944762517 -104.9281654709263 9.990760483577754 -29.3902799520728 8.12173735750774 -0.2146705750707414 -23.97024441836624 7.344689805208527 0.8429337201036329 -7.512247005628754 -2.202153335751535 1016.516479997208 -103.5518784305769 -41.21149330594991 3.831082743812402 -121.6477169902743 -60.94090551767858 2.301829294273587 -49.28324036948177 -26.91811762532962 0.7405707703892509 -46.70499487459914 -25.27787730151502 -0.9583353956070844 -62.99557056015797 -57.3926774704648 -3.300037729185043 -1.632407213064889 1.143754879454951 1005.23961168876 -62.24765560157347 -82.05303529028068 4.223970548815926 -3.627615903799647 -0.01774718123445574 1001.117055093332 0 0 0 0 0 0 -94.09522609672437 -22.0718679823883 -0.3046635807480434 -4.529364079572014 -0.2455805391328216 1004.334353622446 -1.74954714036696 -3.194217656735282 1006.435691320529 -99.17827314638339 -47.37670189828334 -1.075578114429645 -74.65464405537219 -12.14414618070462 -6.372177114045935 -54.13433550559659 -10.56107376450384 2.158089857573935 -52.69322130463859 -6.988813940331071 4.239742914447873 -51.67557602214019 -4.462807833753711 2.14836021550476 -91.49171269727051 -15.89916288203304 -6.774700719514907 -77.38141270741544 -19.11823862030596 -1.290586580931258 -62.09771768968374 -9.021451277279926 -1.128420537296996 -67.59484270021527 -78.12319247124584 3.305700403376203 -72.41901322300285 -80.305495198656 8.538563411108887 -7.669915296252438 -4.735675045106744 1009.663557681005 -35.59484352684466 0.544504811032356 -3.245638223805104 -32.52967843499836 2.957600119137081 -1.334521888672782 -37.77677739895009 -6.721560212474189 1.02516877552922 -45.09687983743849 -9.858416602792234 -0.1486036847861203 -75.56510458838042 -69.69450164651182 9.259566085738172 -86.81447836787422 -69.4652164158298 2.712547149935659 -82.9226916789838 -62.37579674371345 5.750308815216624 -107.0530356893777 -69.14316070150271 14.7058506473186 -89.04963791746131 -45.88686648289675 -4.927967587027259 -68.69496747256896 -98.23128723013039 11.60729279634367 -4.980030886462428 4.637265815465899 1024.549711091841 2.865552255404782 -4.429815260563186 1015.536421746862 -59.63991205016316 -45.57481641829279 3.531628142402072 -60.89383977143621 -45.31023774234403 -3.226495223751702 -56.27295713700322 -60.04511991987619 3.230740806120982 -96.40122663891364 -98.5120531431937 25.83970127523989 -48.78326975858184 -13.98880246699042 -5.491666023525728 -62.17700957377353 -41.23179547081975 -1.217160861327478 -53.50153677060573 -36.56779735104158 -2.095087577373775 -27.43396629507042 1.326638682434598 -4.687231094612413 -30.68510826281946 4.727274141190406 3.339502017043243 -7.11488612511321 -3.990769380721338 1009.153084633835 0.9069312251465964 -0.7676277378090149 1006.574531085371 -121.2663151080873 -81.78452912661103 14.47994925111883 -25.58694360153352 4.6778298270591 -2.751712084706782 -28.73061958415081 7.588372897806714 3.15634183416397 -96.41748028813987 -41.97708364301757 4.252836135542728 -86.31090727577494 -26.65710939525367 -7.117645922727309 -45.12560225016349 -24.28775144775213 -1.639880033906036 -58.9424973377161 -24.76197590486092 -2.61503011260268 -45.01666744524064 -24.28808853827388 -0.03424521011400505 -53.02868176297873 -23.37343470496464 1.893881576988995 -63.82894065247748 -56.42591353783291 -3.876208574955842 -2.446950396568047 0.6621285034170965 1001.021167144415 -2.229381406653544 -2.254948545179714 1006.04621082249 4.200927843422399 -4.319430707730673 1010.45732693753 -26.79352904481505 5.771650526980034 -3.491995129500868 0 0 0 0 0 0 0 0 0 0 0 0 -91.41606996614424 -16.62906776979463 2.651408331475472 -3.074890584292836 -0.8263245558700976 1002.775657778524 -96.55496719270474 -41.09411010558723 1.963545955291738 -75.26703752512695 -13.68743575259672 -5.800639832787062 -48.84108342166101 -13.94291027656441 2.246291027984202 -45.77533893810872 -10.63747858902923 -2.505376943791246 -62.81541163654374 -8.76024778223808 -0.8872964281478557 -77.37803940055814 -19.11444303153791 -1.292216099651172 -67.51284514207082 -78.03900695672972 6.663436486744991 -77.03946216093223 -79.51433804012866 7.792546552013274 -5.51102874453014 1.744905212199305 1019.496890992623 -33.07222585174824 -1.52927486601206 -1.532097315112505 -31.31339511295659 0.2731556185303815 -0.7656811281366891 -40.72084370912975 -6.726780260476393 1.120891245831275 -47.93451972826242 -8.900578066701524 0.3788903234578749 -68.46167337141128 -51.03230788612402 -0.5008099371190362 -84.11863305183608 -62.63225226766664 5.913402314866683 -82.96168009182681 -62.45208088493205 3.452215914143792 -95.94501367464257 -75.38616773742359 9.318372503251503 -96.57236048202121 -41.36060038039525 3.805977195794562 -86.1425544254087 -38.52135175369343 -1.283760751222432 -5.362240388531789 6.188560382387064 1019.473438624133 2.994717296167572 -4.099747356604571 1011.419363510929 -56.35356224338103 -33.9938946719355 -3.00174192284249 -61.66021630605701 -45.01824673467667 1.619914769405354 -61.75892762120902 -45.05774474594828 -2.902292305341939 -63.97338074477008 -58.39540566777264 6.518101360676162 -108.7949146502945 -98.64592780153174 20.45885316855496 -50.13572484474459 -13.38697690186629 -5.078664811431474 -56.30966957540089 -35.26130927745026 -0.2455956860848023 -27.16867798572659 0.997619486527567 1.315154082521774 -30.66741877471362 2.102910671097859 -2.404445626007355 -7.48337293259013 -4.015834400393063 1008.4355895193 2.465961026345914 0.3002336902634049 1009.556097601141 -27.16705579308999 4.5733994800391 1.755041496286492 -96.58148111309175 -41.36660671607074 3.809810919513196 -81.17935008740638 -37.83326832239734 0.9282662328819653 -54.59301878727608 -21.53063997994334 -5.620397285985926 -51.64043432311804 -22.24272124234337 3.010060982458637 -0.9574194438295007 -7.731742753235712 1011.13356925998 -1.198397288778996 -3.952776779567504 1008.72370859149 7.340220837055247 0.1552811277548266 1016.229867372706 -33.87935212479799 4.735575511107707 -0.4928558256107656 -76.67480794921011 -43.79120220155542 -3.948474340752909 5.461531257948127 0.6482980938097801 1017.555407114325 -47.89587137714779 -16.55563261799657 -1.906453701590774 -45.60934375469929 -17.33530497827435 -0.7275061129652974 -37.40170703628641 -1.318042061558867 -1.690347995549856 -30.96090945444342 2.216433058039292 -3.062943760738684 0 0 0 0 0 0 -81.16557712755832 -37.89532760888252 1.377548247562072 -4.416650878877502 2.040747054805454 1009.26996631879 -83.58088041324567 -62.51257786459076 6.307735814570435 -65.78493399779303 -25.63635424320406 -8.342772784420443 -49.69721772615051 -13.56134823687561 2.153847825816024 -45.18074628583552 -11.2552751295523 -2.051645298609482 -62.39119948030677 -17.00031224841899 1.776477350122875 -77.25753163814645 -30.06785070613611 2.138246803325533 -72.17062899363913 -73.49681810344821 2.709924596049561 -2.578707690701626 4.083285196412634 1012.142043976335 -42.18466458577866 -3.011797200872103 -4.209096718866027 -38.16998062173681 -1.295076164214042 -0.1906112639603292 -46.70131356817995 -14.98777847386106 -2.41409932971907 -38.25117177348218 -10.23507607171386 1.836018778148691 -50.99926817885333 -11.3120405439072 -2.916484018442886 -70.74900548636319 -51.27838770254509 -0.3087830590349445 -84.89380177868196 -62.88189393774235 2.93374961153781 -86.40676332003537 -57.06402058342836 0.5973147715323753 -81.99870630292371 -28.03070511918419 -5.798234777810932 -2.579843896266253 3.843957137797765 1012.105858343539 -59.40869430277192 -34.46419829645787 -4.878363730016205 -61.08840065660832 -44.62977428988007 1.741430181115427 -61.10124428742323 -44.61010895897878 -2.884838503630033 -75.84427735854189 -55.85222547868533 -2.321881777469509 -67.17737632858284 -32.56139311748976 3.632440637059564 -35.09975576805108 3.137050259323964 1.422444427235174 -35.09902908826588 3.377672180031331 -4.188706746846264 -5.502228425407358 0.2351109534283209 1012.33261130536 0.6075217991512034 1.699608995032612 1011.181843583071 -29.38594137884588 4.89053111248576 0.6073497107448116 -91.71034889581189 -60.07656499801042 -2.716028958772199 -57.1095099480892 -20.7607351453421 -4.772105230851681 -57.07515953872279 -20.66831181514439 0.3442803218708537 -6.16979845902691 -9.048974925787961 1016.892860076519 0.6617641620378549 -1.38441769221896 1011.0943355618 0.7353972960007638 1.669286016555338 1034.202357577013 -30.24997322813839 1.600512578508002 -2.632765163277123 -34.67469549784917 2.618552938592821 1.814717558111239 -74.52209607953617 -43.47933804621601 -2.232226378115041 0.7518734676409641 1.9434448907226 1011.750681523573 -58.57328833153648 -12.14112829024052 2.667266480796906 -52.27281246206397 -15.4480876829282 -3.952864021447187 -39.58468666399193 0.418830246874201 -2.845104541859581 -39.75993940236656 -2.114500582504063 -0.5533408249476259 -35.48463103660144 1.273489472240629 -0.9090876578071303 -35.74823649528883 2.290803730866278 -1.080062436039296 -47.51623779387109 -11.68778755756604 -1.125472040167254 -42.53117803934764 -7.746614606830113 -3.721181730032783 -29.51162084233938 4.746672747549662 0.6489542222027003 0 0 0 0 0 0 0 0 0 0 0 0 -76.36513529662921 -27.1996354796203 -2.869019787051706 -1.16422731198924 2.28182314971716 1011.572253645476 -84.16238761347959 -62.47437826230896 11.75604742437752 -62.28007040116016 -16.76794941274557 -3.200984915559644 -50.40006965007817 -12.19039044684041 0.920807754550945 -62.23126290719654 -20.14493663352527 -0.615908736887223 -72.3634037187927 -19.64665692183748 0.1192274997293298 -77.18716886553075 -36.48133458888061 0.3044897814450718 -70.83808759476973 -71.84798149619395 3.44563202016496 -0.2397440759626999 -2.831961565729127 1019.732765141319 -40.54880113399249 -4.575882850147218 -5.029581908747163 -36.38283104768286 -0.8867386976250486 -1.653341075295134 -49.85738271607185 -13.8394256914961 -3.688563193525002 -47.18179353810744 -14.40465217407268 -2.564523357285946 -67.44733500741145 -43.34682873311355 3.267143981119993 -85.86806573896716 -64.33259726160216 2.337569230245718 -77.10514336485311 -61.28333301058718 1.500839859228942 -88.03742009613596 -60.17906818137972 -1.395020627782352 -85.09016016936438 -59.31378983707494 1.426548850550593 -70.23309963355713 -42.85453227381219 -3.424236769458319 -2.080762879203386 5.334614552683724 1012.304322518048 -59.11063104373321 -34.42138103825272 -5.016026751791085 -63.71948084409738 -44.0718201355235 -4.816401406164272 -62.12413909518376 -50.62974400705451 -5.108738179777832 -58.03518306819027 -26.32289838160216 -2.495060100209793 -31.04209214959993 -1.371767226215463 -5.391428226098527 2.243068962966135 0.1639882156890438 1019.612660103936 -4.582569081185825 -0.7624797521123786 1016.658608575954 -29.62025124840426 4.923985285777568 0.7233631046568098 -85.35051994915555 -50.64743331175881 -1.649115661169401 -58.55161807457657 -21.47914411460347 -5.270821625881148 -51.14737427754459 -17.76690530652993 -1.396032214594679 -2.919579922176873 2.727947798483725 1016.513679863454 0.3103787043286793 1.373370916036561 1033.890876089093 -1.419163560118877 2.27240304464855 1029.201937474717 -31.36976392260525 -1.236586118555348 0.5215661093869108 -38.21908590392083 -6.805347974101275 -2.813204867047602 -72.67637160364156 -38.6218038077063 -0.1775952500500816 -4.36821447465587 3.059890814951431 1029.652281047006 -47.8107220893103 -9.220883773701567 -2.631509203779586 -40.21324931586266 -1.978888587419348 -0.5929445985954511 -38.08269090538455 -2.605747495452043 -1.380877812769817 -47.32654038782744 -4.669078604179143 -2.272791056732925 -36.03847013289079 -3.292950157604055 3.835524946599181 -47.06108283158511 -15.70320658631806 1.720452453420413 -44.58139764596427 -6.431574486894574 -4.723041185249692 -35.0328450915196 4.365044831062972 -1.985500751111676 -61.23962508057503 -14.13266728490448 -4.18712142736282 -48.61565844328356 -16.47171978104798 -3.421924819245815 -42.48849416242869 -0.448252515238081 0.4983767367293851 -38.07984787391106 -2.818089792076695 -1.740569029229513 -36.76068180365055 3.114212282164813 -1.1846787113152 0 0 0 0 0 0 -72.29619693075999 -19.65633860870615 0.8079816427949926 -0.4835534247134061 -2.680564022850651 1016.782789275393 -71.67892613123726 -40.78164037077305 -17.74250184578996 -48.47077836865735 -16.41028636734438 0.09034157595488571 -55.60643506352546 -23.36433951718436 -3.295381268352092 -67.00624057919519 -30.29338361539507 -8.152675148338254 -62.65219513709509 -45.20828692437547 -5.828609699532344 -83.4828497655304 -69.75992399553236 1.361143331609622 1.346899048476369 0.8302206172495508 1024.144863495013 -30.74535586304501 -6.080764812315953 -3.84902575724949 -41.50268450396028 -16.87130175262191 -6.906627536288419 -51.12120124632413 -16.24431749279783 -2.22209640899016 -62.20221710065493 -30.7566279181439 -6.072296060899317 -70.93663982627523 -42.63492984022427 0.6600617347467997 -72.83148718681538 -65.02725450522071 -2.156781825841343 -87.83206912996236 -60.57911158864695 -1.269227779872181 -68.52412443723631 -38.52366240474572 -1.615189439088497 1.371497441397235 -2.292051481772042 1024.159299159381 -51.38170187691884 -17.28895412326997 -1.051492172510768 -63.90881301792247 -44.25448811733094 -5.004626851545669 -79.10859833272487 -40.93797441780487 -7.545755788567686 -58.54025870753468 -26.66604433139444 -2.621751089036154 -32.4355783307135 -0.9872632316650072 -4.510959668930496 -0.6349977933100963 -1.627655980944971 1023.762547043739 0.9462272836577238 -1.291133890978075 1023.661033624921 -82.27142314001803 -56.48204987221106 0.1948281410627005 -46.38808708931469 -15.52938038449291 -9.01107849830157 -2.621397395881607 -2.592347424542503 1023.929684370153 0.3150711054725076 2.174726033398295 1030.296619448863 -1.638166617958627 0.04810772266950869 1030.002423571519 -39.15532793643792 0.8709492576634195 0.4732736764486487 -47.94050176519251 -8.592099083165898 -4.83322823867465 -2.806947865085902 0.3887296227204695 1031.034556450174 -48.91738531587578 -9.52083039705248 -3.190730587123885 -43.16693351339526 -13.21662530163396 -3.498770133101698 -38.08079231297502 -2.602824354184786 -1.620910553514722 -50.41614366409168 -17.19639292951864 -5.48106348255941 -36.40226214885306 -3.026821976573998 -7.605977035593254 -57.10657168197441 -13.90179974805675 0.08396207641796891 -37.75984480533801 4.176413368960367 -0.6172149267381587 -53.40567813946713 -23.31329396158257 -4.530579604182182 -43.75019210518845 0.2263161249483415 -4.692941544866437 -31.96895727797907 -0.009465954266465636 -5.217732096171194 -41.37319358686264 -11.69364062715827 -8.742199064124867 -63.22206834577613 -25.11724936153193 -8.154993263149183 -52.39337901207785 -14.8988716326369 -5.282984641124878 -58.94470907779097 -30.28950183394269 -7.758804639543752 0 0 0 0 0 0 0 0 0 -61.94671989740152 -37.64381046597123 1.781533592585728 -4.393682263126546 1.254478041117467 1023.799285894005 -70.89850148043891 -42.57823962386214 -17.76491020812569 -65.13331179301129 -39.07859778957203 -7.835976397938534 -50.78068698016936 -16.24028665027515 -0.7776248117116863 -55.36072694111576 -27.73130264246178 -4.062955534137894 -62.29394674434092 -38.56985127610223 -8.299654113682918 -75.84632729393454 -59.98543460196301 -0.9776436072689805 -2.015748062777338 -1.648750706171181 1027.902360496105 -30.12972089711369 -5.442337991912827 -3.825429453495995 -33.07224943594375 -17.77495883581466 -5.959924647643853 -62.73341939002861 -30.83600242081884 -6.287141790678183 -85.82044149084997 -64.34858893234414 -5.774617682111079 -3.949817239322742 1.76908627282507 1031.349393594815 -55.26254754400669 -17.67244607054137 -2.626042557333347 -79.5947445208751 -41.33336327603219 -7.981663204594183 -95.35071318560365 -10.22322716825054 -8.906628525814417 -39.22949323808341 0.8389890176866497 -6.190122030627222 1.429174131690787 2.514188637966069 1027.929441779476 -3.41982759817563 2.735113358158004 1030.101784809492 -74.82838244452135 -70.60519307168143 -16.63971082184845 -56.87876529649289 -13.68517846782315 -9.352029084426306 0.4300975135821477 2.590710487226886 1030.288161092549 1.500570040868243 2.186945838544315 1029.502333972256 -3.039885589271214 2.131380451075337 1031.447456748793 -2.936359329609271 0.2785200247105809 1029.213739133715 -45.19152969552903 -11.2552341570155 -5.667919617077019 -49.26826971426675 -9.226610395446652 -2.95447638679857 -44.01655474600653 -0.7700171026837528 -5.468750889534226 -38.94341500097981 -2.292006161024872 -5.543666627963847 -54.67328017624744 -23.54532587494783 -4.053610883411227 -23.55868384713837 -2.6626140923394 -2.84597637794635 -54.20574504790552 -19.15730834845819 -2.637281979859325 -29.6884779183919 -20.25478273528848 -7.139105218847347 0 0 0 0 0 0 0 0 0 -62.08348915668024 -38.91772370958562 -8.191441819824274 1.386531082177299 0.5061047793541656 1030.277710477449 -72.24176498524999 -44.49802894604138 -20.71999167527426 -65.26535377758093 -60.65696652558231 -20.97670301301862 -51.2092262505479 -16.19870022275452 -0.5291711790226316 -40.55033769781119 -34.04346003463035 -0.7158070554802397 -62.82665826988708 -48.20123257864628 -10.32370958292874 -83.76257253777301 -70.10901988904808 -7.532384432593092 -4.055824896008744 1.353612555645957 1029.566916650203 -24.44962758741254 -8.753495005439484 -1.950043838598383 -26.81965064360782 -18.26474636695557 -5.321801151998993 -54.59353423251713 -19.13100016870141 -2.430609229829376 -89.63345261987492 -69.54103229720111 -9.057958740901544 -4.056831383761463 1.593201697946177 1029.555480994938 -95.21315842834714 -38.42167264756184 -24.73827440877529 -88.3556474675166 -45.73274403866695 -10.08550117294024 -62.99770903468351 0.009443747714320456 -15.99587413519027 -34.11303146424594 11.33695955806126 -13.77403516152469 -1.957359622924705 3.822084335647779 1029.538204598417 -2.463834710642986 3.711110273859328 1029.523706767045 1.437054603322845 1.967445892288503 1029.50432028489 1.504382247453939 5.170538096147287 1030.854829447244 -1.685355184773604 2.656642942848292 1031.564311980394 -3.682671742215054 3.019186966721138 1032.366465892752 -49.27001042996896 -19.61522920106287 -0.6470317068315461 -64.88028475511646 4.002316672120265 -18.01646184024552 -41.18730958765393 9.812206844438734 -10.36528721758558 -35.98964236083477 13.82704761665574 -12.81019993749109 0 0 0 0 0 0 0 0 0 -65.94830232894562 -47.15152796015168 -12.63699086351251 1.57727563651758 1.655601196529451 1029.504668608736 -54.06636018509044 -18.36631068961399 -27.96444831331191 -68.51217397342337 -49.63489467128971 -18.74852372281311 -85.4484399317263 -44.9058630968856 -10.72465642323508 -55.61242894154962 -50.61507230523214 -16.28948753528401 -50.62487349057162 -16.56925598393181 -16.07890956121626 -40.95452124504647 -28.06985186794106 -2.874767031755842 -89.78826584772443 -69.20471411138362 -8.963635735124695 0.7828414498370247 4.453995990397791 1034.809436923642 -50.16958069266232 -21.1397209719025 -16.95117787431714 0.78591618008855 -1.569299511042873 1034.799441933034 -90.64453408384772 -34.11594788163796 -26.07187178538383 -66.40438317806048 -1.066155416326004 -18.93508113790855 -63.40667354942498 0.8766127366499691 -15.91753455944287 -4.039853200835354 -0.7711293373884807 1033.469667233152 1.310378955654758 0.2266764358716307 1033.690112607124 -1.408047003113941 -2.538184483617755 1034.092524210536 -2.81593791381531 -0.4407616480035265 1041.247563496208 -1.333803434663491 -0.3148706067667619 1044.006655475567 1.685943619647082 0.01265658185776791 1040.689923162963 -49.17050789579329 -19.13779091756184 -16.00784708471525 -44.47597759101501 12.63431365256028 -11.09764402233112 0 0 0 0 0 0 -53.49337645393987 -22.02808454177073 -12.74745254956557 -3.706362613113427 2.711440094209272 1033.979459986283 -18.47693527299764 -21.3135795297147 -24.3212414382821 -55.14171926221063 -52.69284821347857 -16.73875149431152 -73.31149867988394 -48.5372949195754 -16.25084898837295 -80.25516936076926 -34.11970072953123 -24.36433002543741 -1.137746543568028 -1.043663294974547 1042.43596535145 -46.37798258550072 -19.31404559521395 -17.43916891671714 -0.8043987245743838 2.935122339341174 1040.682865410785 -65.12363426945416 -2.677666284487269 -18.69631939510657 1.947742530696402 2.580886881263401 1042.396915305834 -4.197171993351263 1.029588919037592 1040.115746234702 -1.771805669443497 3.13487437334243 1041.125844856889 0.2152759982464336 0.6227633694600345 1043.611862436045 -2.004709667035764 2.583726353694124 1046.281389349203 -1.552741773151867 -0.2629552417918866 1043.099570959684 -47.02752995828779 1.453573022808501 -12.88033368466897 0 0 0 0 0 0 0 0 0 -30.54535092403962 -33.07862372480758 -21.35317217638813 -0.1269040092048047 -1.086976848509846 1040.295017328561 -30.54629431336949 -11.6898794585431 -28.39999361273777 -0.00752990926559052 -0.007195502267644031 -66.6959505490877 -0.01018089105970733 -0.006740455737619188 -77.02256995328074 -0.01133519205630466 -0.004819046097013984 -74.18251011646637 -1.652466342525614 0.8510393911574827 1043.066324331104 -1.651176933815919 -0.124425482365825 1043.076163696528 -0.009397056128716745 -0.0003863755555347047 -69.5257381730616 -0.2936181735724018 2.803560187129876 1043.426686254433 -0.813091511196615 2.683287588933896 1043.311011375972 0.2598827871264432 0.7441077177350259 1043.575665291363 0.2445208104351084 3.513164334148586 1045.492924439915 -0.1458552883507538 2.976743333317958 1046.17073214662 -3.217683453133649 4.162520392794358 1046.89521282661 -0.006445535306564209 0.0001992249273455683 -67.81595488383995 -1.89373800520366 3.896142147474758 -97.30707937756345 0 0 0 0 0 0 -0.004425745696583082 -0.004792794064243056 -63.44489763349611 -0.5928434961780578 2.601022541333032 1043.355980389406 -0.004425858445820272 -0.001693748878389132 -63.44645297222677 9.640417120654648 -2.211865638986983 -91.83337370107078 12.90180738217756 10.28726314416081 -79.16606778663322 3.393101071593894 7.07043016806255 -93.15485222384272 0.8370624188077438 3.080511673081706 1046.005802162227 0.8559514691260715 -2.272744826311971 1046.019966006427 -2.178208492687077 -0.4949477165515138 -88.59687751919304 -1.805353105998047 -1.269356483129446 1047.061205789333 2.240908705181452 0.3187042539832898 1047.109908367414 -0.8420397881280284 -0.4953268880486075 1043.642470565809 -3.228801867337174 0.461374312370191 1050.85843620291 -1.948899987940977 -0.1783425269435741 1055.021232165006 1.021582170509706 0.1714281481901022 1051.725504347858 13.94050851535948 -11.12375373100479 -79.77278589599912 15.5138082327458 11.13910516359722 -96.29116298624263 0 0 0 0 0 0 0 0 0 -15.73115973793533 7.567040792888566 -95.28418163942278 -2.54153196333743 2.647130720997456 1043.573279649012 -17.18836433159592 -8.27692959224931 -97.26714303032942 13.95332460618488 11.93503905684483 -94.64391973546947 15.50484654780672 0.4868027544279149 -98.41150655502932 -0.6202074758078872 -2.036164147004008 1052.785487609615 -0.5093801923744583 2.45525208143746 1052.007718804324 1.515277022055173 -9.87447231514955 -97.40283542170231 1.835852394187419 1.703079128289174 1052.803895729727 -1.64327227650147 -0.01709915994974273 1050.908157147885 -1.309709404555845 5.224399577202437 1050.720870506897 0.9518062677354605 1.191208888993983 1053.693076337475 -3.538668626897874 2.396117187847603 1057.801004344469 -1.227200261752964 -0.387000865901321 1053.931226971653 -1.890061537138975 -4.908920754268956 -30.89494867929238 0 0 0 0 0 0 0 0 0 32.06977366302048 7.889598728401906 -65.80400579320685 2.151613285037307 -1.172080976661762 1050.822398512191 32.45246940677733 -8.742047210038205 -65.92219384595856 5.585425113678787 -12.20104791352572 -26.50270573853301 -5.012800248377398 -4.288028991757723 -18.35065304708651 -1.186129023026411 0.3559492168139253 1054.189635585666 -1.183273490635939 -0.4424257647848589 1054.196071925363 15.84934097365385 12.05779037745363 -12.49504813974782 -0.3012971138785705 1.48040430325496 1053.966931890919 1.711785192784575 2.165384693661746 1053.410940659409 1.435447691770027 2.594911880707076 1053.515043173084 1.018202130617677 5.439634013591957 1057.200793585202 -3.888345488492054 2.238741182509181 1055.606423499945 -1.959841388848786 1.92877030892532 1056.398346811503 -3.911640048311131 5.40196888972508 -21.84293230401429 2.600296953251088 -10.86396083735191 -25.47207695097624 0 0 0 0 0 0 0 0 0 8.437475267923569 -12.1173630334457 -26.04945824356216 1.629839835485854 2.204436477821377 1053.415706482402 9.00542378758888 9.799385911273299 -27.77562628805529 2.142167635138089 2.146275131121929 -10.20894954750971 0.9764338492912518 1.773573725094386 1055.640242136329 0.990182742479928 -1.828943002282721 1055.647002374669 -1.609762495131559 13.16156353228379 -24.76900233383794 -1.342161875964331 -0.8550681205034246 1055.27405404541 3.869636576849627 0.1183992207539489 1055.127372770656 -0.7441614082466927 -0.3835881404366694 1056.623129130201 -1.365341221889014 2.636028773513972 1060.952288971962 -3.878650966464675 -0.2329002536423212 1065.331304593143 1.711400818240286 -0.04456592494216011 1061.292414662715 4.925278904585206 -1.702136340152551 -3.605839150406692 1.932621548567194 4.991321712865775 -3.121894682704654 0 0 0 0 0 0 0 0 0 -2.492990460957657 2.218260018523209 -8.021603873908493 -2.099453352814805 3.029114178138901 1056.509072375457 -2.175001750332759 0.5185575166890658 -8.505602146652738 4.549844305061919 -2.033011507013653 -4.079887133338695 -0.5227101449628089 -2.469551419125728 1060.805448944078 -0.6355272901781323 2.683966489553746 1061.272119940061 0.07436207349433369 -1.46410288440336 -7.522726926491699 2.980637633979426 1.677681013552016 1060.784883466554 -2.400570402584077 1.1103801513879 1063.011883309782 -1.023014796444685 3.684479974262399 1060.894640659565 2.873253787824371 4.261923042023194 1064.507448279527 -4.619463765814559 2.603052587327553 1066.949567160635 -2.433022572325515 -0.4673558188103256 1064.382731576764 0 0 0 0 0 0 0 0 0 0 0 0 1.535398958867575e-08 -1.366196211448702e-08 4.940396856438834e-08 1.219496308573654 -0.8591947296395024 1063.144526392815 -0.3158707170729127 0.5944027550319052 -0.6830257099974801 -9.09046855463128e-09 4.06190320735814e-09 8.151506558322866e-09 -1.752430154968173 1.762582543961871 1064.380491866623 -1.743177107380495 -1.271511359204627 1064.375765731321 0.5885215619305258 -0.2690248888584764 -0.5592853248530008 -1.443750697042855 2.127275723775958 1064.358860459848 0.06028499719910851 2.417152333751931 1064.366461416849 1.536270960148495 0.2662641593678801 1064.479798468725 3.493321182431193 0.7456899273392966 1058.945181626789 -3.154764307707548 2.66922817440839 1066.370314211296 -0.823941601831146 6.077537372680302 1061.237278058453 0 0 0 0 0 0 0 0 0 1.655548735399871e-08 -3.115397142635788e-08 3.579889775508718e-08 0.8643300964479914 1.970295646587647 1064.422344427978 -8.667483185470253e-09 3.96207862462159e-09 8.236904920088388e-09 2.241514280970728 3.30650940949698 1067.136948710665 2.240578497265464 -2.842389741345788 1067.120131871773 -2.170060404260766 -1.406862697794634 1066.372849107474 1.96906271258702 -0.6648382975003551 1066.45375062828 -0.7376090005632258 -1.73180313711031 1065.82442636121 1.743432591101932 1.877839979404205 1061.376358946696 -0.3211528391752518 4.675541805026303 1072.013309676008 0 0 0 0 0 0 -2.727389472405777e-08 -2.587562238500066e-08 6.369484745169363e-09 4.6990198306336e-09 -2.835091342146475e-08 5.278359086616942e-08 -2.176567798891158 2.028253693743345 1065.707400383243 2.268864095176529 -0.7371217098305338 1070.845504933372 2.272304879516581 1.478521284098485 1071.427414637822 2.268784383704759 -0.7373136131213031 1070.876424919137 -2.908658902502542 -1.680873015557606 1071.689981864652 -2.420889525557472 2.029826759636866 1069.584958107977 -4.240870472229647 -3.305693725546911 1069.283514538725 8.13061987179926 4.138176004563925 1069.115488366484 -0.3502245107732092 4.687079719699 1070.555367061294 0 0 0 0 0 0 -4.438328528469675e-09 -3.160080848920279e-08 -3.226560796898581e-08 3.303308854576069e-08 -1.325692769321546e-08 2.72443912448107e-08 -0.5842372761763949 -2.989469607073656 1071.774804418159 2.287155270437133 2.02747044973272 1072.619893346202 2.286700393534437 -1.056089124895386 1072.618341321844 -3.071957666734465 -1.84731744234537 1076.646915460244 1.667568009856025 -0.9977492739955578 1076.796861205858 -0.7443439254343892 -3.293739470336612 1076.253561623703 2.178862074919817 -2.115489224448769 1083.005514652217 1.527236942553536 -2.514764859761619 1082.709890753257 -1.698241848288445 0.1025547070830102 1077.192649751009 0 0 0 0 0 0 0 0 0 -5.019584467494645e-09 -1.399606305497197e-08 7.018094425156664e-10 -4.37100540692962e-09 -3.156159390351075e-08 -3.251949957914038e-08 -2.453760170883792 1.167182212528703 1076.183805954537 -2.598526963652793 0.04464297334359548 1076.475548597047 -2.627112735531686 1.273194276801152 1076.510200167579 -2.687687616283415 -0.0614730196521612 1076.526825805431 0.6254601310841547 0.5014696562778724 1076.610579174106 0.8404856202535518 -1.38106775472087 1076.397476440246 1.787469577278555 1.256958890258864 1076.774613782421 -0.53930076639362 -0.0801236202626346 1076.418706639136 -0.07546270108113834 1.905877635379239 1078.49178263948 0 0 0 0 0 0 -7.768691155959634e-09 -1.912190801895744e-08 5.02426334435504e-09 -4.898076585034283e-09 -3.004312371490462e-08 -3.508752511079314e-08 0.06330636165734041 0.8260507103030972 1076.413424766618 -0.9867622340794817 -4.982674597111013 1080.972950263764 -1.919845922672138 4.018950814617003 1077.617276197113 2.418295358674417 -0.9420548525819604 1081.171310636175 -4.330459778101081 -2.102064449399728 1081.072258863391 -1.593404916939639 3.061686701623967 1079.745449248491 -2.572562183330956 0.566532234049023 1080.090066558121 1.255756461476775 2.854160717281791 1079.555804694106 -1.794970799932069 3.226662189349525 1078.274771402213 0 0 0 0 0 0 0 0 0 -1.26944216757999e-08 -1.698869168233839e-08 1.099957500989804e-08 -1.047475813472242e-08 -1.120516318535587e-08 -5.697831133490128e-09 1.103324823931951 -5.313917515421383 1080.878839136612 0.91776957641482 0.07596608286334351 1088.293109632497 1.012763854232564 -3.174474260696646 1088.248789852781 -1.26997264899523 -3.279640724146303 1085.610444886195 0.7097626604544257 -2.941549025345632 1085.443412409921 -1.740830622262932 -1.960034882796763 1089.379129859757 -0.1183442622550093 4.138601660839407 1084.235007889217 -5.563065319616817 0.9921677540784207 1083.492455735271 -0.2829442296269541 -3.620457502680013 1092.472785500959 8.580186313573244e-09 -1.875431544028708e-08 7.886790289925364e-09 0 0 0 0 0 0 -1.502015354845305e-08 -9.098079526831529e-09 -4.716441028677837e-10 -5.133419656845523e-09 -1.320903062787704e-08 -2.737930977834303e-10 -1.347231347786591e-08 -1.126242980205534e-08 7.528443442375173e-10 -2.488971038282844 0.1888230335777854 1089.114002466174 -2.03222835841067 -1.986984804745652 1090.406122892038 -2.995233134523541 -0.5876200799207888 1092.004338119419 1.128774338865179 1.730310365735857 1090.506838005155 -2.332819760420057 1.280342167748153 1090.516558725952 -1.384760195592042 -1.349274692270101 1088.260072462722 0.6645346059772467 -3.928451676068415 1090.912086593927 -0.8976515237461009 -3.771268175820587 1090.127832701633 0 0 0 0 0 0 -1.336096001559899e-08 -8.965142733919809e-09 7.178200651397779e-09 -1.231421023997335e-08 -1.196075060169497e-08 4.048554199413551e-09 5.246939925356142e-10 1.285800254223357e-08 -7.474181676139575e-09 0.5880652008488979 -0.4470545366095344 1090.255919666389 -3.281263190415519 -0.1969189860932615 1089.451681160017 -3.268265804953721 -0.9879226888856693 1089.564371225139 -0.8729213161533389 2.525700087127028 1089.481853785556 -0.8260068070345984 2.533362550006536 1089.440213251942 -10.28878233390542 1.669424839864617 1089.517858957202 2.684237606648054 -2.695477002589105 1090.198596408518 1.439513185717115 -0.1488184548191106 1091.826009478579 -2.187152839669738 0.2539891158328395 1091.080233359834 -1.539239526883679e-08 -1.945451946402198e-08 -1.231240550948674e-09 0 0 0 0 0 0 -8.745014614431495e-09 -1.28786197465273e-08 -8.801771381404128e-09 -8.945892578026318e-09 3.27547900990511e-09 -1.185258633331178e-08 1.198384104744155 1.358039110606424 1089.195259483104 2.227701332530938 2.056507038636177 1092.819979184852 2.22666293374707 -3.076538474962113 1092.916760351809 -2.555071661614228 -2.575935207817261 1091.619761925171 2.47814200568068 -1.722614548066275 1091.531218802816 -0.7117819552016782 -1.533103995789551 1091.103718465 -2.530623026082523 1.399743606369771 1093.79306174915 1.742511313995212 2.349934491726824 1097.904306558462 -9.856111281535415e-08 3.743080846567532e-08 7.735700519424317e-08 -0.5724863487839245 2.641000749985378 1093.840658181014 0 0 0 0 0 0 -3.366982277744085e-09 -3.311711833389459e-09 -3.073094520793338e-08 -4.604753365259546 1.664572331058144 1092.69471094437 2.355607084708653 -2.458874751802243 1097.965532130411 2.344888515932566 1.637602954995563 1097.351639405176 3.206030647648964 -1.487066863566166 1097.85842164895 -3.655356161076871 -2.637508987999725 1098.913970843621 -2.392445669282341 -3.98633247420806 1092.350324930065 0.3358949502104527 2.898139218905359 1098.261324551831 0.4635223121790417 2.882052883432965 1097.401375761121 -8.658705275524826e-08 7.292384413617305e-09 9.710791721314683e-08 -4.172627904166845 -0.08247248167320853 1101.149125939974 0 0 0 8.795689049229596e-08 8.580975562448719e-08 5.73257932567628e-09 0 0 0 0 0 0 -8.359523881334272e-10 -1.070816169316249e-08 3.230711575241578e-09 -1.606563232342132 -3.801589110089827 1098.684886461321 2.436505504119146 0.695914871639849 1100.238851806535 2.435872865468997 -1.949147439010816 1100.240698273504 -1.270433907326481 -2.152812606170658 1102.675730438991 0.439544440112433 -1.862897730801341 1102.590034395414 -3.554003830117002 1.815296408047319 1101.035437320587 -4.158879480523198 -0.3173990199189769 1104.048400052778 -0.3264059124444231 0.5452617407630259 1099.825644800093 -1.409730552339871e-07 6.946660592053332e-08 -1.14935673866193e-07 -1.12366090987959 1.606334066759744 1104.128832352745 0 0 0 -1.21791417492844e-08 8.292167451330137e-09 -1.247998657921784e-08 0 0 0 0 0 0 -1.54039778611694e-08 -1.045969379532854e-08 -3.473525541302097e-08 -2.547724613577226 0.6718339599936999 1104.190782063516 1.445270179990975 0.2837649415151761 1098.962801834719 1.445511165078305 -1.534318657325842 1098.963786956481 -1.539255654174678 -3.218108791360197 1098.927840796318 0.994438335034042 -2.74869162187747 1098.881189592183 -1.903284143313114 -0.974046961325666 1104.141054645471 -6.239312049790878 1.196520691211876 1098.692058297274 2.41954851793424 4.592578934509745 1104.543059095038 -1.324034670180788e-07 8.679019028778246e-08 -3.711770373438472e-08 -1.603204521873305 4.177610291050978 1098.754544940312 0 0 0 0 0 0 0 0 0 1.838936556946568e-08 1.273322621105904e-09 7.524306433010545e-09 -1.978195880202066e-08 1.200495129045282e-08 2.496670064000837e-08 -5.259966747937931 0.7406799092367208 1098.800799079946 2.863632415546796 -4.299292653332636 1102.570850663695 3.089765476440792 3.78685872202326 1103.654664622974 3.346360026694776 -3.727186605044621 1102.554116418978 -6.731614480990014 -6.847981321401356 1108.229538100398 -3.845885013636912 -2.783790552557905 1098.773525665885 -0.9798562633091253 7.015861418996352 1106.92798654289 -0.3796976584925373 6.940782140616022 1106.011967229716 -4.194780377994914e-07 1.39772085302968e-07 1.338448084403538e-07 -11.8797472972702 0.838966978405981 1110.73997843609 0 0 0 0 0 0 -1.127619210207264e-08 1.266745976305554e-08 2.93786255709025e-08 -1.464647508009445e-07 -7.621361527245037e-08 3.67326500295438e-07 -4.311586902883326 -8.165035182615156 1108.154051893892 5.446975209443826 2.266742111547347 1111.54293063317 5.448113312702508 -2.082382486812143 1111.567849201145 -4.451391316323212 -8.502595844649505 1115.385033148098 -1.052294628527018 -7.875852906678326 1115.420294435759 -10.40267867756979 5.526438983427185 1110.842239680257 -13.96569012859274 3.587868842841675 1126.990409521939 -0.8441925603408387 5.075441008763611 1110.751542429883 -5.271938987758888 9.204538819344174 1127.206506674571 0 0 0 0 0 0 0 0 0 0 0 0 -1.525106231625058e-07 -7.401586875945451e-08 3.502916083711443e-07 1.808049479969101e-08 1.732096589578626e-07 1.756394118784969e-07 -11.5822604039209 -0.2136979241279561 1124.268526136878 6.651224328245833 3.097888880723178 1106.343934479981 4.613288387809224 -1.485196367322595 1109.882873184529 -5.045440999778647 -10.79976015117597 1106.762814446192 -2.903280435993447 -5.397490675176696 1119.800243817258 -9.991116055138294 -4.147809238556222 1124.173001936037 -17.2100469648793 5.902915371556836 1115.149674132611 -7.693200127682697 4.637771612691891 1114.416157303011 -4.986322065323417 7.247271167151127 1128.769415266207 0 0 0 0 0 0 0 0 0 -1.510130562469262e-07 -6.530583659363436e-08 3.348999552283644e-07 -1.555283901795393e-07 -4.349687788969227e-08 4.768145445130597e-07 8.02677974944202e-08 2.093448531585886e-07 2.263795783415731e-07 -13.71152156980477 0.3121124207603415 1118.59350667902 22.69010190554071 -19.89453043749782 1075.935230320566 21.82329908472909 23.18523438884958 1077.407625618275 25.73681623205868 -16.26638156694908 1076.439307509334 -29.09968190716662 -25.65626217506037 1078.163710711743 -7.561462473550149 -0.5530518078899658 1127.665769928328 2.80258105851998 35.87055869266992 1078.895772057235 10.33799074042626 35.55626446912258 1077.274439989103 -45.21715158078573 4.202684875785747 1079.467396989339 0 0 0 0 0 0 0 0 0 0 0 0 -1.53129156619701e-07 -2.643844499135837e-08 4.583231951591627e-07 1.825771953698692e-07 -4.01913606967553e-07 3.486354660838097e-07 9.685629592036002e-08 1.890189997647302e-07 1.00175471123531e-07 -26.37090286933689 -27.36570394454415 1077.542457356328 67.59930411224987 3.750320131642977 1137.67950439642 67.72945111842819 0.8041451581458239 1137.672409709464 5.945491214650548 -61.12298079565107 1118.988012037201 -12.07224948626409 -60.66294604375805 1116.032461520804 -42.38147838599035 14.32732887796643 1079.322563567115 -46.16402651846404 54.14720945210946 1128.774474013786 17.57587043147022 64.03422356269435 1161.772872866117 -55.51488631597702 44.82404943918765 1125.829131417343 0 0 0 0 0 0 0 0 0 -3.000602558023073e-07 6.379856526182341e-09 2.714292043454423e-07 -5.002416478185827e-09 7.54760969453656e-08 1.699116312890937e-07 1.691538188359303e-08 1.62304088198012e-07 1.26988708312533e-07 8.898175537383413e-08 1.668254587518301e-07 1.440983414302443e-07 -55.69547238139319 -33.49423904147012 1118.021073106966 67.0563542666539 1.421791843698317 1138.854582208697 78.35547722239009 -41.10954053842941 1060.382051314106 2.087978304207408 -57.10925085545544 1097.606161792826 -83.05882301353736 -89.28467864100948 1242.103430982432 -66.4241393609009 -3.386481174853696 1118.12817616368 -46.28541674264422 52.44154807394671 1120.773249183696 -40.37758624941009 101.8189121982574 1103.423890963396 17.12069975175739 64.01658378581509 1160.188957558521 -127.0751774426706 19.08728737685633 1264.825188100418 0 0 0 0 0 0 54.91386650652571 -15.41641928968149 1143.057811387432 -807.0247040256468 468.4988012648432 601.8515938233732 -1007.037828753513 -24.32313483783057 394.0551532776556 -685.2165999179488 -296.6786210364061 360.0016768432296 0 0 0 8.494586045261156e-08 1.26302840056965e-07 3.38404136016504e-08 -1.75527983704162e-08 1.141565945467692e-07 2.722745958773433e-08 1.16367069757715e-07 4.175760935447336e-07 7.848582443930291e-08 -20.8217468535647 -122.3905269234609 1227.628192738216 114.0130341948921 -158.0492721924332 802.0466352254126 109.8357611796008 107.4303923003026 738.8310772884952 -142.9584365918562 -77.67239078124859 1182.511582478531 -97.69211512537832 94.65506713393204 1247.764681549762 -161.6881540110967 -27.06097196838613 1209.594901717287 56.82749552462429 178.7925803227287 745.2834675253611 -7.481605083533743 217.9268153842017 691.899108491739 0 0 0 0 0 0 146.7968504186315 -161.5184904562358 719.3641136208188 -509.0875092661764 601.4818684289571 885.1934462607283 -929.5831463684781 248.0735552763086 767.0329540207346 -844.7230537509705 445.494973074324 594.5568898181419 -846.3358605837102 -478.7355751582143 903.8961627004502 -458.3844115019777 -357.9871956599708 414.5674533669783 -586.7934157540921 24.9290392676644 584.4459093602214 329.0735524003658 718.2046241453918 567.7490430069406 467.5661283846986 560.1155954005776 676.2046540449849 719.4368010599705 411.9440630215324 521.793794583685 -339.7320511845918 738.224041572772 747.9248012738454 -685.2966425195208 258.5249029043582 415.2387529457146 -692.9798646902486 -701.9248846814542 422.8173049796786 -325.3383656718407 -699.563173051589 419.4295206416145 0 0 0 2.465500273821526e-07 6.982288003625725e-08 -1.966767764115798e-07 -4.973480030073926e-08 1.225220828295024e-07 -1.786604534297454e-08 4.384537835098125e-08 -2.513957127210403e-08 -2.432718683035967e-07 15.91328902809673 -254.3454017733805 830.8818106428005 875.6409758825714 -148.9505098788443 1320.709854084361 189.6123076119456 -70.8673213211131 744.943186785693 956.7472186129462 95.37077228975525 1320.826171279808 -67.06664358813475 -248.4231040073901 717.1684525703782 -154.8770430000377 223.5518480002779 818.6248511065684 -233.1833557997023 126.4604398969598 688.185560865626 742.0124460893533 1116.350332483281 1795.96713362852 104.2583383892687 168.1074701894013 725.5844652991218 14.12879736862373 582.2414119920516 1100.605276123087 0 0 0 478.5114806973236 -507.8321652710021 1226.812188557406 -400.7604431977169 521.32612563352 746.2876440121814 -228.8008689121957 460.8249043533618 1209.341033767273 -510.9223836069244 306.4148454326002 469.1835617431179 -912.7230722926373 177.2942516006172 864.3639280313133 -623.5190341366952 179.9295044032297 423.4347359515063 -673.0837130478669 528.2590254514956 838.3059846169907 -910.7869041250972 -464.292671133188 835.6545528888338 -701.9608868181738 -304.8031874292093 673.6584370756731 -951.6504088753695 -275.6975193133901 734.0727034282453 -379.3368954773001 -287.4529869733279 511.4475211470985 -386.1159144267101 -127.5107953723731 344.3156041336198 356.60694533873 791.9904556195725 630.5287865384975 281.5033987946423 348.325976080333 969.5953491728776 680.1945422343211 374.0404189505639 501.8814463389719 -141.739747701478 600.7037621178753 766.0682421324423 -307.3557357955451 -855.8725293267852 696.3649511771339 -367.2930284723565 -538.8760147199677 466.6461773681757 -107.5911005809615 -555.7144517427874 524.1288353630362 -1008.066847267299 -975.6967413324272 1531.701580339455 -1448.66227161861 -2.088396588832775 1556.225144539197 -866.8190111308178 634.1742562799088 1556.745230579066 -811.5889607379854 706.5909720356051 1614.622301368577 -1162.524484062294 474.3117597526004 1126.160685434054 799.1483294052643 350.6276962757271 556.1299603638955 -100.7197458713763 693.4156055459483 887.880049615111 -431.7069171534654 -818.2854289943243 767.3929998763418 -1302.61544155057 409.1594888558295 1806.887196051913 681.5166854170335 373.023283722312 538.6648507278956 322.6887137880014 742.7306351558501 582.0815320563649 -44.69447792301235 -878.397643223948 571.3360953222372 256.1786128894904 -686.6971415297508 603.2172132590883 292.5237582258546 -747.6374884778376 647.6987073113715 744.1451722061108 -311.2117311718127 473.7245434410808 697.5073883763881 -236.2233689716807 477.0855248316885 800.0044779731065 -325.1278866494321 567.9811891129305 685.5948656968729 -344.1448416465864 546.2493956642097 -241.6893440580336 514.4526025760149 1301.70651284912 0 0 0 2.225446991146207e-07 4.342491069560623e-08 -7.324841741692972e-08 -8.273674344668092e-08 8.953296706722395e-08 -1.842692852351129e-07 1.002462196251169e-07 -4.948008696855115e-08 -1.922236399782413e-07 -160.2105613066483 -195.6363723638725 747.3348201954643 846.5734270396749 -230.7440688788672 1401.833772236272 606.0855317507946 -300.532403173456 1322.070877955452 76.9306681044817 -8.770125791940879 781.0514005175427 1215.272684257275 882.9166266114099 1982.107278936157 -189.032259413351 -1014.081999002447 1466.450487440635 -275.672947824047 10.99936983445451 720.368192374884 970.3975276825703 1002.681227392096 1626.008973119672 164.3454743572428 558.9999377867032 1193.151677660268 0 0 0 120.0886916856952 -1085.446450108818 1675.734890984758 -312.6201406002813 313.3802499241888 836.9745402297326 -303.8056914738959 496.2208586343178 1208.10946991883 -402.3870857953622 230.3208355128236 568.1167542453804 -456.3102358154481 115.4827260400538 564.3517636021519 -592.1822224729186 -32.44044610623398 1056.748826877269 -1210.681860332504 -498.8336900973332 1042.715927162043 -370.0613645661894 -31.03802418288724 338.1733931896275 -947.5774122664981 -218.3049019754097 818.7531844050847 -283.8600384952069 -233.5021202480457 244.6785346990107 -352.5001680200528 -69.19955221057643 249.2355089270172 303.453283858324 677.63702145633 539.6821452806602 205.2412635939057 429.0590686319439 1158.455068790681 126.3073814512794 168.5747730709588 393.3540208608319 365.7616371210084 207.4649172628379 957.2338463129533 -132.433115456275 553.437748665683 898.2844061488908 -136.2640720178506 -771.1010827594374 897.0650623277984 -226.4279440424857 -372.5947715198993 641.3225295698753 -138.9519026255124 -394.476372454509 639.7594618796063 -685.6403941798927 -1133.333408275735 1737.629995915608 -1665.606713059131 -641.9552190900245 1808.869655076073 -956.7084301863918 510.6743631168118 1646.031035707852 -46.39256924070123 40.39060679830899 1184.04446417866 -77.93076191511696 24.47852965214271 1295.081959049975 424.640259556022 194.8271172441714 1124.381052911356 -498.2342457446642 -673.6319982783871 899.5229889011539 627.9998965565289 58.4903213680194 769.8159730612223 104.0591232737464 -725.362108464145 633.8060384107789 418.0057847016849 -523.5095591176182 706.4492684627071 130.2485296552634 -352.8973845473595 1092.336049501102 385.3790618441996 -103.774672388826 916.8394979715786 435.4466040377466 -174.4167053519075 1096.719276801101 629.6609272136552 -34.17022889193655 771.8521006762292 -292.8924386229579 269.1987613945565 1024.355115901221 -452.460530125688 -1063.583767890919 1175.640325831916 0 0 0 0 0 0 1.818362471715439e-07 1.90098457475978e-08 -2.003086132324783e-07 -8.983317695675059e-08 3.09528578614369e-08 7.572659366765413e-08 8.02917618724895e-08 -7.88379481098619e-09 -2.98674669289911e-07 -383.1755258135643 -967.4671701727706 1583.65354587161 -131.0077728058178 -94.89722685550736 778.2427270012718 49.13677138139536 -13.39283539735116 1318.65882553202 35.27263547187617 -17.4902210155099 1330.761598792455 4.397302518609092 -0.5012941806386516 1204.613575704094 71.08478886072744 51.64432871512732 1341.415005491521 56.79833973749349 58.68793703321607 1344.555249478512 9.430483847111741 32.0765746939575 1188.324044160043 6.830966037904469 -61.74309781027064 1185.488052945952 -133.1396480931596 223.3979188823411 309.4081645917594 -164.605511482871 273.5068623889841 879.293516549874 -86.08721876729236 -25.80768441142529 1066.190714674542 -312.1641524553155 169.6228273550974 296.4181713975791 -325.3683741045791 112.2920685924829 247.4090468082287 -100.281103202718 -69.01011316961343 1196.760035459953 -356.4267142184789 1.029653710576572 371.6163521322531 -99.66801156035856 -38.41387027072197 1378.099362505129 -327.7028302259531 -385.0776594993523 1024.569248568406 -175.727815060124 -293.4971542760658 370.9781390025464 -169.0328857883664 65.80989095021144 517.2782236811044 236.4186547143226 336.2891350770499 914.3132419787914 149.8217593141662 122.2409638146635 393.042810931821 131.9261872336259 145.8053373761798 340.5993379706063 170.6163893117184 109.0545913213639 410.5154698278039 -68.35362467774503 333.6875074920028 924.994262804738 -189.3664335879323 -216.0871842445678 300.1101092465607 -26.74856105938152 -265.1693386051817 318.5256016173796 -40.4979646166535 -66.94135388875553 1344.921524961388 -57.48435488180035 30.68415140099153 1311.212504101703 365.5078011709331 134.3896257578001 980.0872584216127 47.21783243413729 -323.4741653457863 1002.688519410308 352.7946819649281 123.2577480055671 933.7949539154317 244.4102136863003 -249.0053200332136 974.8393827796599 14.95277999327558 -389.2576770668642 1006.119801328328 184.9301192737138 -14.77098530425253 431.4214787429339 273.968980999626 -186.2922230366564 974.7617285019361 387.2301675644523 -92.09162937458827 903.0566265880411 98.55791476863467 97.38223985131505 1018.803315025151 -228.3553561709675 187.6980322678201 328.3386541585443 42.65984766728038 -118.3421394618881 494.5032018108757 0 0 0 0 0 0 3.170816509099579e-08 1.289888838798081e-08 -1.294630231246048e-07 -1.292966708070275e-08 1.852877386975172e-07 1.849433488318893e-08 8.061323116406482e-08 2.13534717996464e-08 -1.109965210743428e-07 8.264069327383814e-09 -4.681450800431752e-08 -1.762443381590097e-07 -22.72574441775094 -57.37947796960476 1359.786677780763 -7.486616980731108 -5.423030823169474 1205.463755013152 62.08017152494505 48.1748644511332 1143.514823270056 202.3954217686957 -109.9366497546414 975.2979548887566 2.498429008529874 -8.101011814736042 1004.09424966925 167.7783490813146 115.5786900807713 1051.229281012412 -165.8329722725735 -13.13874927016388 1065.596265669902 -11.44813022108168 187.9320656870295 431.4554194081975 -99.27169752397145 63.10979131718688 1045.907724091794 -285.3136799070861 162.3121866977344 268.1370347429003 -283.5477709811463 -53.76485590970825 272.4536569137843 -248.3208173838543 -38.18008452616566 857.2804986426252 -203.6639806564149 -28.08310550859004 649.2508811112488 -71.91666879376093 -41.03353468879946 1209.648016542068 -209.7216214768095 -65.92826474695229 142.4644807642851 -70.24067617265656 -89.95397470478785 609.0766224575713 -38.81108012899058 -20.95689388866327 13.11686996612022 109.2460193416715 157.8282716490339 357.5408051479305 161.4560760733102 304.6751810943912 956.7129009849187 250.7093442521728 118.4959230763841 82.97461222414664 81.06954318206392 207.5520471261805 121.7292531267551 167.086739718564 37.62299269775116 422.8994487562773 -97.90069380538603 125.2423247321758 372.8704551536312 -109.0252417015996 -275.0999230770841 130.8176194597635 -60.65261699407444 -260.2265267610011 210.2440521827279 25.80477978139705 -261.6437032031131 717.6550395455452 236.9629744121312 -38.40356512380125 414.8221917437481 97.95839406548477 -136.9350370559561 541.0838777097775 223.1656657619019 59.29492658527963 421.6844667988891 130.6401145782676 -105.675490826728 572.9037049077114 -215.6618897933494 109.6341515031052 450.691083109862 178.3966945879041 -113.8064547121925 59.77343820216443 -5.281530249608607 114.2511732091787 377.7883703332491 -17.86077062434406 -17.36194281626317 49.07637546607468 0 0 0 0 0 0 4.631649526531216e-08 2.503905039519401e-08 -1.446182914302641e-07 6.382950925806167e-08 9.777888804584204e-09 -9.868506071063934e-08 1.511339988477088e-08 -4.542078117229223e-08 -1.817009365201893e-07 8.3128402284346e-09 -4.855723989448724e-08 -1.877844431209739e-07 -55.17330702005008 -172.984015304207 1029.195312932105 -0.2633310441049865 -8.943864260775365 1004.262857322575 148.2055239491916 63.6723471863675 904.3283606812282 121.1469303100676 30.77744794970231 876.1607609852063 -140.032304143804 23.52370322764255 133.9138210331784 -17.42059419253809 168.6653748469829 430.5198567790169 -79.57006216054408 46.89060336612535 839.0406283526222 -162.400182701268 159.4391645005686 427.3590432909251 -147.4780364340737 -109.249918797708 458.9745800719254 -144.1764042632895 -177.5077394868769 859.1138008310479 -149.7643837988788 78.06511450217661 264.9716249813648 -42.3923223751286 -14.11094007926201 0.4365897959233691 -39.97003379359107 7.300248074235132 12.64759226616092 15.40202758738601 118.1007479250678 408.8805732299217 159.0313187688811 -67.11096879933631 287.8936344935803 7.579083538549284 154.5093422867063 203.8695735290453 151.0967071249441 33.90540707518461 378.9186616064457 96.38556562072867 128.5814073347201 108.484551006873 78.4932991168307 -252.0425202683537 298.0862870276538 -94.66051329580448 -184.4178399345612 316.4076449033084 175.8391194649764 -135.8213100807857 256.106431348237 -55.52910140729409 -129.8077731913799 345.3867016099571 148.8727853710053 102.1830156139899 151.0899322490231 140.9440611384705 -46.69474644202737 387.5268012606904 183.4103719458748 -74.4063269145653 153.3605569647814 6.631650023696585 -150.5040321652196 86.08623713508393 13.14778960850581 37.99067782063438 61.28920156555456 168.9588511770029 -124.656860585815 41.88192766511111 18.00188835937281 116.1821443748718 161.0261325769951 -9.614739238256382 4.944596436005237 1.260538046698343 -32.42195938739157 -27.30089794118312 0.589571842942188 0.07588901459459557 -0.07860354900100328 0.1644389669763792 12.0404429882259 0.3243215991793766 8.1486656992998 -3.081672295894676 -0.9241952208914602 12.67390496177569 -0.5949907509380181 -0.6956867103433971 1.367981732490314 0 0 0 0 0 0 2.930401218372987e-08 1.815707289205849e-08 -1.082513311559115e-07 6.334435572362068e-08 2.831191737430791e-08 -1.388962174262437e-07 4.921136425246581e-08 -3.112572047875304e-09 -1.061505898554112e-07 1.038141886268269e-08 -6.679707540368899e-08 -1.662815712334212e-07 -46.23772739442327 -135.6673423085856 821.6199879830851 -6.638001018537892 -8.970892563041147 795.9667367440894 12.13744453736723 -9.873822943284956 392.3654292063649 13.76990491309001 -6.085384271571637 373.1026450734537 -135.9436987864917 16.33997530057303 133.117285556152 18.30708523713763 -57.87282409713639 500.8584598160573 -128.4467366069011 -70.88335962896086 491.1778235159174 -106.167185125522 70.2048497750077 302.1112271976582 -31.45346190493075 15.59698529383484 43.2048137340814 -32.55316997657826 23.83395547020084 40.43997943707478 -49.57619981433712 174.8039305051346 194.3606294060614 3.709691523762496 6.010637536366445 5.354599391778944 103.9396184678093 -41.00096919200708 302.1761602055496 46.45011732710588 134.3676180789881 245.3851881063398 116.9825199139116 117.9163781234235 122.8445838977893 -13.74788657090747 4.852409411453238 48.17159139970229 32.28817911332136 -10.44031093283269 40.24601357025779 124.5422013286962 -109.7102445343493 299.7892461443977 40.71809613742952 -96.7125168400639 205.8609165507928 21.07211949780017 -116.4659983885283 73.07076026350603 251.2670925270046 -24.94030097439073 41.35445801780398 -14.84352904377506 26.45014578395497 315.8827778052834 -8.112873711022518 7.899365430781662 0.02262085393641885 -129.3930191541355 -14.19818280636649 278.7402716521735 -10.0483986612072 4.323842886928921 0.01415134801997986 -6.12853625650472 -11.25736157619429 1.752262201684701 6.742721316377749 -30.9051654082201 47.70181354996019 1.399909076263013e-06 -4.095677048190201e-06 -2.11281440265832e-08 -0.0173689047843627 -0.01207453337170895 0.1918964780198852 2.250142254799101e-06 6.748189030292461e-07 -9.254095292932514e-06 6.390561302827039e-06 -7.919008080244597e-07 -1.009940968554064e-05 -4.219682696920468 9.17183739010229 -0.02029926786379499 7.331733335352105e-06 -3.635623237767639e-06 -1.007094780406941e-05 -1.139740975367746 -1.665660235881395 1.632559897636286 0.9573404711430354 -0.4697672354642161 1.642885068741043 0 0 0 0 0 0 0 0 0 0 0 0 2.947638009969036e-08 1.782618588329269e-08 -1.096531971945474e-07 5.187340666566596e-08 2.204447632122783e-08 -9.541736772660148e-08 3.586574921940747e-08 2.882875486647458e-09 -1.504046126375875e-07 -14.48364599684687 140.1348060633527 308.9505007378776 -89.10993260985836 -40.80930808483244 155.2567608374863 -6.826942158590891 -126.0297642307479 294.7546559043947 108.5938187162919 21.42183121949102 185.9158597459544 -71.42515027536567 -27.40542569094506 250.1103459846892 -123.3914917543454 1.826493259498104 167.3419776773986 -26.9942409164432 34.20821722172182 39.96801562957248 8.936403803376114 -13.63661442583538 67.19408520299912 6.877332447158575 4.494084165146612 -0.00843826311044024 7.52536199435061 -1.855379812076367 5.661993287084647 -3.166552332467114 9.264298610449236 0.0477912279322264 46.23607659133676 133.6471032446233 244.9037347110201 -0.2536890651946216 -0.4764666645245998 -4.760801349890257e-05 -0.06453982915606928 -0.5386864455245892 8.312480984627791e-05 38.6656091251593 -88.53473173309507 203.5132649332662 7.88335950040307 -115.5909362709387 87.45623258681643 106.6271956864343 42.80010234264381 120.0391605637188 -8.104544529690093 7.920658529787548 -0.01462869043482034 2.480000009719717 -3.692359897815646 5.893916074460365 -3.896251954598916 -4.292923196836085 9.750197208196331 -0.3568756082597039 -0.2955706241433557 3.631911924161593e-05 2.555444736562189e-06 -4.706589526626273e-06 -1.991017555628473e-06 -3.450407165912184e-06 -5.249416271177612e-08 -3.044816083955036e-06 3.720492330666463e-06 6.303189867997833e-07 -6.783285148275681e-06 -3.772305566488729e-06 -4.509180395632264e-06 -9.114485298117819e-06 6.333921523086136e-06 -1.04406289781075e-06 -1.052986416767956e-05 0.5475701437524778 5.581328741890125 10.22897267456265 7.905246502453193e-06 -4.155577814846717e-06 -8.825107749457322e-06 0.1157244776427239 -0.4838295274381705 -8.874389722859104e-05 -0.5326812952081227 -0.9376133839413339 1.636444720147774 -6.519808894846745e-06 3.199272038118558e-06 -1.118859695924042e-05 -4.703654625402571e-06 7.003058727396686e-06 -1.117860705512789e-05 1.106537817621108e-05 8.068238143299934e-06 -1.061255502152135e-05 1.030928318695456e-05 -5.73257680668115e-06 -8.804496387660557e-06 0 0 0 0 0 0 0 0 0 0 0 0 3.249503731309694e-08 2.652026194372248e-08 -9.682926567268826e-08 3.534015846030171e-08 1.546601679393948e-08 -6.365266476705559e-08 4.527047114430462e-08 2.45429694273085e-08 -8.404832512418668e-08 2.341867537179182e-08 -4.721794475016225e-09 -1.121530994595011e-07 -80.24434461594436 -32.87316845560041 139.4450735995518 99.30977316495009 16.09928006496947 168.5302080068629 60.27886550883714 63.86984712428828 132.2117285719553 3.991256305627338 4.770900546116249 9.643504821514599 -93.24511469158453 89.20197711178021 213.6091590262594 -2.030938191792342 33.64384212501394 49.66956884554065 -0.3305918303664916 0.1838287905055657 0.2823372414422646 -2.61040530877689 -23.83986375157494 65.71737908062262 6.326035512169231 -1.03825309233088 7.337454543058431 8.313408169648243 1.630395889012881 -4.094436652150017e-06 -3.714673354011085 7.831607228671728 2.196375081775247 7.525117264474231 -1.46843024276426 -4.094436652150018e-06 -0.2596725674027193 -0.4746618241452235 -0.008757090870293971 -0.07032455222933494 -0.536639981078739 0.0077296723952106 -70.46045331184152 -143.9382146203281 89.83471281830913 1.977397640642234 6.241545938671135 9.827272041138055 2.661034747512133 -3.178173639826118 6.73923892850474 -0.9112835051491045 -3.339173285547832 11.95120840332294 -0.3149599538012613 -0.004825362720091353 0.3654681012342054 2.423365967642692e-06 -5.109157285502446e-06 -1.432863705123689e-06 9.350347829583147e-07 4.466793228184628e-07 -6.762727670983903e-06 6.801007270237927e-07 -5.112621739108264e-06 -7.364617606599827e-07 -4.911339336491268e-07 -5.006079990425023e-06 -9.174706919591165e-06 1.075225709081914e-05 -6.092812054168222e-06 -1.98837493881809e-06 8.292845427179816e-06 -1.793412856282627e-06 -5.234662385730924e-06 0.2972478857539462 -0.15967648283389 0.5394968938270399 -8.531677797910673e-06 -4.823756207696056e-07 -4.709284384298724e-06 -3.090710557902813e-06 1.097128979984085e-05 -3.971769688575242e-06 1.570803774208553e-06 5.755822386817698e-06 -2.060061787601547e-05 7.632456603347904e-06 1.169335057108538e-07 -8.856425678605938e-06 -2.562600346606422e-06 1.376585099056802e-06 -4.651050498164584e-06 0 0 0 0 0 0 0 0 0 3.163194070204418e-08 5.376588358608883e-09 -8.005316865660216e-08 1.692326111984406e-08 3.305599107619266e-09 -6.096727457566242e-08 -1.330199961504675e-08 -1.259643371567197e-08 -8.705017739117467e-08 -92.48321271877415 -24.98283379115519 126.5893508909722 -9.281473789206498 3.450890483360722 1.913439353493569 -3.93363856608392 -0.4768835737946474 8.027208047870095 4.907678677809573 1.267595040190892 10.01088527610764 -0.4734080432698251 -3.569651473448352 11.89704305996997 -0.01308829634919154 0.4676947780218282 0.3130772053878378 -1.014388124903369e-05 1.664852505931476e-06 -1.17657049840754e-05 1.345912803552604 6.272234776438114 10.21210338290683 3.155442050068961 0.0522497813311168 7.881542008495424 1.710655851882649 -4.184132048207021 6.421341264743984 -0.2853047104186556 -0.03226876048389673 0.3900725625683918 0.3255130956978973 -0.1706868991201765 0.5001051668763055 -2.592556440673298e-06 -8.183260559471762e-06 -1.288448863336675e-05 -1.581332388997539e-06 1.888644603086801e-06 -4.004824365710025e-06 -6.14882567957717e-07 -6.034659880786724e-06 -1.029401043733158e-05 1.355009892494309e-06 -4.647741808947517e-06 -1.198377510343295e-06 2.091886239676677e-08 -5.003085925313257e-06 4.353227097181829e-07 4.174991451579659e-07 -4.782401586865458e-06 -1.112272773976883e-06 2.025131185194707e-06 -5.418355749668636e-06 -1.294894123018927e-05 1.850949746215787e-05 -6.712183988466237e-07 -1.208652824338928e-05 1.09898914481694e-05 -5.566244385592489e-06 -2.036332285711661e-06 8.018668301251473e-06 9.548600550245616e-07 -3.298407663028593e-06 7.352943624328198e-06 -1.497222913690384e-07 -2.084342633820758e-06 -6.857256969847269e-06 3.567114020592911e-06 1.918450515405256e-06 -4.801757325588267e-06 7.874762786769432e-06 1.961141676690818e-06 1.018475227143351e-05 3.28039404388142e-05 2.724223793252814e-05 7.748331387414984e-06 -2.080819481311465e-07 -8.299584025686498e-06 -2.782970879840799e-06 1.463266488316716e-06 -4.362151134345241e-06 1.946935561204518e-05 -2.306039560169723e-06 -1.208297254416903e-05 1.869895445654397e-05 7.320398216341323e-06 -6.634406181631926e-06 -6.945187681988302e-06 3.270559004164619e-07 -1.670477340050997e-05 0 0 0 0 0 0 0 0 0 0 0 0 3.502674841252313e-08 4.677672721239017e-09 -7.678184053207364e-08 -1.029114693842597e-08 -2.471145926593528e-09 -2.996627439773613e-08 -6.792680577114587e-09 1.227348443340264e-09 -2.739784800708636e-08 -8.050204009583088e-10 -3.870359911121226e-09 -9.243991823059432e-08 0.3208908072075971 0.3020202938378304 0.5324160818197756 -3.75873756962902 -3.71181677746184 6.851496139631913 0 0 0 3.342230045891414e-07 4.051858303584019e-08 -6.820345965064558e-07 0 0 0 -5.442682922582476e-06 -3.201501181940707e-06 -1.176846778157139e-05 -6.943682753785586e-06 -1.149778382112949e-07 -1.734366419957871e-05 -4.085852473887081e-06 -1.602918253632893e-06 -4.022429625906226e-06 6.071579780026651e-06 6.867126497598105e-07 -8.301148201016752e-06 0.2439659487859604 -0.005390466338706499 0.621088561442696 -2.839246899907929e-06 1.488794938166259e-06 -4.362104208548623e-06 -3.764291490856301e-06 -1.223083931400077e-05 -6.276687499869732e-06 -1.61115913797549e-06 1.878313892941222e-06 -3.920616196270112e-06 -6.808746223336369e-06 5.789960808853442e-08 -1.675854983943352e-05 -1.779383937509567e-06 -5.493658192377783e-06 -9.876357464381315e-06 1.124578749375064e-05 -6.702154288107727e-06 3.27508127366933e-07 -1.314243416225328e-07 -4.805563321568288e-06 1.998036489666302e-07 1.68100700758394e-05 2.746329402396577e-06 -6.534940603741915e-06 4.669597441164755e-06 -1.574041294911154e-06 -3.317519047860903e-06 6.106466239902198e-06 3.872033662082286e-06 -1.213354213013121e-05 -2.91194710768569e-06 2.477016344853467e-06 -2.38840250201886e-06 -3.751205264418854e-07 -1.056253823180369e-06 -6.415356279843828e-06 8.894515209190425e-06 -2.213078972598829e-06 -1.21369629941417e-05 -1.849557249014941e-06 2.883544124813014e-06 -2.236242694068976e-06 1.944942941948947e-05 -2.277424968192033e-06 -1.213961029105577e-05 1.866185836767364e-05 7.30309230783573e-06 -6.579864267979831e-06 -7.60681774807143e-06 -1.125971926870754e-05 -3.783180134655054e-06 0 0 0 0 0 0 0 0 0 2.580863809329533e-08 1.12564922602992e-09 -8.116403441413577e-08 -4.78520402103816e-09 -4.237713582421066e-09 -2.118470080314187e-08 -7.025347913168408e-09 -4.159890339414209e-09 -3.214205630579983e-08 -4.455338627245769e-07 -4.193335088210486e-07 -7.392215301337339e-07 2.865543020244774e-07 2.829772087582325e-07 -5.223364647693136e-07 5.667920505808907e-07 8.143176152330509e-07 -1.335959801987729e-06 -3.137031655800825e-06 2.132484149282273e-06 -2.333436768029393e-06 -1.112600815953058e-06 -5.026656740667003e-07 -1.466231622267338e-06 -5.257875830445183e-06 -3.59256435782874e-06 -1.104186518460873e-05 -7.466020066536987e-06 -4.192066182765323e-06 -5.445557212825387e-07 -5.050397321331274e-06 -5.543629133851898e-06 -1.104186513301861e-05 3.978543666852381e-06 6.57972745582192e-07 -1.145929521542761e-05 -3.351254163409308e-07 7.404649234945802e-09 -8.531623522620518e-07 -3.533795960244478e-06 3.166024766805345e-06 -2.790288270097672e-06 -2.914907833109411e-06 -1.223593736677782e-05 -5.276619079928052e-06 -1.34974996498872e-06 2.916043808891062e-06 -2.100001599054927e-06 -1.361022203652728e-05 -2.780596385841762e-06 1.886382127284588e-06 -7.267583222666882e-06 -5.868602005295996e-06 -6.532893575480994e-09 1.291620397064137e-05 -2.930912168963376e-06 -5.154668296962387e-06 -4.055357742763908e-07 -4.86643457933322e-06 -2.621447414186213e-07 1.119887700880447e-06 -2.835525398628727e-06 -2.745503877901387e-06 1.89524855162709e-05 -3.83648830347982e-07 -1.013073637206908e-06 4.969040703547298e-06 -1.484273283876433e-06 -3.039933532676624e-06 1.373999220766711e-05 4.59660221393629e-06 -1.892963106648035e-06 8.930909825511538e-07 8.124502699365904e-06 -1.287038082865674e-05 3.917881953475355e-06 7.460278524981187e-07 -2.035004973322406e-06 1.710306057302031e-05 -2.916272877687192e-06 -1.998934222163197e-06 -8.537459285357309e-06 4.039444555625427e-06 -1.296769455503055e-05 1.659505848934776e-05 3.628378232470527e-06 -1.054952203303299e-06 1.957268288197274e-05 7.680124035741817e-06 -5.365200541305739e-06 -1.281331856392417e-05 -9.598020771703914e-06 -9.282150119724852e-06 0 0 0 0 0 0 -3.313104455922319e-09 -3.811506173501875e-09 -2.212067627500033e-08 -4.664053891128587e-09 -2.269979243012305e-09 -2.224488114142308e-08 -4.789764769330913e-09 -4.790782787245789e-09 -2.758112290251241e-08 -4.059049075754669e-07 -9.59280343702814e-07 -1.076078952692617e-06 1.189163843632876e-06 9.868015801570662e-08 -8.883553794630994e-07 1.526716880828943e-07 2.430514255661566e-07 -6.889459934211526e-07 -3.123704845246413e-06 2.153519872873815e-06 -2.302293793256987e-06 -1.09821713655092e-05 9.149137922240813e-08 -2.884840298685194e-06 -8.479247918275351e-06 -8.212499469220298e-06 -5.362707636129159e-06 3.720634639544646e-06 6.410687919726585e-07 -1.146169946729794e-05 5.7018089438066e-07 5.905786641195536e-06 -2.016212753188466e-06 1.504336274744156e-06 2.362546924245661e-06 -1.148839625755492e-05 -1.987376120512579e-06 -9.138321364781042e-06 -4.675663140380458e-07 -8.325408103131872e-06 3.854504064592705e-06 -7.569576587495925e-06 -1.353759866018299e-05 -2.535353602010428e-06 2.454285829754128e-06 -1.481218857298331e-05 -2.277609619016253e-06 2.467200945316517e-06 -6.281953471190999e-06 -7.334565784656472e-06 2.363433795548499e-06 9.876012469498085e-06 -2.314726144124509e-06 -6.571108013417834e-07 9.642660433160665e-07 -2.876304747666311e-06 -2.989186344012162e-06 1.752937627792084e-05 -1.318086025594119e-06 -2.681808590075737e-06 4.880239618713215e-06 -2.006636137895999e-06 -2.119168964341179e-06 1.43387889768409e-05 3.934614666573153e-06 -2.825280534011361e-06 2.261290054374092e-06 1.03036937948177e-05 -8.616401686013734e-06 3.767386850320425e-06 6.685212708659001e-07 -1.424470644366132e-06 1.711114668082295e-05 5.996548815815037e-06 -1.407273087433241e-05 -1.504722405346678e-05 5.081567177660405e-06 -2.714044593829487e-06 2.113119939866733e-05 4.502057871489022e-06 -9.26655775316935e-06 -1.470225074367224e-05 -4.40840890142757e-06 -9.284575101212002e-06 -1.467734473590575e-05 -3.151051989109864e-06 -5.418551888112641e-07 1.073364132370328e-05 9.447397730566726e-06 -1.414407354602965e-05 -2.232504579602402e-06 -2.051953556869328e-06 2.896119004404335e-06 -1.494513348947147e-05 5.328459619833879e-06 -2.976171532271535e-06 3.636451319145871e-06 -7.876214692899738e-06 -9.096172224225953e-06 -2.822759514965528e-06 -1.177758365188217e-06 3.919561303815005e-06 6.604280492566089e-06 3.051821490597278e-06 -2.74553309439073e-06 9.839937712697471e-06 4.052780597329131e-06 3.617075476647639e-06 0 0 0 0 0 0 -2.440094779674996e-09 1.585576595049308e-09 -1.044400952032162e-08 -3.531413462237618e-09 -5.16112669667674e-09 -1.747289517842336e-08 -4.807730370218657e-09 -5.024493199904606e-09 -2.66433528541849e-08 6.987824841751913e-08 -4.713021063108152e-07 -2.14394606240508e-06 1.093934387413389e-06 5.810981627855832e-08 -1.0468364382784e-06 -3.275814699412351e-06 2.432133793756118e-06 -2.215139019231511e-06 -1.099865404545143e-05 -3.974006627309278e-08 -2.838280055862366e-06 -1.093914345224151e-05 -6.430936942488985e-06 -7.570816644522708e-06 1.040250708183509e-06 5.937472861948784e-06 -2.010312224078759e-06 7.313934027079116e-06 1.35409376509214e-06 -1.080284579781961e-06 2.360458748851412e-07 -6.934646366750636e-06 -6.024129712492156e-06 -8.756894102763724e-06 7.901332713443586e-06 -1.264359873420893e-05 -1.646647022666951e-05 -1.512165213595936e-06 -4.773167327263478e-07 -2.802486823109166e-06 -4.095946691949166e-06 -1.847987816146451e-06 9.073830126395933e-06 -2.543353289919596e-06 -2.033936095426088e-06 5.303223491937178e-06 -5.419395121949532e-06 1.598198677085826e-06 1.391268914770399e-05 4.058542598518697e-06 6.002569753083452e-06 1.412658019371778e-05 3.085022240739067e-06 -3.421891799229688e-06 4.262191328155922e-06 -1.142575557460772e-06 -1.002296807853415e-06 1.391815593871952e-05 -7.502757060850106e-07 4.791736135841539e-06 -1.379978342957721e-06 1.170381928018404e-05 -1.255220165649685e-05 -6.640783543488148e-06 9.535646539744688e-06 -4.555887029035099e-07 7.965205672714114e-06 1.27837565001998e-05 4.660905295159976e-06 1.339347065847921e-05 -1.638385095797619e-06 6.05454125720344e-06 -1.316878299223735e-05 -7.696671323679452e-06 -3.184447812054756e-06 -1.550404225133345e-05 -1.221566089889908e-06 -2.79663922553106e-06 1.807159604812054e-05 6.795419025444694e-06 -5.519208401955835e-07 -7.502327388049583e-06 2.661576599180184e-06 8.951099614328026e-06 1.303891636046065e-05 -2.024128124625825e-06 9.147138949449517e-06 -3.819320162597583e-06 -1.9936461319566e-06 2.186714344264534e-06 5.32807109943527e-06 2.854882815378861e-06 -6.690578452976896e-07 6.533190158687577e-06 3.946366614483206e-06 9.169259000123086e-06 -4.117533485608991e-06 -4.411554547380405e-06 -1.614302341016204e-06 -4.28330696713674e-06 -1.836277075834866e-06 2.191172916172388e-06 3.206925554816668e-06 -2.433448096102747e-06 1.350872994944486e-05 0 0 0 0 0 0 -2.785019694572693e-09 -5.468033373305075e-10 -8.194577736343207e-09 -2.874873204585403e-09 -4.317557809758871e-09 -1.689315243340396e-08 -8.782687010185973e-09 -7.993183783511165e-09 -1.806046673304378e-08 9.739082944948042e-08 -4.58214178440441e-07 -2.107069471891602e-06 1.518446609031139e-06 5.316365700496858e-07 -2.248210638198061e-06 1.020236080001431e-06 9.803047489982461e-07 -5.976437873665825e-07 -3.433991256505164e-06 2.417689189496286e-06 -2.06999061861982e-06 -1.117002499121682e-05 -1.707429607489033e-07 -3.184447780570099e-06 -9.095814721695646e-06 -4.142603360045727e-06 -3.184447801509383e-06 2.053622856501025e-06 5.657293873030257e-06 -5.024594492787224e-07 6.080343271894973e-06 -4.729509589504096e-06 7.860954811768333e-07 -3.768462342630762e-06 1.210775716704794e-05 9.81120776763618e-07 -1.527521278100859e-05 -1.41014313861286e-06 -2.845893731562736e-06 -3.390028378581209e-06 -4.126184323179897e-06 -8.177740194787981e-07 1.356971757771959e-05 4.457893045739015e-06 5.323854171240345e-06 1.467371887358654e-05 2.977249454825633e-06 4.855750677296253e-06 2.281279103122625e-06 -1.877886214429225e-06 -3.309671771878802e-06 1.429557664181379e-05 5.02818750872012e-07 6.609195316732791e-06 -7.33028841772962e-06 9.941875364476321e-06 -1.799579398560176e-06 4.389232934490236e-06 1.41491668449686e-05 -1.214594973719588e-06 1.56164797447565e-05 -2.286334284797376e-07 9.768812357658407e-06 -1.320374189942512e-05 -7.564884183319519e-06 -2.948799799085418e-06 4.294042865212422e-06 -6.716601532329532e-06 1.318597781168058e-05 2.142721883762662e-06 5.712386189638226e-06 -7.1193822520853e-07 2.282717345516737e-05 3.250770393068422e-06 -1.045191538875006e-05 -8.81370790595506e-06 1.749673944183644e-06 8.924803776430906e-06 -4.124867328482025e-06 3.219893273959263e-06 3.221879602784258e-06 2.190981477814522e-05 5.127570143696939e-06 -1.098288869372342e-05 2.774390950970372e-06 -2.084736673716248e-06 9.24127390985548e-06 -3.100749265534537e-06 -1.986525780039396e-06 9.106545887949298e-07 7.522178377688401e-06 1.972216936630062e-06 3.454876702859159e-06 3.372268294380576e-06 1.06012871817092e-06 2.376336727041735e-06 -3.388237505692834e-06 -2.478355171021557e-06 3.895280383921082e-06 2.703141052354177e-06 -2.04764657763888e-06 1.238160587716073e-05 8.153864744772047e-07 4.959467047619595e-07 1.346742210707204e-05 1.915205169681354e-06 2.587277989911738e-07 -2.035033226121113e-06 1.334332581757551e-05 4.265243453714127e-06 5.685015409287612e-06 1.518480367849623e-05 2.50561103418703e-07 5.729718390987063e-06 1.823186719183596e-06 -9.989742163430598e-06 9.943729237221953e-06 0 0 0 0 0 0 7.96442262296399e-10 -8.032233822860197e-10 -3.576554854653123e-09 -1.636707347054184e-09 -2.21405301900454e-10 -9.892374806041743e-09 -4.540854423972343e-09 -5.422811163734033e-09 -1.592297698512578e-08 -1.572366599426484e-09 -2.962288734357725e-09 -2.33828703680126e-06 1.458295294287613e-06 2.271040720453968e-06 -1.645196745132395e-06 -4.359775717244133e-06 1.073782650303414e-06 -6.716558040737073e-06 -1.092399674372336e-05 -3.162623449649095e-07 -4.143336555236987e-06 -8.531110814126806e-06 -6.639167098854146e-06 9.834425726944171e-07 2.974232866528728e-06 2.069230215243596e-06 -2.217322630970775e-06 -6.090389791518202e-07 1.324851399605994e-05 -3.02589523760819e-06 -1.530525583066808e-05 2.271471848816872e-06 4.002208857296231e-06 -5.350679969507785e-06 -3.047425960521454e-06 -5.486534875992402e-06 1.339233220888096e-05 3.634699806510538e-06 5.14921905965695e-06 -3.796486695674339e-06 -4.761406270622406e-06 5.032325986420478e-06 5.056566351345961e-06 1.003271690242225e-05 -3.427377075825267e-06 -7.757593302991884e-06 9.495183832248836e-06 -3.683110052360138e-06 2.351000336999978e-07 4.785604748846415e-06 1.356338093380728e-05 4.283056292296069e-06 -6.67184273193294e-06 1.325514280241317e-05 2.848616355581691e-06 3.6167231356511e-06 -6.217947891250357e-06 -1.003132938988011e-05 -2.020791883716694e-07 5.322247276229975e-06 -3.550287900049602e-06 4.039597769116512e-06 4.593863223181809e-06 4.122332079065002e-06 6.415339522315876e-06 9.780354162197493e-06 2.934866420881252e-06 4.912671542197951e-07 1.967771558883274e-06 1.791096735314944e-06 4.951833499430068e-08 8.606559067093337e-07 -2.325512291251198e-06 -2.504701513569931e-06 2.194647347711758e-06 8.377936429529777e-06 7.385689939536518e-07 1.709004893620987e-06 2.944360506694605e-06 -2.321549020222396e-07 8.505032310177715e-07 -2.37943887421467e-06 -2.491055823675509e-06 2.218664957776956e-06 -6.647095164752701e-06 2.046930738399566e-06 3.938125810506306e-06 1.6002900649456e-06 -1.95084867833285e-06 1.236434994298398e-05 3.714962659886104e-06 -3.919523981476891e-06 9.340504541677606e-06 1.63812243347193e-06 -1.135400044731794e-06 1.046618815917611e-05 1.059383182620767e-05 1.0422547960932e-05 1.585540642254904e-05 1.635860941643487e-05 -2.23242503068161e-06 1.053562747729182e-05 2.732435644449393e-06 -3.213855700822112e-06 4.690194719991384e-06 -3.875113193719238e-06 1.330182260607427e-06 -6.235481225189206e-06 -9.093856641699864e-06 -5.439531930335636e-07 6.31226369000759e-06 -8.886423116547324e-06 7.210752686215304e-06 -3.769395967645213e-06 -9.010098435972144e-07 -5.436182676921098e-07 4.743186166545868e-06 -3.286413726542989e-06 -7.076208845371203e-07 4.75314682209967e-06 -7.152900943230535e-06 8.488278269133882e-06 -3.683695609126501e-06 0 0 0 0 0 0 7.760040265720129e-10 -8.075861692681802e-10 -3.557478090985971e-09 -5.263341755086642e-09 1.334361513604108e-09 -6.738985890129679e-09 -4.606479080461548e-10 -8.953956313089089e-10 -3.776921350329636e-09 2.48004899297563e-06 2.494806199119557e-06 -6.709465194486468e-06 -3.307889961415967e-06 -1.909119613700956e-08 -6.289573709518627e-06 -2.292063378486628e-06 -2.501689758112947e-07 -2.845204372112947e-06 -1.083732720270595e-05 -6.190713352246295e-07 -3.74031609521865e-06 -6.36313636604754e-06 -9.427006836194881e-06 -3.03231572417122e-06 1.670315147539785e-06 3.307916259395993e-06 6.212755152195353e-07 2.472553049799273e-07 5.332868766399455e-06 6.117468677439419e-06 -7.608481805087527e-06 9.922994741040161e-07 1.181921626692293e-05 7.216345708110296e-06 -2.956668933781388e-07 1.590377548846246e-05 -3.587403612521153e-06 6.536813934173527e-06 -3.439751244354755e-06 -2.944089840455588e-06 -7.949496392280506e-07 5.874034079808773e-06 1.478550976979947e-06 7.340112893298988e-06 1.040109225897968e-05 3.210444666781909e-07 4.605009290396534e-06 1.387023839006605e-05 2.303060969201886e-06 -2.23609348580572e-06 7.561971962443265e-06 -9.115998539834726e-06 7.17156395924858e-08 4.166166672671251e-06 9.370834050919082e-06 1.517811487647125e-06 3.096072234219069e-06 3.4158622189676e-06 1.733693197110826e-06 3.361208461177656e-06 1.512912891268858e-06 1.150087126003135e-07 5.849789246822336e-07 1.191086805089324e-06 2.183494142403029e-07 3.392335727021082e-06 -6.827648704230446e-06 2.003075691357003e-06 4.293478435319537e-06 3.754665634478994e-06 -2.184647876086111e-07 1.569227681478764e-05 1.096308374637779e-06 -7.134373820179651e-07 9.288013125438528e-06 3.970363298843366e-06 -3.783599498898141e-06 9.615964146991681e-06 1.101869043768248e-05 9.520760224507449e-06 1.740202109026914e-05 1.469202286846317e-05 1.511546915009437e-06 1.743914431316502e-05 2.741297243873817e-06 -3.204847004812834e-06 5.666050586199397e-06 -2.82316414919446e-06 -1.19034863954978e-06 -2.876447940945224e-06 -8.38060843180656e-06 -2.744098876820403e-07 5.215090051661365e-06 -1.363775326179446e-05 6.395245586514912e-06 4.131477874276523e-06 9.015299812375177e-07 -9.191666475891882e-08 1.510531613825117e-06 -3.222705433706938e-06 -7.144795202546301e-07 4.863464807731327e-06 -4.185091101636639e-06 1.650452113676675e-05 1.411908377481823e-05 1.128428412209836e-06 1.047993434368245e-06 7.448235493334131e-06 1.247167466009383e-06 1.880149710992423e-07 1.505677641168666e-06 0 0 0 0 0 0 -1.323483755457363e-10 -1.96055064463659e-10 -1.703653103356444e-09 -9.544065303762485e-10 -6.884351936753921e-10 -3.143159501981242e-09 9.0615431462e-06 -4.041772861187088e-07 2.71112177162844e-06 -5.194918681330565e-06 4.418263341394982e-06 3.644962474259037e-06 -5.727061992799847e-06 -3.668747426895725e-06 3.119723614244964e-06 -5.011011414714169e-07 2.546555782423105e-06 1.387023839145505e-05 1.083917516328224e-06 -9.429034866044611e-07 1.387023841237641e-05 1.658449777687286e-06 3.302267869342865e-06 6.098298850320065e-07 2.219828440666063e-06 7.352456490010906e-06 1.077897939744701e-05 -4.383854410032271e-06 1.452881504475015e-06 7.826067681257353e-06 1.303338855198519e-06 -4.128404626561027e-06 5.684424392518054e-06 -1.183059022939574e-06 6.441880009683422e-06 8.418001215358876e-06 -3.542939942367193e-06 -5.820975755866817e-07 2.76159289028315e-06 3.186623995349958e-07 7.101427277680042e-06 7.840366066302248e-06 2.654758628972981e-06 -2.206577423230125e-06 7.162217265201786e-06 3.207670309078737e-06 1.229592105874049e-07 5.631171457047434e-06 -1.500745632322896e-07 5.293073110773397e-07 1.521360239817136e-06 -2.040037211282669e-06 3.756843137694657e-06 4.3681993719819e-06 5.443045675217268e-06 -4.111880949792236e-06 9.297796881432202e-06 1.199336205551659e-06 -4.520956106949399e-07 9.523577025610468e-06 -2.45733425849525 2.341742548289321 -5.95150527755191 -4.860894886017228 -4.200083026929857 -7.676900971350327 -6.38469473561714 1.665182028178719 -6.381632665024822 -7.522848352751029e-07 -1.780166987480175e-06 1.498743618141476e-06 -3.829087632439319e-06 1.152967786943256e-06 6.61769493427639e-06 -7.505178720045358e-06 1.460222942742684e-06 1.23475062989466e-05 -6.25177456979482 -9.278862313396804 -14.45913460565287 -4.222375499570399 0.4304977996932902 -7.074675063813932 -3.693353585891159e-06 -3.664862538500618e-07 4.772489234873306e-06 3.830320862635445 0.8491889403646747 -5.78043234200244 18.29133550002749 4.468012252170031 -26.39222024136593 1.02141251069532e-06 9.272840053717228e-07 7.617730065198816e-06 1.156561579136796e-06 -3.239417897278418e-08 1.779375034007695e-06 -5.863284429040623 -9.063026649174883 -14.6533599327189 0 0 0 0 0 0 0 0 0 0 0 0 -2.56241727046977e-11 4.69047333880158e-10 -1.001009517489052e-09 -1.439769392921756e-10 -2.685239649684754e-10 -1.063186090424809e-09 -1.279593040452204e-09 -9.635173754449332e-10 -2.902409599835128e-09 7.484781318499507e-06 1.087934357112906e-06 7.416683436071189e-06 -4.35656483913064e-06 2.406856049202467e-06 6.827455324975938e-06 -5.858408619767779e-06 -1.577035807383155e-06 8.496046472490244e-06 1.019238138924205e-06 9.197269149623999e-07 7.615297625284534e-06 6.008230212089323e-07 9.709983483316412e-07 1.077826216982316e-05 9.418390545567215e-07 2.37387038707047e-06 2.90811454544707e-06 3.413612657878244e-07 6.633675664340742e-06 1.361488670272683e-05 -4.609689122986756e-06 2.221037443357536e-06 6.724073160004373e-06 0 0 0 -3.534172973042645e-06 -4.130375915440767e-07 2.662441854093861e-06 2.765869425954068 -4.90169473182711 -8.060239074139947 2.697736965608792e-06 -2.637741741225278e-06 6.195741424070364e-06 1.759679941923272e-07 3.149827449266529e-07 2.190308715758969e-06 -3.206320710066916e-07 -9.163288665797566e-09 2.175496865054098e-06 0 0 0 2.402443510762257e-06 -2.29041793189696e-06 5.809134661708777e-06 3.634118000519326 0.5924000550464137 -5.852975107584996 55.85300065340369 -84.46396829625394 -164.0247297711932 -9.527185077270145 0.4982965398692054 -0.005457321414510608 0.4237320276776652 8.712465689458147 -5.090384176734863 -9.024065801074626 -2.920309584851065 -0.0191053746138724 7.090190823987758 -13.2854153630109 -17.15383608360261 -6.53821640736026 -9.171494613874813 -14.40845900733282 -4.410387393875758 0.1235307147961414 -6.785400242001789 -3.535789702012209e-06 -9.028658791020427e-07 5.546693297907691e-06 -36.11885067565449 77.95880256184348 -97.76792026425176 15.23554070757125 -5.649714744642036 -14.48835378081288 -4.904513334631968e-07 2.508238501079954e-06 4.426669465070451e-06 -7.733909814025454 3.477456063826674 0.004987179323947942 28.62340447836913 -31.57582453608116 -65.14516041633151 43.67885293658787 84.27706257913307 -82.86060878335405 0 0 0 0 0 0 0 0 0 -1.006220602203195e-10 1.662490238685745e-12 1.509666364278742e-11 2.902166234848451e-11 -5.053074570553543e-10 -4.921568413042379e-10 1.450458662239591e-06 -1.981166266677491e-06 3.182738343623755e-06 9.610348018954503e-07 2.356179831260348e-06 2.927220188948094e-06 -23.27759584074959 16.70519989363105 -17.44427421880977 1.470055870860097e-06 -3.847161728525218e-07 8.749599289354226e-06 6.891768131490386 -13.46721486380015 -17.23782090097575 -4.304979476517972e-06 1.425807050696044e-06 5.283923354529794e-06 1.931117859197238 4.777877948936584 -9.062973142277034 -3.95843941746863e-08 -1.47418526301179e-07 4.017561666664383e-06 9.27305047655304 1.083738250594081 -6.98578080139767 2.256813864269231 -13.47625360322658 0.1434506633294373 -31.03047565732243 30.34038601051058 -71.26595583246325 -1.988409946806336e-07 -4.860168269254348e-07 7.842201629082207e-07 5.279134868403834e-07 -1.469153391051548e-08 7.982507107486005e-07 -15.47385257483887 -5.663067175050551 -12.61459545650501 -61.82188815838923 58.93914282994992 -149.4860011252608 -102.637042498032 -45.7930745001438 -182.0379652198392 -30.64634205703453 -117.2438938553605 -67.41518256296337 19.09435624746252 36.50476656064865 -65.81758826951467 74.25118321294633 2.856618243439096 -153.9079994524742 177.4605549488867 -1.355122844209506 -258.7632700708434 -100.6991622426301 76.46917409540103 -110.1557126764089 50.2694422597742 12.83633021274173 -78.85909569598164 -21.89413394754623 87.6694470353639 -81.03800741346255 -82.00440018428337 -22.57716984183311 -195.1574813140222 -1.064428812344698e-06 -2.413218647896008e-06 4.426669465070451e-06 7.933331467489205 -40.57219558987853 -71.60391616317682 -46.28446520145672 -93.70768236965671 -190.2619660041701 -57.5229419038394 73.20876309520705 -309.5780960000264 -64.28631807606601 23.60488812725946 -82.72098167329725 -244.128739642689 -58.01142146775417 -531.7349656386432 -15.87237342117048 -18.46798220969368 -58.36833522890127 -94.17874902766428 -25.81087940162939 -68.61653697864898 -96.5049930851691 -65.1765540335048 -166.5148351932126 53.31587504037297 20.98018285382293 -73.20456131024821 -129.7557374943005 14.38001111996161 -72.96806838664571 -71.9642494312054 133.5266329489822 -69.40337636948807 90.02078932058596 42.62182137412031 -394.2931534291781 172.3107200913753 4.293632471518756 -64.30816854098973 0 0 0 0 0 0 0 0 0 0 0 0 -1.612109930760592e-11 -2.171793084558757e-11 -1.587361584754362e-10 -1.070616271863123e-10 7.276641009191383e-12 -1.523945546166519e-11 -9.34000615911623 12.75741640539392 -20.4947555598733 -30.10940960838608 -73.81957813651957 -91.71038500285627 9.983099506576229 14.84820758077523 -10.39188289764035 61.6446922363053 -20.41669125438045 -75.66257418111417 -44.14311775688493 -93.28620251898299 -191.9456702555518 3.036100007663307 11.30691521657629 -308.1446428892839 -204.8178572791263 -9.988623644146836 -235.236233726751 -62.40166552295942 61.83453366644842 -149.7887358940787 105.5732305911484 -8.847200816982514 -271.9381547886143 44.76740058004236 109.4226571062873 -176.5606646267584 -66.33251511293219 1.845996397978131 -100.3004822846097 59.42764995248432 5.70505898721093 -143.3069243282091 -140.7676423334435 32.6471023350676 -390.1285308890652 -49.03032450615503 -130.6366577330362 -378.0192541976045 -166.1089522245177 -39.7492855507905 -666.261206204834 58.31199868189542 12.82519212106069 -165.7388275033053 58.71662766252547 -88.94660821814884 -561.915649588649 112.2897958601211 5.247413258173176 -664.7929020340616 -0.9877358352464435 73.09692565095904 -202.3311706048786 51.89443811977474 117.6524200964332 -215.8148313608445 48.44204795062342 56.46612708713039 -236.6405662314059 9.709654195395673 -35.00669079596656 -394.8335996216888 -134.2289035430507 -112.0868403645833 -662.3138097258758 -15.56291674530023 34.82018359860371 -323.0358478114103 7.648116371474401 71.64353354681914 -259.6121809907349 -81.47736039845634 53.15104033589022 -938.1338563966129 -12.40290624646997 -204.7120081054558 -65.05146096130635 -15.89924227229563 -148.0987362905544 -328.0566482315085 33.90676497673925 -1.719040756751259 -401.8132569446101 -98.60058378448775 92.31473381093966 -374.0095266771742 -38.59118407248307 168.4425243335684 -394.4278979749877 -132.7168498574713 -30.18649497658085 -383.1589188715934 -191.5279446198696 103.707059689073 -902.023847964556 -68.46570664789722 -175.3076874771536 -473.2999219390305 -42.11517614293535 -38.3062532408101 -962.1921742012336 0 0 0 0 0 0 0 0 0 -1.540125679984367e-11 -2.210661721370966e-11 -1.580617711310049e-10 -8.737156244140744e-11 1.382386944740688e-11 1.656610793066446e-11 112.5835773540309 -128.9965872156159 -257.7471224009938 54.17851431247557 138.0158491415635 -261.0215630644249 -97.42378052943089 -67.93115497694714 -206.3234232350757 -18.01590695807657 50.57533542121219 -221.0229875547575 -209.5003560222416 -40.67027828261961 -284.2358348489681 -230.3464416140852 -44.6901750420948 -229.434867807165 141.1582319998091 -55.72353769185234 -391.5080696748432 5.790591659696044 95.24898651233663 -201.8207056650548 80.15577675051564 -215.6281393824112 -217.9639486421126 -89.51184422044152 -57.79073931385508 -743.3256874557106 -155.4988461459332 39.40028639027838 -671.838209260179 -101.0568867008193 -166.2775784668912 -1062.666128207821 -176.656776240623 -113.6942611069336 -964.5190366406961 -194.9131219432258 68.50970330139866 -950.5927584418058 115.0851396472474 -105.8843040839268 -1030.3316844448 40.9023677562824 -20.8485025565222 -512.1079830851534 -87.58849864274178 156.3385682413946 -476.0614782271488 -183.3554921838371 178.7801673494735 -871.4066622606819 -285.115772447401 -135.6205409641541 -960.5349790033645 -165.2773766259861 -245.9867942068577 -912.3933981999828 -53.08769890447333 59.97905901281396 -852.3357572515955 -152.0088380126724 185.1557455092959 -1392.510059142991 -124.2611175504167 -8.27079027975474 -737.1378358164083 -152.7999729377552 -101.4449647837546 -993.8030074518214 -65.78970021499249 -46.21974488557935 -900.8175845313596 -76.66822385198826 0.5418755352815147 -400.8535217246866 -118.5932940400795 -31.50537723279954 -801.8280846825153 -42.10569983769802 116.7924478538866 -798.0488785495855 -221.7221801564831 187.6184708658299 -1290.667000689292 4.01967407327439 14.78164274562062 -1038.609813271606 4.588657778028014 -33.32347780774705 -1248.057869502009 37.44013537025747 -28.2692717159495 -1320.836205586511 -303.9759743162259 -274.6731928642239 -806.5839928845494 0 0 0 0 0 0 -2.756104573768397e-11 -3.346163201609911e-11 -1.477299409739094e-10 2.098454101858443e-11 -7.455206648627499e-12 -8.688365869628852e-11 75.38915418300718 -155.2655009053067 -324.2892215171947 -11.81092850773717 163.8955500436113 -243.486157699817 80.18611753776665 150.742088966541 -269.9433351745262 -55.71053682620754 158.2458154547799 -877.2822724573446 -10.96360434237144 -159.2661313170876 -931.718933622682 -37.34212336907487 -10.1757219661501 -1110.794872366795 -195.423669006993 -57.72133693780345 -1020.827100831115 -196.3238399251694 -100.1163576776668 -1130.290633394369 -297.7312945102435 38.5601808742341 -956.8579430426026 -94.64141192253565 -167.330097840103 -1296.95820469797 -170.3887354544092 -115.3760675865507 -1197.887597644497 -189.7641114157477 201.416731210005 -1434.986678115358 -15.40940211054273 -110.6334644830633 -1428.534126176391 185.551930922893 6.472354613693576 -924.2409244643361 29.05861479687455 -77.08169683757478 -1157.190531450515 -276.2000122501518 96.67787319022786 -1311.026019646915 -340.8588539704805 -130.8360322490805 -1281.990803195238 -223.1529129510356 -117.4750524420579 -1153.038380369042 -123.3967786223201 174.9593304852485 -1282.676149337008 -141.5386660587024 284.7812959030695 -1506.855690135878 -240.7197632909599 -98.2047027009248 -1191.872006966942 -130.6955485538436 106.7758454152042 -1329.138511268745 -86.34470561245972 1.928748915314694 -1284.562871298052 -246.2903754231429 32.10705016445789 -1226.645707627031 -219.2139322606319 185.8787586234059 -1277.869707170737 -272.5079614689645 226.8166716012224 -1509.287526083028 43.91515184134637 -65.02615848500308 -1471.250453718923 20.45196063975693 -56.15756464628527 -1541.003947937255 -267.6018179499733 -294.4999027810089 -753.35999372944 -341.718380846457 -291.487776449381 -776.6969715154489 -220.4478273716506 -12.14608329155747 -1448.159793543205 -233.4975924216526 331.2728449355261 -1541.721564348317 -193.7008500129785 -23.86581054786712 -1533.96102697939 -303.714110365928 40.32415750127596 -1449.46506564782 -307.5728064006315 371.2989288399749 -634.2010513933243 -481.8200232316856 128.9756069383242 -674.5350967995118 -486.200281351162 -175.8951360366462 -746.8786006117941 0 0 0 0 0 0 1.593620384086662e-11 -1.406761285542156e-11 -7.256676137780332e-11 1.84988821306226e-11 1.496749919938988e-11 -6.641600408117088e-11 40.96609975904891 117.4227819672824 -995.2195145182928 -103.1915667827972 120.4454350050035 -1213.090542272276 15.52113297838564 97.53631643056026 -1318.096816869394 -258.2430925969333 13.73899958397476 -1379.73076931092 -182.7774459580092 -98.49380377484994 -1330.705175153849 20.29113644938055 -30.20220938132036 -1478.175016552531 -167.5955907774258 -200.8442470108035 -1312.98357751086 -366.4435452517689 38.62669667216173 -1299.896977211281 -57.79283599705939 -264.2329429532065 -1421.515025924941 -299.6238052909233 -121.3653079886042 -1392.943029343882 -118.5570593036417 115.1100221403577 -1599.892090663827 -70.09616254896036 -276.3695692649754 -1493.096111190114 44.77071518232287 -73.16865306079002 -1504.203019165534 -451.0619206837007 84.5822283365345 -1537.577583915198 -369.1078156892423 -169.4466298854823 -1430.877339884788 -406.409883208181 -91.85725695412765 -1443.795654823471 -322.6102748828409 -155.7565610839332 -1280.911382797783 -330.9424456303649 346.0523740304278 -1522.513555317158 -28.41207184302479 144.650474705622 -1563.158886121804 -370.8991432794256 -60.06559063896773 -1444.730062862121 -259.7049753137241 234.3289206308372 -1490.763282868316 -134.6127346941701 358.0683589549035 -1431.414920598224 123.1647849979861 -34.19519351114256 -1706.980633730511 16.51508550843353 -110.4017149150079 -1669.965258513376 101.3061238463316 -53.85852978026231 -1473.337273660851 -281.6941315190292 -322.2090547602269 -810.6964195580355 -232.3712128637694 -216.2055709864627 -779.4199773772739 -188.759420672287 -224.2478721212423 -719.3424209074203 -311.2527355053812 -200.2315584311131 -798.0288141721086 -361.7352026634481 -3.738370795384074 -1563.043956015025 -101.7986381996474 246.7213487438752 -1560.25215479259 -65.01239056008025 -114.1102328317193 -1573.280780835813 -351.2843545618873 5.425054882025763 -1563.293475355714 -316.3259378350679 89.81844249320572 -1603.543490637098 -226.5356918939509 328.1280835577299 -670.5177691527714 -379.8521018528064 219.7170062585722 -704.1290931704566 -295.5393715132275 197.9176416584114 -739.316252046119 -422.1117560919729 3.872457641994757 -707.8616638363222 -450.740562132922 -117.6566521261822 -744.6688216329583 -432.3637779048121 -187.1976176442964 -743.4518704994647 -323.5701230728591 29.00952731544449 -1385.5042538076 110.7932637518546 -36.44505750147387 -1583.448216287914 -398.3523650681195 -287.8281561849648 -726.869839138943 -69.27942377026342 -252.7429212139327 -644.4514228070806 -98.56993689268157 261.5935023643842 -611.4095182399866 -106.2454729235045 265.0039000878387 -597.0758767344822 -339.1968922197707 294.4803810980974 -750.1779834044494 -533.0914512445831 -21.04562644655805 -718.7839392823439 -108.9181553434808 188.2744931249459 -600.3516300554036 65.7904201791868 -83.45449085620297 -542.1334719984349 0 0 0 0 0 0 1.606973824368496e-11 -1.526972474748637e-11 -7.122556538922789e-11 4.979024692508744e-12 -1.155185812672373e-11 -3.267831648030302e-11 32.23874423883466 -107.2642424426014 -1519.625188810418 -94.34347077672537 144.9500218288128 -1467.204572105852 -71.53736552109807 -106.9883234804739 -1497.978981648995 -139.7027453868891 92.34641534920505 -1497.588253843478 -279.511282696255 -281.6785394916769 -1482.575673473704 -20.32436585028965 143.1964087534942 -1623.334422430917 -244.9736364126255 -242.5431517721383 -1515.198915590466 -392.3347335662522 98.51024581820948 -1584.056266737408 -75.91873533663744 -293.7204963535335 -1581.756215815488 -252.0537776287974 -233.3738399607117 -1480.929053079097 -90.53586980184011 230.5534851724839 -1534.877329027563 61.45522313273493 -143.6106653142147 -1530.963087808871 101.3897444279985 -145.1334529673452 -1746.402366166798 -255.3960253433304 -51.40335711606858 -1294.573630591363 -201.3251129432242 -25.67207731355023 -880.8684057227547 -185.0721300359797 -58.53677704382066 -877.492266044315 -222.9889648750091 67.79187817315993 -849.2098305666728 -225.9640623674737 253.3931682905564 -1577.712291851214 -420.0944821643192 76.09554355388441 -1515.532298576527 -236.771205088172 61.74898928351887 -826.2119682517532 -23.48270701240584 -344.5447607622292 -1522.041550175796 120.9472590570138 -170.3743962420172 -1508.486059888484 -223.6036859032815 -291.3597391843096 -858.0537940537704 -229.4808914660848 -138.6657072622828 -809.6199302977533 -175.9905014376238 41.72727889797145 -852.2839540293958 -324.4071222266613 -15.50362137066686 -757.8237560554485 -237.5680462613547 147.8309418783942 -768.2023560134612 -82.15764624620078 265.9466082773326 -601.9249178976008 -350.250508361928 299.4416127703179 -763.7325511436396 -400.5660038593537 173.0861241617923 -843.2778283160678 -481.6836940056805 102.5780957541769 -806.0878899151181 -485.473174015161 -134.9237917279302 -802.3149771408987 -439.2316669374246 -210.6272793815253 -782.3053223615337 -188.7618433612052 16.86664409743559 -863.7066205113313 -109.8235736061241 -281.2848453808157 -608.6033455613824 -16.11873166903811 202.1337487149519 -554.1410827425077 -35.09182235590673 127.8800617683876 -640.5835676969056 -22.34361440108705 -149.2832785085255 -593.7949793699935 62.81773589845458 -160.3047677194551 -492.6306046499887 6.377736589038556 98.38532872160566 -640.3181521743859 -58.29824851899932 -179.4027574242849 -575.6851534112282 -20.75470578708402 -117.0334641746678 -500.1844540073758 -20.17815619728522 99.87242321051995 -691.1129588653903 0 0 0 0 0 0 -9.844016180784554e-12 -9.922132084994566e-11 -5.228344056589228e-11 6.915562430572739e-12 -3.893014873463986e-12 -5.236843618570581e-11 -7.825525393303935e-13 -1.218072889179278e-11 -2.721556943453305e-11 -329.4330960617502 6.978296557921147 -1528.975677497866 -247.9542141007461 -192.2131174412904 -1530.261972766467 -227.8472841219719 -79.72689085959082 -1352.138854649797 157.4248077743936 -64.26672451146484 -1595.166738113225 -358.7233762524068 21.34075897339684 -969.5107125590449 -259.3658539719368 -203.8192038039319 -978.3820833433372 -194.1901223787781 -4.787797023202362 -927.4853976961472 -23.20333044600877 -6.1379170446165 -854.9991280348439 -156.3112417723938 -2.325874311586618 -784.8312547141931 -174.6552530711432 50.92213985555038 -857.6925325580628 81.59067930805494 113.4453580163978 -1559.627434783018 -357.0729723757173 -287.2450357837947 -907.1238071947035 -142.6198777399571 246.5777812898305 -767.6243513762503 -355.3316607229616 14.22495218182911 -1004.162130578428 -268.9508951865096 -212.6893083269229 -1012.769198646687 -198.5772902629714 50.05995728607662 -868.9587037019268 -199.1828340284006 3.687782965638979 -812.4482333735629 -171.8194366413721 157.3135624224914 -906.0639933676539 -143.9289286566443 198.6891252061866 -933.900956988364 -119.0536170081727 63.67623716978599 -753.8091486762434 -168.6095953648989 -72.49463794183352 -839.6965681614677 -161.3061311753914 -274.2770282879085 -887.1532739541544 -115.621106207983 -49.91501260838032 -875.5935792792613 -411.3589626538882 127.4158783652672 -869.2636701888716 -382.272103257991 136.6691330228334 -862.1323115875784 16.129764190869 -191.034945447201 -539.8923627761507 67.74658709781319 -38.99966768878584 -459.515674597923 2.604152721520433 234.2215490527129 -564.8160776943809 -20.17407198328706 -188.640146265131 -690.9730722873821 -457.4653069513291 5.509163684785868 -915.5892379442641 -20.8482020351225 6.149167220875846 -531.1298176792228 0 0 0 0 0 0 3.472881698211464e-13 5.703081125723656e-12 -3.8413232031815e-11 1.889849106966344e-11 1.327563729951126e-12 -1.189853138416503e-11 -6.804947660914685e-12 -9.011881168831671e-12 -3.067815072565466e-11 88.20035118074355 -166.196267268077 -911.2953490576642 -67.94945629054023 238.1427095195451 -891.4149372588295 79.24991646873691 -233.9302958135703 -766.0512731836754 -211.7967103871186 12.96256615872903 -826.8025673694085 -287.2977047196788 91.46978138450427 -1011.639091091648 -128.2340772746523 -182.0686855301064 -1022.847967758369 -98.5424569023636 93.30735313283228 -907.6793651394033 -20.42776928619127 -24.61933769232316 -894.9586755592196 -161.240761447524 -163.7805600073858 -795.8604907515845 -206.7945446490472 123.176085471085 -768.3394348466416 -492.5683013090348 88.17585653135967 -805.0393245896697 -81.44176939735446 -28.38765302541868 -912.2650177481877 -430.7014899673693 -165.2177965320325 -1136.332675392596 -120.6254238213122 196.6364475582656 -980.9253997056952 -137.7714864639865 46.64656356657206 -780.1852923060186 -59.33349254025194 -27.07339538405636 -928.5033367480441 13.38868197849877 260.9863789557907 -1029.45347911672 -407.5243587095704 149.0718579704569 -917.9900097106081 9.700101089542155 -20.73854859147084 -522.1946073585527 -89.83679465124268 -172.8933415011901 -753.8546006819901 0 0 0 0 0 0 0 0 0 5.140605743614298e-12 6.340633146695008e-13 -9.336232914079795e-12 1.239265013612469e-11 3.835035292469923e-12 -1.656610793066734e-11 3.799790436041375e-12 -4.487679589814781e-12 -2.463520442367639e-12 -292.6431896471623 -406.0340495977691 -818.6557715307451 94.17555080243712 -49.27965764213491 -854.2092451268896 178.2491657170967 -153.1605326802248 -760.6499010043026 -198.5334640808555 -105.7107256250193 -800.7025099016431 -74.67296757083319 -17.53820273123335 -1110.915197539607 -67.7603939081451 8.060611127436641 -990.5485276372611 -54.30467836728924 -18.03755998019114 -947.8227072907165 -46.90483169226034 -20.18294143564223 -937.3715146238283 -41.42492548226711 0.6134518441371158 -713.9379034092051 -55.71876080980054 11.63262295317681 -1000.10899389029 -48.12980911967821 20.90604453777525 -944.6761259326634 -39.95783114431603 20.09585743593426 -722.6617729131893 -788.2279793871944 -359.6620867084175 -453.5047935186262 -107.7304977627517 -17.12545064803978 -675.1197177721638 29.06116904444967 188.8042038756195 -779.6165678919476 0 0 0 0 0 0 0 0 0 -2.882854892401745e-12 -4.745918778548402e-12 -3.627120898032296e-12 3.975300017935636e-12 -9.463330539228126e-13 -9.950917576438368e-12 4.573250155261507e-12 5.415733222162227e-13 -1.118889986432974e-11 8.732817265707335e-15 -2.829425587256379e-13 1.942952043191502e-13 -44.18350940399697 0.487124840416079 -716.7607514822889 -34.26172937811139 3.369554401522777 -724.7567581317011 -49.47921695953441 -44.41121393945715 -842.4490675182607 -1023.799402141403 -240.4565139833117 -1047.185044463133 -904.0750210985507 107.5465586133275 -758.2904767815353 -730.2733536079415 -242.5638050656981 123.1845669764106 -621.8432911599012 -267.5764153674228 -373.2889827323446 -542.3514616260115 8.031553477322719 50.53969456325563 -43.11962404419304 -0.04811223237638042 -715.6128613363937 -741.9167065581048 154.8928437140534 -682.2254724016909 -648.7713723155116 281.8054642754906 -526.6736371491785 -522.9125533341689 262.9866492330537 -107.7901799499735 -463.5693385528371 -522.505929172302 -616.3564543028625 -1406.723431618034 -223.6207313983589 491.0272619686752 -291.9676042425693 227.699797998004 -289.0427982407347 0 0 0 0 0 0 0 0 0 2.428027435156732e-13 2.863243203875859e-13 -5.450298219172905e-13 -9.031057618399951e-13 -2.877774344588542e-13 6.213890676597407e-13 -1.639097275509225e-13 8.090747199244928e-13 -9.364205976129762e-13 -577.1008923871951 6.362558880002874 559.7397423998924 -446.9851785553599 43.95986143007941 515.741958582746 -657.5616566452536 -590.2096517723676 969.2498032279107 -894.9581197534133 135.5674729770988 -776.0847237258388 -254.2940576697292 -354.6490131696368 -160.5749871947573 -436.3282945218168 233.9024219864204 452.8929953692444 -504.2137256094058 139.63610841569 2.876705144817485 -563.7609582988604 -0.6290360556624729 52.01146441313512 -289.0600961929539 -177.3553253570087 -65.62685781467334 -619.1180852140785 322.0306178717921 -559.5497172148247 -544.3671918310278 125.1119402536503 90.80435715181063 -189.5382639689364 -18.45273635609324 -155.1336956837851 -780.3758154405371 -529.6283579019946 1016.971364337852 -274.5001578766268 -2.880654626158565 -9.264521435358956 5.723591092898549e-13 2.388688730434869e-13 -6.448456918796732e-13 0 0 0 0 0 0 0 0 0 -2.034440109443058e-13 8.61949249038524e-14 -2.208201158405761e-12 -2.105072413580738e-13 9.484903498385955e-13 -4.12729203624853e-13 -275.9714257955328 -159.4033922433498 140.5709487191958 -459.4648832547805 5.627562638650299 476.3527303855871 -463.5098574238675 -6.577213959339304 476.3501271089817 -196.8540804484754 1.384802345046978 -154.4634783228951 -194.5074345499563 -44.83111607107921 103.4773483377501 -222.0504646613829 -54.69105765399519 104.8092068022599 -217.7457113543011 23.10861454185584 -12.25125627305608 -174.6535080798099 56.90959068139421 237.2103230976318 -155.0115947030003 -28.53038162079121 -237.7613435591385 -275.0909017077409 -5.972710206514263 -17.93834483731476 -3.663046897766996e-13 2.849522690131095e-13 -9.664688990566062e-13 -3.713497648167537e-14 1.62170828135053e-13 -9.331663257434832e-13 -124.093268847844 25.84815202059347 -141.14442846755 0 0 0 0 0 0 0 0 0 -1.736427205196631e-13 -4.06025995795624e-13 -9.040331772463835e-13 -2.590966402605321e-13 8.434214867068457e-13 -6.408504177361097e-13 -125.0868705362757 10.56430702849354 247.8954856778053 -124.8574962951677 -9.083544454876616 243.2663703411374 -170.3667155165294 20.62773163625793 -243.6829097777143 -214.1272620057669 -22.52406334628976 2.539612819395212 -204.9067834230295 -68.13416537573383 171.9757365665619 -204.0992029770591 -17.9903511297885 -158.5954200431358 -184.3801747775559 34.03781792339907 168.0790914104383 -97.29636538092849 -73.54774239048646 -124.4891561792864 -106.4388215129786 -15.00978630928019 107.2159338153564 -3.164025936077205e-13 -2.693051336753059e-14 -5.037989694028764e-13 1.132508042028795e-13 -2.360484544111821e-14 -8.142956883771439e-13 -67.18191741680548 7.574508470476125 -9.177442869568159 -115.3846960406687 -63.00428452549379 -128.5049459377443 0 0 0 0 0 0 0 0 0 2.821359553803151e-13 -9.30117320118105e-13 -5.948977654153372e-13 -1.78095893494546e-13 9.574951178170845e-14 2.414994535719298e-13 -129.9340387133239 37.58844963705747 189.6424149064932 -128.2326513721774 -35.31286774606677 184.484423069125 -161.5642800150136 69.42451533731597 -190.0851368466237 -74.35716671851932 12.09420649947265 49.83550507044895 -187.0961124379125 6.576636633984607 -191.7457307642548 -71.90572022295598 5.360628299836645 -10.32493408902182 -66.12374841444094 7.705669991049669 -9.489514833162826 -1.295415826999395e-13 7.289685433039115e-14 -5.967306626633975e-13 1.017274481006618e-13 1.737989898606217e-13 -1.08964885577368e-12 -66.77255273227492 8.218603841793184 -10.0998526240695 -52.16259630796821 -8.442649257827249 -8.587089255270842 0 0 0 0 0 0 0 0 0 0 0 0 -1.552163018037371e-13 7.71873760913104e-14 2.749325047068162e-13 -133.7611140706263 -19.66602323634369 112.3936394297859 -134.6677810599429 12.26638115606303 112.3943985392002 -62.01334288580388 -29.29706470282619 -8.480011309516552 -59.62758187264212 -9.467351636599947 -9.026033201770232 -42.04844165977779 23.55988424941963 -9.067393461095694 -30.77309637312095 -2.039892542951145 -83.06081082823685 -66.22887019934304 8.13998548989785 -10.06342803843097 -1.810274490334615e-13 4.276380056866377e-14 -6.149658989859306e-13 1.430429414965857e-13 4.636037671555342e-14 -4.935813990499125e-13 -41.34137492209909 -3.302815801031304 -50.89808831045998 -54.26489204292406 -5.242835220623641 -14.96454522232415 0 0 0 0 0 0 0 0 0 -7.002112799424631e-13 5.388118126578083e-14 0 1.88018273726931e-14 9.597753536427691e-14 -3.832157046326732e-13 -39.25599851473206 16.26737398965627 -8.635759996417864 -39.23181924758152 -22.32723835571284 -7.27961077782065 -34.24167891361411 8.86467654101798 -82.97020703406429 -50.49984034255397 -25.71098059446849 22.87742728933695 -45.53535033609815 -5.775302438268872 -50.86536504645971 -25.06966432231138 -14.92416152185045 -50.74678835793201 -38.6410130004768 11.46508004198013 31.38625525834306 1.922706644008619e-14 1.158318553060163e-14 -3.883240892461135e-13 1.552609716899309e-13 7.139414677541866e-14 -3.595867123833533e-13 -19.98778071493304 0.1361704607162712 -14.12817903061563 -37.24284465069817 -6.984184367239027 -49.79612612747877 -22.13107987387751 -3.180180447482037 -8.870297120173738 0 0 0 0 0 0 0 0 0 0 0 0 8.418061620293643e-14 9.808034031824617e-14 -3.046794390307742e-13 -32.72389088097179 -4.772223254624816 24.95156097428091 -31.33015977424466 2.84579753114827 31.73048433280066 -34.87632223317518 12.60250054847258 -71.69472819427322 -38.25097808593259 3.650092093226203 -71.64537192213986 -27.10967840203501 -6.820769838235848 -39.79454782258035 -15.98845948603715 -0.4930904539242641 -14.13852587052945 -2.232674738422891e-13 -3.907361086703368e-13 -2.009481148123508e-13 3.654901660984045e-14 5.384603749836197e-14 -1.530957997674283e-13 1.722222474486654e-13 2.101081484652412e-13 -2.436494800730526e-13 -17.44989834906143 4.396596468801936 -25.3121675228709 -10.83786119744408 -3.339550920078866 -18.60459318008784 -20.60632076924302 -3.629422671380533 -15.928220725192 0 0 0 0 0 0 0 0 0 0 0 0 3.775216957031158e-13 -2.148493053188162e-13 -1.565119705614377e-13 -33.36693432114293 -6.497133177334761 21.76155452771953 -33.27326457651466 8.262513973556173 21.76151051076749 -27.42435011552405 -5.84014999935569 -39.84907319793282 -16.77584250812115 4.779735733402868 -25.26135590716072 -9.795566149488808 -1.936399027406449 -15.36660737744037 -16.10986835833852 0.03047271327231664 -15.34901961005429 0 0 0 2.837744571711482e-14 6.212208772081559e-14 -1.28755046594562e-13 -10.63022100606608 -0.8337541941192971 -15.35680366311011 -10.77873995134778 -1.33997816055083 -15.36134320137887 -17.14665911389264 3.673155469199863 -5.128079729512057 -5.122534344504562e-14 1.038605600319406e-13 -7.811623626867761e-14 0 0 0 0 0 0 0 0 0 0 0 0 -16.88163865524031 3.972358847879025 -5.140267050798641 -10.68038360927694 -6.270663973716434 -15.40744259128019 -11.88291971964056 5.757603583872321 -15.29544081985185 -15.62966345008911 -4.009026290168967 -15.38561993729614 -7.359097099169001 2.607625996886389 -23.26433066364444 -9.0588898946454 6.604250682994644 -5.690283689816749 0 0 0 -9.824078454415323 0.5052162581418327 -13.51385007591559 -10.0667389161473 1.061393946615062 -19.07499166881249 -7.928727384649435 -0.7735905511406843 -15.35665809111159 0 0 0 -5.441417235977479 0.5314686271467561 -22.0810292939518 0 0 0 0 0 0 0 0 0 0 0 0 -10.67893769933404 -4.110412804381784 -15.38767267594292 -4.91206273266928 1.827076846426499 -5.711576181263284 -4.86894561613976 -0.45980782732572 -26.87930345550996 -5.90450561390104 -3.004175022075047 -26.83013227747366 -7.643635560508636 2.807711504286481 -22.76558983369186 -5.561889526107212 0.4574564173109778 -12.73469155230234 -7.550839653990771 -0.07062806503768991 -17.99236100990834 -4.742176808550451 -0.9668721691172566 -13.99267504091002 -8.416747507757824 -2.120267103737446 -13.30396395113616 0 0 0 -5.396600787978953 -0.3758650476745272 -16.67612685973887 0 0 0 0 0 0 0 0 0 0 0 0 0 0 0 0 0 0 -4.674740285476133 -0.4868839367167873 -5.333865056339061 -4.685147128983156 1.679858324212651 -5.333858665250719 -5.613599014532816 -3.111548847895823 -23.73790010936394 -2.884705224653601 2.35029009281943 -19.17151321803732 -4.124595349130141 -1.427665689063391 -17.92866531476065 -5.358808488631845 0.5862971357905739 -11.53211972332646 -2.463860941466056 0.3013844370109204 -13.24772020954145 -3.429397165225051 -0.9359285393928755 -15.93886914068454 -4.699572132258128 0.4180922033242103 -7.884343444144906 0 0 0 0 0 0 0.001893371585313207 3.881322205653237 -2.794626623354201 -0.2047698952711924 -3.552363521178591 -2.028277084493649 2.104709220142631 2.894769896457366 -2.028277084493649 1.633044906222371 -0.8047384552936229 -2.603815429411856 0 0 0 0 0 0 0 0 0 -4.111774761413016 1.196385148913037 -8.055245731632143 -3.818916067360222 -0.5457951458438132 -9.410818159068697 -2.785182754689223 0.7043346527472221 -12.03482328546464 -3.295153183915707 -0.6262435052364871 -11.7175862395902 -2.607248045457538 0.2641331744932204 -12.03498182133804 -3.266584973136737 -1.242522880365088 -9.614137404043493 -2.71987146445493 -0.3839207208843005 -11.71376622712427 -2.423671717301788 0.4426954371283252 -11.38743991318738 -3.183257855297416 0.1745498857628601 -11.37770144609586 0 0 0 0 0 0 -0.769251618847953 1.857108272801303 -2.7946266233542 1.314531022743818 0.4357192967008524 -7.662154723326871 -1.575051684202444 0.04455213475962872 -2.028277084493649 2.08725389352113 0.2859495559533304 -7.662167880533938 1.899894842495179 -0.8157778841941019 -2.336965493139048 1.633044906222296 0.7479011409951035 -2.603815429411856 0.6807215119483441 -0.03325766277498989 -14.32613182299187 -1.214279182959756 1.606900253943071 -13.43513864326601 -2.445598135654469 0.6013885556463507 -11.50748289644869 0.771216151685059 1.861891476467998 -7.662154723326871 -2.036024643125575 -2.907801893414046 -2.253521026126262 1.977186675203529 -0.818975403008194 -2.336965493139048 1.633044906222291 0.8472272134337979 -2.253521026126262 -0.2322835558519906 1.114038729837536 -12.78113326059373 1.990897697288059 -2.868183308341288 -2.336965493139048 0 0 0 0 0 0 0 0 0 -3.501936207889088 0.0112115818554953 -10.93452924412098 -3.493672436817702 0.2313912815360104 -10.97896644479848 -2.77187896550263 0.7339356326872956 -12.02350936910197 -1.81207812656204 -1.451923997912317 -13.1505475294317 -1.655677128918548 0.00461974866157039 -11.64987215146569 -2.878452387063574 -0.6428497629913518 -11.08569788390549 -2.711053305008853 -0.4342367339170222 -11.7677350903078 -1.875042876893626 -0.8407610534588791 -11.48746655894544 -2.787660526555535 -0.6483409121432749 -10.68847850627943 -2.980884745971922 0.5687383293416404 -11.26566522672101 0 0 0 -1.656069810960847 2.54400751116545 -2.7946266233542 0.5982791722110314 -1.444403109936133 -7.662154723326871 -0.81161856598299 -1.959418550224099 -7.662167880533939 2.091136138718427 0.866178185136127 -7.662167880533938 -3.425307827295509 0.9144853496529403 -7.662168162929652 -3.425307827295421 -0.8956572926183766 -7.662168162929653 0.8830861942884191 0.5542121581528777 -14.64451303036241 0.7038125785255418 0.03374822921635438 -14.29649749154962 -2.070486641340628 0.5127400631883545 -11.35298322621318 -1.544669554398728 0.3884752936169586 -12.07731132834424 -1.523325780588421e-06 7.305915011572969e-06 -7.662154723326873 -2.011909078001043 0.6964375564588796 -2.253521026126261 -2.07267446565685 0.8585320072639807 -7.662183413941596 1.645867954186918 -2.600934993120686 -2.789552922805817 -2.004180572146741 2.813642278304412 -2.337997715862357 0.8087578439575475 -1.952537945949731 -2.789552922805817 0.2478545989186794 -3.424878657067632 -2.789552922805817 0.2962191595568013 3.600454991585032 -2.610207268853887 0 0 0 0 0 0 0 0 0 -2.556274993600246 -0.03773433456968874 -10.27474000505622 -2.471574938801399 0.2176744182292157 -10.27474678734856 -1.103421560868952 -0.4887247094227372 -13.67108684334413 -1.676858890038097 -0.06851950988989065 -11.67313295587281 -1.229318745900333 -0.6598291572932261 -12.60293314920569 -2.686171249270796 -0.4408625064710712 -10.82801540002237 -1.83300875158397 -0.5679282457447691 -11.11208173306146 -1.761372464433596 -0.1035244034686096 -11.67391419364797 -2.275960126613016 0.1801239607949048 -10.35536422419733 0 0 0 2.069735737226715 -2.584123884551056 -7.662112431833125 0.5982849030155698 -1.444388066883871 -7.662112431833128 -1.357827427167784e-05 3.362554999891714e-06 -7.662154723326873 1.557573626933383e-06 5.759561183303271e-06 -7.662167880533938 5.791342750936081e-06 3.634563177817082e-06 -7.662167880533938 -2.072674436714567 0.858527681638109 -7.662168162929652 -2.022173222310613 -0.837610418311847 -7.662168162929652 4.615685733085329e-06 2.213248595771827e-07 -7.662183413941595 -1.013000224596243e-05 2.54763589120686e-06 -7.66215472332687 -2.083875579223568 2.532616574259759 -7.662183413941597 -1.990872381091661 0.8246402806682261 -2.337997715862356 -0.5601964924957699 1.352410179385371 -7.662147926758859 -1.066149456049485 0.02431098805467163 -7.662147926758859 0.8687989451949077 2.09746399230904 -2.610207268853886 -2.111100683505604 -0.7212858199612094 -11.2914444328752 -1.901876525980138 0.8209585731562687 -2.337997715862357 0.996073922497432 2.196046865043782 -2.610207268853885 -1.621820056920827 0.8093727975646323 -2.618054184921667 -2.870887520400061 -3.12636895211946 -7.662102678262801 -0.5505486389668486 -1.329113297489954 -7.662102678262801 0 0 0 0 0 0 0 0 0 0 0 0 0 0 0 -2.506029713372178 0.1138791171162165 -10.42308023342825 -2.689475324615457 -0.4392734306463184 -10.82945510906934 -7.236365702461172e-06 -3.205112941990102e-06 -7.662183413941597 -1.099698440347939e-05 -4.493568218945726e-07 -7.662177594789676 -8.061923379138389e-06 -4.327187010821627e-06 -7.66214792675886 -1.202083929230284e-05 -3.724463489744885e-06 -7.662147926758857 -1.155119891937512e-05 -6.789199907537248e-07 -7.662177594789676 -1.492565849960575e-05 1.181245969261679e-06 -7.662144546667145 0 0 0 2.058149765675889 -0.8525196068719233 -7.662112431833128 -6.417978553629571e-06 1.49545102694796e-05 -7.662112431833128 -2.193513599534902e-06 -3.29636447333548e-06 -7.662196149663839 5.759252727349642e-06 3.541397484796787e-06 -7.662168162929652 3.315407933076675e-06 -3.553720026652524e-06 -7.662168162929653 -1.096780913098577e-05 -3.485034442548542e-07 -7.66216457385251 -0.5601916837247882 1.352422802149368 -7.662183413941597 -0.5505425074670222 -1.329129392345697 -7.662147926758859 -1.384451399954449e-05 -4.730163610929158e-06 -7.662102678262801 3.422212348756917 -0.9089427667402781 -7.662086590599407 1.610089578993037 2.671642528891878 -1.804781727128816 -1.621820056920827 -0.9020331770572031 -2.618054184921667 -2.857889822343533 -1.183772299259563 -7.662102678262803 0 0 0 -1.621820056920827 -1.132636801601183 -1.804781727128816 0 0 0 0 0 0 0 0 0 0 0 0 -1.643438738556227e-05 7.468121849582279e-07 -7.662144546667147 -1.763739508884919e-05 -2.880725090664689e-06 -7.6621026782628 -1.640058977156039e-06 4.40122497400345e-06 -7.662183413941597 -5.967185281197188e-06 -4.135159828232246e-06 -7.662177594789676 -1.235117841566249e-05 -5.130548413793215e-06 -7.66216457385251 2.742626770319291e-06 4.417130814505673e-06 -7.662147926758857 -1.079823824134002e-05 4.203910854079709e-06 -7.662177594789674 -7.195500303820062e-07 -6.649850765576993e-06 -7.662144546667144 -2.035306991800539e-05 -7.605305991760614e-06 -7.662112431833128 0 0 0 2.058149716636241 -0.8525122775543967 -7.662086590599408 -6.146502674001673e-06 -3.514569190599186e-06 -7.662112431833128 1.102275001533761e-06 -3.200987856123298e-06 -7.66216457385251 -0.8959242237639922 -1.346375414369993 -10.72170834418513 -6.061543870378023e-06 -1.354936783559528e-06 -7.662196149663841 -1.085713983757452e-06 -2.683907411074631e-06 -7.662196149663841 -5.553543671821212e-06 1.199200120561574e-07 -7.662196149663842 3.422212348756917 0.7368722999845483 -7.662086590599407 1.58552335626981 -0.9999508431037331 -1.804781727128816 0 0 0 -2.102489564617647e-06 1.117622588305937e-06 -7.662196149663839 -3.561834342315542e-07 -1.620588119043176e-07 -7.662196149663842 0 0 0 0 0 0 0 0 0 0 0 0 0 0 0 -1.308477291910136e-05 1.0847205807881e-05 -7.662144546667144 -9.364253888842959e-07 2.702503222641016e-06 -7.662177594789676 3.243749779737364e-07 1.198377124028262e-07 -7.662164573852509 2.298943696492294e-06 3.345985119875518e-06 -7.662144546667145 6.845805488015604e-07 2.455713841422635e-06 -7.662144546667144 2.4348938752772e-06 -1.043582774912753e-06 -7.66216457385251 0 0 0 4.262805702538491e-06 -5.172412560130707e-07 -7.662086590599408 0.4502160081721024 -1.307419630115841 -10.58925958890611 -1.198163776918177 -1.194679484254465 -10.48947578973076 -0.4434518673740904 -1.096222182918933 -10.4483537292048 -2.475792515729637 -0.5534138530583967 -11.22604126229544 -2.268302925371559 0.04898042227304037 -10.97083891448341 1.596638931174833 0.6613493741503056 -7.662086590599407 0 0 0 -0.8587462544892093 0.4564846492502974 -10.12904845720217 -0.1454806552204048 -0.06619179856283261 -9.475847192626386 0 0 0 0 0 0 0 0 0 0 0 0 5.092275804489974e-06 1.98393451004611e-06 -7.662086590599408 -0.3824762245279785 1.103818031176952 -10.27880777756457 0.1324887115703029 0.04894688307273697 -9.481321474499056 0.9389864776912238 1.36664277038874 -10.61775063994643 0.2796119123236988 1.003018336588757 -10.25487425067442 0.9945144672993842 -0.4262436974706612 -10.296523860572 0 0 0 1.741111128006211 -0.2112633250377742 -10.54670918275083 -0.1107130207267878 -1.174858786457369 -10.21189002563657 0.8016140536397486 -0.7385368168519066 -10.15263198714231 -0.1220763564354154 -0.3004419551963409 -9.449893611771625 -0.2063558556319107 -0.2766252594872147 -9.409170438597972 -2.286706231493638 -0.004438002224769966 -10.92885404875866 0 0 0 -0.7794394382765732 0.5642792768616918 -10.02876050625312 -0.4155029484923674 0.1316785288416941 -9.365342667325415 0 0 0 0 0 0 0 0 0 0 0 0 0 0 0 2.079901857960592 0.8103231702176676 -11.13594149105556 -0.0001015086523147377 1.045605185877157 -10.07675394340209 0.1689164106780371 0.2851736229721272 -9.406941097352099 0.3570625506252282 -0.0748489663084238 -9.409093433291401 0.8789411589690724 1.395924026350323 -10.65948519372959 1.755604316427645 -0.1675714972005431 -10.50180482168448 -0.08784834641136109 -0.3486231480223539 -9.368702502836843 0.3002292285643308 -0.1930654185228984 -9.374510455324486 -0.02983409323123864 -0.09975187822084654 -10.06990442700801 -0.3283233749000457 0.2659934918064138 -9.433501404017719 0 0 0 -0.4796200910931993 -0.06603499563884156 -9.422232085253508 0 0 0 0 0 0 0 0 0 0 0 0 0 0 0 0 0 0 0 0 0 0 0 0 0 0 0 1.832152779011661 0.0632518718803744 -10.5018049980098 0.1850793986839219 0.2778021032670039 -9.412055248228118 0.09370764628159067 0.3032094413348856 -9.436873912335061 0.2745440725488671 -0.1686827758847946 -9.469723742133242 -0.1058671368833007 -0.08208985760221693 -10.02346817080994 0.1621129954256133 0.008131284986731836 -9.986335234441242 -0.06566266897701044 -0.05130898821729562 -9.999674825009713 -0.05122207117082413 -0.08871123061811752 -10.07226463742433 -0.07254577830200278 0.1252435186045151 -10.21182403796984 -0.1007266425654171 0.04713752921929169 -10.22731400619015 0 0 0 0 0 0 0 0 0 0 0 0 0 0 0 0 0 0 0 0 0 0.2718389606226065 0.06467040512791947 -9.413896098820361 0.03833316635507569 0.1368419508060847 -10.05120323134878 -0.02577549921038516 0.2180012195423655 -9.859816246671187 0.2001547174955972 0.06097545181972524 -9.972054347342848 0.08611791558531541 -0.05211123677677118 -9.91395624490336 -0.06916602309444636 -0.04172479812789918 -9.999343762383374 -0.003163834381603318 -0.05424041507974011 -9.920172348372132 0.001997771651295803 -0.05748581006921577 -9.921031132390826 -0.02970873132630956 0.1047383335316712 -10.02198745980355 0 0 0 0 0 0 0 0 0 -0.01180805834814671 0.001710524479985629 -10.00169675888983 0 0 0 0 0 0 0 0 0 0 0 0 0.232631162769887 -0.0946468039821053 -9.770994192994408 0.007314781356352192 0.124682104152432 -10.01366676309027 0.1167738567424796 0.1224435621229506 -10.00546057665392 0.1879170149709098 -0.006656194377071844 -10.08942837213276 0.09061818703938927 -0.0557486947530055 -9.934316979002798 -0.0278788038982663 0.02044803392983156 -9.914253956462666 -0.01021720212603039 -0.009954377578793815 -9.984470409840107 -0.02854288523475437 0.01827186744503682 -9.91421703332799 0 0 0 0 0 0 -0.02251339877065383 -0.0009310173353114829 -9.984514521278266 0.06886912490467362 0.007414086852769897 -10.01952542690592 0 0 0 0 0 0 0 0 0 0 0 0 0.1841038361618236 0.08330461857563 -10.08942824610227 0.06693153376530268 0.09685210292904455 -9.92627856699462 0.1117675747209269 0.09915468266797968 -9.932948801162565 0.08316160536032401 -0.06446048760979278 -9.933462621539011 -0.01563656980405393 -0.004542326927754275 -9.951686039007686 -0.01323636805374136 -0.004279536585017374 -9.973873301722406 -0.005029907765129823 0.03145299238257857 -9.951560930171514 0 0 0 0 0 0 -0.009742176623847283 -0.003175765507988092 -9.962582401990767 0.04912101600030454 0.009437427265660476 -10.04210628967815 0 0 0 0 0 0 0 0 0 0.06872413228488179 0.1423243858851875 -9.925208752546787 0.01969279228379618 0.03681405213468801 -10.0380909945305 0.0317068702809036 -0.02358818597867415 -10.16572246921933 0.05276556762254589 0.01328009814794984 -10.04211643954018 -0.01750710576324656 0.008994221561075256 -9.973907225009794 -0.005142336849551111 -0.006256207180953463 -9.961682672433668 -0.01344502449980843 0.02074297087435159 -9.971577327700285 0 0 0 0 0 0 0.01054465255916452 -0.002287592693435286 -9.96276533391438 -0.009666178030112528 -0.003282909978570004 -9.962763769141533 -0.02578380567208828 0.03972037694387638 -9.959104351413243 0 0 0 0 0 0 0 0 0 0.02777791258690639 -0.02023867884942248 -10.16574297280567 -0.07435994762582607 0.02806778759929117 -10.03216237133461 0.05333918175996851 0.01505080594646816 -10.03895608829337 -0.01348628816178809 0.01428825609884133 -9.964573405313535 -0.006296008506110961 0.001795237775308015 -9.973181164790383 -0.01197305043558375 0.01944294730864071 -9.964566274593789 0 0 0 0.01192893468338516 0.0006749948338305056 -9.958679078954148 -0.003297743643683592 0.0002980875199618932 -9.973190930326062 -0.01646066395734787 0.02717401467693974 -9.952709799994485 0 0 0 0 0 0 0 0 0 0 0 0 0 0 0 0.06125342316013341 -0.08546212951356653 -10.03895609323152 -0.07948386393168742 0.01671259073531354 -9.977902419552642 -0.0007956344741373094 -0.01338093089623063 -9.960386973128116 -0.003391027194185749 0.002332048503410878 -9.988514845224492 -0.002106621784147059 -0.002841944661697582 -9.983824306145825 -0.00222879750558462 0.001244008901511652 -9.976591784600368 -0.00322528213394499 0.0002899634435611508 -9.973100381191687 0.008382530525152768 0.04240025652695218 -9.9885681715538 -0.03693059808181802 0.01259830419576937 -9.978941772549838 -0.07481834106951836 0.02540082503929273 -9.9632899556178 0 0 0 0 0 0 0 0 0 0 0 0 0 0 0 0 0 0 0.0005936888140293348 -0.05739512996135623 -9.957492256485111 -0.004863730473108433 -0.002026146022536169 -9.976590012245833 -0.003189333487864307 -0.0003484516645344278 -9.983832831142021 -0.007370904241729143 -0.002013868441339128 -9.991332660504014 -0.003795295075291528 0.0001609062901975355 -9.97308849305475 0.003143605859639418 -0.007250225394526051 -9.991307103320009 -0.001585373637176833 0.03444597030895748 -10.02489180443844 -0.03778500565335902 0.01100308147425385 -10.00717053011223 0.003608036894199125 0.005980454573569623 -9.888369274686603 0 0 0 0 0 0 0 0 0 0 0 0 0.01644543082064173 -0.009112770088456016 -9.888411946447039 -0.002648466210278354 0.003051983313192895 -9.96707128988208 -0.0008079170749781327 0.003393225911990438 -9.977770497403792 -0.003820082090849256 0.01026312811442484 -9.977856880901642 -0.00100044219902942 0.006334921289893847 -9.962024857378543 0.0130828330728633 0.001777574623490994 -9.977882601471544 -0.02539257258141944 0.01858897272043708 -10.02532109896414 -0.001419328501787592 0.001289845386394177 -9.977736142170851 0.03907469068896371 -0.01185178413100771 -9.991663460326944 0 0 0 0 0 0 0 0 0 0 0 0 0 0 0 -0.003105912131101945 0.03208676861691914 -9.96707123094046 -0.005368165326335861 0.00091363841874042 -9.962027793094576 0.0003983541352617844 0.002608451311449361 -9.979293754369637 -0.004641864195735743 0.01036613498044113 -9.976534980450726 0.01483291640165429 0.002179497822313104 -9.977903665015953 0.0142544483828046 0.0007389884222831572 -9.975947763959899 -0.01660434005265193 -0.009207406815972949 -9.977469673863931 3.931797989321584e-05 0.001327624221237805 -9.979286762768584 0.03553963099628902 -0.005121018732938102 -10.00280037979898 0 0 0 0 0 0 0 0 0 0 0 0 0 0 0 0.01649386438557266 0.01728312839998561 -10.00278069112238 0.00327815053725108 -0.0117211994015884 -9.977614706146147 -0.0004730450677946497 0.0009216518380749316 -9.976490920213724 0.001846501094825065 0.004061617047821126 -9.963239958967133 0.01407565690549392 0.0007053912839941298 -9.97595745787654 0.004910893940151253 0.002518033090305964 -9.963222531443199 -0.01725498875626779 -0.003798800288220196 -9.968438478176482 0.01305917537144428 -0.01465984415861068 -9.977658554810121 -0.000210331341160097 -0.002114427752418138 -9.984364146523605 0 0 0 0 0 0 0 0 0 0 0 0 0.003205073994232622 -0.002944227165062157 -9.977734937360433 0.002330374198523966 -0.01238270891152014 -9.979291823894101 -0.0005032349091483246 0.0001192673844482924 -9.977895053174747 0.002460792379811861 -0.004665462300026323 -9.974843827599891 0.007238028818396349 -0.003851888540623731 -9.988598233990425 -0.002923310972625694 -0.001947097132453147 -9.974866220905374 -0.001741430434227079 -0.003182445676213128 -9.984359857068359 0.01028423380186169 -0.008742908447875987 -9.968412550672555 -0.002127475432559589 -0.00567680354426664 -9.977868232349079 0 0 0 0 0 0 0 0 0 0 0 0 0 0 0 0.002326023304849408 -0.002326103843678435 -9.979291923185389 0.0043154142916975 -0.00734427038255559 -9.988605701817013 0.001083471489572272 -0.001539258666768582 -9.974849600139866 0.001704381690576918 -0.004654978525924256 -9.973961797780092 -0.0029216977496094 -0.001946814442407536 -9.974866300839194 -0.002354609350534561 -0.002678505737195285 -9.973800171474691 -0.0003402764758436228 -0.005474847063208086 -9.97484501854902 0.006100606440367868 -0.006166208611311472 -9.976991404165215 4.014849898370886e-05 -0.005211113490317887 -9.974854298555119 0 0 0 0 0 0 0 0 0 0 0 0 0 0 0 0.001827713267292633 -0.001078056194610116 -9.976995901523233 0.001359468495788402 0.003173550729241026 -9.974847829161194 0.0005821025504325906 -0.002093067890223869 -9.97397428141471 0.000580300686675296 -0.002348921528357244 -9.978259718237165 -0.003137722414051959 -0.002829203925070106 -9.973785805125997 0.0004398246407653637 -0.002278071059822825 -9.978260267853134 -0.0005895398388911291 -0.002980522251697738 -9.971869640788885 0.004514985221273499 -0.006349472873049703 -9.974833140150976 -0.0004086357277351285 -0.003028255137394316 -9.972075992072325 0 0 0 0 0 0 0 0 0 0 0 0 0 0 0 0.001361883859517292 -0.002585426743002506 -9.974846345766121 0.0010321615925335 0.003011931048954281 -9.97528184702114 0.0004762449728695599 -0.001822053079737992 -9.973523801094823 -0.0002741849240970818 -0.000172324516915945 -9.97459822649169 0.001529537742000711 -0.001681097077616748 -9.965927252156373 0.006777789084325836 -0.0007401785345234483 -9.96825574005106 0.00397400116600655 -0.003801877249119397 -9.971858078369522 -0.0003950551163696126 -0.003018964599709309 -9.972084761797147 0.0002871042246129386 -0.002482691304262202 -9.973521198045141 0 0 0 0 0 0 0 0 0 0 0 0 0.001034183802156714 -0.002452794776234231 -9.975280718907605 0.001152585471711726 -0.002132340844752151 -9.965926983842825 0.0001937590244817805 -0.001240528352772839 -9.974592743670694 0.002716365628869777 -3.746089884395009e-05 -9.971137805794546 0.00287728594960782 -0.001495314862907008 -9.968327784098019 0.008268275598258636 -0.002836064592393778 -9.971119142463984 0.002441910552162602 -0.003570519872786621 -9.974415705363281 -0.0002811635964066913 -0.003013554450879422 -9.970648942442619 0.001171556363172484 -0.001961188683164312 -9.971854316314586 0 0 0 0 0 0 0 0 0 0 0 0 0 0 0 0.001045275553509659 -0.001899580881196844 -9.974415808238119 0.001071978519986222 -0.006137270317465703 -9.972455323293346 0.002312979340434268 0.0008891637154751841 -9.971139400680327 0.003284055172579591 -0.004657274778817502 -9.964478236580216 0.002247024831107862 -0.003923627594300256 -9.971136878488814 0.003736018186502508 -0.004889353862173359 -9.96447049921181 0.0001709388647259225 -0.003094988274655546 -9.970658891531571 0.0007339193370768469 -0.002260626775434842 -9.971861190957009 0.001311367955310356 -0.002583119109891889 -9.971140950868625 0 0 0 0 0 0 0 0 0 0 0 0 0 0 0 0.001070857567779029 -0.003108273990360768 -9.972455191934104 3.470299018070361e-05 -0.006572582099178523 -9.971141562929795 0.001583000054692752 0.001765322980941842 -9.969557585546736 0.003608942937235264 -0.004999345454985291 -9.965320685569502 -0.002210313499532278 -0.003647320389683078 -9.977042025577269 -0.0005660796227563638 -0.004276902479302079 -9.972043687914743 8.245318413573742e-05 -0.002717381371637405 -9.971143161758715 0.0008914782589660297 -0.002867348172575195 -9.971151060757817 0.0002114614884358662 -0.002940456271014433 -9.969536528426046 0 0 0 0 0 0 0 0 0 0 0 0 0 0 0 3.472991352551332e-05 -0.002660178571277518 -9.971143334924768 -0.001283398852238411 -0.002532008173899185 -9.977044243128365 0.00174191341692083 -0.0007036447473563002 -9.965342904048271 0.001368038177185743 -0.004530375342363791 -9.968573691128006 -0.004677267819055088 -0.005031378405601205 -9.971992135560681 -0.002834325952863173 -0.0021448116682108 -9.96758381051788 0.000968197818458267 -0.002603231467886038 -9.969953829353601 0.0008699256213021092 -0.002294458993925668 -9.968705564254705 0.0004236583848542181 -0.002651477973068254 -9.968950374130644 0 0 0 0 0 0 0 0 0 0 0 0 0 0 0 0.000308409136569361 -0.001809981521478376 -9.969953824404245 0.0002892982906179082 0.001550174091960082 -9.970070815081185 0.0005538578740481376 -0.002540334653643836 -9.968503739472409 0.001352563499954 -0.00442205205024173 -9.968752825543545 -0.003494694349594939 -0.002163900806340332 -9.967397257499204 -0.00212648216363129 -0.001918976077262712 -9.968777113402899 0.0003539300868753128 -0.002198309728119116 -9.968714080452934 0.001090843563401141 -0.002201177820193951 -9.968962962939717 0.0004239410212275661 -0.003038681012039743 -9.968427880942523 0 0 0 0 0 0 0 0 0 0 0 0 0 0 0 0 0 0 0 0 0 0.0002889135020224839 -0.001763712350573057 -9.970070030996085 -0.0006344511100873834 0.0009526230137040987 -9.968447754574024 0.0002516022547243546 -0.002131548769625429 -9.967768336062846 -0.0003605688898381065 -0.002317163883540403 -9.964004449362518 -0.002532249560397489 -0.002462657926440724 -9.966151923206624 -0.00218468285701116 -0.001895591042432633 -9.968907811619596 0.0004308637145771862 -0.00235827675120297 -9.968482465145886 0.001139754031338716 -0.002378863429841838 -9.968690140392736 4.298001498278267e-05 -0.00324789389914643 -9.967763832774768 0 0 0 0 0 0 0 0 0 0 0 0 0 0 0 0 0 0 -0.0007385558173766621 -0.00101039151661228 -9.968261625991259 -9.768654541296127e-05 -0.0005559372076945172 -9.966147800767578 0.0004681968031880699 -0.004379580767475921 -9.963994863471493 -0.001846595991904739 -0.001684135982967143 -9.966434104799536 -0.001002197190583068 -0.001932499998028534 -9.968906818966465 -0.003320941571233723 -0.0006813535509756023 -9.966762470255164 0.00146606123369961 -0.002010149752432344 -9.967252000892755 0.001117373653440687 -0.001903402037016514 -9.96678059326738 0.0002892801002487469 -0.00276161232127586 -9.966869151287934 0 0 0 0 0 0 0 0 0 0 0 0 0 0 0 0 0 0 -0.000383621452523172 -0.0002435250909856273 -9.967246259340484 0.0002919485346633832 4.495512839387133e-05 -9.964967780350351 -0.0001650464269622683 -0.005717678066216346 -9.966296374779359 -0.001316516045315902 -0.005766420160146782 -9.960965795570482 0.0001597152454479985 -0.0002456470979187138 -9.965756888944567 -0.007191502818164127 -0.002705209792580314 -9.960925618443866 0.001200322910565441 -0.001900144709020939 -9.966789635348348 0.001184974553625717 -0.001854900183808812 -9.966878550382255 0.0003163297868767488 -0.003438599701464963 -9.965975802828583 0 0 0 0 0 0 0 0 0 0 0 0 0 0 0 0 0 0 0 0 0 0.0001725796219511122 -0.001452189924152866 -9.964967709638913 0.000718429549582608 0.0002395442234461631 -9.965561437342533 -0.0003279847064888725 -0.005520343280835532 -9.96595895882732 0.001434934301940073 -0.008742035916644936 -9.967795504188951 -0.001389987243339543 -6.756189119163222e-05 -9.967915553908538 -0.006822495659372295 -0.00276422967177611 -9.960372007400117 0.001574510941923681 -0.002626797589476423 -9.965556913101713 0.001422107967365623 -0.002608659015276425 -9.965608296350874 0.0002945502228166882 -0.003445655199258187 -9.965967969064666 0 0 0 0 0 0 0 0 0 0 0 0 0 0 0 0 0 0 0 0 0 0 0 0 0.000684785881750595 -0.001725130923743826 -9.965731586599778 0.0002093391146727325 0.001853179012667112 -9.967912059008572 -0.0003805995671418639 -0.004452616630768754 -9.967817755855126 0.003347146888175689 -0.009111670512239529 -9.965076424739111 -0.005136355662451618 -0.002437652019128734 -9.960408101249392 -0.003899220386199553 -0.0055337369016575 -9.965897701573631 0.00180779711298706 -0.002588673251716097 -9.965248551701187 0.00140993868596369 -0.002879357982425761 -9.966757700506387 -0.0003701170772625812 -0.004344941526421497 -9.967925045141467 0 0 0 0 0 0 0 0 0 0 0 0 0 0 0 0 0 0 0 0 0 0 0 0 0 0 0 0 0 0 0.0007935612853860334 -0.001374098976183166 -9.9652527279866 0.001242934304978114 0.004439961477161242 -9.963170933702653 0.001014633128163058 -0.002268462363509418 -9.964231438661004 0.003479256097314409 -0.0009487508380397402 -9.975447745055067 -0.007278547075659347 -0.006821550079013935 -9.966856214666704 0.00253288357967372 -0.0005614738434933793 -9.975454483109482 0.002570535931251896 -0.003094019538409536 -9.966767604424453 0.002526023154937291 -0.002408284937611636 -9.967956850319954 -0.0003910816838642004 -0.00621702373575603 -9.965295324329588 0 0 0 0 0 0 0 0 0 0 0 0 0 0 0 0 0 0 0 0 0 0 0 0 0 0 0 0 0 0 0 0 0 0 0 0 0 0 0 0.001254939982996128 -0.0025034033349558 -9.963170809294867 0.001090967574457027 0.00433307508399215 -9.962928109532056 0.003096178437132593 -0.004982428710780859 -9.969096430064583 4.035285673370438e-05 0.002870055284585576 -9.96667845684483 0.003196557356349455 -0.005538550316975161 -9.951704252396127 0.01075792833932885 -6.096982596338205e-05 -9.961283291239212 0.003338069105292608 -0.004715752093278185 -9.964220506754977 0.003072499928504974 -0.004642728107374162 -9.964272044044161 0.00264987088580287 -0.005780748015490057 -9.969092861162988 0 0 0 0 0 0 0 0 0 0 0 0 0 0 0 0 0 0 0 0 0 0 0 0 0 0 0 0 0 0 0 0 0 0 0 0 0 0 0 0 0 0 0 0 0 0 0 0 0 0 0 0 0 0 0 0 0 0 0 0 0 0 0 0 0 0 0 0 0 0.001818930278827085 -0.002907351585110958 -9.96418644265388 0.004202066711703346 -0.003607370903205752 -9.95171006806137 0.002900849849917821 -0.006422072882029113 -9.966630484936534 0.00299045850563991 0.002676962330070742 -9.962972504947016 0.007469083138562651 -0.001497269489214093 -9.961392562453023 0.01225774846532269 -0.001447318397567655 -9.964123285570665 0.006104254743449357 -0.004761115903982194 -9.960053243260944 0.002927650934090961 -0.002976992470454774 -9.955782194650022 0.003612932425625019 -0.004977521216262773 -9.967026141730727 0 0 0 0 0 0 0 0 0 0 0 0 0 0 0 0 0 0 0 0 0 0 0 0 0 0 0 0 0 0 0 0 0 0 0 0 0 0 0 0 0 0 0 0 0 0 0 0 0 0 0 0 0 0 0 0 0 0 0 0 0 0 0 0 0 0 0 0 0 0 0 0 0 0 0 0 0 0 0 0 0 0 0 0 0 0 0 0 0 0 0 0 0 0 0 0 0 0 0 0 0 0 0 0 0 0 0 0 0 0 0 0 0 0 0 0 0 0 0 0 0.002219251622825661 -0.0002338810212382009 -9.960093761007464 0.003320076368738825 -0.00910221122759762 -9.960523369643063 0.005493824983772489 -0.0037186236319042 -9.962249842981471 0.004011148580350348 -0.00634698873205542 -9.950138041835345 0.00720734656367354 -0.002611464022181 -9.962828884041587 0.003055880849604872 -0.005837652446349517 -9.950147108697921 0.00400613981347361 -0.003304625867752996 -9.955786742579281 0.0144482006546476 -0.0007036077993969064 -9.967026711009135 0.002980234016338729 -0.008879909905751947 -9.960708564523417 0 0 0 0 0 0 0 0 0 0 0 0 0 0 0 0 0 0 0 0 0 0 0 0 0 0 0 0 0 0 0 0 0 0 0 0 0 0 0 0 0 0 0 0 0 0 0 0 0 0 0 0 0 0 0 0 0 0 0 0 0 0 0 0 0 0 0 0 0 0 0 0 0 0 0 0 0 0 0 0 0 0 0 0 0 0 0 0 0 0 0 0 0 0 0 0 0 0 0 0 0 0 0 0 0 0 0 0 0 0 0 0 0 0 0 0 0 0 0 0 0 0 0 0 0 0 0 0 0 0 0 0 0 0 0 0 0 0 0 0 0 0 0 0 0 0 0 0.002118380406379674 -2.50659608064919e-05 -9.960522715374365 0.003420297188328445 -0.009008421637701512 -9.960776864639346 0.008907959752042437 -0.008022094690178871 -9.969941542862472 0.007179616057778199 -0.009853962908265368 -9.958236051083338 0.00386052277901486 -0.00226448728571706 -9.967732756058696 -0.0005814067097327078 -0.005284059184232468 -9.956385020077422 0.001860273727819514 0.0006862768529673406 -9.962343730098631 0.01468063693060662 -0.002068041723859709 -9.964522592421025 0.009182001696031764 -0.007125545475359936 -9.9699445741071 0 0 0 0 0 0 0 0 0 0 0 0 0 0 0 0 0 0 0 0 0 0 0 0 0 0 0 0 0 0 0 0 0 0 0 0 0 0 0 0 0 0 0 0 0 0 0 0 0 0 0 0 0 0 0 0 0 0 0 0 0 0 0 0 0 0 0 0 0 0 0 0 0 0 0 0 0 0 0 0 0 0 0 0 0 0 0 0 0 0 0 0 0 0 0 0 0 0 0 0 0 0 0 0 0 0 0 0 0 0 0 0 0 0 0 0 0 0 0 0 0 0 0 0 0 0 0 0 0 0 0 0 0 0 0 0 0 0 0 0 0 0 0 0 0.003087645133432252 -0.000745858197391238 -9.962322569059257 0.001966881376452019 -0.004538524303364533 -9.967737847122082 0.009205602597708079 -0.01474548510245292 -9.958208215496464 0.006563996579896477 -0.009724039962667779 -9.959149620229526 -0.001545637852141627 -0.005460877156559307 -9.956370667052818 0.001161055314627385 -0.006975127569985287 -9.959788084982915 0.006353260339732089 0.001135687251602231 -9.956155709899349 0.01716464963235993 -0.01026364705348218 -10.0027386171763 -0.002313226347321248 -0.02322600957016452 -10.00270437174235 0 0 0 0 0 0 0 0 0 0 0 0 0 0 0 0 0 0 0 0 0 0 0 0 0 0 0 0 0 0 0 0 0 0 0 0 0 0 0 0 0 0 0 0 0 0 0 0 0 0 0 0 0 0 0 0 0 0 0 0 0 0 0 0 0 0 0 0 0 0 0 0 0 0 0 0 0 0 0 0 0 0 0 0 0 0 0 0 0 0 0 0 0 0 0 0 0 0 0 0 0 0 0 0 0 0 0 0 0 0 0 0 0 0 0 0 0 0 0 0 0 0 0 0 0 0 0 0 0 0 0 0 0 0 0 0 0 0 0 0 0 0 0 0 0 0 0 0 0 0 0 0 0 0 0 0 0 0 0 0 0 0 0 0 0 0 0 0 0 0 0 0.004379357368346419 0.00348960680688669 -9.956134493097593 0.004523444499567641 0.00207896892338716 -9.955481539973862 0.008571632851706963 -0.0157370834765004 -9.959879213952723 0.006400877312048869 -0.01589784463522313 -9.951365570638654 -0.002955643350794663 -0.00847503639822933 -9.960970455328512 -0.004467645585463772 -0.01134551313801149 -9.951427111204614 0.004339977956318401 0.002344033024458013 -9.952020728464502 0.07099829234541884 -0.00974581980912648 -9.95231440675891 -0.002893587926365616 -0.04750047530563237 -9.968516716897264 0 0 0 0 0 0 0 0 0 0 0 0 0 0 0 0 0 0 0 0 0 0 0 0 0 0 0 0 0 0 0 0 0 0 0 0 0 0 0 0 0 0 0 0 0 0 0 0 0 0 0 0 0 0 0 0 0 0 0 0 0 0 0 0 0 0 0 0 0 0 0 0 0 0 0 0 0 0 0 0 0 0 0 0 0 0 0 0 0 0 0 0 0 0 0 0 0 0 0 0 0 0 0 0 0 0 0 0 0 0 0 0 0 0 0 0 0 0 0 0 0 0 0 0 0 0 0 0 0 0 0 0 0 0 0 0 0 0 0 0 0 0 0 0 0 0 0 0 0 0 0 0 0 0 0 0 0 0 0 0 0 0 0 0 0 0 0 0 0 0 0 0.004522200321057729 0.003122493893642756 -9.955481531684995 0.00538719772379133 0.002683632249672172 -9.957000714317978 0.007311856807296394 -0.01408726700554157 -9.956975777585649 0.006323490350038352 -0.01581213861602045 -9.95119350113994 0.002179810588948916 -0.00805559723339499 -9.953259677238874 0.0003048079527860598 -0.01117102604848946 -9.943339442012409 0.00285872045512341 0.005540059142952862 -9.95699541453005 0.07182922148089327 -0.01376166311688892 -9.945797588932781 -0.01240199723840305 -0.04885813298200734 -9.95686067422351 0 0 0 0 0 0 0 0 0 0 0 0 0 0 0 0 0 0 0 0 0 0 0 0 0 0 0 0 0 0 0 0 0 0 0 0 0 0 0 0 0 0 0 0 0 0 0 0 0 0 0 0 0 0 0 0 0 0 0 0 0 0 0 0 0 0 0 0 0 0 0 0 0 0 0 0 0 0 0 0 0 0 0 0 0 0 0 0 0 0 0 0 0 0 0 0 0 0 0 0 0 0 0 0 0 0 0 0 0 0 0 0 0 0 0 0 0 0 0 0 0 0 0 0 0 0 0 0 0 0 0 0 0 0 0 0 0 0 0 0 0 0 0 0 0 0 0 0 0 0 0 0 0 0 0 0 0 0 0 0 0 0 0 0 0 0 0 0 0 0 0 0 0 0 0 0 0 0 0 0 0 0 0 0 0 0 0 0 0 0.005405067527101752 0.002506025714090882 -9.957031237189643 0.006379154326204794 2.64386097152653e-05 -9.95328416684595 0.006815141625798686 -0.01744164798618383 -9.951189558554827 0.005169312854953477 -0.01583195183421549 -9.953097091064418 -0.00203045174559098 -0.01217711055792151 -9.94334094202142 0.005315907064820363 -0.01589885899894108 -9.953119647024277 0.01727444716585127 0.004924289438714488 -9.935160990707375 0.07194626823232543 -0.01434155198165419 -9.948930792930819 0.01109786919771871 -0.02935265486183736 -9.905589492133801 0 0 0 0 0 0 0 0 0 0 0 0 0 0 0 0 0 0 0 0 0 0 0 0 0 0 0 0 0 0 0 0 0 0 0 0 0 0 0 0 0 0 0 0 0 0 0 0 0 0 0 0 0 0 0 0 0 0 0 0 0 0 0 0 0 0 0 0 0 0 0 0 0 0 0 0 0 0 0 0 0 0 0 0 0 0 0 0 0 0 0 0 0 0 0 0 0 0 0 0 0 0 0 0 0 0 0 0 0 0 0 0 0 0 0 0 0 0 0 0 0 0 0 0 0 0 0 0 0 0 0 0 0 0 0 0 0 0 0 0 0 0 0 0 0 0 0 0 0 0 0 0 0 0 0 0 0 0 0 0 0 0 0 0 0 0 0 0 0 0 0 0 0 0 0 0 0 0 0 0 0 0 0 0 0 0 0 0 0 0 0 0 0 0 0 0 0 0 0 0 0 0 0 0 0 0 0 0 0 0 0 0 0 0 0 0 0 0 0 0.007337703626070512 0.01662980574238996 -9.935199825587507 0.00583312075241066 -0.003303394227781819 -9.958989808736504 0.006021387125738712 -0.01814520704490264 -9.952841834868035 0.001475130342666841 -0.04226186353230237 -9.910442772837829 -0.003532350129827139 -0.01803391487762418 -9.95074880451987 -0.02185564362237689 -0.02946575078413045 -9.910541983565098 0.03061544535146444 -0.004062844588648866 -9.963009192162597 0.02871774463514041 -0.02248814146799911 -9.905651070727403 0.01955228868037587 0.009205412643451373 -9.96109464053708 0 0 0 0 0 0 0 0 0 0 0 0 0 0 0 0 0 0 0 0 0 0 0 0 0 0 0 0 0 0 0 0 0 0 0 0 0 0 0 0 0 0 0 0 0 0 0 0 0 0 0 0 0 0 0 0 0 0 0 0 0 0 0 0 0 0 0 0 0 0 0 0 0 0 0 0 0 0 0 0 0 0 0 0 0 0 0 0 0 0 0 0 0 0 0 0 0 0 0 0 0 0 0 0 0 0 0 0 0 0 0 0 0 0 0 0 0 0 0 0 0 0 0 0 0 0 0 0 0 0 0 0 0 0 0 0 0 0 0 0 0 0 0 0 0 0 0 0 0 0 0 0 0 0 0 0 0 0 0 0 0 0 0 0 0 0 0 0 0 0 0 0 0 0 0 0 0 0 0 0 0 0 0 0 0 0 0 0 0 0 0 0 0 0 0 0 0 0 0 0 0 0 0 0 0 0 0 0 0 0 0 0 0 0 0 0 0.001610481464355224 0.02910627652576763 -9.958989677918744 0.004011214845845386 -0.005160133226528006 -9.954891842806315 0.0378067892181639 -0.04303412997910074 -10.0170878141743 0.01443083450527476 -0.05454069752250682 -9.934081425600311 -0.009321327918116462 -0.01750354092043942 -9.958932187242475 -0.01808178443488376 -0.03008044773063387 -9.903892357619375 0.03078922616752808 -0.004783831025741246 -9.960893528098536 -9.598137669925384e-05 -0.002621815429659592 -9.954474324472475 0.05901513223382684 0.02512942990469834 -10.01729573873079 0 0 0 0 0 0 0 0 0 0 0 0 0 0 0 0 0 0 0 0 0 0 0 0 0 0 0 0 0 0 0 0 0 0 0 0 0 0 0 0 0 0 0 0 0 0 0 0 0 0 0 0 0 0 0 0 0 0 0 0 0 0 0 0 0 0 0 0 0 0 0 0 0 0 0 0 0 0 0 0 0 0 0 0 0 0 0 0 0 0 0 0 0 0 0 0 0 0 0 0 0 0 0 0 0 0 0 0 0 0 0 0 0 0 0 0 0 0 0 0 0 0 0 0 0 0 0 0 0 0 0 0 0 0 0 0 0 0 0 0 0 0 0 0 0 0 0 0 0 0 0 0 0 0 0 0 0 0 0 0 0 0 0 0 0 0 0 0 0 0 0 0 0 0 0 0 0 0 0 0 0 0 0 0 0 0 0 0 0 0 0 0 0 0 0 0 0 0 0 0 0 0 0 0 0 0 0 0 0 0 0.002725266437879252 0.02827970988879365 -9.961025532075354 0.003231297999637795 -0.002461145010520312 -9.958877275104692 0.03489614574742089 -0.104570233989923 -9.934594466284418 -0.01514892998443196 -0.05210391115232477 -9.997309298259674 -0.03712694638285993 -0.03363733001454713 -9.904022692855484 0.003487352758822201 -0.06102288825003948 -9.99127297592398 0.01730908030447078 -0.0177921590174915 -9.992679278863301 -0.01151236101149516 -0.01632606158341029 -9.988055976202951 0.05182917692441964 0.01626465664211211 -10.03974718076245 0 0 0 0 0 0 0 0 0 0 0 0 0 0 0 0 0 0 0 0 0 0 0 0 0 0 0 0 0 0 0 0 0 0 0 0 0 0 0 0 0 0 0 0 0 0 0 0 0 0 0 0 0 0 0 0 0 0 0 0 0 0 0 0 0 0 0 0 0 0 0 0 0 0 0 0 0 0 0 0 0 0 0 0 0 0 0 0 0 0 0 0 0 0 0 0 0 0 0 0 0 0 0 0 0 0 0 0 0 0 0 0 0 0 0 0 0 0 0 0 0 0 0 0 0 0 0 0 0 0 0 0 0 0 0 0 0 0 0 0 0 0 0 0 0 0 0 0 0 0 0 0 0 0 0 0 0 0 0 0 0 0 0 0 0 0 0 0 0 0 0 0 0 0 0 0 0 0 0 0 0 0 0 0 0 0 0 0 0 0 0 0 0 0 0 -0.003352016052820577 0.006802661418447138 -9.992498855367142 -0.004509091402942329 -0.02420663150023398 -9.998885023473511 0.06294507328086661 -0.07243796579918772 -9.843178362431635 -0.01742468977718857 0.01934085182096396 -9.936992323508711 -0.04381718578369352 -0.06582851603436146 -9.981517922629193 0.04063460072418962 -0.03374592056875642 -9.940153611510764 0.01741881117244573 -0.01782842407453291 -9.992591735275314 0.01824735827615826 -0.005960181231953644 -10.03943221461792 0.07155481102781162 -0.05351352862934301 -9.829432027297953 0 0 0 0 0 0 0 0 0 0 0 0 0 0 0 0 0 0 0 0 0 0 0 0 0 0 0 0 0 0 0 0 0 0 0 0 0 0 0 0 0 0 0 0 0 0 0 0 0 0 0 0 0 0 0 0 0 0 0 0 0 0 0 0 0 0 0 0 0 0 0 0 0 0 0 0 0 0 0 0 0 0 0 0 0 0 0 0 0 0 0 0 0 0 0 0 0 0 0 0 0 0 0 0 0 0 0 0 0 0 0 0 0 0 0 0 0 0 0 0 0 0 0 0 0 0 0 0 0 0 0 0 0 0 0 0 0 0 0 0 0 0 0 0 0 0 0 0 0 0 0 0 0 0 0 0 0 0 0 0 0 0 0 0 0 0 0 0 0 0 0 0 0 0 0 0 0 -0.02256667125746619 0.02156979077146208 -9.932062457458324 -0.01157177601471778 0.09296060482118136 -10.08654252547538 0 0 0 0 0 0 0 0 0 0 0 0 0 0 0 0 0 0 0 0 0 0 0 0 -0.004601252453790984 0.01025358604569938 -9.998885045749395 -0.01483804194559125 -0.03114106267294506 -9.981523106632157 0.07303998971000179 -0.0473888910789684 -9.831596573672092 -0.02074736959722129 0.02774184315829157 -9.93665460199751 -0.09407919855653898 -0.05732262538562712 -9.937116553583909 0.01481498792366255 -0.03093322051061705 -9.940315332210409 0.03676057916324222 -0.03325629127107665 -9.939116526267327 -0.0874640324290598 -0.1150698188748159 -9.938987848177515 0 0 0 0 0 0 0 0 0 0 0 0 0 0 0 0 0 0 0 0 0 0 0 0 0 0 0 0 0 0 0 0 0 0 0 0 0 0 0 0 0 0 0 0 0 0 0 0 0 0 0 0 0 0 0 0 0 0 0 0 0 0 0 0 0 0 0 0 0 0 0 0 0 0 0 0 0 0 0 0 0 0 0 0 0 0 0 0 0 0 0 0 0 0 0 0 0 0 0 0 0 0 0 0 0 0 0 0 0 0 0 0 0 0 0 0 0 0 0 0 0 0 0 0 0 0 0 0 0 0 0 0 0 0 0 0 0 0 0 0 0 0 0 0 0 0 0 -0.01916744851475722 0.02333390670036701 -9.941480447433525 -0.02680108279595279 0.09375510977860102 -10.08995938689655 -0.1076213002619634 0.06222965447212038 -9.857350709791948 0 0 0 0 0 0 0 0 0 0 0 0 0 0 0 0 0 0 0 0 0 0 0 0 0 0 0 0 0 0 0 0 0 0 0 0 0 0 0 0.01732994349958372 -0.004388892067850494 -10.0357083322763 -0.04161183321823465 0.006104785262158907 -9.936717356589307 -0.0214579145355659 -0.01209874068486106 -9.937814167378912 -0.03279231489746662 0.0544344500954699 -10.03353483337254 0.03737064882279189 -0.03250684801149666 -9.940025979116992 -0.04355961073157643 -0.002137519238902618 -9.860427578678115 0 0 0 0 0 0 0 0 0 0 0 0 0 0 0 0 0 0 0 0 0 0 0 0 0 0 0 0 0 0 0 0 0 0 0 0 0 0 0 0 0 0 0 0 0 0 0 0 0 0 0 0 0 0 0 0 0 0 0 0 0 0 0 0 0 0 0 0 0 0 0 0 0 0 0 0 0 0 0 0 0 0 0 0 0 0 0 0 0 0 0 0 0 0 0 0 0 0 0 0 0 0 0 0 0 0 0 0 0 0 0 0 0 0 0 0 0 0 0 0 0 0 0 0 0 0 -0.02605647183867467 0.06065994634616042 -9.919243038290613 0.001625063407789193 -0.01161462703784807 -9.912519688295628 0.02915451750560175 0.06114712344229773 -9.869157503411012 -0.05619261697094222 0.05433393699558983 -9.809268526407109 0 0 0 0 0 0 0 0 0 0 0 0 0 0 0 0 0 0 0 0 0 0 0 0 0 0 0 0 0 0 0 0 0 0 0 0 -0.08566418085215541 0.08192128581313474 -9.838858098736756 0 0 0 0 0 0 0 0 0 0 0 0 0 0 0 0 0 0 0 0 0 0.006570492474844783 -0.003297837693185949 -9.868489477966612 -2.165388108016803e-15 2.165388108016803e-15 -9.864544934781536 0 0 0 0 0 0 0 0 0 -0.03985493971984901 -0.07988208346881537 -9.939282968765296 -0.05235942532112221 0.0002776745519020796 -9.952587194673367 -0.04507754740957161 -0.0108196426120729 -9.871536543375013 -0.08456387732854137 -0.02861656227930377 -9.936551173891711 -0.05124031813567276 0.01850951000164025 -9.803469939108105 0 0 0 0 0 0 0 0 0 0 0 0 0 0 0 0 0 0 0 0 0 0 0 0 0 0 0 0 0 0 0 0 0 0 0 0 0 0 0 0 0 0 0 0 0 0 0 0 0 0 0 0 0 0 0 0 0 0 0 0 0 0 0 0 0 0 0 0 0 0 0 0 0 0 0 0 0 0 0 0 0 0 0 0 0 0 0 0 0 0 0 0 0 0 0 0 0 0 0 0 0 0 0 0 0 0 0 0 0 0 0 0 0 0 0 0 0 -0.01342769326665351 0.0623289946418722 -9.873347614531461 0.009524790478687718 -0.0006218928512922016 -9.871514095636982 0.01747311033475552 0.0518737737855938 -9.879917603507339 -0.0519374505865688 0.03467210320563811 -9.857717077809465 0 0 0 0 0 0 0 0 0 0 0 0 0 0 0 0 0 0 0 0 0 0 0 0 0 0 0 0 0 0 0 0 0 0 0 0 0 0 0 0 0 0 0 0 0 0 0 0 0 0 -9.873171962348843 0.02114251485124891 0.06138222350440483 -9.899195433350643 0 0 0 0 0 0 0 0 0 0 0 0 0 0 0 0 0 0 0 0 0 -0.04923997340836819 -0.07554780224427528 -9.952586456229636 -0.06274970634946915 -0.05905070989362646 -9.849874492678982 -0.02472051926876569 0.02802337520732291 -9.858774594927274 -0.07764952768096707 -0.002748776680269371 -9.864207580654256 -0.08296021943144216 -0.001596240177791336 -9.861326206458505 0 0 0 0 0 0 0 0 0 0 0 0 0 0 0 0 0 0 0 0 0 0 0 0 0 0 0 0 0 0 0 0 0 0 0 0 0 0 0 0 0 0 0 0 0 0 0 0 0 0 0 0 0 0 0 0 0 0 0 0 0 0 0 0 0 0 0 0 0 0 0 0 0 0 0 0 0 0 0 0 0 0 0 0 0 0 0 0 0 0 0 0 0 0 0 0 0 0 0 0 0 0 0 0 0 0 0 0 -0.03425606319585419 0.02510261297610343 -9.890691046718008 0.0006371152473264747 0.002202386447154548 -9.875817733233381 0.01278087984128768 0.06033787700088245 -9.856574892961635 -0.05415085113323049 0.01279729760614451 -9.83505378919439 0 0 0 0 0 0 0 0 0 0 0 0 0 0 0 0 0 0 0 0 0 0 0 0 0 0 0 0 0 0 0 0 0 0 0 0 0 0 -9.87317196234884 0 0 -9.937330165448833 0 0 0 0 0 0 0 0 0 0 0 0 0 0 0 0 0 0 0 0 0 0 0 0 0 0 0 0 0 0 0 0 0 0 0 0 -0.07367876379013927 0.02694434970708164 -9.790691834843114 -0.06499742094076305 -0.0519173336524951 -9.834256929489142 -0.03607573209764815 0.02013828817245792 -9.889280409581007 -0.0213475013804321 -0.03820617446390488 -9.804983635396152 -0.07241144715074634 0.001788368765340588 -9.889029933311575 0 0 0 0 0 0 0 0 0 0 0 0 0 0 0 0 0 0 0 0 0 0 0 0 0 0 0 0 0 0 0 0 0 0 0 0 0 0 0 0 0 0 0 0 0 0 0 0 0 0 0 0 0 0 0 0 0 0 0 0 0 0 0 0 0 0 0 0 0 0 0 0 0 0 0 0 0 0 0 0 0 0 0 0 0 0 0 0 0 0 0 0 0 0 0 0 0 0 0 0 0 0 0 0 0 0 0 0 -2.165387933656973e-15 0 -9.937330165448829 0 0 -9.876538684033866 0.02794394657017056 0.04523905037857349 -9.833480195296351 -0.01296769112269726 0.00714842096488102 -9.872370252448913 5.413471815289956e-16 -1.082694363057991e-15 -9.797020274024923 0 0 0 0 0 0 0 0 0 0 0 0 0 0 0 0 0 0 0 0 0 0 0 0 0 0 0 0 0 0 0 0 0 0 0 0 0 0 0 0 0 0 0 0 0 0 0 0 0 0 0 0 0 0 0 0 0 0 0 0 0 0 0 0 0 0 0 0 0 0 0 0 0 0 0 -0.06623249753532985 0.05750323038995517 -9.860411568241476 -0.01720560365981432 -0.05188160346358484 -9.800974244506046 -0.01482068961000356 -0.0201438518027188 -9.922501782027288 -0.00122901486281734 -0.02887780009694055 -9.868898764510648 -0.07551908794797142 0.01149737241075233 -9.881723587871045 -0.004330627783598469 -0.02808343586915494 -9.867695380704335 0 0 0 0 0 0 0 0 0 0 0 0 0 0 0 0 0 0 0 0 0 0 0 0 0 0 0 0 0 0 0 0 0 0 0 0 0 0 0 0 0 0 0 0 0 0 0 0 0 0 0 0 0 0 0 0 0 0 0 0 0 0 0 0 0 0 0 0 0 0 0 0 0 0 0 0 0 0 0 0 0 0 0 0 0 0 0 0 0 0 0 0 0 0 0 0 0 0 0 0 0 0 0 0 -9.876538684033866 0 0 -9.854338874526512 0 0 0 0 0 0 0 0 0 0 0 0 0 0 0 0 0 0 0 0 0 0 0 0 0 0 0 0 0 0 0 0 0 0 0 0 0 0 0 0 0 0 0 0 0 0 0 0 0 0 0 0 0 0 0 0 0 0 0 0 0 0 0 0 0 -9.854338874526512 0 0 0 0 0 0 0 0 0 0 0 0 0 0 0 0 0 0 0 0 0 0 0 0 0 0 0 0 0 0 0 0 0 0 0 0 0 0 0 0 0 0 0.01924602102351407 0.0580342573696398 -9.800974184493789 1.08269312602297e-15 -2.16538625204594e-15 -9.914418480046388 0.01312064245415385 -0.006397728005171098 -9.845083964448806 0 0 -9.836526755323815 0 0 0 0 0 0 0 0 0 0 0 0 0 0 0 0 0 0 0 0 0 0 0 0 0 0 0 0 0 0 0 0 0 0 0 0 0 0 0 0 0 0 0 0 0 0 0 0 0 0 0 0 0 0 0 0 0 0 0 0 0 0 0 0 0 0 0 0 0 0 0 0 0 0 0 0 0 0 0 0 0 0 0 0 0 0 0 0 0 0 0 0 0 0 0 0 0 0 0 0 0 0 0 0 0 0 0 0 0 0 0 0 0 0 0 0 0 0 0 0 0 0 0 0 0 0 0 0 0 0 0 0 0 0 0 0 0 0 0 0 0 0 0 0 0 0 0 0 0 0 0 0 0 0 0 0 0 0 0 0 0 0 0 0 0 0 0 0 0 0 0 0 0 0 0 0 0 0 0 0 0 0 0 0 0 0 0 0 0 0 0 0 0 0 0 0 0 -9.850217453574659 0 0 0 0 0 -9.836526755323815 0 0 0 0 0 0 0 0 0 0 0 0 0 0 0 0 0 0 0 0 0 0 0 0 0 0 0 0 0 0 0 0 0 0 0 0 0 0 0 0 0 0 0 0 0 0 0 0 0 0 0 0 0 0 0 0 0 0 0 0 0 0 0 0 0 0 0 0 0 0 0 0 0 0 0 0 0 0 0 0 0 0 0 0 0 0 0 0 0 0 0 0 0 0 0 0 0 0 0 0 0 0 0 0 0 0 0 0 0 0 0 0 0 0 0 0 0 0 0 0 0 0 0 0 0 0 0 0 0 0 0 0 0 0 0 0 0 0 0 0 0 0 0 0 0 0 0 0 0 0 0 0 0 0 0 0 0 0 0 0 0 0 0 0 0 0 0 0 0 0 0 0 0 0 0 0 0 0 0 0 0 0 0 0 0 0 0 0 0 0 0 0 0 0 0 0 0 0 0 0 0 0 0 0 0 0 0 0 0 0 0 0 0 0 0 0 0 0 0 0 0 0 0 0 0 0 0 0 0 0 0 0 0 0 0 0 0 0 0 0 0 0 0 0 0 0 0 0 0 0 0 0 0 0 0 0 0 0 0 0 0 0 0 0 0 0 0 0 0 0 0 0 0 0 0 0 0 0 0 0 0 0 0 0 0 0 0 0 0 0 0 0 0 0 0 0 0 0 0 0 0 0 0 0 0 0 0 0 0 0 0 0 0 0 0 0 0 0 0 0 0 0 0 0 0 0 0 0 0 0 0 0 0 0 0 0 0 0 0 0 0 0 0 0 0 0 0 0 0 0 0 0 0 0 0 0 0 0 0 0 0 0 0 0 0 0 0 0 0 0 0 0 0 0 0 0 0 0 0 0 0 0 0 0 0 0 0 0 0 0 0 0 0 0 0 0 0 0 0 0 0 0 0 0 0 0 0 0 0 0 0 0 0 0 0 0 0 0 0 0 0 0 0 0 0 0 0 0 0 0 0 0 0 0 0 0 0 0 0 0 0 0 0 0 0 0 0 0 0 0 0 0 0 0 0 0 0 0 0 0 0 0 0 0 0 0 0 0 0 0 0 0 0 0 0 0 0 0 0 0 0 0 0 0 0 0 0 0 0 0 0 0 0 0 0 0 0 0 0 0 0 0 0 0 0 0 0 0 0 0 0 0 0 0 0 0 0 0 0 0 0 0 0 0 0 0 0 0 0 0 0 0 0 0 0 0 0 0 0 0 0 0 0 0 0 0 0 0 0 0 0 0 0 0 0 0 0 0 0 0 0 0 0 0 0 0 0 0 0 0 0 0 0 0 0 0 0 0 0 0 0 0 0 0 0 0 0 0 0 0 0 0 0 0 0 0 0 0 0 0 0 0 0 0 0 0 0 0 0 0 0 0 0 0 0 0 0 0 0 0 0 0 0 0 0 0 0 0 0 0 0 0 0 0 0 0 0 0 0 0 0 0 0 0 0 0 0 0 0 0 0 0 0 0 0 0 0 0 0 0 0 0 0 0 0 0 0 0 0 0 0 0 0 0 0 0 0 0 0 0 0 0 0 0 0 0 0 0 0 0 0 0 0 0 0 0 0 0 0 0 0 0 0 0 0 0 0 0 0 0 0 0 0 0 0 0 0 0 0 0 0 0 0 0 0 0 0 0 0 0 0 0 0 0 0 0 0 0 0 0 0 0 0 0 0 0 0 0 0 0 0 0 0 0 0 0 0 0 0 0 0 0 0 0 0 0 0 0 0 0 0 0 0 0 0 0 0 0 0 0 0 0 0 0 0 0 0 0 0 0 0 0 0 0 0 0 0 0 0 0 0 0 0 0 0 0 0 0 0 0 0 0 0 0 0 0 0 0 0 0 0 0 0 0 0 0 0 0 0 0 0 0 0 0 0 0 0 0 0 0 0 0 0 0 0 0 0 0 0 0 0 0 0 0 0 0 0 0 0 0 0 0 0 0 0 0 0 0 0 0 0 0 0 0 0 0 0 0 0 0 0 0 0 0 0 0 0 0 0 0 0 0 0 0 0 0 0 0 0 0 0 0 0 0 0 0 0 0 0 0 0 0 0 0 0 0 0 0 0 0 0 0 0 0 0 0 0 0 0 0 0 0 0 0 0 0 0 0 0 0 0 0 0 0 0 0 0 0 0 0 0 0 0 0 0 0 0 0 0 0 0 0 0 0 0 0 0 0 0 0 0 0 0 0 0 0 0 0 0 0 0 0 0 0 0 0 0 0 0 0 0 0 0 0 0 0 0 0 0 0 0 0 0 0 0 0 0 0 0 0 0 0 0 0 0 0 0 0 0 0 0 0 0 0 0 0 0 0 0 0 0 0 0 0 0 0 0 0 0 0 0 0 0 0 0 0 0 0 0 0 0 0 0 0 0 0 0 0 0 0 0 0 0 0 0 0 0 0 0 0 0 0 0 0 0 0 0 0 0 0 0 0 0 0 0 0 0 0 0 0 0 0 0 0 0 0 0 0 0 0 0 0 0 0 0 0 0 0 0 0 0 0 0 0 0 0 0 0 0 0 0 0 0 0 0 0 0 0 0 0 0 0 0 0 0 0 0 0 0 0 0 0 0 0 0 0 0 0 0 0 0 0 0 0 0 0 0 0 0 0 0 0 0 0 0 0 0 0 0 0 0 0 0 0 0 0 0 0 0 0 0 0 0 0 0 0 0 0 0 0 0 0 0 0 0 0 0 0 0 0 0 0 0 0 0 0 0 0 0 0 0 0 0 0 0 0 0 0 0 0 0 0 0 0 0 0 0 0 0 0 0 0 0 0 0 0 0 0 0 0 0 0 0 0 0 0 0 0 0 0 0 0 0 0 0 0 0 0 0 0 0 0 0 0 0 0 0 0 0 0 0 0 0 0 0 0 0 0 0 0 0 0 0 0 0 0 0 0 0 0 0 0 0 0 0 0 0 0 0 0 0 0 0 0 0 0 0 0 0 0 0 0 0 0 0 0 0 0 0 0 0 0 0 0 0 0 0 0 0 0 0 0 0 0 0 0 0 0 0 0 0 0 0 0 0 0 0 0 0 0 0 0 0 0 0 0 0 0 0 0 0 0 0 0 0 0 0 0 0 0 0 0 0 0 0 0 0 0 0 0 0 0 0 0 0 0 0 0 0 0 0 0 0 0 0 0 0 0 0 0 0 0 0 0 0 0 0 0 0 0 0 0 0 0 0 0 0 0 0 0 0 0 0 0 0 0 0 0 0 0 0 0 0 0 0 0 0 0 0 0 0 0 0 0 0 0 0 0 0 0 0 0 0 0 0 0 0 0 0 0 0 0 0 0 0 0 0 0 0 0 0 0 0 0 0 0 0 0 0 0 0 0 0 0 0 0 0 0 0 0 0 0 0 0 0 0 0 0 0 0 0 0 0 0 0 0 0 0 0 0 0 0 0 0 0 0 0 0 0 0 0 0 0 0 0 0 0 0 0 0 0 0 0 0 0 0 0 0 0 0 0 0 0 0 0 0 0 0 0 0 0 0 0 0 0 0 0 0 0 0 0 0 0 0 0 0 0 0 0 0 0 0 0 0 0 0 0 0 0 0 0 0 0 0 0 0 0 0 0 0 0 0 0 0 0 0 0 0 0 0 0 0 0 0 0 0 0 0 0 0 0 0 0 0 0 0 0 0 0 0 0 0 0 0 0 0 0 0 0 0 0 0 0 0 0 0 0 0 0 0 0 0 0 0 0 0 0 0 0 0 0 0 0 0 0 0 0 0 0 0 0 0 0 0 0 0 0 0 0 0 0 0 0 0 0 0 0 0 0 0 0 0 0 0 0 0 0 0 0 0 0 0 0 0 0 0 0 0 0 0 0 0 0 0 0 0 0 0 0 0 0 0 0 0 0 0 0 0 0 0 0 0 0 0 0 0 0 0 0 0 0 0 0 0 0 0 0 0 0 0 0 0 0 0 0 0 0 0 0 0 0 0 0 0 0 0 0 0 0 0 0 0 0 0 0 0 0 0 0 0 0 0 0 0 0 0 0 0 0 0 0 0 0 0 0 0 0 0 0 0 0 0 0 0 0 0 0 0 0 0 0 0 0 0 0 0 0 0 0 0 0 0 0 0 0 0 0 0 0 0 0 0 0 0 0 0 0 0 0 0 0 0 0 0 0 0 0 0 0 0 0 0 0 0 0 0 0 0 0 0 0 0 0 0 0 0 0 0 0 0 0 0 0 0 0 0 0 0 0 0 0 0 0 0 0 0 0 0 0 0 0 0 0 0 0 0 0 0 0 0 0 0 0 0 0 0 0 0 0 0 0 0 0 0 0 0 0 0 0 0 0 0 0 0 0 0 0 0 0 0 0 0 0 0 0 0 0 0 0 0 0 0 0 0 0 0 0 0 0 0 0 0 0 0 0 0 0 0 0 0 0 0 0 0 0 0 0 0 0 0 0 0 0 0 0 0 0 0 0 0 0 0 0 0 0 0 0 0 0 0 0 0 0 0 0 0 0 0 0 0 0 0 0 0 0 0 0 0 0 0 0 0 0 0 0 0 0 0 0 0 0 0 0 0 0 0 0 0 0 0 0 0 0 0 0 0 0 0 0 0 0 0 0 0 0 0 0 0 0 0 0 0 0 0 0 0 0 0 0 0 0 0 0 0 0 0 0 0 0 0 0 0 0 0 0 0 0 0 0 0 0 0 0 0 0 0 0 0 0 0 0 0 0 0 0 0 0 0 0 0 0 0 0 0 0 0 0 0 0 0 0 0 0 0 0 0 0 0 0 0 0 0 0 0 0 0 0 0 0 0 0 0 0 0 0 0 0 0 0 0 0 0 0 0 0 0 0 0 0 0 0 0 0 0 0 0 0 0 0 0 0 0 0 0 0 0 0 0 0 0 0 0 0 0 0 0 0 0 0 0 0 0 0 0 0 0 0 0 0 0 0 0 0 0 0 0 0 0 0 0 0 0 0 0 0 0 0 0 0 0 0 0 0 0 0 0 0 0 0 0 0 0 0 0 0 0 0 0 0 0 0 0 0 0 0 0 0 0 0 0 0 0 0 0 0 0 0 0 0 0 0 0 0 0 0 0 0 0 0 0 0 0 0 0 0 0 0 0 0 0 0 0 0 0 0 0 0 0 0 0 0 0 0 0 0 0 0 0 0 0 0 0 0 0 0 0 0 0 0 0 0 0 0 0 0 0 0 0 0 0 0 0 0 0 0 0 0 0 0 0 0 0 0 0 0 0 0 0 0 0 0 0 0 0 0 0 0 0 0 0 0 0 0 0 0 0 0 0 0 0 0 0 0 0 0 0 0 0 0 0 0 0 0 0 0 0 0 0 0 0 0 0 0 0 0 0 0 0 0 0 0 0 0 0 0 0 0 0 0 0 0 0 0 0 0 0 0 0 0 0 0 0 0 0 0 0 0 0 0 0 0 0 0 0 0 0 0 0 0 0 0 0 0 0 0 0 0 0 0 0 0 0 0 0 0 0 0 0 0 0 0 0 0 0 0 0 0 0 0 0 0 0 0 0 0 0 0 0 0 0 0 0 0 0 0 0 0 0 0 0 0 0 0 0 0 0 0 0 0 0 0 0 0 0 0 0 0 0 0 0 0 0 0 0 0 0 0 0 0 0 0 0 0 0 0 0 0 0 0 0 0 0 0 0 0 0 0 0 0 0 0 0 0 0 0 0 0 0 0 0 0 0 0 0 0 0 0 0 0 0 0 0 0 0 0 0 0 0 0 0 0 0 0 0 0 0 0 0 0 0 0 0 0 0 0 0 0 0 0 0 0 0 0 0 0 0 0 0 0 0 0 0 0 0 0 0 0 0 0 0 0 0 0 0 0 0 0 0 0 0 0 0 0 0 0 0 0 0 0 0 0 0 0 0 0 0 0 0 0 0 0 0 0 0 0 0 0 0 0 0 0 0 0 0 0 0 0 0 0 0 0 0 0 0 0 0 0 0 0 0 0 0 0 0 0 0 0 0 0 0 0 0 0 0 0 0 0 0 0 0 0 0 0 0 0 0 0 0 0 0 0 0 0 0 0 0 0 0 0 0 0 0 0 0 0 0 0 0 0 0 0 0 0 0 0 0 0 0 0 0 0 0 0 0 0 0 0 0 0 0 0 0 0 0 0 0 0 0 0 0 0 0 0 0 0 0 0 0 0 0 0 0 0 0 0 0 0 0 0 0 0 0 0 0 0 0 0 0 0 0 0 0 0 0 0 0 0 0 0 0 0 0 0 0 0 0 0 0 0 0 0 0 0 0 0 0 0 0 0 0 0 0 0 0 0 0 0 0 0 0 0 0 0 0 0 0 0 0 0 0 0 0 0 0 0 0 0 0 0 0 0 0 0 0 0 0 0 0 0 0 0 0 0 0 0 0 0 0 0 0 0 0 0 0 0 0 0 0 0 0 0 0 0 0 0 0 0 0 0 0 0 0 0 0 0 0 0 0 0 0 0 0 0 0 0 0 0 0 0 0 0 0 0 0 0 0 0 0 0 0 0 0 0 0 0 0 0 0 0 0 0 0 0 0 0 0 0 0 0 0 0 0 0 0 0 0 0 0 0 0 0 0 0 0 0 0 0 0 0 0 0 0 0 0 0 0 0 0 0 0 0 0 0 0 0 0 0 0 0 0 0 0 0 0 0 0 0 0 0 0 0 0 0 0 0 0 0 0 0 0 0 0 0 0 0 0 0 0 0 0 0 0 0 0 0 0 0 0 0 0 0 0 0 0 0 0 0 0 0 0 0 0 0 0 0 0 0 0 0 0 0 0 0 0 0 0 0 0 0 0 0 0 0 0 0 0 0 0 0 0 0 0 0 0 0 0 0 0 0 0 0 0 0 0 0 0 0 0 0 0 0 0 0 0 0 0 0 0 0 0 0 0 0 0 0 0 0 0 0 0 0 0 0 0 0 0 0 0 0 0 0 0 0 0 0 0 0 0 0 0 0 0 0 0 0 0 0 0 0 0 0 0 0 0 0 0 0 0 0 0 0 0 0 0 0 0 0 0 0 0 0 0 0 0 0 0 0 0 0 0 0 0 0 0 0 0 0 0 0 0 0 0 0 0 0 0 0 0 0 0 0 0 0 0 0 0 0 0 0 0 0 0 0 0 0 0 0 0 0 0 0 0 0 0 0 0 0 0 0 0 0 0 0 0 0 0 0 0 0 0 0 0 0 0 0 0 0 0 0 0 0 0 0 0 0 0 0 0 0 0 0 0 0 0 0 0 0 0 0 0 0 0 0 0 0 0 0 0 0 0 0 0 0 0 0 0 0 0 0 0 0 0 0 0 0 0 0 0 0 0 0 0 0 0 0 0 0 0 0 0 0 0 0 0 0 0 0 0 0 0 0 0 0 0 0 0 0 0 0 0 0 0 0 0 0 0 0 0 0 0 0 0 0 0 0 0 0 0 0 0 0 0 0 0 0 0 0 0 0 0 0 0 0 0 0 0 0 0 0 0 0 0 0 0 0 0 0 0 0 0 0 0 0 0 0 0 0 0 0 0 0 0 0 0 0 0 0 0 0 0 0 0 0 0 0 0 0 0 0 0 0 0 0 0 0 0 0 0 0 0 0 0 0 0 0 0 0 0 0 0 0 0 0 0 0 0 0 0 0 0 0 0 0 0 0 0 0 0 0 0 0 0 0 0 0 0 0 0 0 0 0 0 0 0 0 </DataArray>
        <DataArray type="Float64" Name="region_ID" format="ascii">8 8 8 8 8 8 8 8 8 8 8 8 8 8 8 8 8 8 8 8 8 8 8 8 8 8 8 8 8 8 8 8 8 8 8 8 8 8 8 8 8 8 8 8 8 8 8 8 8 8 8 8 8 8 8 8 8 8 8 8 8 8 8 8 8 8 8 8 8 8 8 8 8 8 8 8 8 8 8 8 8 8 8 8 8 8 8 8 8 8 8 8 8 8 8 8 8 8 8 8 8 8 8 8 8 8 8 8 8 8 8 8 8 8 8 8 8 8 8 8 8 8 8 8 8 8 8 8 8 8 8 8 8 8 8 8 8 8 8 8 8 8 8 8 8 8 8 8 8 8 8 8 8 8 8 8 8 8 8 8 8 8 8 8 8 8 8 8 8 8 8 8 8 8 8 8 8 8 8 8 8 8 8 8 8 8 8 8 8 8 8 8 8 8 8 8 8 8 8 8 8 8 8 8 8 8 8 8 8 8 8 8 8 8 8 8 8 8 8 8 8 8 8 8 8 8 8 8 8 8 8 8 8 8 8 8 8 8 8 8 8 8 8 8 8 8 8 8 8 8 8 8 8 8 8 8 8 8 8 8 8 8 8 8 8 8 8 8 8 8 8 8 8 8 8 8 8 8 8 8 8 8 8 8 8 8 8 8 8 8 8 8 8 8 8 8 8 8 8 8 8 8 8 8 8 8 7 7 7 8 8 8 8 8 7 7 7 7 7 8 8 8 8 8 8 8 7 7 7 7 7 7 7 8 8 8 7 7 7 7 7 8 7 7 7 7 7 7 7 7 7 8 8 8 8 8 7 7 7 7 7 7 7 8 7 7 7 7 7 7 7 7 7 7 7 7 7 7 8 8 8 8 8 7 7 7 7 7 7 7 7 8 7 7 7 7 7 7 7 7 7 7 7 7 7 7 7 8 7 7 7 8 8 8 7 7 7 7 7 7 7 7 7 7 7 7 7 7 7 7 7 7 7 7 7 7 7 7 8 7 7 7 7 7 7 7 7 7 7 7 7 7 7 7 7 7 8 7 7 7 7 7 7 7 7 7 7 7 7 7 7 7 7 7 7 7 7 7 7 7 7 8 8 7 7 7 7 7 7 7 7 7 7 7 7 7 7 7 7 7 7 7 7 7 8 7 7 7 7 7 7 7 7 7 7 7 7 7 7 7 7 7 7 7 7 8 7 7 7 7 7 7 7 7 7 7 7 7 7 7 7 7 7 7 7 7 7 7 7 7 7 7 7 7 7 8 7 7 7 7 7 7 7 7 7 7 7 7 7 7 7 7 7 7 7 7 7 7 8 7 7 7 7 7 7 7 7 7 7 7 7 7 7 7 7 7 7 7 7 7 7 7 7 7 7 7 7 7 7 8 8 7 7 7 7 7 7 7 7 7 7 7 7 7 7 7 7 7 7 7 7 7 7 7 7 7 7 7 7 7 7 7 7 7 7 7 7 7 7 7 7 7 7 7 7 7 7 7 7 7 7 7 7 7 7 7 7 7 7 7 7 8 8 7 7 7 7 7 7 7 7 7 7 7 7 7 7 7 7 7 7 7 7 7 7 7 7 7 7 7 7 7 7 7 7 7 7 7 7 7 7 7 7 7 7 7 7 7 7 7 7 7 7 7 7 7 7 7 7 7 7 7 7 7 7 7 7 7 7 7 7 10 10 10 7 8 8 7 7 7 7 7 7 7 7 7 7 7 7 7 7 7 7 7 7 7 7 7 7 7 7 7 7 7 7 7 7 7 7 7 7 7 7 7 7 7 7 7 7 7 7 7 7 7 7 7 7 7 7 7 7 7 7 7 7 7 7 7 7 7 7 7 7 10 10 10 10 7 7 7 7 7 7 10 10 10 10 7 7 8 8 7 7 7 7 7 7 7 7 7 7 7 7 7 7 7 7 7 7 7 7 7 7 7 7 7 7 7 7 7 7 7 7 7 7 7 7 7 7 7 7 7 7 7 7 7 7 7 7 7 7 7 7 7 7 7 7 7 7 7 10 10 10 10 7 7 7 7 10 10 10 10 7 7 7 7 7 7 7 10 7 10 7 8 8 7 7 7 7 7 7 7 7 7 7 7 7 7 7 7 7 7 7 7 7 7 7 7 7 7 7 7 7 7 7 7 7 7 7 7 7 7 7 7 7 7 7 7 7 7 7 7 7 7 7 7 7 7 10 10 10 10 10 7 7 7 7 7 10 10 10 7 7 7 7 7 7 7 7 7 10 7 7 10 7 10 10 10 10 10 10 7 7 7 7 10 10 10 10 7 8 8 7 7 7 7 7 7 7 7 7 7 7 7 7 7 7 7 7 7 7 7 7 7 7 7 7 7 7 7 7 7 7 7 7 7 7 7 7 7 7 7 7 7 7 7 7 7 7 7 7 7 7 10 10 10 10 7 7 7 7 10 10 7 7 7 7 7 7 7 7 7 7 10 7 7 10 10 10 10 10 10 10 7 7 10 10 10 10 7 7 7 7 7 10 10 7 7 7 10 10 10 10 10 10 10 10 10 10 8 8 7 7 7 7 7 7 7 7 7 7 7 7 7 7 7 7 7 7 7 7 7 7 7 7 7 7 7 7 7 7 7 7 7 7 7 7 7 7 7 7 7 7 7 7 7 10 10 10 10 7 7 7 10 10 10 7 7 7 7 7 7 7 10 10 7 10 10 10 7 10 10 10 10 7 7 7 7 7 10 10 7 7 7 10 10 10 10 10 7 7 10 10 7 10 7 7 7 10 7 7 7 7 7 7 10 8 8 7 7 7 7 7 7 7 7 7 7 7 7 7 7 7 7 7 7 7 7 7 7 7 7 7 7 7 7 7 7 7 7 7 7 7 7 7 7 7 7 7 7 7 10 10 10 10 7 7 10 10 7 7 7 7 7 7 10 7 10 10 10 7 7 10 10 7 7 7 7 7 7 7 10 10 7 7 10 10 10 10 10 7 10 7 7 7 10 7 7 7 7 7 7 7 10 7 7 10 7 7 10 10 10 7 7 7 7 7 10 8 8 7 7 7 7 7 7 7 7 7 7 7 7 7 7 7 7 7 7 7 7 7 7 7 7 7 7 7 7 7 7 7 7 7 7 7 7 7 7 10 10 10 10 7 10 7 7 7 7 7 10 7 10 10 10 7 7 7 7 7 7 10 10 7 7 7 10 10 10 10 7 7 7 7 7 10 7 7 7 7 7 10 7 7 10 10 7 7 10 10 7 7 7 7 7 7 7 10 10 7 7 7 7 7 7 8 8 8 7 7 7 7 7 7 7 7 7 7 7 7 7 7 7 7 7 7 7 7 7 7 7 7 7 7 7 7 7 7 10 10 10 10 7 7 10 7 10 10 7 7 7 7 7 7 10 10 7 7 7 10 10 10 10 7 7 7 10 7 7 7 7 7 7 10 7 7 7 10 10 7 7 10 10 7 7 7 7 7 7 7 7 10 7 7 7 7 7 7 7 7 7 7 7 8 8 7 7 7 7 7 7 7 7 7 7 7 7 7 7 7 7 7 7 7 7 7 7 7 7 7 10 10 10 10 7 7 7 10 7 7 7 7 7 7 7 10 7 7 7 10 10 7 7 7 10 7 7 7 7 7 7 10 10 7 10 7 7 7 7 7 7 7 7 7 7 7 7 7 7 7 7 7 7 7 7 7 7 7 7 7 7 7 8 8 8 7 7 7 7 7 7 7 7 7 7 7 7 7 7 7 7 7 7 10 10 10 7 7 10 10 7 7 7 7 7 7 7 7 7 10 10 7 7 10 7 7 7 7 7 7 7 10 10 7 7 7 7 7 7 7 7 7 7 7 7 7 7 7 7 7 7 7 7 7 7 7 7 7 7 7 7 7 8 8 8 7 7 7 7 7 7 7 7 7 7 7 7 7 7 7 7 7 10 10 7 7 10 10 7 7 7 7 7 7 7 7 10 10 7 7 10 7 7 7 7 10 7 10 7 7 7 7 7 7 7 7 7 7 7 7 7 7 7 7 7 7 6 7 7 7 7 7 7 6 7 7 7 7 7 7 7 7 7 7 7 7 6 7 7 8 8 7 6 6 6 7 7 7 7 7 6 7 7 7 7 7 10 7 7 6 10 7 7 6 7 10 10 7 7 7 7 7 7 7 7 7 7 6 7 6 7 7 7 7 7 7 7 7 7 6 6 7 7 7 7 7 6 6 6 6 7 7 7 7 7 7 7 6 7 7 7 6 7 8 8 8 7 6 6 6 7 7 7 7 6 7 7 7 7 10 7 7 7 7 6 7 10 7 7 7 7 7 7 7 7 6 7 7 7 7 7 7 7 7 7 7 6 6 7 7 7 7 7 7 6 6 6 7 7 7 7 7 7 7 7 7 7 7 7 6 7 7 7 7 7 7 8 8 8 7 6 6 7 7 7 7 6 7 7 7 7 7 7 7 7 6 7 7 7 7 7 7 7 7 7 7 7 7 7 7 7 7 7 6 6 7 7 7 7 7 7 7 6 6 7 7 7 7 7 7 7 7 7 7 6 7 7 7 7 7 6 8 8 7 6 6 7 7 7 7 6 7 7 7 7 7 7 7 7 6 7 7 7 7 7 7 7 7 7 7 7 7 7 7 6 6 7 7 7 7 7 7 6 7 7 7 7 7 7 7 7 6 7 7 7 7 7 6 7 7 7 8 8 7 6 6 7 7 7 7 7 7 7 7 7 7 7 7 6 7 7 7 7 7 7 7 7 7 7 7 6 6 7 7 7 7 7 7 6 7 7 7 7 7 7 7 6 7 7 7 7 7 7 6 7 7 7 7 7 7 7 6 8 8 7 6 6 7 7 7 7 7 7 7 7 7 7 7 6 7 7 7 7 7 7 7 7 7 7 7 6 6 7 7 7 7 7 7 7 7 7 7 6 7 7 7 7 6 7 7 7 7 7 6 7 6 8 8 7 6 6 7 7 7 7 7 7 7 7 7 7 6 7 7 7 7 7 7 7 7 7 7 6 6 7 7 7 7 7 7 7 7 7 6 6 7 7 7 7 7 7 7 7 7 7 6 6 6 7 8 8 8 8 7 6 7 7 7 7 7 7 7 7 6 7 7 7 7 7 7 7 7 7 7 6 6 7 7 7 7 7 7 7 7 7 6 6 7 7 7 7 7 6 6 6 7 7 6 7 7 7 7 8 8 7 6 7 7 7 7 7 7 7 6 7 7 7 7 7 7 7 7 7 6 7 7 7 7 7 7 7 6 6 7 7 7 7 6 6 6 7 7 7 6 7 7 7 7 7 7 7 7 7 8 8 8 8 7 6 7 7 7 7 7 7 7 6 7 7 7 7 7 7 7 7 7 7 6 7 7 7 7 7 6 6 7 7 7 7 6 6 6 7 7 7 6 7 7 7 7 7 7 7 7 7 7 7 7 7 8 8 7 6 7 7 7 7 7 7 6 7 7 7 7 7 7 7 7 6 7 7 7 7 7 6 6 7 7 6 6 6 7 7 6 7 7 7 7 7 7 7 7 7 7 7 7 7 7 8 8 8 7 6 7 7 7 7 7 7 6 7 7 7 7 6 7 7 7 7 6 6 7 7 6 6 6 6 7 7 7 7 7 7 7 7 8 8 8 7 6 7 7 7 7 7 7 6 7 7 7 7 6 7 7 7 7 6 6 6 6 6 6 7 7 7 7 8 8 8 7 6 7 7 7 7 7 7 7 6 7 6 7 7 7 6 6 6 6 6 6 7 7 8 8 7 6 7 7 7 7 6 7 6 7 6 6 6 6 6 6 7 8 8 8 7 6 7 9 9 9 6 6 9 6 6 6 6 6 6 9 9 8 8 9 6 9 9 9 9 6 6 9 6 6 6 6 6 6 9 9 8 8 8 9 6 9 9 9 6 6 9 6 6 6 6 6 6 9 8 8 8 9 6 9 9 9 6 6 9 6 6 6 6 6 6 9 9 8 8 8 9 6 9 9 6 6 9 6 6 6 6 6 6 9 9 8 8 8 9 6 9 9 6 6 9 6 6 6 6 6 6 8 8 8 8 9 6 9 9 6 6 9 6 6 6 6 6 6 8 8 8 9 6 9 6 6 6 6 6 6 6 8 8 9 9 6 6 6 6 6 6 6 6 6 8 8 9 9 6 6 6 6 6 6 6 6 6 8 8 8 9 9 6 6 6 6 6 6 6 6 6 8 8 9 9 6 6 6 6 6 6 6 6 6 8 8 8 9 9 6 6 6 6 6 6 6 6 6 9 8 8 9 9 9 6 6 6 6 6 6 6 6 8 8 9 9 9 6 6 6 6 6 6 6 6 6 9 8 8 9 9 6 6 6 6 6 6 6 6 9 6 8 8 9 6 6 6 6 6 6 6 6 9 6 8 9 8 8 9 6 6 6 6 6 6 6 6 9 6 8 9 8 8 9 6 6 6 6 6 6 6 6 9 6 8 8 8 9 9 6 6 6 6 6 6 6 6 9 6 8 8 9 9 6 6 6 6 6 6 6 6 6 8 8 8 8 9 9 6 6 6 6 6 6 6 6 6 8 8 8 9 9 9 6 6 6 6 6 6 6 6 6 8 8 8 8 9 9 9 6 6 6 6 6 6 6 6 6 8 8 8 9 9 9 9 6 6 6 6 6 6 6 6 6 6 8 8 6 5 5 5 8 9 9 9 6 6 6 6 6 6 6 6 8 8 6 5 5 5 5 5 5 5 5 5 5 5 5 5 8 9 9 9 6 6 6 6 6 6 6 6 6 6 8 6 5 5 5 5 5 5 5 5 5 5 5 5 5 5 5 5 5 5 6 6 6 6 5 5 5 5 6 5 5 5 5 5 5 5 5 5 5 8 9 9 9 6 6 6 6 6 6 6 6 6 8 6 5 5 5 5 5 5 5 5 5 5 5 5 5 5 5 5 5 5 6 6 6 5 5 5 5 5 5 5 5 5 5 5 5 5 8 8 9 9 9 6 6 5 5 5 5 5 5 5 5 5 5 5 5 5 5 5 5 5 5 5 5 5 5 5 5 5 5 5 5 5 5 5 5 5 5 5 5 5 5 8 8 9 9 9 9 5 5 5 5 5 5 5 5 5 5 5 5 5 5 5 5 5 5 5 5 5 5 5 5 5 5 5 5 5 5 5 5 5 5 8 8 9 9 9 9 5 5 5 5 5 5 5 5 5 5 5 5 5 5 5 5 5 5 5 5 5 5 5 5 5 5 5 5 5 5 5 5 5 5 5 8 8 9 9 9 9 5 5 5 5 5 5 5 5 5 5 5 5 5 5 5 5 5 5 5 5 5 5 5 5 5 5 5 5 5 5 5 5 5 5 5 8 8 8 8 9 9 9 5 5 5 5 5 5 5 5 5 5 5 5 5 5 5 5 5 5 5 5 5 5 5 5 5 5 5 5 5 5 5 5 5 5 8 8 8 8 9 9 9 9 5 5 5 5 5 5 5 5 5 5 5 5 5 5 5 5 5 5 5 5 5 5 5 5 5 5 5 5 5 5 5 8 8 8 9 9 9 5 5 5 5 5 5 5 5 5 5 5 5 5 5 5 5 5 5 5 5 5 5 5 5 5 5 5 5 5 5 5 8 8 8 8 9 9 9 9 5 5 5 5 5 5 5 5 5 5 5 5 5 5 5 5 5 5 5 5 5 5 5 5 5 5 5 8 8 8 9 9 9 5 5 5 5 5 5 5 5 5 5 5 5 5 5 5 5 5 5 5 5 5 5 5 5 5 5 5 5 8 8 9 9 9 5 5 5 5 5 5 5 5 5 5 5 5 5 5 5 5 5 5 5 5 5 5 5 5 5 5 5 5 5 5 5 5 5 8 8 9 9 9 5 5 5 5 5 5 5 5 5 5 5 5 5 5 5 5 5 5 5 5 5 5 5 5 5 5 5 5 5 5 5 5 8 8 9 9 9 5 5 5 5 5 5 5 5 5 5 5 5 5 5 5 5 5 5 5 5 5 5 5 5 5 5 5 5 5 5 5 5 5 5 5 5 8 8 9 9 9 5 5 5 5 5 5 5 5 5 5 5 5 5 5 5 5 5 5 5 5 5 5 5 5 5 5 5 5 5 5 5 5 5 5 5 5 5 5 8 8 9 9 9 5 5 5 5 5 5 5 5 5 5 5 5 5 5 5 5 5 5 5 5 5 5 5 5 5 5 5 5 5 5 5 5 5 5 8 8 9 9 5 5 5 5 5 5 5 5 5 5 5 5 5 5 5 5 5 5 5 5 5 5 5 5 5 5 5 5 5 5 5 5 8 8 8 8 9 9 9 5 5 5 5 5 5 5 5 5 5 5 5 5 5 5 5 5 5 5 5 5 5 5 5 5 5 5 5 5 5 5 8 8 8 9 9 5 5 5 5 5 5 5 5 5 5 5 5 5 5 5 5 5 5 5 5 5 5 5 5 5 5 5 5 5 5 5 5 5 5 5 5 5 5 8 8 8 8 9 9 5 5 5 5 5 5 5 5 5 5 5 5 5 5 5 5 5 5 5 5 5 5 5 5 5 5 5 5 5 5 5 5 5 5 5 8 8 8 9 9 5 5 5 5 5 5 5 5 5 5 5 5 5 5 5 5 5 5 5 5 5 5 5 5 5 5 5 5 5 5 5 5 5 8 8 9 9 5 5 5 5 5 5 5 5 5 5 5 5 5 5 5 5 5 5 5 5 5 5 5 5 5 5 5 5 5 5 5 5 5 5 5 5 5 8 8 9 9 5 5 5 5 5 5 5 5 5 5 5 5 5 5 5 5 5 5 5 5 5 5 5 5 5 5 5 5 5 5 5 5 5 5 5 5 5 5 5 5 5 5 5 5 5 5 5 5 5 5 8 8 9 9 5 5 5 5 5 5 5 5 5 5 5 5 5 5 5 5 5 5 5 5 5 5 5 5 5 5 5 5 5 5 5 5 5 5 5 5 5 5 5 5 5 5 5 8 8 9 9 9 5 5 5 5 5 5 5 5 5 5 5 5 5 5 5 5 5 5 5 5 5 5 5 5 5 5 5 5 5 5 5 8 8 9 9 9 5 5 5 5 5 5 5 5 5 5 5 5 5 5 5 5 5 5 5 5 8 8 8 9 9 9 5 5 5 5 5 5 5 5 5 5 5 5 4 5 5 8 8 8 9 9 9 9 5 5 5 4 4 4 4 4 5 4 4 4 4 4 4 8 8 8 9 9 9 4 4 4 4 4 4 4 4 4 4 4 4 4 4 9 8 8 8 9 9 4 4 4 4 4 4 4 4 4 4 9 9 4 8 8 8 9 9 4 4 4 4 4 4 4 4 4 9 9 4 4 8 8 8 9 9 4 4 4 4 4 4 4 9 9 4 4 8 8 8 8 9 4 4 4 4 4 4 4 9 9 4 4 8 8 8 9 9 4 4 4 4 4 4 4 9 9 4 4 4 8 8 8 8 9 4 4 4 4 4 4 9 9 9 4 4 4 8 8 8 8 9 4 4 4 4 4 4 9 9 4 4 4 9 8 8 8 9 4 4 4 4 4 4 9 4 4 4 9 4 9 8 8 9 4 4 4 4 4 4 4 4 4 9 4 9 9 8 8 8 9 4 4 4 4 4 4 4 4 4 9 9 3 3 3 3 8 8 9 4 4 4 4 4 4 4 4 4 9 9 3 3 3 3 3 3 4 4 4 3 3 3 3 4 3 8 8 9 4 4 4 4 4 4 4 4 4 4 9 3 3 3 3 3 3 4 4 4 4 3 3 3 3 3 3 3 3 8 8 9 4 4 4 4 4 4 4 4 4 9 3 3 3 3 3 3 3 3 3 3 3 3 3 3 4 3 3 3 3 3 8 8 8 9 9 4 4 3 3 3 3 3 3 9 3 3 3 3 3 3 3 3 3 3 3 3 3 9 3 8 8 8 9 3 3 3 3 3 3 3 3 3 9 3 3 3 2 3 3 3 3 3 9 3 3 9 8 8 8 9 3 3 3 3 3 3 9 3 2 2 2 2 2 3 9 2 2 8 8 8 9 3 2 2 2 2 2 9 2 2 2 2 2 2 9 2 2 9 8 8 8 9 2 2 2 2 2 2 2 2 2 2 9 2 9 9 9 8 8 8 8 9 9 2 2 2 2 2 2 2 2 2 2 9 9 9 8 8 8 9 2 2 2 2 2 2 2 2 2 9 9 9 2 8 8 8 9 2 2 2 2 2 2 2 2 9 9 2 2 8 8 8 9 2 2 2 2 2 2 2 9 9 2 2 8 8 9 2 2 2 2 2 2 2 9 9 2 2 2 8 8 9 2 2 2 2 2 2 9 2 2 2 8 8 8 9 9 2 2 2 2 2 2 2 2 2 2 8 8 8 9 9 9 2 2 2 2 2 2 2 2 2 8 8 9 9 2 2 2 2 2 2 2 2 2 8 8 9 9 9 2 2 2 2 2 2 2 2 2 8 8 8 9 9 2 2 2 2 2 2 2 2 2 8 8 9 9 2 2 2 2 2 2 2 2 2 8 8 8 9 9 2 2 2 2 2 2 2 2 2 8 8 8 9 9 2 2 2 2 2 2 2 2 2 8 8 8 9 9 2 2 2 2 2 2 2 2 2 8 8 9 9 2 2 2 2 2 2 2 2 2 8 8 9 9 9 2 2 2 2 2 2 2 2 2 8 8 8 9 9 2 2 2 2 2 2 2 2 2 8 8 9 9 9 2 2 2 2 2 2 2 2 2 8 9 8 8 9 2 2 2 2 2 2 2 2 2 9 9 9 9 8 8 9 2 2 2 2 2 2 2 2 2 9 9 8 9 8 9 2 2 2 2 2 2 2 2 2 9 8 8 8 9 9 2 2 2 2 2 2 2 2 2 9 8 8 8 8 9 9 2 2 2 2 2 2 2 2 2 9 9 8 8 8 8 8 9 2 2 2 2 2 2 2 2 2 9 9 8 8 8 8 8 8 9 9 2 2 2 2 2 2 2 2 2 9 9 8 8 8 8 8 1 1 1 8 8 9 2 2 2 2 2 2 2 2 2 9 9 9 8 8 8 8 1 1 1 1 1 1 8 1 1 1 1 1 1 8 8 9 2 2 2 2 2 2 2 2 2 9 9 8 8 8 8 1 1 1 1 1 1 1 1 8 1 1 1 1 1 1 1 1 9 1 1 1 1 1 1 1 1 1 1 1 1 1 8 8 9 2 2 2 2 2 2 2 2 2 9 8 8 1 1 1 1 1 1 1 1 1 1 1 1 1 1 1 1 1 1 1 9 1 1 1 1 1 1 1 1 1 1 1 1 1 1 1 1 1 1 1 1 1 1 1 8 1 9 2 2 2 2 2 2 2 2 2 9 1 1 1 1 1 1 1 1 1 1 1 1 1 1 1 1 1 1 1 1 1 1 1 1 1 1 1 1 1 1 1 1 1 1 1 1 1 1 1 1 1 1 1 1 1 1 9 2 2 2 2 2 2 2 2 2 9 1 1 1 1 1 1 1 1 1 1 1 1 1 1 1 1 1 1 1 1 1 1 1 1 1 1 1 1 1 1 1 1 1 1 1 1 1 1 1 1 1 1 1 1 1 1 1 1 1 1 1 1 1 1 9 9 2 2 2 2 2 2 2 2 2 9 1 1 1 1 1 1 1 1 1 1 1 1 1 1 1 1 1 1 1 1 1 1 1 1 1 1 1 1 1 1 1 1 1 1 1 1 1 1 1 1 1 1 1 1 1 1 1 1 1 1 1 1 1 1 1 9 2 2 2 2 2 2 2 2 2 9 1 1 1 1 1 1 1 1 1 1 1 1 1 1 1 1 1 1 1 1 1 1 1 1 1 1 1 1 1 1 1 1 1 1 1 1 1 1 1 1 1 1 1 1 1 1 1 1 1 1 1 1 1 1 1 1 1 1 1 1 1 9 2 2 2 2 2 2 2 2 2 9 9 1 1 1 1 1 1 1 1 1 1 1 1 1 1 1 1 1 1 1 1 1 1 1 1 1 1 1 1 1 1 1 1 1 1 1 1 1 1 1 1 1 1 1 1 1 1 1 1 1 1 1 1 1 1 1 1 1 1 1 1 1 1 1 1 1 1 1 1 1 1 9 2 2 2 2 2 2 2 2 2 9 1 1 1 1 1 1 1 1 1 1 1 1 1 1 1 1 1 1 1 1 1 1 1 1 1 1 1 1 1 1 1 1 1 1 1 1 1 1 1 1 1 1 1 1 1 1 1 1 1 1 1 1 1 1 1 1 1 1 1 1 1 1 1 1 1 1 1 1 1 1 9 2 2 2 2 2 2 2 2 2 9 1 1 1 1 1 1 1 1 1 1 1 1 1 1 1 1 1 1 1 1 1 1 1 1 1 1 1 1 1 1 1 1 1 1 1 1 1 1 1 1 1 1 1 1 1 1 1 1 1 1 1 1 1 1 1 1 1 1 1 1 1 1 1 1 1 1 1 9 9 2 2 2 2 2 2 2 2 2 9 1 1 1 1 1 1 1 1 1 1 1 1 1 1 1 1 1 1 1 1 1 1 1 1 1 1 1 1 1 1 1 1 1 1 1 1 1 1 1 1 1 1 1 1 1 1 1 1 1 1 1 1 1 1 1 1 1 1 1 1 1 1 1 9 2 2 2 2 2 2 2 2 2 9 9 1 1 1 1 1 1 1 1 1 1 1 1 1 1 1 1 1 1 1 1 1 1 1 1 1 1 1 1 1 1 1 1 1 1 1 1 1 1 1 1 1 1 1 1 1 1 1 1 1 1 1 1 1 1 1 1 1 2 2 1 1 1 1 1 1 1 9 2 2 2 2 2 2 2 2 9 1 1 1 1 1 1 1 1 1 1 1 1 1 1 1 1 1 1 1 1 1 1 1 1 1 1 1 1 1 1 1 1 1 1 1 1 1 1 1 1 1 1 1 1 1 1 1 1 2 2 2 1 1 1 1 1 9 1 1 1 1 1 1 9 2 2 2 2 2 2 1 1 1 1 1 1 1 1 1 1 1 1 1 1 1 1 1 1 1 1 1 1 1 1 1 1 1 1 1 1 1 1 1 1 1 1 1 1 1 1 1 1 2 2 2 2 1 1 1 1 1 1 9 1 1 1 1 9 2 1 1 1 1 1 1 1 2 2 1 1 9 2 2 2 2 2 1 1 1 1 1 1 1 1 1 1 1 1 1 1 1 1 1 1 1 1 1 1 1 1 1 1 1 1 1 1 1 1 1 1 1 1 1 1 1 2 2 2 2 1 1 1 1 9 1 1 1 1 9 1 1 1 1 1 1 2 2 1 1 1 1 1 1 9 2 2 2 2 2 1 1 1 1 1 1 1 1 1 1 1 1 1 1 1 1 1 1 1 1 1 1 1 1 1 1 1 1 1 1 1 1 1 1 1 1 2 2 2 2 1 1 9 1 9 1 1 1 1 1 1 1 2 2 1 1 1 1 1 1 1 1 1 1 1 9 2 2 2 2 2 1 1 1 1 1 1 1 1 1 1 1 1 1 1 1 1 1 1 1 1 1 1 1 1 1 1 1 1 1 1 1 1 1 1 1 1 2 2 2 2 2 1 1 9 1 1 1 1 1 1 1 1 1 1 1 1 1 1 1 1 1 1 1 1 9 9 2 2 2 2 2 2 1 1 1 1 1 1 1 1 1 1 1 1 1 1 1 1 1 1 1 1 1 1 1 1 1 1 1 1 1 1 1 1 1 1 2 2 1 1 1 1 1 1 1 1 1 1 1 1 1 1 1 1 1 1 1 1 1 2 1 1 1 1 1 1 1 1 1 1 1 9 9 9 2 2 2 2 1 1 1 1 1 1 1 1 1 1 1 1 1 1 1 1 1 1 1 1 1 1 1 1 1 1 1 1 1 1 1 1 1 1 1 1 1 1 1 1 1 1 1 1 1 1 1 1 1 1 1 1 1 1 1 1 1 1 1 1 1 1 9 9 9 2 1 2 1 1 1 1 1 1 1 1 1 1 1 1 1 1 1 1 1 1 1 1 1 1 1 1 1 1 1 1 1 1 1 1 1 1 1 1 1 1 1 1 1 1 1 1 1 1 1 1 1 1 1 1 1 1 1 1 1 1 1 9 9 9 1 1 1 1 1 1 1 1 1 1 1 1 1 1 1 1 1 1 1 1 1 1 1 1 1 1 1 1 1 1 1 1 1 1 1 1 1 1 1 1 1 1 1 1 1 1 1 1 1 1 1 1 9 9 9 9 1 1 1 1 1 1 1 1 1 1 1 1 1 1 1 1 1 1 1 1 1 1 1 1 1 1 1 1 1 1 1 1 1 1 1 1 1 1 1 1 1 1 1 1 1 1 1 1 1 1 1 1 1 1 9 9 9 1 1 1 1 1 1 1 1 1 1 1 1 1 1 1 1 1 1 1 1 1 1 1 1 1 1 1 1 1 1 1 1 1 1 1 1 1 1 1 1 1 1 1 1 1 1 1 1 1 1 1 9 9 9 1 1 1 1 1 1 1 1 1 1 1 1 1 1 1 1 1 1 1 1 1 1 1 1 1 1 1 1 1 1 1 1 1 1 1 1 1 1 1 1 1 1 1 1 1 1 1 1 1 1 1 1 9 9 9 1 1 1 1 1 1 1 1 1 1 1 1 1 1 1 1 1 1 1 1 1 1 1 1 1 1 1 1 1 1 1 1 1 1 1 1 1 1 1 1 1 1 1 1 1 1 1 1 1 1 1 1 1 1 9 9 9 1 1 1 1 1 1 1 1 1 1 1 1 1 1 1 1 1 1 1 1 1 1 1 1 1 1 1 1 1 1 1 1 1 1 1 1 1 1 1 1 1 1 1 1 1 1 1 1 1 1 1 9 9 1 1 1 1 1 1 1 1 1 1 1 1 1 1 1 1 1 1 1 1 1 1 1 1 1 1 1 1 1 1 1 1 1 1 1 1 1 1 1 1 1 1 1 1 1 1 1 1 1 1 9 9 1 1 1 1 1 1 1 1 1 1 1 1 1 1 1 1 1 1 1 1 1 1 1 1 1 1 1 1 1 1 1 1 1 1 1 1 1 1 1 1 1 1 1 1 1 1 1 1 1 1 1 1 1 9 9 1 1 1 1 1 1 1 1 1 1 1 1 1 1 1 1 1 1 1 1 1 1 1 1 1 1 1 1 1 1 1 1 1 1 1 1 1 1 1 1 1 1 1 1 1 1 9 9 9 9 1 1 1 1 1 1 1 1 1 1 1 1 1 1 1 1 1 1 1 1 1 1 1 1 1 1 1 1 1 1 1 1 1 1 1 1 1 1 1 1 1 1 1 1 1 1 9 9 9 9 1 1 1 1 1 1 1 1 1 1 1 1 1 1 1 1 1 1 1 1 1 1 1 1 1 1 1 1 1 1 1 1 1 1 1 1 1 1 1 1 1 1 1 1 1 1 1 1 9 9 9 1 1 1 1 1 1 1 1 1 1 1 1 1 1 1 1 1 1 1 1 1 1 1 1 1 1 1 1 1 1 1 1 1 1 1 1 1 1 1 1 1 1 1 1 1 1 1 1 1 9 9 9 9 1 1 1 1 1 1 1 1 1 1 1 1 1 1 1 1 1 1 1 1 1 1 1 1 1 1 1 1 1 1 1 1 1 1 1 1 1 1 1 1 1 1 1 1 1 9 9 9 9 1 1 1 1 1 1 1 1 1 1 1 1 1 1 1 1 1 1 1 1 1 1 1 1 1 1 1 1 1 1 9 9 1 1 1 1 1 1 1 1 1 1 1 1 1 1 1 1 1 1 1 1 1 1 1 1 9 9 1 1 1 1 1 1 1 1 1 1 1 1 1 1 1 1 1 9 9 9 1 1 1 1 1 1 1 1 1 9 9 1 1 1 1 1 1 9 9 9 9 9 9 9 9 9 9 9 9 9 9 9 9 9 9 9 9 9 9 9 9 9 9 9 9 9 9 9 9 9 9 9 9 9 9 9 9 9 9 9 9 9 9 9 9 9 9 9 9 9 9 9 9 9 9 9 9 9 9 9 9 9 9 9 9 9 9 9 9 9 9 9 9 9 9 9 9 9 9 9 9 9 9 9 9 9 9 9 9 9 9 9 9 9 9 9 9 9 9 9 9 9 9 9 9 9 9 9 9 9 9 9 9 9 9 9 9 9 9 9 9 9 9 9 9 9 9 9 9 9 9 9 9 9 9 9 9 9 9 9 9 9 9 9 9 9 9 9 9 9 9 9 9 9 9 9 9 9 9 9 9 9 9 9 9 9 9 9 9 9 9 9 9 9 9 9 9 9 9 9 9 9 9 9 9 9 9 9 9 9 9 9 9 9 9 9 9 9 9 9 9 9 9 9 9 9 9 9 9 9 9 9 9 9 9 9 9 9 9 9 9 9 9 9 9 9 9 9 9 9 9 9 9 9 9 9 9 9 9 9 9 9 9 9 9 9 9 9 9 9 9 9 9 9 9 9 9 9 9 9 9 9 9 9 9 9 9 9 9 9 9 9 9 9 9 9 9 9 9 9 9 9 9 </DataArray>
      </CellData>
      <PointData Scalars="temperature">
        <DataArray type="Int64" IdType="1" Name="vtkOriginalPointIds" format="ascii" RangeMin="0" RangeMax="2505">0 1 2 3 4 5 6 7 8 9 10 11 12 13 14 15 16 17 18 19 20 21 22 23 24 25 26 27 28 29 30 31 32 33 34 35 36 37 38 39 40 41 42 43 44 45 46 47 48 49 50 51 52 53 54 55 56 57 58 59 60 61 62 63 64 65 66 67 68 69 70 71 72 73 74 75 76 77 78 79 80 81 82 83 84 85 86 87 88 89 90 91 92 93 94 95 96 97 98 99 100 101 102 103 104 105 106 107 108 109 110 111 112 113 114 115 116 117 118 119 120 121 122 123 124 125 126 127 128 129 130 131 132 133 134 135 136 137 138 139 140 141 142 143 144 145 146 147 148 149 150 151 152 153 154 155 156 157 158 159 160 161 162 163 164 165 166 167 168 169 170 171 172 173 174 175 176 177 178 179 180 181 182 183 184 185 186 187 188 189 190 191 192 193 194 195 196 197 198 199 200 201 202 203 204 205 206 207 208 209 210 211 212 213 214 215 216 217 218 219 220 221 222 223 224 225 226 227 228 229 230 231 232 233 234 235 236 237 238 239 240 241 242 243 244 245 246 247 248 249 250 251 252 253 254 255 256 257 258 259 260 261 262 263 264 265 266 267 268 269 270 271 272 273 274 275 276 277 278 279 280 281 282 283 284 285 286 287 288 289 290 291 292 293 294 295 296 297 298 299 300 301 302 303 304 305 306 307 308 309 310 311 312 313 314 315 316 317 318 319 320 321 322 323 324 325 326 327 328 329 330 331 332 333 334 335 336 337 338 339 340 341 342 343 344 345 346 347 348 349 350 351 352 353 354 355 356 357 358 359 360 361 362 363 364 365 366 367 368 369 370 371 372 373 374 375 376 377 378 379 380 381 382 383 384 385 386 387 388 389 390 391 392 393 394 395 396 397 398 399 400 401 402 403 404 405 406 407 408 409 410 411 412 413 414 415 416 417 418 419 420 421 422 423 424 425 426 427 428 429 430 431 432 433 434 435 436 437 438 439 440 441 442 443 444 445 446 447 448 449 450 451 452 453 454 455 456 457 458 459 460 461 462 463 464 465 466 467 468 469 470 471 472 473 474 475 476 477 478 479 480 481 482 483 484 485 486 487 488 489 490 491 492 493 494 495 496 497 498 499 500 501 502 503 504 505 506 507 508 509 510 511 512 513 514 515 516 517 518 519 520 521 522 523 524 525 526 527 528 529 530 531 532 533 534 535 536 537 538 539 540 541 542 543 544 545 546 547 548 549 550 551 552 553 554 555 556 557 558 559 560 561 562 563 564 565 566 567 568 569 570 571 572 573 574 575 576 577 578 579 580 581 582 583 584 585 586 587 588 589 590 591 592 593 594 595 596 597 598 599 600 601 602 603 604 605 606 607 608 609 610 611 612 613 614 615 616 617 618 619 620 621 622 623 624 625 626 627 628 629 630 631 632 633 634 635 636 637 638 639 640 641 642 643 644 645 646 647 648 649 650 651 652 653 654 655 656 657 658 659 660 661 662 663 664 665 666 667 668 669 670 671 672 673 674 675 676 677 678 679 680 681 682 683 684 685 686 687 688 689 690 691 692 693 694 695 696 697 698 699 700 701 702 703 704 705 706 707 708 709 710 711 712 713 714 715 716 717 718 719 720 721 722 723 724 725 726 727 728 729 730 731 732 733 734 735 736 737 738 739 740 741 742 743 744 745 746 747 748 749 750 751 752 753 754 755 756 757 758 759 760 761 762 763 764 765 766 767 768 769 770 771 772 773 774 775 776 777 778 779 780 781 782 783 784 785 786 787 788 789 790 791 792 793 794 795 796 797 798 799 800 801 802 803 804 805 806 807 808 809 810 811 812 813 814 815 816 817 818 819 820 821 822 823 824 825 826 827 828 829 830 831 832 833 834 835 836 837 838 839 840 841 842 843 844 845 846 847 848 849 850 851 852 853 854 855 856 857 858 859 860 861 862 863 864 865 866 867 868 869 870 871 872 873 874 875 876 877 878 879 880 881 882 883 884 885 886 887 888 889 890 891 892 893 894 895 896 897 898 899 900 901 902 903 904 905 906 907 908 909 910 911 912 913 914 915 916 917 918 919 920 921 922 923 924 925 926 927 928 929 930 931 932 933 934 935 936 937 938 939 940 941 942 943 944 945 946 947 948 949 950 951 952 953 954 955 956 957 958 959 960 961 962 963 964 965 966 967 968 969 970 971 972 973 974 975 976 977 978 979 980 981 982 983 984 985 986 987 988 989 990 991 992 993 994 995 996 997 998 999 1000 1001 1002 1003 1004 1005 1006 1007 1008 1009 1010 1011 1012 1013 1014 1015 1016 1017 1018 1019 1020 1021 1022 1023 1024 1025 1026 1027 1028 1029 1030 1031 1032 1033 1034 1035 1036 1037 1038 1039 1040 1041 1042 1043 1044 1045 1046 1047 1048 1049 1050 1051 1052 1053 1054 1055 1056 1057 1058 1059 1060 1061 1062 1063 1064 1065 1066 1067 1068 1069 1070 1071 1072 1073 1074 1075 1076 1077 1078 1079 1080 1081 1082 1083 1084 1085 1086 1087 1088 1089 1090 1091 1092 1093 1094 1095 1096 1097 1098 1099 1100 1101 1102 1103 1104 1105 1106 1107 1108 1109 1110 1111 1112 1113 1114 1115 1116 1117 1118 1119 1120 1121 1122 1123 1124 1125 1126 1127 1128 1129 1130 1131 1132 1133 1134 1135 1136 1137 1138 1139 1140 1141 1142 1143 1144 1145 1146 1147 1148 1149 1150 1151 1152 1153 1154 1155 1156 1157 1158 1159 1160 1161 1162 1163 1164 1165 1166 1167 1168 1169 1170 1171 1172 1173 1174 1175 1176 1177 1178 1179 1180 1181 1182 1183 1184 1185 1186 1187 1188 1189 1190 1191 1192 1193 1194 1195 1196 1197 1198 1199 1200 1201 1202 1203 1204 1205 1206 1207 1208 1209 1210 1211 1212 1213 1214 1215 1216 1217 1218 1219 1220 1221 1222 1223 1224 1225 1226 1227 1228 1229 1230 1231 1232 1233 1234 1235 1236 1237 1238 1239 1240 1241 1242 1243 1244 1245 1246 1247 1248 1249 1250 1251 1252 1253 1254 1255 1256 1257 1258 1259 1260 1261 1262 1263 1264 1265 1266 1267 1268 1269 1270 1271 1272 1273 1274 1275 1276 1277 1278 1279 1280 1281 1282 1283 1284 1285 1286 1287 1288 1289 1290 1291 1292 1293 1294 1295 1296 1297 1298 1299 1300 1301 1302 1303 1304 1305 1306 1307 1308 1309 1310 1311 1312 1313 1314 1315 1316 1317 1318 1319 1320 1321 1322 1323 1324 1325 1326 1327 1328 1329 1330 1331 1332 1333 1334 1335 1336 1337 1338 1339 1340 1341 1342 1343 1344 1345 1346 1347 1348 1349 1350 1351 1352 1353 1354 1355 1356 1357 1358 1359 1360 1361 1362 1363 1364 1365 1366 1367 1368 1369 1370 1371 1372 1373 1374 1375 1376 1377 1378 1379 1380 1381 1382 1383 1384 1385 1386 1387 1388 1389 1390 1391 1392 1393 1394 1395 1396 1397 1398 1399 1400 1401 1402 1403 1404 1405 1406 1407 1408 1409 1410 1411 1412 1413 1414 1415 1416 1417 1418 1419 1420 1421 1422 1423 1424 1425 1426 1427 1428 1429 1430 1431 1432 1433 1434 1435 1436 1437 1438 1439 1440 1441 1442 1443 1444 1445 1446 1447 1448 1449 1450 1451 1452 1453 1454 1455 1456 1457 1458 1459 1460 1461 1462 1463 1464 1465 1466 1467 1468 1469 1470 1471 1472 1473 1474 1475 1476 1477 1478 1479 1480 1481 1482 1483 1484 1485 1486 1487 1488 1489 1490 1491 1492 1493 1494 1495 1496 1497 1498 1499 1500 1501 1502 1503 1504 1505 1506 1507 1508 1509 1510 1511 1512 1513 1514 1515 1516 1517 1518 1519 1520 1521 1522 1523 1524 1525 1526 1527 1528 1529 1530 1531 1532 1533 1534 1535 1536 1537 1538 1539 1540 1541 1542 1543 1544 1545 1546 1547 1548 1549 1550 1551 1552 1553 1554 1555 1556 1557 1558 1559 1560 1561 1562 1563 1564 1565 1566 1567 1568 1569 1570 1571 1572 1573 1574 1575 1576 1577 1578 1579 1580 1581 1582 1583 1584 1585 1586 1587 1588 1589 1590 1591 1592 1593 1594 1595 1596 1597 1598 1599 1600 1601 1602 1603 1604 1605 1606 1607 1608 1609 1610 1611 1612 1613 1614 1615 1616 1617 1618 1619 1620 1621 1622 1623 1624 1625 1626 1627 1628 1629 1630 1631 1632 1633 1634 1635 1636 1637 1638 1639 1640 1641 1642 1643 1644 1645 1646 1647 1648 1649 1650 1651 1652 1653 1654 1655 1656 1657 1658 1659 1660 1661 1662 1663 1664 1665 1666 1667 1668 1669 1670 1671 1672 1673 1674 1675 1676 1677 1678 1679 1680 1681 1682 1683 1684 1685 1686 1687 1688 1689 1690 1691 1692 1693 1694 1695 1696 1697 1698 1699 1700 1701 1702 1703 1704 1705 1706 1707 1708 1709 1710 1711 1712 1713 1714 1715 1716 1717 1718 1719 1720 1721 1722 1723 1724 1725 1726 1727 1728 1729 1730 1731 1732 1733 1734 1735 1736 1737 1738 1739 1740 1741 1742 1743 1744 1745 1746 1747 1748 1749 1750 1751 1752 1753 1754 1755 1756 1757 1758 1759 1760 1761 1762 1763 1764 1765 1766 1767 1768 1769 1770 1771 1772 1773 1774 1775 1776 1777 1778 1779 1780 1781 1782 1783 1784 1785 1786 1787 1788 1789 1790 1791 1792 1793 1794 1795 1796 1797 1798 1799 1800 1801 1802 1803 1804 1805 1806 1807 1808 1809 1810 1811 1812 1813 1814 1815 1816 1817 1818 1819 1820 1821 1822 1823 1824 1825 1826 1827 1828 1829 1830 1831 1832 1833 1834 1835 1836 1837 1838 1839 1840 1841 1842 1843 1844 1845 1846 1847 1848 1849 1850 1851 1852 1853 1854 1855 1856 1857 1858 1859 1860 1861 1862 1863 1864 1865 1866 1867 1868 1869 1870 1871 1872 1873 1874 1875 1876 1877 1878 1879 1880 1881 1882 1883 1884 1885 1886 1887 1888 1889 1890 1891 1892 1893 1894 1895 1896 1897 1898 1899 1900 1901 1902 1903 1904 1905 1906 1907 1908 1909 1910 1911 1912 1913 1914 1915 1916 1917 1918 1919 1920 1921 1922 1923 1924 1925 1926 1927 1928 1929 1930 1931 1932 1933 1934 1935 1936 1937 1938 1939 1940 1941 1942 1943 1944 1945 1946 1947 1948 1949 1950 1951 1952 1953 1954 1955 1956 1957 1958 1959 1960 1961 1962 1963 1964 1965 1966 1967 1968 1969 1970 1971 1972 1973 1974 1975 1976 1977 1978 1979 1980 1981 1982 1983 1984 1985 1986 1987 1988 1989 1990 1991 1992 1993 1994 1995 1996 1997 1998 1999 2000 2001 2002 2003 2004 2005 2006 2007 2008 2009 2010 2011 2012 2013 2014 2015 2016 2017 2018 2019 2020 2021 2022 2023 2024 2025 2026 2027 2028 2029 2030 2031 2032 2033 2034 2035 2036 2037 2038 2039 2040 2041 2042 2043 2044 2045 2046 2047 2048 2049 2050 2051 2052 2053 2054 2055 2056 2057 2058 2059 2060 2061 2062 2063 2064 2065 2066 2067 2068 2069 2070 2071 2072 2073 2074 2075 2076 2077 2078 2079 2080 2081 2082 2083 2084 2085 2086 2087 2088 2089 2090 2091 2092 2093 2094 2095 2096 2097 2098 2099 2100 2101 2102 2103 2104 2105 2106 2107 2108 2109 2110 2111 2112 2113 2114 2115 2116 2117 2118 2119 2120 2121 2122 2123 2124 2125 2126 2127 2128 2129 2130 2131 2132 2133 2134 2135 2136 2137 2138 2139 2140 2141 2142 2143 2144 2145 2146 2147 2148 2149 2150 2151 2152 2153 2154 2155 2156 2157 2158 2159 2160 2161 2162 2163 2164 2165 2166 2167 2168 2169 2170 2171 2172 2173 2174 2175 2176 2177 2178 2179 2180 2181 2182 2183 2184 2185 2186 2187 2188 2189 2190 2191 2192 2193 2194 2195 2196 2197 2198 2199 2200 2201 2202 2203 2204 2205 2206 2207 2208 2209 2210 2211 2212 2213 2214 2215 2216 2217 2218 2219 2220 2221 2222 2223 2224 2225 2226 2227 2228 2229 2230 2231 2232 2233 2234 2235 2236 2237 2238 2239 2240 2241 2242 2243 2244 2245 2246 2247 2248 2249 2250 2251 2252 2253 2254 2255 2256 2257 2258 2259 2260 2261 2262 2263 2264 2265 2266 2267 2268 2269 2270 2271 2272 2273 2274 2275 2276 2277 2278 2279 2280 2281 2282 2283 2284 2285 2286 2287 2288 2289 2290 2291 2292 2293 2294 2295 2296 2297 2298 2299 2300 2301 2302 2303 2304 2305 2306 2307 2308 2309 2310 2311 2312 2313 2314 2315 2316 2317 2318 2319 2320 2321 2322 2323 2324 2325 2326 2327 2328 2329 2330 2331 2332 2333 2334 2335 2336 2337 2338 2339 2340 2341 2342 2343 2344 2345 2346 2347 2348 2349 2350 2351 2352 2353 2354 2355 2356 2357 2358 2359 2360 2361 2362 2363 2364 2365 2366 2367 2368 2369 2370 2371 2372 2373 2374 2375 2376 2377 2378 2379 2380 2381 2382 2383 2384 2385 2386 2387 2388 2389 2390 2391 2392 2393 2394 2395 2396 2397 2398 2399 2400 2401 2402 2403 2404 2405 2406 2407 2408 2409 2410 2411 2412 2413 2414 2415 2416 2417 2418 2419 2420 2421 2422 2423 2424 2425 2426 2427 2428 2429 2430 2431 2432 2433 2434 2435 2436 2437 2438 2439 2440 2441 2442 2443 2444 2445 2446 2447 2448 2449 2450 2451 2452 2453 2454 2455 2456 2457 2458 2459 2460 2461 2462 2463 2464 2465 2466 2467 2468 2469 2470 2471 2472 2473 2474 2475 2476 2477 2478 2479 2480 2481 2482 2483 2484 2485 2486 2487 2488 2489 2490 2491 2492 2493 2494 2495 2496 2497 2498 2499 2500 2501 2502 2503 2504 2505 </DataArray>
        <DataArray type="UInt8" Name="vtkGhostType" format="ascii" RangeMin="0" RangeMax="0">0 0 0 0 0 0 0 0 0 0 0 0 0 0 0 0 0 0 0 0 0 0 0 0 0 0 0 0 0 0 0 0 0 0 0 0 0 0 0 0 0 0 0 0 0 0 0 0 0 0 0 0 0 0 0 0 0 0 0 0 0 0 0 0 0 0 0 0 0 0 0 0 0 0 0 0 0 0 0 0 0 0 0 0 0 0 0 0 0 0 0 0 0 0 0 0 0 0 0 0 0 0 0 0 0 0 0 0 0 0 0 0 0 0 0 0 0 0 0 0 0 0 0 0 0 0 0 0 0 0 0 0 0 0 0 0 0 0 0 0 0 0 0 0 0 0 0 0 0 0 0 0 0 0 0 0 0 0 0 0 0 0 0 0 0 0 0 0 0 0 0 0 0 0 0 0 0 0 0 0 0 0 0 0 0 0 0 0 0 0 0 0 0 0 0 0 0 0 0 0 0 0 0 0 0 0 0 0 0 0 0 0 0 0 0 0 0 0 0 0 0 0 0 0 0 0 0 0 0 0 0 0 0 0 0 0 0 0 0 0 0 0 0 0 0 0 0 0 0 0 0 0 0 0 0 0 0 0 0 0 0 0 0 0 0 0 0 0 0 0 0 0 0 0 0 0 0 0 0 0 0 0 0 0 0 0 0 0 0 0 0 0 0 0 0 0 0 0 0 0 0 0 0 0 0 0 0 0 0 0 0 0 0 0 0 0 0 0 0 0 0 0 0 0 0 0 0 0 0 0 0 0 0 0 0 0 0 0 0 0 0 0 0 0 0 0 0 0 0 0 0 0 0 0 0 0 0 0 0 0 0 0 0 0 0 0 0 0 0 0 0 0 0 0 0 0 0 0 0 0 0 0 0 0 0 0 0 0 0 0 0 0 0 0 0 0 0 0 0 0 0 0 0 0 0 0 0 0 0 0 0 0 0 0 0 0 0 0 0 0 0 0 0 0 0 0 0 0 0 0 0 0 0 0 0 0 0 0 0 0 0 0 0 0 0 0 0 0 0 0 0 0 0 0 0 0 0 0 0 0 0 0 0 0 0 0 0 0 0 0 0 0 0 0 0 0 0 0 0 0 0 0 0 0 0 0 0 0 0 0 0 0 0 0 0 0 0 0 0 0 0 0 0 0 0 0 0 0 0 0 0 0 0 0 0 0 0 0 0 0 0 0 0 0 0 0 0 0 0 0 0 0 0 0 0 0 0 0 0 0 0 0 0 0 0 0 0 0 0 0 0 0 0 0 0 0 0 0 0 0 0 0 0 0 0 0 0 0 0 0 0 0 0 0 0 0 0 0 0 0 0 0 0 0 0 0 0 0 0 0 0 0 0 0 0 0 0 0 0 0 0 0 0 0 0 0 0 0 0 0 0 0 0 0 0 0 0 0 0 0 0 0 0 0 0 0 0 0 0 0 0 0 0 0 0 0 0 0 0 0 0 0 0 0 0 0 0 0 0 0 0 0 0 0 0 0 0 0 0 0 0 0 0 0 0 0 0 0 0 0 0 0 0 0 0 0 0 0 0 0 0 0 0 0 0 0 0 0 0 0 0 0 0 0 0 0 0 0 0 0 0 0 0 0 0 0 0 0 0 0 0 0 0 0 0 0 0 0 0 0 0 0 0 0 0 0 0 0 0 0 0 0 0 0 0 0 0 0 0 0 0 0 0 0 0 0 0 0 0 0 0 0 0 0 0 0 0 0 0 0 0 0 0 0 0 0 0 0 0 0 0 0 0 0 0 0 0 0 0 0 0 0 0 0 0 0 0 0 0 0 0 0 0 0 0 0 0 0 0 0 0 0 0 0 0 0 0 0 0 0 0 0 0 0 0 0 0 0 0 0 0 0 0 0 0 0 0 0 0 0 0 0 0 0 0 0 0 0 0 0 0 0 0 0 0 0 0 0 0 0 0 0 0 0 0 0 0 0 0 0 0 0 0 0 0 0 0 0 0 0 0 0 0 0 0 0 0 0 0 0 0 0 0 0 0 0 0 0 0 0 0 0 0 0 0 0 0 0 0 0 0 0 0 0 0 0 0 0 0 0 0 0 0 0 0 0 0 0 0 0 0 0 0 0 0 0 0 0 0 0 0 0 0 0 0 0 0 0 0 0 0 0 0 0 0 0 0 0 0 0 0 0 0 0 0 0 0 0 0 0 0 0 0 0 0 0 0 0 0 0 0 0 0 0 0 0 0 0 0 0 0 0 0 0 0 0 0 0 0 0 0 0 0 0 0 0 0 0 0 0 0 0 0 0 0 0 0 0 0 0 0 0 0 0 0 0 0 0 0 0 0 0 0 0 0 0 0 0 0 0 0 0 0 0 0 0 0 0 0 0 0 0 0 0 0 0 0 0 0 0 0 0 0 0 0 0 0 0 0 0 0 0 0 0 0 0 0 0 0 0 0 0 0 0 0 0 0 0 0 0 0 0 0 0 0 0 0 0 0 0 0 0 0 0 0 0 0 0 0 0 0 0 0 0 0 0 0 0 0 0 0 0 0 0 0 0 0 0 0 0 0 0 0 0 0 0 0 0 0 0 0 0 0 0 0 0 0 0 0 0 0 0 0 0 0 0 0 0 0 0 0 0 0 0 0 0 0 0 0 0 0 0 0 0 0 0 0 0 0 0 0 0 0 0 0 0 0 0 0 0 0 0 0 0 0 0 0 0 0 0 0 0 0 0 0 0 0 0 0 0 0 0 0 0 0 0 0 0 0 0 0 0 0 0 0 0 0 0 0 0 0 0 0 0 0 0 0 0 0 0 0 0 0 0 0 0 0 0 0 0 0 0 0 0 0 0 0 0 0 0 0 0 0 0 0 0 0 0 0 0 0 0 0 0 0 0 0 0 0 0 0 0 0 0 0 0 0 0 0 0 0 0 0 0 0 0 0 0 0 0 0 0 0 0 0 0 0 0 0 0 0 0 0 0 0 0 0 0 0 0 0 0 0 0 0 0 0 0 0 0 0 0 0 0 0 0 0 0 0 0 0 0 0 0 0 0 0 0 0 0 0 0 0 0 0 0 0 0 0 0 0 0 0 0 0 0 0 0 0 0 0 0 0 0 0 0 0 0 0 0 0 0 0 0 0 0 0 0 0 0 0 0 0 0 0 0 0 0 0 0 0 0 0 0 0 0 0 0 0 0 0 0 0 0 0 0 0 0 0 0 0 0 0 0 0 0 0 0 0 0 0 0 0 0 0 0 0 0 0 0 0 0 0 0 0 0 0 0 0 0 0 0 0 0 0 0 0 0 0 0 0 0 0 0 0 0 0 0 0 0 0 0 0 0 0 0 0 0 0 0 0 0 0 0 0 0 0 0 0 0 0 0 0 0 0 0 0 0 0 0 0 0 0 0 0 0 0 0 0 0 0 0 0 0 0 0 0 0 0 0 0 0 0 0 0 0 0 0 0 0 0 0 0 0 0 0 0 0 0 0 0 0 0 0 0 0 0 0 0 0 0 0 0 0 0 0 0 0 0 0 0 0 0 0 0 0 0 0 0 0 0 0 0 0 0 0 0 0 0 0 0 0 0 0 0 0 0 0 0 0 0 0 0 0 0 0 0 0 0 0 0 0 0 0 0 0 0 0 0 0 0 0 0 0 0 0 0 0 0 0 0 0 0 0 0 0 0 0 0 0 0 0 0 0 0 0 0 0 0 0 0 0 0 0 0 0 0 0 0 0 0 0 0 0 0 0 0 0 0 0 0 0 0 0 0 0 0 0 0 0 0 0 0 0 0 0 0 0 0 0 0 0 0 0 0 0 0 0 0 0 0 0 0 0 0 0 0 0 0 0 0 0 0 0 0 0 0 0 0 0 0 0 0 0 0 0 0 0 0 0 0 0 0 0 0 0 0 0 0 0 0 0 0 0 0 0 0 0 0 0 0 0 0 0 0 0 0 0 0 0 0 0 0 0 0 0 0 0 0 0 0 0 0 0 0 0 0 0 0 0 0 0 0 0 0 0 0 0 0 0 0 0 0 0 0 0 0 0 0 0 0 0 0 0 0 0 0 0 0 0 0 0 0 0 0 0 0 0 0 0 0 0 0 0 0 0 0 0 0 0 0 0 0 0 0 0 0 0 0 0 0 0 0 0 0 0 0 0 0 0 0 0 0 0 0 0 0 0 0 0 0 0 0 0 0 0 0 0 0 0 0 0 0 0 0 0 0 0 0 0 0 0 0 0 0 0 0 0 0 0 0 0 0 0 0 0 0 0 0 0 0 0 0 0 0 0 0 0 0 0 0 0 0 0 0 0 0 0 0 0 0 0 0 0 0 0 0 0 0 0 0 0 0 0 0 0 0 0 0 0 0 0 0 0 0 0 0 0 0 0 0 0 0 0 0 0 0 0 0 0 0 0 0 0 0 0 0 0 0 0 0 0 0 0 0 0 0 0 0 0 0 0 0 0 0 0 0 0 0 0 0 0 0 0 0 0 0 0 0 0 0 0 0 0 0 0 0 0 0 0 0 0 0 0 0 0 0 0 0 0 0 0 0 0 0 0 0 0 0 0 0 0 0 0 0 0 0 0 0 0 0 0 0 0 0 0 0 0 0 0 0 0 0 0 0 0 0 0 0 0 0 0 0 0 0 0 0 0 0 0 0 0 0 0 0 0 0 0 0 0 0 0 0 0 0 0 0 0 0 0 0 0 0 0 0 0 0 0 0 0 0 0 0 0 0 0 0 0 0 0 0 0 0 0 0 0 0 0 0 0 0 0 0 0 0 0 0 0 0 0 0 0 0 0 0 0 0 0 0 0 0 0 0 0 0 0 0 0 0 0 0 0 0 0 0 0 0 0 0 0 0 0 0 0 0 0 0 0 0 0 0 0 0 0 0 0 0 0 0 0 0 0 0 0 0 0 0 0 0 0 0 0 0 0 0 0 0 0 0 0 0 0 0 0 0 0 0 0 0 0 0 0 0 0 0 0 0 0 0 0 0 0 0 0 0 0 0 0 0 0 0 0 0 0 0 0 0 0 0 0 0 0 0 0 0 0 0 0 0 0 0 0 0 0 0 0 0 0 0 0 0 0 0 0 0 0 0 0 0 0 0 0 0 0 0 0 0 0 0 0 0 0 0 0 0 0 0 0 0 0 0 0 0 0 0 0 0 0 0 0 0 0 0 0 0 0 0 0 0 0 0 0 0 0 0 0 0 0 0 0 0 0 0 0 0 0 0 0 0 0 0 0 0 0 0 0 0 0 0 0 0 0 0 0 0 0 0 0 0 0 0 0 0 0 0 0 0 0 0 0 0 0 0 0 0 0 0 0 0 0 0 0 0 0 0 0 0 0 0 0 0 0 0 0 0 0 0 0 0 0 0 0 0 0 0 0 0 0 0 0 0 0 0 0 0 0 0 0 0 0 0 0 0 0 0 0 0 0 0 0 0 0 0 0 0 0 0 0 0 0 0 0 0 0 0 0 0 0 0 0 0 0 0 0 0 0 0 0 0 0 0 0 0 0 0 0 0 0 0 0 0 0 0 0 0 0 0 0 0 0 0 0 0 0 0 0 0 0 0 0 0 0 0 0 0 0 0 0 0 0 0 0 0 0 0 0 0 0 0 0 0 0 0 0 0 0 0 0 0 0 0 0 0 0 0 0 0 0 0 0 0 0 0 0 0 0 </DataArray>
        <DataArray type="Float64" Name="temperature" format="ascii">4 3.999999999999999 3.999999999999999 4 4 4 3.999999999999996 4 3.999999999999997 4 4 3.99999999999999 4 3.999999999999984 4 4 3.999999999999987 3.999999999999983 4 3.999999999999895 3.999999999999945 4 4 4 3.999999999999814 3.999999999999784 4 3.999999999999632 4 3.99999999999942 4 4 3.999999999999965 4 3.999999999999001 4 4 3.999999999998884 4 4 3.999999999988611 3.99999999999746 4 4 4 3.999999999990259 3.999999999993705 3.999999999982979 3.999999999974357 4 4 3.999999999986219 3.999999999973366 4 3.999999999899715 4 4 3.999999999901493 4 4 4 3.999999999936091 3.999999999750433 4 3.999999998637027 3.999999999611721 4 3.999999998411552 3.999999999424531 4 4 3.999999996139214 3.999999996827288 3.999999999097522 4 3.999999990169953 4 4 4 3.999999990115727 3.999999993781775 4 4 3.999999994692716 3.999999993866182 3.999999993952892 4 3.99999999402577 3.999999991598177 3.999999993550312 4 3.999999991891841 4 3.999999992372449 3.999999993532235 4 4 3.99999999370956 4 3.999999992791201 4 4 3.999999996339632 3.999999994337782 4 4 3.999999994565569 3.999999997059223 4 4 3.999999999167792 4 4 3.999999997957791 3.999999998958434 3.999999998731364 4 3.999999998798938 3.999999998827193 3.999999996912158 4 4 4 3.999999994918704 4 3.999999999583733 4 4 4 3.999999997110142 3.999998640454583 4 4 4 4 4 4 4 4 3.990963455657897 4 4 3.94266154124137 3.983502398672348 4 4 4 3.302493180295542 3.701642004824073 3.270592675915089 4 4 1.505917680727361 1.505808020937626 1.505735505846488 1.505554652260168 1.506222695041885 1.506062983959305 1.506022348586274 3.472168933409201 1.505581993772913 1.506203745822542 1.505914725881855 1.505355828627402 1.506021180580297 1.505917650176361 3.250478916805624 4 1.505506946882898 1.506351710278306 1.505268690239872 1.505674582862161 1.506100687847506 1.506143431743303 1.506406225675346 1.505127627397866 1.506471657127709 1.505369107663959 1.505516064938627 1.50537278038424 1.50511620474915 1.505687878455002 1.505891416663517 1.506000970003663 1.506187682870338 4 1.506324558922541 1.506241445986221 1.504910256431757 1.506596376179623 1.505291334364104 1.505058446024483 1.506689104131878 1.506591980781818 4 1.505602656384986 1.505946956219634 1.505487147967692 1.505030500798942 1.50557945182014 1.504866714642207 1.504981455576493 1.50583632796817 1.506252522087152 1.506799034531957 4 1.506471044820316 1.506769822458951 1.506891514291543 1.505920130912038 1.505328075124897 1.506314634884131 1.504674961074349 1.504800876716361 1.506837685405156 1.50653053828677 1.504679286098062 1.506976443828527 1.507047231528415 1.506934837663323 1.507075121926766 1.507121945917811 1.507183015156151 1.506690915222855 1.506540060034975 1.506730134058598 1.506888864020175 1.50710265563623 1.507178310158785 1.507047416458884 1.5065893578536 4 1.506106174458066 1.504449002989218 1.504368139701225 1.504997281427324 4 4 1.506360203661477 1.507045629001764 1.507208990015831 1.507250341138077 1.506810736997793 1.504640673087178 1.50649311828651 1.5072985044348 1.506931029160174 1.505160341736351 1.505878752118585 1.506036694031788 1.504822761765907 1.504400980387172 1.504516325152508 1.50643297195739 1.506206474245516 1.504406991622865 1.507218055691714 1.504776306906031 1.506605815066043 1.507225911618489 1.504498791384601 1.504195413374741 1.504228550154446 1.507296075269178 1.506202428910393 1.505634924595892 1.505423128211791 1.505500327101829 1.504214099363188 1.50459849443901 1.506697986730668 4 1.506747740761343 1.507025513659849 1.506337462970338 1.507338228237696 1.507306112784309 1.503948371853638 1.504000447136864 1.507179515349168 1.50374673068318 1.507372003601288 4 1.505269666140125 1.505929917240791 1.503986357267773 1.506932727103199 1.506819035997421 1.50631400097101 1.507123731186495 1.503954478959598 1.504094024372596 1.504749877359714 1.503935505771135 1.507294186603467 1.506136693202676 1.507270671373727 1.503517930386296 1.507328872352542 1.50374850086252 1.502743572727063 1.502592406971206 1.502743573484893 1.502942774652978 1.503285212753982 1.503453993621182 1.50331114494332 1.503476054355507 1.503070997742009 1.503031863290691 1.507370786594671 1.507410269790984 1.507398089491028 1.507372444221499 1.507426171289198 1.507422746223049 1.507409670810624 1.507392670489005 4 1.50549089359898 1.50398850232751 1.503520142792922 1.506755860833284 1.507080072380112 1.506629229533289 1.504039915127042 1.503327216999687 1.50736275276268 1.504973211169845 1.502426478189109 1.502842769652375 1.507429550599511 1.507438280482411 1.503954746489876 1.502432453828235 1.502556689816525 1.502523651006417 1.502868011865216 1.507286923837676 1.507257255268271 1.507276039829319 1.507246720094685 1.507279180959975 1.50726664002735 1.50726677933944 1.507352697099605 4 1.505773597079709 1.506621961140369 1.506972298401037 1.506904498959865 1.503734818828472 1.504384867120939 1.507135970940031 1.506149685970598 1.507131545235592 1.50222227805706 1.502972192083506 1.507390347357506 1.507392555271264 1.502399525104049 1.50228532470818 1.50719589277466 1.507259583195143 1.50712743740105 1.503244474797804 1.507427709708889 1.507232683396981 1.507244857111964 1.507280089499174 1.507207142818557 1.502325410064541 1.502287953210305 1.502238753474274 1.502371309599316 1.505692994333994 4 1.504774618279521 1.505037069438436 1.503262698139968 1.503537851681895 1.503502577159034 1.504107790125223 1.507175958006675 1.507291770935491 1.502537838803421 1.502238402338414 1.503059610986855 1.50729365785791 1.507423558194852 1.502296699309322 1.507207490031938 1.507267839847366 1.507203620298224 1.50245981242636 1.502066983942551 1.505626285636347 1.507410266195202 1.502291633661988 1.507278324436438 1.507287217588031 1.502248416056634 4 1.505442055836098 1.506136517918815 1.506915357574763 1.503076659917594 1.506265416838119 1.503156717486573 1.50293079486747 1.506864999902711 1.506981068010478 1.502883795599872 1.505113508743926 1.502123057279173 1.507363561625713 1.507315145349048 1.502390607452286 1.502072623300805 1.507173303228257 1.507241144517111 1.507384703478114 1.502660425974245 1.507150217379612 1.502314772798571 1.50280663072412 1.507364644402767 1.50220348245515 1.507244714498093 1.506961298267032 1.50720841426518 1.507162398471135 1.50717955768338 1.507242476918873 1.507255474638601 1.502023327642255 1.502250364579969 1.502265708459154 1.502470689565024 1.502034774984982 1.507079315576743 1.507113681028793 1.507171485437846 1.507154643940602 1.507086001124704 1.502545905907699 1.502729170158162 4 1.502818073221207 1.506523107841848 1.506514934894826 1.506830722911306 1.503270047093474 1.502956613628972 1.505807438965292 1.507155426718732 1.504416818675713 1.507286080414185 1.50742802928305 1.501468926712375 1.50720620246646 1.502598555368249 1.502039075194568 1.504466764607498 1.507403228711304 1.50686889017107 1.507227325452917 1.507178102536387 1.507186757290075 1.506984900601474 1.502859530348036 1.502720742781155 1.502065230448592 1.507410653213675 1.507365152430046 1.507200397232015 1.507103857873629 1.507179954798973 1.507180868715086 1.507137280777983 1.507119037777432 4 1.502088157039909 1.502194931707721 1.507108594671674 1.501844041265683 1.501763712604918 1.507289441991471 1.507204584732406 1.507150166946127 1.5023551878162 1.502671096160938 1.501993836024343 1.506926879613259 1.502043178702439 1.505049020985254 1.506767978635704 1.506989995045067 1.507356537348933 1.507339708421607 1.506687016912692 1.507148658590877 1.506724146772528 1.504334456951862 1.501736995663948 1.507309142697111 1.507079567998801 1.502924288438702 1.507364840537021 1.501432086334235 1.501894611037778 1.501153893976141 1.506549606051802 4 1.505930401309965 1.502131994668661 1.505632855997104 1.506428979385694 1.506878036269327 1.50128756373664 1.501754883370472 1.507266853437124 1.507285506784333 1.507245915914657 1.50714732377794 1.501374034483753 1.507140649524963 1.507082050751831 1.506954403699011 1.503069638657438 1.502949527801672 1.502229119671225 1.502980679837817 1.501725487890916 1.50729572909493 1.507002408701235 1.507312049651547 1.501568304824442 1.501176728848764 1.506800157113856 1.504653935877587 1.507294376683064 1.506381118912636 4 1.499428615426688 1.506338722695512 1.503873307642495 1.499797397293256 1.507139781304613 1.506985210732793 1.502419593586559 1.502872964617336 1.507257144144964 1.506939557117672 1.50302722527648 1.502026238561617 1.501173071873169 1.506979056644837 1.504271226451521 1.501341970427724 1.500919011714992 1.503244604707476 1.501723302299814 1.502583483541838 1.499136756323151 1.501669626598852 4 4 1.505842341933233 1.507067554828769 1.49910136398548 1.499132037037321 1.50677965529062 1.506610813595951 1.503125003413769 1.502852538376797 1.504840568413107 1.506437339338907 1.507213078999255 1.50717918705721 1.506763743776743 1.507205201716575 1.505069396985452 1.507223388853996 1.503521533582776 1.50294636521745 1.501905748712018 1.503302791332886 1.505744213139225 1.50632282813817 1.507060865630816 1.507020144724343 1.499937465141046 1.506611746495676 1.507197789587457 1.507147061533665 1.502001768273517 1.506744095826356 1.506900173216948 1.497960695082245 1.507195934478876 1.503424726237216 1.502617691585275 1.499234994343111 1.503605481820204 1.503492850982706 1.503728661709936 1.501825435528007 1.503723076832103 1.498014592437619 1.498461957179752 4 4 1.498241797546643 1.506713542737488 1.502830745582345 1.507094007549145 1.502762006764499 1.506136597935368 1.50639965724826 1.50585424475513 1.503964963504977 1.502004447370108 1.502751187903655 1.503919745598838 1.503975715895693 1.507136330365837 1.499983895411579 4 4 1.50661914659393 1.50698033169815 1.503416003911313 1.503833164532553 1.503507717336381 1.502961139291653 1.507103002703611 1.507027916093898 1.50584222162535 1.506498406758087 1.504641542966767 1.507099616631937 1.502634680346721 1.492980344180423 1.501880212034376 1.503915601401873 1.492559159212638 1.502875744414393 1.50417979384358 1.504202995498044 1.507064777225213 1.507061759345635 1.505641815303351 1.492028541057744 1.492433384474467 1.492099209422867 1.506949519679177 1.492818030292628 1.493226853755654 1.50348313089259 1.506692695927657 1.506254845301006 1.505372061331849 1.488939453874001 1.50473548495072 1.493048520195609 1.506967305910544 1.50348246593263 1.506724447348407 1.50682871042443 1.504453140872394 1.504396124164117 4 4 1.503753546742114 1.490755672031998 1.506910196025979 1.506094941531227 1.504412278429383 1.50324023151621 1.504061559832404 1.50296692133282 1.503758052187747 1.506655206420226 1.506753798170742 1.504381037468933 1.506991824310549 1.506959071307377 1.506964496279091 1.50408388943295 1.503208093218344 1.506884790115536 1.506887266279031 4 4 1.505616161239698 1.503964276789624 1.505257424914053 1.504851157368556 1.485607646400945 1.487656983387633 1.504006190196264 1.486348988400863 1.506798581843892 1.504667302117572 1.504667194679872 1.486211292906254 1.50418243951125 1.506781443373954 1.50675172284902 1.485078807583589 1.485028717655186 1.484759750591935 1.506636465235865 1.50615723449122 1.50436907857294 1.506234932343961 1.506608128497195 1.504819207286058 1.504846126670639 1.504423552959254 1.503937521536298 1.506816001600182 1.479848983513334 1.505158462999814 1.504901547628791 4 1.505730576776008 1.50429519752079 1.481965376518182 1.506514386495938 1.506059480708319 1.504486425739529 1.503946945896693 1.504926235082667 1.50448501243529 1.504682679093069 1.506343417571909 1.506489910565355 1.50668869927668 1.506704856802919 1.479862340244492 1.505125316055784 1.505110866889046 4 1.505684497463496 1.506594509886614 1.504657538357786 1.477532273067365 1.504505872856737 1.478973635797093 1.505125674666882 1.506559413685907 1.506606455063662 1.477458479554648 1.505509899898643 1.50499238105338 1.50502674589471 1.477124545941316 1.473244238123282 4 1.476844387709176 1.479629340586519 1.506256317407197 1.505955071919699 1.504894567592119 1.477668295214562 1.506529303752457 1.504562097357383 1.504926370608846 1.505249266629988 1.504758261038726 1.506482847382531 1.505322959903451 1.505247394117605 1.470451467796454 1.506460291374593 4 4 1.505442065040238 1.473131359887104 1.506340910816955 1.506208079429154 1.506059031785107 1.472427981016216 1.506477408390775 1.472676773112762 1.470305312906008 1.50628122422424 1.505398498013928 1.505552942963402 1.505521189564156 1.50620083358843 1.506058899389638 1.505885732316332 1.505975231036087 1.506357356953554 1.50581781942236 1.506283260907783 1.506238542240135 1.506309436155103 1.505413143474505 1.50500068922007 1.505314942823222 1.505270094436417 1.468460054801473 1.464157429421707 1.468686262881291 1.505584398654806 1.505665989308876 1.505923775468441 1.505731920036422 1.506224887369133 1.506270287170868 4 4 1.505365873028641 1.505905878692294 1.468603427758389 1.505115917502568 1.505582434549691 1.468186497214154 1.505660919808896 1.462251182434267 1.505715899494194 1.505800110652088 1.505912259896735 1.506025588007253 4 1.464202365717043 1.506221668446412 1.506141087883872 1.464201095395271 1.464158584869268 1.459594700453897 1.457296829931649 1.505930370577222 1.459637855511946 4 1.459694230751231 1.50613978372018 1.505671676130257 1.459590265933255 1.505639080583163 1.455243344636444 1.506127231117953 4 4 1.505977412577239 1.505941174143234 1.505514255343397 1.455105674713069 1.505914254108891 4 4 1.455118444613055 1.455047857210036 1.454972057931651 1.450572644333815 1.448114776053077 1.45051682005311 1.450438284093681 1.450571803558846 1.44613446647271 4 4 3.440052309889039 3.554849069709613 3.673139000994207 3.827309724393333 1.444361605752853 3.465351753942384 4 3.857152834275522 1.445878037183734 1.445980407409367 1.445884501666164 1.441412630094362 1.438792162464916 1.441237189414414 4 4 1.441200285429693 1.441156822983384 1.436876440337052 3.948224968435548 4 4 4 4 4 1.436556201143172 4 4 3.987976887715087 1.436492341817257 1.436379446215684 1.436660264092923 1.432123252648682 1.426900073377515 1.431741752918896 4 4 1.431831932925665 1.431858971765257 1.429746695462189 4 4 3.99999999884717 4 3.999999999805441 1.425200782763554 4 1.426937776543622 1.427102602086055 1.427313510035426 1.42106192482395 4 3.999999999799884 1.422132566298651 1.422124327976096 1.422459771365159 1.422713007961568 4 3.999999999302119 1.417285362236473 1.417573252338242 1.416486759525471 1.418058564162018 1.414795387484429 4 4 3.999999999971245 1.412379121795157 3.999999999460213 1.412609312135745 1.411698684431267 1.413121951104045 1.410043016012142 4 4 3.999999999636253 1.407420617698097 1.407884782252191 1.406506694113866 1.406588315856431 1.402548551891395 3.999999999340157 4 3.999999999808486 1.402052215740494 1.401838457484152 1.397246811524679 4 3.999999999598976 1.400392913016566 1.400290675854969 3.999999999978041 4 1.397430069688634 1.397082207741107 1.396770343684769 1.392395297985328 3.999999997665355 4 1.396091412680849 1.392385942320137 1.392066340826311 1.39173247217964 1.391890825358058 4 3.99999999962356 4 1.387317986578893 1.387246503966751 1.386848836006413 1.384588372657586 4 4 1.387034567836013 1.382269264112108 3.999999999214988 4 3.999999999572088 1.382145262002324 1.382146598540797 1.381740941191863 3.999999994519072 1.38192100154392 4 1.377022025150562 1.379419399732235 1.379010532462829 1.371891535159172 4 4 4 3.999999997025609 1.376942218391988 1.371925735976148 1.374286742465905 1.372519402651525 1.373835862392968 3.999999995039773 3.999999990478962 1.368704847902179 4 4 4 3.9999999910565 1.36639360426939 1.370705618504011 1.370667940136585 1.363781588734407 3.999999991044349 3.999999993094372 1.367619762938895 1.363434990971853 1.363914453364468 1.36319378756443 1.363641565300696 1.363400565642713 1.363380535277337 4 1.077329410747058 1.207225926612493 1.351099881597875 1.151655535027346 1.074404730408145 1.350011166469906 1.137155670366895 1.142155047021254 1.065610585832196 1.22991138766399 1.138894372232877 4 3.999999995273996 1.359937445964386 1.360454863442581 4 1.360153021637996 1.30314662480153 1.235552197632896 1.057273656199967 1.160980782465132 1.098104035071115 1.350797936397575 1.180681481881703 1.194724891731904 1.103575719607656 1.177774957874058 1.055822854019006 1.225609915527246 1.061694523912592 1.350411333957694 1.14826486856348 1.248535876758851 1.16808621249484 1.091679136394518 3.999999993650898 3.999999995514878 1.359424985838019 1.353963905588039 1.355427070371128 1.354963550641664 1.158853079027767 1.003754977428479 1.118949678546613 1.109545842988654 1.102727251505875 1.056386465793458 1.352215771094894 1.219096060124755 1.194820645245698 1.21717838008136 1.103050450677131 1.131266847597612 1.183375694317227 1.113394588985663 1.080094260362304 3.999999994729774 4 1.00020828570044 1.025825955751634 1.136689244522233 1.053772113004259 1.071976580540354 1.103309423375735 4 3.999999997337627 1 1.016016575350359 1.000530661166263 1.024507450366096 1.002237060702662 1.00007085016713 1.018452279859865 1.015432938343146 1.022629484424347 4 3.999999996876835 3.999999994805818 1 1 1 1.004582107024703 1 1.00495943982401 1 1 4 3.999999996968411 3.999999997365843 3.99999999693226 1 1 1.00420977687307 1 1.000269172398082 1.000612826167724 1 1 1.000000002091891 1.000000001159353 1 1 4 3.999999998544807 1 1 1 1 1 1.000000002770893 1.000000004014861 1 1 4 4 3.999999998938217 1 1 1 1.000000001931784 1.000000002779151 1 1.000000006432774 1.000000003572951 1.000000003661159 1 4 4 3.999999999730521 3.999999999407034 1 1.000000001769824 1 1 1.000000002180339 1.00000000194434 1.00000000175592 4 4 3.999999999042569 1.000000005114085 1.00000000536667 1.000000004689564 1.00000000259603 1.000000009068938 1.000000002829847 1.000000003512006 1.000000002005367 1.000000002657859 1.000000007629436 4 3.999999999704106 3.999999999578836 1.000000000333318 1.000000009103526 1.00000000864055 1.000000000365264 4 3.999999999887632 3.999999999784432 1.000000000788072 1.000000006570635 1.000000004791194 1.000000002046235 1.000000002883068 1.000000009497631 1.000000001173572 1.000000007472295 1.000000002488162 1.000000009152521 4 3.999999999697307 1.000000005599909 1.000000005091393 1.000000003725409 1.000000009375859 1.000000001497616 1.000000006448923 1.00000000797402 1.000000000575985 1.00000000318758 1.000000001001977 4 3.999999999974589 3.999999999922793 1.000000007969505 1.000000006577319 1.000000006691431 1.000000007955177 1.000000003585919 1.000000005088398 1.000000003684104 1.00000000175518 1.000000001976435 1.000000003808198 1.000000004177269 4 3.999999999934973 1.000000001992771 1.000000004670055 1 1.000000002347975 1.000000003161287 1.000000001824079 1.000000000857004 1.000000000634851 1.000000002034095 1 1.00000000713856 4 4 1.000000003233264 1.000000002031645 1 1 1 1.000000002366205 1 1.00000000502885 1.000000005148449 1 4 3.999999999989376 3.999999999996137 1.000000001924639 1 1.000000000338008 1 1 1 1 1 1 1 4 1 1 1 1.002420766600795 1.004591211236837 1.005870320622713 1.002689655895061 1.009959938286328 4 4 3.999999999997955 3.999999999996533 1 1 1.065222059419296 1 1.055465828968751 1 1.025775207562237 1.030922958549039 4 3.999999999998364 1.030027143219866 1 1.024875582553363 1.058067420122638 1.023587136604474 1.061695472027146 1.078887561744341 1.106054702379673 1.190102112698673 1.024306932001319 1.025725733396942 1.1224141280126 1.086457252220671 4 3.99999999999938 1.129508730632234 1.106410198571345 1.147567272502256 1.204800320832031 1.179149750244105 1.214945465319617 1.098597509471142 1.150866166836439 1.269214801002494 4 4 3.99999999999948 1.162087657219506 1.354637322587922 1.248544704742663 1.322811755063589 1.356145434367478 1.245310860357691 1.199976443984147 1.299476271449933 1.34159601192598 1.435603370178171 1.458963127747483 1.46893862014831 4 3.999999999999217 1.30761980852594 1.390899322899205 1.384004887257112 1.342197508612667 1.406698836320487 1.37451570986112 1.34943373034684 1.354698135615742 1.402903810936469 1.356738682987827 1.457009442768481 1.474145227131281 1.437211542493257 1.395196022234222 1.42181131178595 1.430911569820174 1.457517274921864 1.454590714979843 1.419365364618811 1.42373778484864 4 3.999999999999983 1.423141600368701 1.34637298225404 1.421223311750103 1.420990840252503 1.438678499120016 1.484951609154406 1.489813341921631 1.425178603279706 1.452308113932631 1.469309176350136 1.470600059299185 1.489630551576276 1.485585783052946 1.48355335801177 1.49958786810004 1.490487463512005 1.496114003374036 1.487203658507392 1.48418605768768 4 3.999999999999766 1.419800821495199 1.498410114140031 1.499474374944881 1.497182921714807 4 3.999999999999905 3.999999999999976 1.451839069597219 1.489150405489621 1.491069510821101 4 3.999999999999978 1.492648547307112 4 4 3.999999999999983 4 1.494470206660367 1.490339721272562 4 3.999999999999987 3.999999999999977 1.488964693270003 1.489227467724147 1.492183292076174 1.491680758153581 1.490345538705143 1.492608481190814 1.49357711320856 1.493544439220516 3.999999999999991 4 4 1.493100659706718 1.490951177497455 1.491560945048193 3.999999999999998 1.491233882426342 4 4 3.999999999999995 3.999999999999994 1.491689986619709 1.492124006780527 1.492164324651966 1.491322258142774 1.491740488898173 4 3.999999999999996 1.491204271978168 1.49173637874598 4 4 4 4 1.492135966406106 1.491453672505801 4 1.491658837823385 1.491721162825391 4 1.491911302959292 1.491753076054703 1.491899231222539 1.491830166690538 4 4 1.491664297655374 1.491751157550244 4 4 1.491816214877411 1.491844235545703 4 4 4 1.491949142409398 1.491933407905354 1.491955282055158 4 4 1.49186928021891 1.491948130841071 1.491914955462942 1.491888003732276 4 1.491915620119441 1.491953415715426 1.491969632643601 1.491972099525709 1.491972106030718 4 4 4 4 1.491994933131474 1.492008072056715 1.49201122278856 4 2.390374306898277 1.492062025367652 3.302616111318396 2.388076687416728 3.054126430657628 3.999496295104325 1.492056761552333 2.391882056935418 2.878564634408792 2.342845201446802 1.492055331834379 2.026468027706287 4 1.492015162607655 1.492051229410601 1.492057619222627 1.492061865295175 4 1.492076123952329 3.99949533697495 3.107615370711228 3.129345088225877 1.492052863715152 2.434107932330197 4 1.492068152699805 1.492064265151177 3.113865457267344 3.999493999670777 3.999496522433537 3.346986991610061 2.348757493906625 2.13333466654309 3.999496310716168 2.987522997811638 4 1.492083135994757 1.492078016355275 4 3.999496553830038 3.999495254384558 2.879578737069443 2.721840891597552 2.022822508522575 4 4 4 3.999499373627999 3.99949909213237 3.999499055884345 3.999499358608825 3.999495109348506 3.312454330689323 4 4 4 4 3.999519547331976 4 4 4 4 3.999519029509274 3.999523517817277 3.999517471501933 3.999533986558214 4 3.999529701512004 3.999521620896984 3.999519681574848 4 4 4 4 4 3.99951995095214 3.999528240103905 3.999547509243708 4 4 4 4 3.999540966198083 3.999544312856889 3.999562899553886 3.999544120421546 4 3.999546856293303 3.999544112445339 3.999567775660774 3.999561348146928 4 4 3.999563135162445 4 4 4 3.999560069660402 3.999578500596866 4 4 3.999579550623747 3.999593947556996 4 3.999593389349066 3.999576110940393 3.999576241115358 3.999576118832509 3.999601380638566 4 3.9996000314427 4 3.99959173973499 3.9996098185423 4 4 3.9996094255588 3.999625175104685 3.999607470836895 3.999620448508199 3.999598815126643 4 4 4 4 3.999638007569406 3.999624925147574 3.999623244249392 3.999607375956775 4 3.999623182782313 3.99964615122586 3.999638776351238 4 4 4 3.999640692241688 3.999656384045744 3.999656644310737 3.999638935989125 4 4 3.999672080889385 3.999654574254389 3.999657417130005 4 4 3.999654664108925 3.999671983805495 3.999686641339746 3.999672220071433 4 4 3.999687618928479 3.999687862110067 3.999670405575774 4 4 4 3.99970348932233 3.999685961331192 3.999688273040141 4 4 3.999686132516928 3.99970326341797 3.999718709627455 3.999702028635495 3.999719315673586 4 4 3.999726588795977 3.999701817291762 3.999717602485715 3.999718790328241 4 4 4 3.999717591826439 3.999734147850202 4 4 3.999734524353194 3.999749670254098 3.999734584212228 3.999749032726286 4 4 3.999757885469322 3.999733322386107 3.999748874359808 3.999750047317576 4 4 4 3.999749043348287 3.999764761505202 4 4 4 4 3.999765769782976 3.999781147346971 3.999764761325815 3.999780542757927 4 4 3.999789183529878 3.999764647470912 3.999779571881138 3.999781391571229 4 4 4 3.999780478528486 3.999797192836956 4 4 4 4 3.99979699216961 3.999812698165809 3.999796401110436 3.99981311446428 4 4 4 3.999820440421485 3.999796200759488 3.999811816791055 3.999812505796062 4 4 4 4 4 3.999811907793983 3.999828419983909 4 4 4 4 4 4 4 4 4 4 4 4 4 4 4 3.999828199407699 3.999843879407694 3.999828789842337 3.99984401288743 4 4 4 4 4 4 4 4 4 4 4 4 4 4 4 3.999851675361196 3.999827735895083 3.999843692945882 3.999843138610176 4 4 4 4 4 4 4 4 4 4 4 4 4 4 4 4 4 4 4 4 4 4 4 4 4 3.999843328459908 3.999859536518458 4 4 4 4 4 4 4 4 4 4 4 4 4 4 3.999859372526056 3.999874994035711 3.999859040271885 3.999875110960169 4 4 4 4 4 4 4 4 4 4 4 4 4 4 4 4 4 4 4 3.999882813044836 3.999859026912662 3.999875073069329 4 4 4 4 4 4 4 4 4 4 4 4 4 4 4 4 4 4 4 4 4 4 4 3.999874732977975 3.999890564725871 3.999874847530875 4 4 4 4 4 4 4 4 4 4 4 4 4 4 4 4 4 4 4 4 3.999890455699438 3.999901410360156 3.99989058043852 3.999906099793938 4 4 4 4 4 4 4 4 4 4 4 4 4 4 4 4 4 4 4 4 4 4 3.999913917743693 3.999890369671255 3.999897792010986 3.99990783330973 4 4 4 4 4 4 4 4 4 4 4 4 4 4 4 4 4 4 4 4 4 4 4 4 4 4 3.999906148317146 3.999921371026114 4 4 4 4 4 4 4 4 4 4 4 4 4 4 4 4 4 4 4 4 4 4 3.999921697369869 3.999930543607209 3.999921852422304 3.999929355806912 4 4 4 4 4 4 4 4 4 4 4 4 4 4 4 4 4 4 4 3.999948838867313 3.999924173735732 3.999927248056053 4 4 4 4 4 4 4 4 4 4 4 4 4 4 4 4 4 4 4 3.999921888169209 3.999937689258223 3.999949264855238 3.999964093110641 3.999953338503554 3.999951056483598 4 4 4 4 4 4 4 4 4 4 4 4 4 4 3.999958919735668 4 4 4 4 4 3.999949372890075 4 4 4 4 4 4 4 4 4 4 4 4 4 4 4 4 4 4 3.999975082964174 3.999976716093349 4 4 4 3.999952147972939 4 4 4 4 4 4 4 4 3.999973790930053 3.999979663177579 4 4 4 4 4 4 3.999961329924455 4 4 4 4 4 4 4 4 4 3.99996908387239 4 4 4 4 4 4 4 3.99997762200864 4 4 4 4 4 4 4 4 4 4 3.999974056793001 4 4 4 4 4 4 4 4 4 4 4 4 4 4 4 4 4 4 4 4 3.999977523758491 4 4 4 4 4 4 4 4 4 4 4 4 4 4 4 4 4 4 4 4 4 4 4 4 4 4 4 4 4 4 4 4 4 4 4 4 4 4 4 4 4 4 4 4 4 4 4 4 4 4 4 4 4 4 4 4 4 4 4 4 4 4 4 4 4 4 4 4 4 4 4 4 4 4 4 4 4 4 4 4 4 4 4 4 4 4 4 4 4 4 4 4 4 4 4 4 4 4 4 4 4 4 4 4 4 4 4 4 4 4 4 4 4 4 4 4 4 4 4 4 4 4 4 4 4 4 4 4 4 4 4 4 4 4 4 4 4 4 4 4 4 4 4 4 4 4 4 4 4 4 4 4 4 4 4 4 4 4 4 4 4 4 4 4 4 4 4 4 4 4 4 4 4 4 4 4 4 4 4 4 4 4 4 4 4 4 4 4 4 4 4 4 4 4 4 4 4 4 4 4 4 4 4 4 4 4 4 4 4 4 4 4 4 4 4 4 4 4 4 4 4 4 4 4 4 4 4 4 4 4 4 4 4 4 4 4 4 4 4 4 4 4 4 4 4 4 4 4 4 4 4 4 4 4 4 4 4 4 4 4 4 4 4 4 4 4 4 4 4 4 4 4 4 4 4 4 4 4 4 4 4 4 4 4 4 4 4 4 4 4 4 4 4 4 4 4 4 4 4 4 4 4 4 4 4 4 4 4 4 4 4 4 4 4 4 4 4 4 4 4 4 4 4 4 4 4 4 4 4 4 4 4 4 4 4 4 4 4 4 4 4 4 4 4 4 4 4 4 4 4 4 4 4 4 4 4 4 4 4 4 4 4 4 4 4 4 4 4 4 4 4 4 4 4 4 4 4 4 4 4 4 4 4 4 4 4 4 4 4 4 4 4 4 4 4 4 4 4 4 4 4 4 4 4 4 4 4 4 4 4 </DataArray>
      </PointData>
    </Piece>
  </UnstructuredGrid>
</VTKFile>
