<?xml version="1.0"?>
<VTKFile type="UnstructuredGrid" version="2.2">
  <UnstructuredGrid>
    <Piece NumberOfPoints="2506" NumberOfCells="7321">
      <Points>
        <DataArray type="Float64" NumberOfComponents="3" format="ascii">-0.001232089701880527 -0.008789156535505712 0.02766574679261702 -0.001246917447073295 -0.008912268134727357 0.0262060472030825 -0.0001584895944336273 -0.007760088290055998 0.02614517664844603 -0.0008639405064147704 -0.009903386296871826 0.026687298511792 -0.0001730281372733436 -0.007762033415753191 0.02781690770457476 0.0001058503003189476 -0.01024551022232754 0.02617210378715962 -0.001034326432357086 -0.009701903719414182 0.02536253712682452 0.000187636261634715 -0.01023583681500421 0.02753661651233104 0.00125 -0.009000000000000003 0.02600000000000001 0.00125 -0.009000000000000001 0.028 -0.0008537274372154663 -0.009913044064076599 0.02802406425163149 -0.0009747754910719425 -0.0082174958517647 0.02526587470798766 -0.001225866512175174 -0.008755559221226339 0.02917850234123958 4.999999999566261e-05 -0.01024899959967985 0.02499999999999999 5.000000001092705e-05 -0.01024899959967924 0.029 -0.0008580094198067881 -0.009909021361422726 0.02900636250568328 -0.0001508783417484702 -0.007759139119001963 0.02465688125539023 -0.001245915729002111 -0.008899034678106106 0.02441631115415359 0.00125 -0.009000000000000001 0.03 0.00125 -0.009000000000000003 0.02399999999999999 -0.0008537274372189541 -0.009913044064073338 0.02402406425162524 -0.0008537274372152829 -0.009913044064076771 0.02997593574836851 -0.0004330721713342574 -0.007827418022304699 0.03002228278265499 0.0001859968074553183 -0.01023608461992553 0.03045582409937283 -0.001232447550439909 -0.008791258448279538 0.02325233499450427 0.0002765272644006674 -0.0102190293975303 0.02330926548776864 -0.001224932834314165 -0.008750922599541695 0.03063250932930075 -0.0001169738698554753 -0.007755485189412744 0.02267382150499495 -2.884795973298426e-05 -0.007750332926248258 0.03177642822074169 -0.0008194335846511019 -0.009943943112875902 0.02254654786914404 -0.0008739570576651555 -0.009893699648292013 0.03117877575161759 0.00125 -0.009000000000000001 0.032 0.00125 -0.009000000000000003 0.022 0.0001027812807579907 -0.01024576723681663 0.03182710446513495 -0.001108921240745111 -0.008423117272035017 0.02185774057588992 -0.001209745580854589 -0.008685332509459919 0.0320898075522278 -0.0009143749227789932 -0.00985230188348549 0.03250212161886315 0.0001396440660670747 -0.01024217532370123 0.02179688748981573 5.000000001093038e-05 -0.01024899959967924 0.033 4.999999999223501e-05 -0.007751000400320012 0.033 -7.202332599797009e-05 -0.007752076668816476 0.02070673281207182 -0.00104499598865733 -0.009685917913230212 0.02124334000013706 0.00125 -0.009000000000000001 0.034 -0.0009164422576223645 -0.009850078577805623 0.03375063936280412 -0.001203599928132178 -0.00866258747355764 0.0337379879719784 0.0007888331570047499 -0.00996966089454506 0.02063817276586521 -0.001149979953698647 -0.008510054996870815 0.02065557888331525 -0.0002525678988638077 -0.01022421789582718 0.02032109362498886 0.00125 -0.009000000000000001 0.01999999999999999 5.403600034322489e-05 -0.01024883149810809 0.03430942926730814 5.000000000000208e-05 -0.007751000400320321 0.03499999999999999 -0.001066028542192235 -0.009652750447898354 0.02030926822382769 -0.001070795100849931 -0.008355098571876459 0.01958242084858997 -0.0009207720163760354 -0.009845386830899805 0.034973784530134 5.000000001092705e-05 -0.01024899959967924 0.019 -2.463874187995642e-05 -0.007750242850631145 0.01875678898699575 0.00100642572072054 -0.009741355022018562 0.03498813376537339 -0.00107684784058907 -0.009634743041095102 0.01925843768147815 0.000130642182555246 -0.01024315430262587 0.03559429391215088 -0.001221789029035639 -0.008735932643955845 0.0360073421991681 0.00125 -0.009000000000000003 0.036 0.00125 -0.009000000000000003 0.018 -0.001248448501068645 -0.009062260261639775 0.0183971738034507 -0.0008585586189419211 -0.00990850266804261 0.03669799863965342 -0.001215791950038778 -0.008709569398614911 0.01697501044098707 -0.0008244357191923423 -0.009939577428911427 0.01801053891642939 0.0001202341497406893 -0.007755795937461974 0.03690972939634095 5.779036427234359e-05 -0.007751336605086356 0.01681964400747106 0.0001921638721956684 -0.0102351409013642 0.017496746917004 0.0002765272644009478 -0.01021902939753024 0.03730926548776906 -0.001235101420845456 -0.008807582536588967 0.03736619019732523 0.00125 -0.009000000000000001 0.01599999999999999 0.0001166324892763885 -0.01024454685024116 0.01619692826312096 -0.0008503348171000084 -0.009916204507098441 0.01689232679301336 0.00125 -0.009000000000000001 0.03799999999999999 -0.001183163421375176 -0.008596732944167535 0.01563524694904267 -0.000595698336239444 -0.007901071661935339 0.03790225074388226 -0.0008537274372977532 -0.009913044063999661 0.03802406425163705 0.0002776599057817618 -0.007781228086670332 0.0387843594063718 7.822873924496992e-05 -0.007752450295837421 0.01545432271868208 -0.0007058027854075593 -0.01003166972821293 0.01563084413194684 4.999999999567824e-05 -0.01024899959967985 0.039 -0.0009637060693548703 -0.008203902887903377 0.03888645377566141 4.999999999566255e-05 -0.01024899959967985 0.01499999999999999 0.00125 -0.009000000000000001 0.01399999999999999 -0.001098612894957828 -0.009596279889844008 0.01454502760486291 0.00125 -0.009000000000000001 0.03999999999999998 0.0007589975765679356 -0.009993188138654506 0.01407013290458815 6.870818835930209e-05 -0.00775188975452792 0.01372276946192711 -0.001158108316146845 -0.00852959046770764 0.01405826432535072 -0.001063805518613575 -0.009656367137025694 0.03927118052594201 -0.0003639464899879877 -0.01019584403348657 0.01394344882421454 0.0001817516886808966 -0.007763284057003533 0.04077921379324993 0.00125 -0.009000000000000003 0.01199999999999999 -0.001073294124404565 -0.009640733737615431 0.01329055001444824 -0.0003897418075100113 -0.0101876873845751 0.04029745258558905 -0.001146708546393722 -0.008502446475615341 0.04035105911046491 9.440643276434394e-05 -0.0102464298718551 0.01263567810554207 0.0007008040012906763 -0.01003507185826636 0.04061022790164154 -0.001187009066151115 -0.008608197145397003 0.01268869014870412 0.00125 -0.009000000000000001 0.04199999999999997 -0.001084251106580191 -0.009622012490131535 0.04151830303504836 -0.0003832908603369025 -0.007810215096590064 0.0117812354090435 -0.0008698431228180517 -0.009897704261817967 0.01202217696230092 0.0001342912274675343 -0.01024276541077762 0.04179799670661022 -0.0009533023237455101 -0.008191473760758867 0.04173770408962908 0.0002046256804166935 -0.01023313759609948 0.01137703872914788 -0.001248702042654432 -0.008943050823793052 0.01158710137218665 -3.438869779634568e-05 -0.007750473122552433 0.04297433955956487 -0.0008597893570761592 -0.00990733800838418 0.04269555401266198 -0.0009794773149975563 -0.008223389293529136 0.01063414416274859 0.0002561305875014803 -0.01022347747104152 0.04318743797562799 -0.001213489023540889 -0.008700092698078593 0.0429604959644527 -0.0008692024190915325 -0.009898324637670274 0.01067292807621101 0.0005106386181071185 -0.007859058195306329 0.01010337259066476 0.00125 -0.009000000000000003 0.009999999999999998 0.00125 -0.009000000000000001 0.04399999999999996 -0.001086762094725182 -0.009617614887667499 0.009300122305174213 0.0001060944050930802 -0.01024548945286901 0.01017236461947132 -0.0008262161351782008 -0.00806198779433784 0.009084045691909426 -0.0008537274372196421 -0.009913044064072698 0.04402406425162544 -0.001204464192565732 -0.008665685763349839 0.04437550036529188 9.559158323723985e-05 -0.01024633954009901 0.04463522836985026 0.0004029143686885 -0.007816716428110175 0.00808589576664573 4.999999999951312e-05 -0.0102489995996797 0.008999999999999998 -0.0009470727110742741 -0.009815814488678907 0.007648581263111826 -5.081333210807159e-05 -0.007751033224909459 0.04474278049529692 -0.0009295949609520948 -0.008164324699077165 0.0076624752081751 -0.001065069203733549 -0.009654314596549998 0.04527305727777046 0.00125 -0.009000000000000003 0.007999999999999998 0.0002451417006582614 -0.01022572653826144 0.007263238085184774 0.00125 -0.009000000000000001 0.04599999999999996 -0.001244793987875338 -0.008886035410107292 0.006744847352292103 0.000501915220497734 -0.007855193854212553 0.006642015894978518 -0.001042479412353553 -0.008310263329364758 0.04574590279261076 0.0007591518001369346 -0.009993070261536844 0.04607052932694743 -0.0009461971432671484 -0.009816829826875274 0.006582714780343443 -0.0004202376952769434 -0.01017724265955169 0.04598431575637485 0.00125 -0.009000000000000001 0.005999999999999998 -0.0006315678719016909 -0.007921286867057991 0.006062262185540541 -0.001079559470051889 -0.009630120108091535 0.04670519587710768 0.0002866374355135846 -0.007783308181764094 0.04641711876969469 0.0001637210679261039 -0.01023923178296763 0.006020657578074762 -0.001249454188560603 -0.008963064506387957 0.005574221439380777 8.997748642190728e-05 -0.01024675741503197 0.04737447790176799 -0.001000294245529674 -0.008250392487790966 0.04705593598002308 0.00125 -0.009000000000000001 0.04799999999999995 0.0003185185284439079 -0.007791262664166476 0.004950349478113285 -0.0008004700313263405 -0.009960076939077496 0.005100479965261549 0.0003019704967307871 -0.01021297725415779 0.005007220267976745 -0.0008537274372181816 -0.009913044064074063 0.04797593574837555 0.0001253460932702074 -0.007756300535940498 0.0477953737465584 4.260868224746606e-17 -0.0127 0.004000000000000001 -0.0006048191527760085 -0.01159530671988616 0.004000000000000001 -0.0009969249741270465 -0.01266081121397684 0.001906823312712076 -0.001986717706010878 -0.01254364192555826 0.004000000000000001 0.001986717706010974 -0.01254364192555824 0.004 0.0009974684056425868 -0.01266076841189921 0.002027110830341162 0.0005911571825515169 -0.01131441770339294 0.004 -0.0007793622523234103 -0.008022710646914958 0.004931193901068192 -0.001412956022790141 -0.01069849944679133 0.004 0.001680406563106779 -0.01083915463988448 0.004 0.0003319641277927773 -0.0104544298744127 0.001963861991083046 -0.002965928863293681 -0.01234881637963256 0.00202920641890077 -1.943839449591998e-19 -0.008999999999999999 0.004 -0.0002781511674453987 -0.01021865989022728 0.004 -0.00125 -0.008999999999999991 0.004706632205824867 -0.001129948870195113 -0.008465476332848783 0.04854645791205983 -0.001422767318681495 -0.0100824346997245 0.002288121273115185 0.00296475612096997 -0.0123490979890505 0.001976171041002012 -0.002776165603397184 -0.01080404116450145 0.004000000000000001 -0.001126211084878028 -0.009542354673896941 0.004000000000000001 0.0007793622523234145 -0.009977289353085042 0.004000000000000001 0.00125 -0.009000000000000001 0.004 0.003120274557790187 -0.01053258906278396 0.004000000000000001 -0.00392451582856178 -0.01207841775694847 0.004 0.003924515828561873 -0.01207841775694844 0.004 -0.002016336040683459 -0.00991718275157699 0.004000000000000001 -0.001986717706010878 -0.01254364192555826 1.058499572832481e-19 -0.002320550173025986 -0.01110513005259954 0 -0.00392451582856178 -0.01207841775694847 0 -0.0007974424163273033 -0.01092056110681744 0 4.284188218790468e-17 -0.0127 1.125272558655889e-19 0.0007710152427707809 -0.01117842320911859 1.132718648866075e-19 0.001986717706010974 -0.01254364192555824 0 0.0002042923889890548 -0.01023319285588311 0.0486333695886927 0.002642994330534466 -0.009881770323587301 0.002040524513979547 0.001879290580998785 -0.009894169632905072 0.004000000000000001 -0.004861486633078257 -0.01173268714815159 0.001969906594658088 0.004858747064108357 -0.01173382192497476 0.002029420179773331 -0.001926018291873228 -0.008999999999999989 0.004 -0.003145914591177133 -0.009880575398071377 0 0.005765679346692283 -0.01131578285719225 0.004 0.004547336090245773 -0.01050469197475658 0.004 4.999999999976968e-05 -0.007751000400320313 0.04899999999999995 -0.0002781511674453875 -0.007781340109772722 0.004000000000000001 0.0007793622523234193 -0.008022710646914967 0.004000000000000001 -0.00112621108487802 -0.008457645326103047 0.004000000000000001 -0.00254373503362056 -0.008680140319417322 0.001992888038723171 -0.0004325134197688071 -0.008457645326103051 0.001917908784571171 -0.004298348396310854 -0.01037713099417842 0.004000000000000001 -0.003041149473894809 -0.009166414997869779 0.004 0.00037302304172354 -0.009476616658640554 0 0.00229277788244665 -0.01025129635457672 0 0.00663454922866333 -0.01082925466190738 0.001956318991773507 -0.000874044127368915 -0.009893614493734246 0.04933286057950391 0.003924515828561873 -0.01207841775694844 0 0.005857215516202174 -0.009552318651114189 0.004000000000000001 0.007464872704114444 -0.01027451582856181 0.004000000000000001 0.001379590750083486 -0.007698364999732279 0.002749837337037775 -0.001652619751291007 -0.009083064386869875 1.064653245880882e-19 0.002566409531773547 -0.009121815108771874 0.004000000000000001 -0.005765679346692196 -0.0113157828571923 0.004 -0.004591897419365312 -0.01034974733403851 0 0.006303174533260612 -0.008640234648991425 0.002042569042532187 0.004068995201982355 -0.009044351545744053 0.004 -0.005765679346692198 -0.0113157828571923 2.246901458609077e-19 0.008266450768713013 -0.009641358394357301 0.001967667141022197 0.008980256121069183 -0.008980256121069122 0.004 0.007305723514819 -0.008800460150707739 0.004 0.008287048501450943 -0.007366122209845784 0.004 0.009658041589661468 -0.008246952931378313 0.002092728173704171 0.01027451582856184 -0.007464872704114393 0.004 0.005765679346692284 -0.01131578285719225 0 0.004204551195803672 -0.01021704200200401 2.26543729773215e-19 0.005539851346202854 -0.009388853095475588 0 0.007464872704114442 -0.01027451582856181 0 0.008544028233574632 -0.007050728297101378 0 0.01027451582856184 -0.007464872704114393 0 0.008980256121069185 -0.008980256121069124 0 0.004446616906842577 -0.008148082300278093 0.002265257131371039 0.00125 -0.009000000000000001 0.04999999999999993 0.00193910535400395 -0.008088772167147774 0.004000000000000001 -0.006635870309408193 -0.01082844519017919 0.002023828914346013 -0.00536999226394056 -0.008841805529113575 0.002056608045896247 -0.002232733575629716 -0.008057916660734243 0.004000000000000001 -0.0009834334738616415 -0.008228405156517734 0.05012555674173748 0.0001026583880359375 -0.01024577736990438 0.0498270740998919 0.003139888992766516 -0.00819312817993113 0.004 0.007689832852088595 -0.006652025398476182 0.001948684969377658 0.009498169145138853 -0.005934988946201309 0.004 0.01082858504040232 -0.006635642095741382 0.001965520119997765 0.005954229386658278 -0.007550193972233659 0.004 -0.003693869414913181 -0.008273670799582128 0 0.004017017120122379 -0.007410029902099859 0.004 0.01131578285719228 -0.005765679346692238 0.004000000000000001 0.007101702626808539 -0.008315025439259003 0 -0.001297552411990154 -0.007326917122131651 0.004 0.001427640976005411 -0.007017802347099538 0.004 0.001786823341474264 -0.008082249181407219 0 -0.001718060503375069 -0.006736997831943921 0.00209551022484175 -0.005844075420071226 -0.00953013915215699 0.004 -0.00347887250674293 -0.007668352573401632 0.004 0.003599825035678149 -0.008660989136823536 0 0.002570779314310599 -0.007780998868322124 0.001973549709639984 -0.005638626537937845 -0.009258373981115006 1.093891540707576e-19 0.009741189248245439 -0.005969408448745018 0 -0.001876160663176842 -0.00667086947233247 0 0.004793063019787433 -0.006297574207396685 0.004 0.009315529304383919 -0.005027062531340409 0.001951374835474602 -0.004551691863380576 -0.008671680663258328 0.004 -0.007464872704114356 -0.01027451582856187 0.004 -0.007464872704114357 -0.01027451582856187 2.187783081415151e-19 0.01131578285719228 -0.005765679346692238 2.3271405113247e-19 0.002712949935064764 -0.007092868132056201 0.004000000000000001 0.0004625158346044454 -0.007071259844964254 0.004000000000000001 0.0002866718116143509 -0.006407752852548014 0.001938796420989476 -3.081872625008067e-05 -0.007469420884385734 0 -0.004024489284501446 -0.007033530606198506 0.001949352431536257 -0.002437133049767507 -0.006825125562429151 0.004000000000000001 0.005245642427242007 -0.007628188787039201 0 -0.00103653472098857 -0.009698638513242114 0.05065802788073542 0.005526412864616055 -0.006579590947215145 0.001929868246032638 0.007386545180179673 -0.006030647820659328 0.004 0.003535019772752121 -0.005983881534573572 0.004000000000000001 0.0117333922852701 -0.004859784509622214 0.002096101827928141 0.01036898574274637 -0.00430146384895022 0.004 -0.007174199545439785 -0.008479843375238742 0.004 -0.008249169434068148 -0.009656148489332368 0.00197057981404575 0.008647055034883638 -0.004521430086126018 0.004 -0.008980256121069115 -0.008980256121069194 0.004000000000000001 0.01207841775694845 -0.003924515828561824 0.004 0.0004359448717658629 -0.007828483005338359 0.05079022516302557 -0.0003595354833538476 -0.006639223760734046 0.004 0.00209140100086823 -0.005909742309075184 0.004000000000000001 -0.005290724849675653 -0.007176083906588884 0 0.006788437780705783 -0.006376161888002283 0 0.005960937938839907 -0.005924973962774048 0.004 0.003353935913441966 -0.006850036153869763 0 0.008296265545183529 -0.005201141838088874 0 -0.003729286142510759 -0.005937776886962121 0 -0.005778162996174575 -0.008112453303582975 0.004000000000000001 -0.001361736118330068 -0.006106232616924829 0.004 -0.007095157575503156 -0.00820106689079707 2.226027407480897e-19 0.0101026059278483 -0.004184636390625585 0 0.002828446312448324 -0.005650142134536973 0.002000736687756348 0.009441683328249679 -0.003243808220662411 0.004000000000000001 -0.009656360819967548 -0.008248920881824225 0.002043680867485834 0.01014324285923977 -0.002979722249385771 0.001932559804923154 -0.008980256121069114 -0.008980256121069192 1.093891540707576e-19 -0.01173379199610332 -0.004858819341381375 0.001907271826295846 -0.01207841775694844 -0.00392451582856188 2.330220693222532e-19 -0.01059069295762192 -0.004382357242758642 0 -0.01131578285719225 -0.005765679346692293 0 -0.0102745158285618 -0.007464872704114448 0.004 -0.008375558127029881 -0.007180773323908526 0.004 -0.0102745158285618 -0.007464872704114448 0 -0.008412013316911349 -0.007127355949155569 2.179189690027593e-19 -0.01084120938676304 -0.006614996525498783 0.002032332857939685 -0.009635293619957819 -0.005708843877369553 0 0.01207841775694845 -0.003924515828561824 0 0.01254364192555825 -0.001986717706010924 6.817744730800068e-20 0.01235975298747975 -0.002920018165780042 0.001879569879654757 0.01114329037015214 -0.00266136127143635 0 0.0127 -2.792959617590443e-18 0.004000000000000001 0.01260561033641704 -0.001545505757483887 0.002449104837984826 0.01254364192555825 -0.001986717706010924 0.004 0.01106683635408022 -0.0008734985180194745 0.004 4.999999999916152e-05 -0.01024899959967971 0.05099999999999992 0.0007432625954926315 -0.005895222360299992 0.004 -0.004851999625675698 -0.007159717901378739 0.004 -0.005768613011964461 -0.006191206970928276 0.002247933188861645 0.005654989770267594 -0.004400281781571331 0.002008330388908757 0.007638482446012024 -0.003833656985953454 0.002143172004978728 0.004870549929590301 -0.004836152249261685 0.004 -0.002418707466216911 -0.005312955057677014 0.004 -0.007799603385519729 -0.006372109469871587 0.002005027240569496 0.010793126951668 -0.002606121068770798 0.004 -0.0003909246484006487 -0.005600333900223401 0.004 -0.01084513103172231 -0.002693852167403552 0 -0.009431169177801966 -0.005112779484066479 0.001962839575195579 0.01264524344241473 -0.001178056994405265 0.001228175705165534 0.0127 -3.060751670798167e-18 0.002 -0.003722139894775241 -0.006252965782018333 0.004 -0.01234910322431594 -0.002964734314435229 0.002098876209137603 -0.01018307592280765 -0.00413296462593375 0.004 -0.01207841775694844 -0.00392451582856188 0.004000000000000001 -0.01131578285719225 -0.005765679346692294 0.004000000000000001 0.008000000000000002 -0.003 0.01 0.006000000000000001 -0.003000000000000001 0.01 0.006546081470889887 -0.001546081470889887 0.01 0.006546081470889888 -0.003 0.008546081470889888 0.008000000000000002 -0.0009999999999999998 0.01 0.008 -0.001546081470889887 0.008546081470889887 0.006515360490296629 2.423310116950491e-07 0.01 0.01015761033723211 -0.0007831953429743368 0.002001296665853799 -0.0009440613429363496 -0.0081807026298265 0.05146401708491885 0.001538784744976376 -0.006166031962158815 0 0.004951518225931097 -0.005658783897612357 0 0.006858017733501505 -0.004656334266077159 0.004 0.006514077914538176 -0.004425843028608577 0 -0.003101564705300436 -0.005054389003965698 0.001941919316771937 -0.0009702703622811252 -0.004565150403562526 0.004000000000000001 0.008087254166188851 -0.003200072975450405 0 0.003031222581911714 -0.004583568882517109 0.004 0.008000000000000002 -0.003 0.004000000000000001 -0.01025380106066468 -0.002047338076879473 0.001953929533675465 -0.009351418127156773 -0.005713819661951903 0.004 0.01104504857024831 -0.0009753584739006642 0 0.01104265591001615 0.0008743583588732347 0.004 -0.01254364192555824 -0.001986717706010986 2.188178713673348e-19 -0.01063284743971848 -0.002552720818815845 0.004000000000000001 0.005 -0.003 0.008230303748291071 0.008 2.423310116948091e-07 0.008515360490296628 0.005258835656072147 7.269930350859718e-07 0.007258835656072149 -0.005532227116769197 -0.005197411408346885 0 0.0127 -3.060751670798167e-18 0 0.004999999999999999 -0.001228849762220898 0.01 0.008000000000000002 -0.003 0.008000000000000002 0.008000000000000002 0.001 0.01 0.004 -0.003 0.01 -0.0127 -4.92607383684684e-17 1.094089356836674e-19 -0.01266085013841074 0.0009964305157434468 0.002020740202179697 -0.01104133687344219 0.0008106793268700916 0 -0.01254364192555825 0.001986717706010889 0 0.001690364788259635 -0.004771637202192215 0.004 0.00125 -0.009000000000000001 0.05199999999999992 -0.0002232023313142118 -0.004292360621656943 0.001974268213169126 -0.0003161901928291325 -0.005443228554468081 0 -0.00506564235624347 -0.005665163913392097 0.004000000000000001 -0.006468848526305589 -0.006720885425882065 0.004 -0.00678445192331062 -0.006389815558291906 1.08564832997319e-19 -0.002167847068419544 -0.004699470346379651 0 0.008278424688650581 -0.001871199457305745 0.002030373558598343 0.009490506909605964 -0.001787452439566953 0.004 -0.009078839522288771 -0.003818894993765936 0 -0.008499257989006937 -0.003274257235199269 0.001995645419523183 -0.008223074448081706 -0.005496829270329424 1.113013703740449e-19 0.009595492695003125 -0.002084502447358545 0 0.01260561033641716 0.00154550575748295 0.002449104837984003 -0.01254364192555824 -0.001986717706010986 0.004 0.008 -0.001228849762220898 0.006999999999999999 0.008 0.001546081470889886 0.008546081470889887 0.003453918529110113 -0.001546081470889888 0.01 -0.01234347181005533 0.00298809365220861 0.001970734802745214 -0.01041916294410468 8.69388736020673e-05 0.00200878910562798 0.001716989290708352 -0.004036286253488531 0.002175460085451207 0.01254364192555825 0.001986717706010935 0.004000000000000001 -0.012658941535339 -0.001020391691885623 0.001970936167903868 0.006546081470889887 0.001546081470889887 0.01 0.008 0.003 0.01 -0.0110933022639739 -0.0008417669696989564 0 -0.0008537274372165633 -0.009913044064075576 0.05197593574837364 0.001245527355678952 -0.004192701581301923 0 0.003093393965260513 -0.004919021569130008 1.070248183439851e-19 0.006000000000000001 -0.003 0.004000000000000001 -0.004020972743745344 -0.003966376553583938 0 0.003621006050886999 -0.003607481646523324 0.001927987728053466 -0.002220559204189575 -0.003437459612610714 0.004000000000000001 -0.003800406167957954 -0.004690796368516531 0.004 0.00622187970712012 -0.002466941942717345 0 0.006546081470889887 -0.001546081470889887 0.004000000000000001 -0.007631419042824129 -0.005393653993129823 0.004 0.0005716553903448496 -0.004319307056000659 0.004 -0.009337676574855748 -0.001644136820347523 2.230203916684358e-19 0.0104662152301338 0.001673755328726312 0.00205679456881876 0.009687023822465685 -4.754414946552087e-20 0.004 -0.008486446953760905 -0.004047267115691902 0.004 -0.009222127096695917 -0.003000088215957035 0.004 0.006515360490296628 -0.003 0.007000242331011695 0.005 0.001230303748291071 0.01 0.01087697936430097 0.000898039365611985 0 -0.00600399373646961 -0.004267710035738893 0.001955730165729064 0.003453918529110115 -0.003 0.008546081470889888 -0.01012288785181658 0.002372924140460541 0 -0.007204773857939976 -0.004439235973064152 1.107805746871184e-19 0.01079723333698781 0.002602058288846709 0.004000000000000001 -0.0127 -4.924979027570742e-17 0.004 0.006546081470889887 0.003 0.008546081470889887 0.004999999999999999 -0.003 0.005771150237779103 0.003484639509703371 2.423310116945692e-07 0.01 0.008 -0.003 0.006 0.002 -0.003 0.01 0.008 0.003 0.008 0.006000000000000001 0.003 0.01 -0.01081021059227703 -0.0008231683859704397 0.004 -0.01254364192555825 0.001986717706010889 0.004000000000000001 -0.01099429591356334 0.002802307577822381 0.004 -0.01207841775694846 0.003924515828561785 0.004 -0.01068678268939973 0.001130267573063784 0.004000000000000001 0.002 -0.003 0.008 0.002000000000000001 -0.001546081470889887 0.008546081470889888 0.002 -0.001 0.01 0.008 -0.001546081470889887 0.005453918529110113 0.006546081470889887 -0.003 0.005453918529110115 -0.01025339254644114 0.00414187039811907 0.004000000000000001 -0.01173327006289339 0.004860079591036523 0.002094572303240683 0.000182353574518441 -0.007763372661688113 0.05299999999999994 -0.006281624783198379 -0.005077445000661087 0.004 0.004661251842722057 -0.003689073511734738 0 0.004000000000000001 -0.003 0.004000000000000001 0.005903129582273101 -0.001593324539512084 0.001943851253666955 -0.00245953754895715 -0.002728064936183835 0 -0.002199404149128636 -0.002541714099749934 0.002075425784147609 0.002 -0.003 0.004 0.008 -0.001 0.004 -0.0002121820551797833 -0.003018937582288115 0.004 0.009345536675348626 -0.0001669791721010572 0 0.0126422815950797 0.001209427993188994 0.001278200763266523 -0.008865568195984268 -0.001529839364059574 0.004 0.008 0.00123030374829107 0.006999999999999999 -0.01207841775694846 0.003924515828561785 0 -0.009489287922857321 0.0003019576795332881 1.054183868540978e-19 -0.0006066267997836569 -0.003460877080249905 0 0.01236004490355309 0.002918782277277867 0.001877879162718239 0.003891168558432007 -0.0007813012945979008 0.005891168558432006 0.003453918529110114 0.001546081470889886 0.01 0.006515360490296628 0.003 0.006999757668988305 0.005 0.003000000000000001 0.008228849762220899 0.003484639509703371 -0.003 0.007000242331011697 -0.01131578285719229 0.005765679346692206 0.004000000000000001 -0.009331359429348126 0.004657561524708495 0.002037200382895394 -0.007677669736099901 -0.002394125780241161 1.043169021566411e-19 0.01254364192555825 0.001986717706010934 1.0424323419568e-19 0.01207841775694845 0.003924515828561835 0.004 0.004 0.003 0.01 0.002 0.001546081470889886 0.008546081470889888 0.002 0.003 0.01 0.002 0.001 0.01 0.003453918529110115 0.003000000000000001 0.008546081470889888 0.002 2.423310116948091e-07 0.008515360490296628 0.0001868516509604469 -0.01023595568712368 0.05245986028267544 -0.005152884488989333 -0.004176261906294856 0.004 -0.004232415882629043 -0.00304818221669523 0.001933504878646588 0.007776044423742056 -0.001287132335902999 0 -0.00367368674829292 -0.003257107621785631 0.004 -0.008409018538782826 -0.00128504449177569 0.001744616576888033 0.009487214578771703 0.001787232628068878 0.004 0.008525152832842149 0.0006726299045360239 0.001899587484503976 0.008 2.423310116943929e-07 0.005484639509703371 -0.005874096702326545 -0.003233285004035979 1.073310817249256e-19 -0.01010260592784831 0.004184636390625554 0 -0.008711315800170144 0.002258100735752356 0.00199074132417066 0.002 -0.001228849762220898 0.006999999999999999 -0.009409244649469121 0.002828166383356376 0.004000000000000001 0.0009549325090820474 -0.002222729614394575 1.092579002623655e-19 0.005 -0.001228849762220898 0.004000000000000001 0.006515360490296629 2.423310116950491e-07 0.004000000000000001 0.01063716591387965 0.00265800185086037 0 0.01174343468255582 0.00483546707739232 0.002030953675594357 0.003453918529110113 -0.003 0.005453918529110113 0.008 0.003 0.006 0.002 -0.003 0.006 -0.0001492578289906352 -0.002099409089544407 0.001970285166770805 -0.007915200642843597 -0.0004244732500368732 0 0.01033990191537022 0.004311004748865842 0.004 0.002 0.003 0.008 -0.01131578285719229 0.005765679346692205 0 0.01207841775694845 0.003924515828561835 0 -0.00662750236592654 -0.002199490621099385 0.001879206246724373 -0.008193084491907419 0.001472234819050908 0 -0.007461990232180816 0.0004988263429453373 0.001899048831016454 0.002 -0.001546081470889887 0.005453918529110113 -0.001150101825842198 -0.008510341149171752 0.05320509003126881 0.002807079396146346 -0.002954571284680353 0 -0.004312659134892772 -0.001994976506714967 0 0.002042217147807493 -0.001990078315163557 0.001968215355635488 0.00436790574429101 -0.001720498844245304 0 0.006106204222722876 0.0005518128419504194 0.001921201513843383 -0.007942696971208285 -0.002737649155284105 0.004 -0.00675495674945743 -0.003671858079651052 0.004 0.009445652887728861 0.00324969765246265 0.004 0.009701750529037411 0.003941308943787111 0.001965486542183002 0.008990483100771024 0.001885854282802327 0 0.008 0.001 0.004 -0.009432423303001466 2.927345865710862e-17 0.004 0.008000000000000002 0.001546081470889886 0.005453918529110115 0.006546081470889887 0.003 0.005453918529110114 0.004017820846692748 0.001212110590925018 0.006215936743018094 -0.0108410539045736 0.006615251335975786 0.001970734802745064 -0.009351417453264439 0.00571381910822489 0.004 -0.008485265919587141 0.004024941433500776 0.004 -0.001192997869521677 -0.001361101705160217 0.004000000000000001 -0.006148001446563208 -0.001245125272356726 0 0.01131578285719227 0.005765679346692249 0.004 0.003484639509703371 0.003 0.006999757668988305 0.0104777050359958 0.004408122017552448 0 -0.006454487088672296 0.0007057544235788986 0 -0.008644421125599501 0.001359432485631063 0.004 0.005923038245147552 -0.0004818587663197849 0 0.0005071504318331783 -0.001585691300122193 0.004000000000000001 0.01131578285719227 0.005765679346692249 0 0.003453918529110113 -0.001546081470889888 0.004 0.00125 -0.009000000000000001 0.05399999999999991 -0.005000000000000012 -0.0025 0.004000000000000001 0.003907637187315392 -0.0007802659372071566 0.001961529391000666 -0.0008981180635368026 -0.001489733120692417 0 -0.003232233047033635 -0.001767766952966372 0.004 0.008000000000000002 0.003000000000000001 0.004000000000000001 0.006546081470889887 0.001546081470889886 0.004 -0.008460993964997389 0.003457330527902763 0 -0.001673852332112643 -0.000511570278798577 0.001965427787189084 0.01082789051976909 0.006636775338362354 0.002043680867485894 0.002 0.00123030374829107 0.007 -0.008995350930985465 0.005617654938308858 0 -0.006731268720220314 0.002658360354455078 0 -0.00793567179255141 0.002716855457479693 0.004000000000000001 0.005 0.003000000000000001 0.00576969625170893 0.0003986137681184451 -0.0001448997605983709 0.004 -0.003889409968094378 -0.0009250752934051338 0.001901975655732925 -0.005252256069420244 0.000694994859912904 0.001883134401201958 -0.01027451582856186 0.00746487270411437 0.004 -0.004604344318584677 -2.357801779837816e-05 0 -0.002751224487884479 -0.0007566642602845322 0 -0.006767766952966358 0.001767766952966379 0.004 -0.006089346389345975 0.002847325487514026 0.002084388797648027 0.0001044226063464505 -0.01024563073151067 0.05382751907548877 -0.0008686891056911161 -0.009898821026486124 0.05332216433676013 0.002 -0.001 0.004 0.007438824303055916 0.0007510335178896045 0 -0.00676776695296638 -0.001767766952966358 0.004 -0.007500000000000001 1.790999862819479e-17 0.004000000000000001 0.005 0.00123030374829107 0.004000000000000001 0.002 2.423310116945898e-07 0.005484639509703372 -0.007413202627557361 0.005719281438511897 0.001942244878158713 -0.007631221504070047 0.00538993223407175 0.004000000000000001 0.0006632965468421411 -0.0002513954826162113 0 0.003484639509703371 2.423310116950235e-07 0.004000000000000001 0.009439886706168492 0.005982506958391747 0.004 0.008603914607514574 0.004548192596531823 0.004 0.002 0.003 0.006000000000000001 0.008796718126203015 0.003971906207179062 0 0.001081629674891543 -0.0001460781998593129 0.00203505222269416 0.009560440525755616 0.00572050685446872 0 -0.009657155763120548 0.008247990213793155 0.002020740202179678 -0.0009838543939978076 0.0002417583619407961 0.004000000000000001 -0.006754954252494925 0.003671854840591062 0.004 -0.01027451582856186 0.007464872704114369 0 0.002516276834881486 -0.0009843040235187988 2.259361833949658e-19 0.004076255363319928 0.0002529102214118496 0 0.007461182401304582 0.003849341686515435 0.001995554469053406 0.007172159963079719 0.002726134784965945 0 -0.002500000000000001 -5.617972831550668e-19 0.004000000000000001 0.002 0.001546081470889886 0.005453918529110115 0.01027451582856183 0.007464872704114417 0.004000000000000001 0.00852032263435328 0.006352435431936367 0.002037570833058883 -0.004896028956602898 0.001947819781714786 0 0.005639347308843195 0.001492063548436608 1.103178055240849e-19 0.006 0.003 0.004 -0.00611920753821032 -0.0004756006456459495 0.004 0.01027451582856183 0.007464872704114415 0 -0.00837555795422947 0.007180772997087076 0.004 -0.003042907674136302 0.001214731651754266 0 -0.004999999999999991 0.0025 0.004 -0.001189791656039339 0.0004816502826441212 0 -0.008546827629737686 0.007394092808158609 0 -0.008980256121069185 0.008980256121069122 0.004 -0.003956294358041334 0.00236646353070003 0.001978042333748765 -0.008980256121069185 0.008980256121069122 0 -0.00527831611667015 0.0006719145434920991 0.004 -0.003872300318503426 0.0004550987981506595 0.004 -0.0008186741359979341 -0.008055398147869678 0.05462362989978109 -0.001058514331481756 -0.009664866460311942 0.05460136841638046 -0.004623813630384399 -0.0009081942355058905 0.004 0.003453918529110113 0.003 0.005453918529110113 -0.006972701448942208 0.004606535334141952 0 0.008051169973121516 0.005672895680560095 0 -0.005187714403819839 0.003919218629994116 0 0.003366573844211314 0.001145330679361499 0.001669158596466186 0.003453918529110114 0.001546081470889886 0.004 0.002 0.001 0.004000000000000001 -0.0007665322501756124 0.001551543249003294 0.001891518036676101 -0.005156019093989056 0.00417877725777447 0.004 -0.006281923855911822 0.005077321289761506 0.004 -0.007174199545439845 0.008479843375238725 0.004 -0.008229993436400315 0.009672497507717839 0.001968332081482616 0.009657867234033666 0.008247157115623472 0.001973811528441626 -0.003232233047033628 0.001767766952966366 0.004 0.0005676044406576048 -0.007886301118369169 0.05484319152060842 4.999999999567814e-05 -0.01024899959967985 0.0549999999999999 0.004924410398542984 0.002393560706072266 0.001987308911402399 0.006869622112928136 0.004662829320307589 0.004000000000000001 -0.007219510157645788 0.006481204880080054 0 -0.006649079288635323 0.007669515461386745 0.001997580665686204 -0.006468848377995627 0.006720885169374028 0.004000000000000001 -0.005467114899364354 0.004943633716688227 0.001980617215220601 0.008577290274985499 0.007341980704085762 0.004 0.007521611966989823 0.006382200752869248 0.004 0.002 0.003 0.004 0.004 0.003 0.004 0.0004460220249038353 0.001548370347270745 0.004 0.008467274135173597 0.007176489040614922 0 -0.001436489046513808 0.001635933228064882 0.004 -0.005917961301971543 0.002325370303431845 0.005406175785879546 -0.003725473123266449 0.003277190675274736 0.004 -0.007264505110426121 0.008426475397220629 0 -0.004043291419087269 0.002309698831278214 0.005558492243351177 -0.003334590059467219 0.003186126552577039 0 -0.007464872704114444 0.01027451582856181 0.004 -0.007464872704114444 0.01027451582856181 0 0.008980256121069147 0.008980256121069162 0.004000000000000001 0.008980256121069145 0.008980256121069161 1.161946476417809e-19 0.002224741628121283 0.0009869030824782199 2.179606364833534e-19 -0.005956708580912738 -0.002309698831278211 0.005646104307618218 -0.004076410026084547 -0.002323140452078361 0.005560665933930595 -0.007307027481942474 -0.0009631324922159801 0.005585389375112043 0.006818217270034402 0.004645498575991533 0 -0.007328137091227183 0.0009109213382352123 0.005441180912468035 -0.002880942412794366 -0.001326497245419769 0.005421766668205799 -0.005375213347851372 0.005853799847638456 2.205805242680854e-19 0.005347661681748748 0.003463462693265228 0 0.003786222418635049 0.002225156331640159 0 0.001509813839789571 0.001888382318963092 0.001963214882495733 -0.004973875667063923 -0.0001275883860582687 0.006340476531731676 0.0003716492657527268 0.001719954415248327 0 -0.002880586742152832 0.001325928897966122 0.005421151612513429 0.007228246912106038 0.007911812761366958 0.001933523366740206 -0.002041199909980343 0.00321901483015809 0.001872319962621949 0.005405231237993319 0.004494375206009043 0.001893996460792673 0.005973888703137262 0.006054516726876324 0.004 -0.006635874196047202 0.01082844280837438 0.002043045744748606 -0.005857749561445244 0.009558978504622282 0 -0.001249990790574419 -0.009004798278768511 0.05558442537249283 0.00125 -0.009000000000000001 0.0559999999999999 -0.001481466566239199 0.002453035571672564 0 -0.0025 -4.319335097783595e-19 0.006000000000000007 0.006613199808440958 0.006850077724546243 0 0.003052917341480078 0.003259463829305336 0.001793506419142604 -0.0002121820551797804 0.003018937582288103 0.004000000000000001 -0.005065642238512585 0.00566516383071868 0.004 -0.005782829097645188 0.008096122093641453 0.004000000000000001 -0.003785486068859852 0.00470029766620133 0.004000000000000001 -0.003626275460930119 0.005157525343437048 0 0.004881379726396511 0.004845375745605926 0.004 0.005488630452701553 0.006870346932349652 0.001965565588392951 -0.00585345116883249 0.009514930525009437 0.004000000000000001 0.008247613055186145 0.009657477874265264 0.002093176687287882 0.007335043238533069 0.008337945990636732 0.004 0.007481927166138349 0.008467759630945227 0 -0.005485773503910938 0.007816111820868278 0 -0.00225534365804561 0.003476721258739966 0.004 0.0074648727041144 0.01027451582856184 1.091018622347105e-19 0.007464872704114401 0.01027451582856184 0.004000000000000001 -0.0003578386851310586 -0.007802314116546551 0.05639716617571222 -0.0008537274372175022 -0.009913044064074696 0.05597593574837451 0.001933096262887792 0.002958250790616648 0 -0.004851999625675735 0.007159717901378803 0.004000000000000001 0.0007010470049003125 0.004363224665228324 0.001897688950965603 7.997177399536565e-05 0.003691343056498716 0 -0.004958876514264351 0.002499661748901429 0.007161955510214874 -0.006746514902405845 0.001788766529112813 0.006669600623710914 -0.003449744443649661 0.005969297335109094 0.002012686697659254 -0.003099999999999998 0.00162480768092719 0.007000000000000009 0.00585163812566174 0.007747432973254765 0.004 -0.005765679346692278 0.01131578285719225 0.004 -0.005765679346692278 0.01131578285719225 0 -0.00309396692154604 -0.001617726152301224 0.007015125969176511 -0.001773151167254067 0.004424433332417629 0 0.005884033061893632 0.009057459439933959 0 0.00567326264023151 0.00951291371552351 0.004 -0.006709427415740632 -0.001824241735712212 0.007252148258979318 -0.004933328206203059 -0.002499110816252832 0.007271532184181281 -0.007493335450306509 0.0001824234969647227 0.007330532131847992 0.004996092334680623 0.005442373212617733 0 0.003033027548046082 0.004585106131907811 0.004 -0.004309666211029481 0.007803403745110108 0.001986812733797876 0.003494536708573857 0.004196555578584734 0 0.004751641391838327 0.006272098139666775 0.004 -0.004348275849386786 0.0101819401432082 0.004 -0.004401095134456092 0.01049782666745621 0 -0.000972383120654307 0.004567535100241907 0.004000000000000001 -0.002422370318405449 0.005321479664425933 0.004 0.006635736278779225 0.01082852732547198 0.001965404424422678 -0.005402178381794292 9.709091119456152e-05 0.008463291964262669 0.000571655390344858 0.004319307056000646 0.004 -0.004837618592190026 0.01174254854605666 0.002032217276115771 0.000186234916726695 -0.01023604876756211 0.0564569671766559 0.001690364788259639 0.004771637202192208 0.004 -0.003801782829198604 0.007057743233792145 0 -0.0025 -4.324182410045541e-19 0.008000000000000012 0.003929783649052887 0.008288683292639714 0.001945401715810498 0.002599853726669175 0.005274180478575778 0.001953143731674849 -0.001553523775221949 0.005256316090664009 0.002003404837746595 -0.003722139894775286 0.006252965782018382 0.004000000000000001 -0.003704701063970385 0.009881733558823045 0.00195497213472738 -0.004565646770282238 0.00860523349720627 0.004 -0.004002298389442029 0.008864009772254289 0 0.00353501977275212 0.005983881534573565 0.004 0.003998381605763886 0.0073598697900011 0.004 0.005765679346692232 0.01131578285719228 1.161946505970147e-19 0.005765679346692233 0.01131578285719228 0.004000000000000001 -0.006498864314778877 0.002000851260309583 0.008456273493441507 -0.003924515828561863 0.01207841775694844 0.004 -0.003924515828561863 0.01207841775694844 0 -0.00123667708922194 -0.008817984129830527 0.05663330031512213 0.001641411928757533 0.004929648213933891 0 0.004625087277107424 0.007526717993960211 0 -0.002064836609289624 0.00639583217385238 0 -0.003096274970492909 0.001620441610187861 0.008990670957023165 -0.003478872506742955 0.007668352573401679 0.004 -0.004339254787610569 -0.002411102603437781 0.008661416605819061 -0.0002112542738604455 0.005662624135968953 0 0.004276273511787618 0.009671189263454304 0 0.004860644955846164 0.01173303586516325 0.002093176740524642 -0.004856000017279043 0.002495849355425195 0.009016249009235533 0.0007422002197394892 0.00589535631048042 0.004000000000000001 -0.0003909246484006783 0.005600333900223364 0.004 -0.002270438562923156 0.008371534422567526 0 -0.007425074114421706 0.0006074664925424115 0.009085930690598272 -0.00646316316664536 0.002027104720475073 0.009981666133805703 0.00012396213715703 -0.007756161831848107 0.05779912625302107 -0.006045096576403343 -0.002271073126517508 0.009151972927044462 -0.007318131068242422 -0.0009360920630201094 0.008507196494055125 0.003202851294028043 0.006167954385549313 0 0.002091401000868227 0.005909742309075178 0.004000000000000001 -0.002004132228721555 0.007386673564659874 0.001939671773284786 -0.003092934105720295 -0.001616508482772408 0.008972410340603532 0.003995670948048834 0.008753842108917151 0.004 -0.002437133049767537 0.006825125562429184 0.004 -0.003184605131886997 0.009037838875618482 0.004 -0.002585586436651157 0.01043225241532694 0 -0.001361736118330108 0.006106232616924842 0.004 0.003659484948906913 0.01022429990239925 0.004 -0.002964756120970135 0.01234909798905046 0.001905427696759335 -0.002803650856630475 0.01056895579946136 0.004 -0.005020491546258421 -1.984194706142229e-05 0.01060359830422662 0.003924515828561817 0.01207841775694845 1.161946505970147e-19 -0.0008671446384349139 -0.009900311155120042 0.05706850938275719 0.00125 -0.009000000000000001 0.0579999999999999 0.0002861769593665152 0.006407924208456689 0.002190040308838532 -0.0025 -4.350458151123306e-19 0.01000000000000002 0.003020694025121006 0.00806788342569317 0.004 0.002665540622049684 0.007089854015163796 0.004000000000000001 0.002021918551764788 0.007398006386530142 0.002039387828598518 -0.004511236687168779 -0.002451756599670989 0.01015721750413772 0.003924515828561817 0.01207841775694845 0.004 -0.00726240659502691 -0.001063727596134809 0.01009672073169501 -0.004373405178995369 0.002420202249872968 0.01063162829174455 0.002441246777603853 0.01036172715775799 2.234495245035915e-19 -0.0005006483360748828 0.007633441342238389 1.080783224461949e-19 -0.001986717706010959 0.01254364192555824 0.004 -0.00198671770601096 0.01254364192555824 2.256246958051366e-19 0.001986717706010913 0.01254364192555825 1.134470855161114e-19 0.0009978131075824572 0.01266074125011394 0.002043681008226512 -2.465870242207463e-17 0.0127 1.128123479025683e-19 0.0006283299266302902 0.01083836397237982 0 0.002966600118991016 0.01234865513867816 0.001973811569425207 0.001349726766703001 0.006901046696872715 2.161566448923897e-19 0.002843189972629129 0.008174793039823028 0 0.002189304768432665 0.009476216824939763 0.001996248010680442 0.002567239290023057 0.009039202776626379 0.004000000000000001 -0.001569792364027327 0.009523188616219291 0.001947108642235381 -0.002232733575629731 0.008057916660734273 0.004 -0.001987530677661044 0.00937276790520815 0.004000000000000001 -0.0003597125459793904 0.006639246085764113 0.004 -0.007413719487900237 0.0006511207520349973 0.01104527044907803 -0.006421304294333563 0.002056670635495381 0.01199775090217976 -0.003076380726062053 0.00159677452664252 0.01100000000000002 -0.001451772332063018 0.01057189609543477 0.004 -0.0009464584982842713 0.01122704525446185 1.080862423028173e-19 0.0003193515521311511 0.01039917056986812 0.002012654390580978 -0.001020602083464197 0.01265892457467176 0.00203224659190719 0.001986717706010913 0.01254364192555825 0.004000000000000001 0.00209538393927155 0.01096956341540413 0.004 -0.001051820056995581 -0.008324593035495034 0.05810422364947453 0.000103246982610239 -0.01024572872672259 0.05782722033851845 -0.0009187937635524153 0.007847869062013443 0.002738897269650578 0.001417229693624678 0.007019115058867807 0.004 -0.003093499988860117 -0.001617175843105389 0.01101630027539636 -0.001297552411990175 0.007326917122131666 0.004 -0.0007883182753895046 0.009620967959044227 1.080862423028173e-19 -0.006076903348731911 -0.002256164705310762 0.01110922646038715 0.0004601856904525584 0.007071553642360005 0.004 -0.00457114688960377 0.002462942348026742 0.01242361934591263 0.0001543622523234141 0.008323694783669669 0.001946965970782046 -0.0006086496168082473 0.01156678473319383 0.004 -2.4635834466398e-17 0.0127 0.004 0.0006015886455569311 0.01124333781994028 0.004000000000000001 0.0001868715336084481 -0.007764047318896542 0.0589999999999999 -0.0025 -4.323427330647044e-19 0.01200000000000002 0.001738014215504717 0.00983698353331375 0.004 0.001876637659719568 0.008096648437757422 0.004 -0.004478992634234833 -0.002445107630518223 0.0120004503275801 -0.007278014249741157 -0.001029879156977281 0.01200494286820881 -0.007403125692330138 0.0006891929387789716 0.01301446565877452 -0.00500270172681516 -1.280712768444312e-06 0.01352228538721958 0.0009884537200033525 0.008863956988384086 1.080783224461949e-19 -0.003096854090740574 0.001621121725247402 0.01300787651465562 -0.0008088282457919171 -0.00995304610004405 0.05823944925076069 -0.003100000000000106 -0.001624807680927315 0.01300000000000003 0.00125 0.009000000000000003 0.004000000000000001 -0.00112621108487802 0.009542354673896957 0.004 -0.006136191025305392 -0.002226896933855603 0.01301873472290209 -0.0002781511674453988 0.007781340109772723 0.004000000000000001 -0.006384497772698032 0.002081625787069854 0.01396770171557098 0.0007793622523234193 0.009977289353085039 0.004000000000000001 5.000000000191815e-05 -0.0102489995996796 0.0589999999999999 -0.00110438395865603 -0.008414477949293767 0.05919653950222661 -2.254867815861462e-19 0.009000000000000005 0.004000000000000001 0.0007793622523234141 0.008022710646914961 0.004 -0.001126211084878028 0.008457645326103064 0.004000000000000001 -0.004552306328503261 0.002459587440304119 0.01400009435573997 -0.0002781511674453876 0.01021865989022728 0.004000000000000001 -0.001012044817959923 -0.009733665650307052 0.05937003719595269 0.00125 -0.009000000000000001 0.05999999999999989 -0.0025 -4.319335097783833e-19 0.01400000000000003 -0.004565907418317109 -0.002462024295275715 0.01401794714497958 -0.007294062998467975 -0.0009936171088805405 0.01402890242662271 -0.007392166698212681 0.0007263184480393248 0.0149840069890752 -0.005537118543817224 -1.071000685992391e-05 0.01551834071899377 -0.003099999999999815 0.001624807680926976 0.01500000000000004 -0.003092740519059185 -0.001616280072376496 0.0150182114124376 -0.006209328361712863 -0.002188041341829922 0.01498918693353325 -0.006404107612422099 0.002068449132257864 0.01594042483402368 0.0002239706414392027 -0.007770228821376388 0.06027987394353444 -4.839529076691698e-05 -0.01024906280700035 0.06011455642609913 0.0002781511674453885 0.007781340109772722 0.004931193901068183 -0.000759037814904801 0.008006842612903402 0.004868676817289476 -0.00124988888213519 0.009016666802778135 0.004970257848458066 -0.000774557324216363 0.009981101906787868 0.005132944212026537 -0.004599670293593597 0.002467739071735212 0.01632281310211189 0.0002781511674453968 0.01021865989022728 0.004931193901068168 -0.001098655725389838 -0.009596200970368323 0.06040903002244299 -2.182961635983091e-05 0.008975160887711095 0.0052626329609087 -0.0025 -4.32334181329121e-19 0.01600000000000004 -0.004577064354900212 -0.002463965389388419 0.01597852303157122 -0.007309003275053753 -0.0009583860786713491 0.01600027608344919 -0.007381624904043751 0.0007601728858875437 0.01695293845488711 -0.004994684376293346 -9.516525323358281e-06 0.01751225417822172 -0.00309691970607986 0.001621198752433776 0.01699228800891208 -0.0008669161221252552 -0.008099468802761777 0.06078976302503716 0.0001204926363469455 -0.01024417905648109 0.06136430156134264 -0.003092677453572882 -0.001616205650247138 0.01700004678857016 -0.006178059439644727 -0.002205034230270349 0.01701271426366471 -0.006386427967349907 0.002080340715207489 0.0179105210190479 -0.001126211084875707 0.008457645326098242 0.005591045389281983 0.0004078896410291365 -0.007818422223998301 0.06151367740001831 0.00125 0.009000000000000001 0.005999999999999999 -0.0001932111314158443 0.007765022486562203 0.006107012307691412 -0.001197233037670568 0.009359350877987109 0.005973794927059392 -0.0006365540733330256 0.01007577828186069 0.006242061376859096 -0.004593237602512626 0.002466686918113104 0.01798448052726722 -0.0012499989228076 -0.009001641030115493 0.06136668077549737 0.00125 -0.009000000000000001 0.06199999999999987 0.0005863722351011669 0.01010393278867079 0.006147693536039545 -0.0025 -4.319335097785972e-19 0.01800000000000005 -0.004524386121720251 -0.002454341345206021 0.01802517506887619 -0.007322534263892693 -0.000925113286600312 0.01796417691473919 -0.007371814980471857 0.0007902491369240985 0.01891794375135731 -0.005000882592530231 3.662385536877653e-07 0.02001314413122458 -0.003099999999998169 0.001624807680925049 0.01900000000000006 -0.001096838929311135 0.008400463209512878 0.006563567915253178 -0.0008537274372174982 -0.0099130440640747 0.06197593574837449 -0.003092740519059186 -0.001616280072376498 0.01898178858756248 -0.006211821229943635 -0.00218666168088662 0.01897532069713924 -0.004962631656677805 0.002499720705782419 0.0194104164609978 -0.001171391344935291 -0.008563717617808502 0.06232537991285603 0.0002094306156312791 -0.01023233064444422 0.06254019619429634 9.236123158612699e-05 0.007753416908946745 0.007500495141081333 0.0004709339197232968 0.01015789517800795 0.007367943009456723 -0.0009638107423103447 0.009795970384503836 0.007535916130667134 -0.006301682195241767 0.002134390653697344 0.02036862620218662 4.999999999994072e-05 -0.007751000400320321 0.06299999999999986 -0.0025 -4.415130878035638e-19 0.02000000000000005 -0.00455884909686813 -0.002460769367629956 0.01996837181137337 -0.00733454352989946 -0.0008943749252995514 0.01992341385182808 -0.004607772923146521 0.002469039878208324 0.02121629839953236 -0.0008737468055067042 -0.009893905207427963 0.06305577450042225 0.00125 0.009000000000000001 0.007999999999999997 -0.003100000000000096 -0.001624807680927304 0.02100000000000005 -0.003029480150476006 0.001538522512877837 0.02100000000000005 -0.006240697206613495 -0.002170407897493342 0.02092964904595009 -0.00736123689629445 0.0008213162116857006 0.02087868746098542 0.00125 -0.009000000000000001 0.06399999999999986 -0.001017066608341458 0.008273311955377824 0.008035611537083759 -0.0025 -4.319335097784151e-19 0.02200000000000006 -0.004594311849961247 -0.002466863823748311 0.02193553205504932 -0.00733818881345898 -0.0008848011486290563 0.02215925341295473 -0.006271321659448846 0.002152612654012847 0.02183419281918147 -0.00500475404415828 -7.323043003644144e-05 0.02250694035501056 -0.001150503894405812 -0.008511286598345146 0.0639983971670105 0.0001032297551217262 -0.01024573015443053 0.06382721602872408 0.0007440300294523158 0.01000444975746584 0.008869341440392378 -0.003099999999999571 0.00162480768092669 0.02300000000000004 0.0001866990966032995 0.007764021259354553 0.008590466447744404 -0.00313480944302106 -0.001664651370755026 0.02294868421931953 -0.006244890622353036 -0.002168005382460448 0.0231315374585196 -0.007350149808352737 0.0008525232420876255 0.02284372403540757 -0.004752449979060636 0.002487713606332715 0.02347321645838085 -0.001015550001060861 -0.009728806006661091 0.06433408590715273 0.0001262716708899302 -0.007756394168102023 0.06490173718113181 -0.0007031480371334031 0.01003348093251663 0.009182718934340278 -0.0025 -4.335628926838407e-19 0.02400000000000005 -0.004601900901467456 -0.002468099898251198 0.02390489707350736 -0.007335272181521843 -0.0008924706371697675 0.0241801784493142 -0.006319602199653318 0.002123358197448119 0.02416869382349999 -0.003087546983995406 0.001610131504435253 0.02498106457824618 -0.001239793292797184 0.008840586728485001 0.009319843006992396 5.000000001302259e-05 -0.01024899959967916 0.06499999999999986 0.00125 0.009000000000000001 0.009999999999999997 -0.003137991664056219 -0.001668210105734848 0.02507913602863136 -0.00624793222905401 -0.002166256021731571 0.02512092755245247 -0.005000483595699852 6.01923988386411e-07 0.02604178238383987 -0.001018338212388954 -0.008275094981953867 0.06511266208367497 -0.0005027121452677434 0.007855543579248078 0.009881373640550882 -0.00737497539622494 0.000780699601207911 0.02540978204842638 -0.004731194871725255 0.002485506749742031 0.02543077215671713 0.000454396149900405 0.01016448449494001 0.01031290429592102 0.00125 -0.009000000000000001 0.06599999999999985 -0.0025 -4.319335097782798e-19 0.02600000000000004 -0.004582272997909245 -0.002464853778974378 0.02606993224884656 -0.006339410563016434 0.002110919075587694 0.02613122755215042 -0.003100000000000613 0.001624807680927908 0.02700000000000002 -0.000998265167906567 0.009752307553161921 0.01056463395810581 -0.000741089598289092 -0.01000662118361761 0.06546112014485972 -0.007327530709962533 -0.0009124696127440681 0.02626458996415845 -0.003100000000001006 -0.001624807680928369 0.02700000000000002 -0.006223411857726234 -0.002180198024578237 0.02706087486633822 -0.004733484139416334 0.002485753265321672 0.02713003540373336 -0.007380224255470837 0.0007645472475055413 0.02709353348713889 -0.00124647026821381 -0.009093871563633464 0.06611266239159576 -0.001066750430265781 0.008348429958079894 0.01088470247720354 2.413482083682705e-05 -0.007750233017549603 0.06667713820537968 -0.0025 -4.335470651227838e-19 0.02800000000000003 -0.004557496066142318 -0.002460526421016543 0.02801086091485436 -0.006361868565459019 0.002096500419846035 0.02808604997240112 -0.005016547125844232 -5.878802206891679e-07 0.02854256323982088 0.0001831104270786764 0.007763484504142768 0.0111964587455168 -0.0004326979769520328 -0.01017272011185177 0.06630580876090816 -0.007321979719860509 -0.0009265042798371258 0.02804887016425375 -0.003087667018801784 0.001610274066431409 0.02898661596462047 -0.0002535875105683991 0.01022400709739925 0.01166889056233949 0.0007945232239158555 -0.009965004065617528 0.0669369675322655 0.00125 0.009000000000000001 0.01199999999999999 -0.003095597974516738 -0.001619645925915676 0.02901102807447968 -0.006203030015093144 -0.002191510616626118 0.02899884099965092 -0.004727528579206648 0.002485107507704819 0.02908387602630168 -0.001229468016769896 0.009225628889417779 0.0118864362193709 -0.007387963891607553 0.0007400192243303671 0.029036483392517 -0.001021701633594262 -0.009720156768982158 0.06745484485046228 -0.0025 -4.319335097783612e-19 0.03000000000000003 -0.004572607536790157 -0.002463196233025583 0.02952660228007428 -0.006383625880343338 0.002082205422921602 0.02958785627409868 -0.003099999999999987 0.001624807680927175 0.03100000000000002 -0.001078803629359632 -0.00836858672069675 0.06801705194877319 9.867191372352098e-05 -0.01024609945567845 0.06756778102112025 0.00125 -0.009000000000000001 0.06799999999999985 -0.0007240312689290025 0.007981040372922923 0.01215331945393095 -0.007313476891337558 -0.0009475361065664516 0.0299870848239575 -0.003100000000002546 -0.001624807680930168 0.03100000000000001 -0.006278726995112388 -0.002148221886112057 0.03051146612082272 -0.004858223042594357 0.002495976621354615 0.03086303470582834 -0.007422733433863835 0.0006167355255199421 0.03058042217675013 0.0005710453324041446 0.007888061499749454 0.01233852143885265 0.0002515044143837024 0.01022443682137769 0.01299999999999999 -0.00492534757070593 -0.0001074873903906391 0.03170954744778953 -0.0008645571947706848 -0.009902796132562746 0.06868607075848439 0.0008297957095516011 -0.009934847089319829 0.06836830888033624 -2.835740151253824e-05 -0.007750321698284135 0.06874248766746344 -0.001027375095968877 0.009712039614194985 0.01297358254491788 -0.0025 -5.387195599967839e-19 0.032 -0.004891827531359893 -0.002497658647018905 0.03119555830991012 -0.006689431996079363 0.001842774953873453 0.03117106288521776 -0.004076472386828732 0.00232316524330711 0.03246877082887974 0.00125 0.009000000000000001 0.01399999999999999 -0.001101013550261712 0.008408164581880994 0.01362831069992556 -0.007309234819869313 -0.0009578280360811885 0.03177322516711581 -0.002880586742154993 -0.001325928897969576 0.03257884838748527 -0.002880586742152836 0.001325928897966128 0.03257884838748658 -0.004040900912395301 -0.002308707201044739 0.032666373085497 -0.005956708580912738 -0.002309698831278211 0.03235389569238178 -0.0059240236911967 0.002322967976126065 0.03256615303679383 -0.007309698831278211 0.00095670858091274 0.03235389569238178 0.0002765272644011795 -0.01021902939753018 0.06930926548776928 -0.008004428897364585 0.003350135370500817 0.03549449019989038 -0.007249999999999986 0.003897114317029983 0.034 -0.006767766952966358 0.001767766952966379 0.034 -0.008640576474687252 0.002645033635316146 0.034 -0.009474799182055295 0.0004755757355850822 0.03534993731726821 -0.0075 1.79715993151216e-17 0.034 -0.009401664203302131 -0.0009356026086798965 0.03400000000000001 -0.009401664203302122 0.0009356026086799365 0.034 -0.009002210794857829 -0.002057257580742738 0.03547711734576173 -0.008092700863038227 -0.001376959139303067 0.034 -0.008640576474687276 -0.002645033635316111 0.034 0.00125 -0.009000000000000001 0.06999999999999987 0.0001231539817439615 0.007756081555414261 0.01351480170294229 -0.003872300318503427 0.0004550987981506596 0.03400000000000001 -0.005278316116670151 0.0006719145434920988 0.03400000000000001 -0.001130512417620936 -0.008466669264335099 0.06953532578690963 -0.004623813630384399 -0.0009081942355058904 0.034 -0.00612203625941769 0.003160057449788398 0.034 -0.008092700863038212 0.001376959139303095 0.034 -0.00801108772861488 -0.003344151714648259 0.035617524897859 -0.007361698266942926 -0.001179719243532877 0.0357161677043583 -0.002787309392969212 0.003918418083558431 0.03541695875676177 -0.003232233047033629 0.001767766952966366 0.03400000000000001 -0.003609423525312728 0.004279754323328189 0.03400000000000001 -0.001988912271385132 0.00334415171464827 0.03400000000000001 -0.001354705605072453 0.002638527766446624 0.03541061991824982 -0.0008890454406082944 0.001830314893841098 0.034 -0.006352208955238112 0.004292031097437886 0.03597502304670189 -0.005470378084704427 0.004475348529157232 0.034 -0.009110076463926026 0.00183228585670505 0.03554728079170032 -0.00676776695296638 -0.001767766952966358 0.034 -0.007250000000000023 -0.003897114317029961 0.034 -0.006122036259417719 -0.003160057449788387 0.034 -0.00547037808470446 -0.004475348529157228 0.034 -0.006390576474687287 -0.004279754323328184 0.03521591704754783 0.0002914237016520895 0.01021555428760521 0.01407354246742569 -0.0009717369236590756 0.009786274348556279 0.01414258108210453 -0.00611920753821032 -0.0004756006456459495 0.034 -0.0025 -5.870603413643717e-19 0.034 -0.004999999999999991 0.0025 0.034 -0.003232233047033636 -0.001767766952966372 0.03400000000000001 -0.00724013935685005 0.0009278961032130508 0.03586783961831443 -0.009448986257323808 -0.0006756635865161741 0.03673666531684032 -0.003036775350826685 0.001576402259506785 0.03613947042713155 -0.0007013492850538742 0.001331015413469418 0.03538840600731001 -0.004529621915295548 0.00447534852915723 0.03561752489785901 -0.004596429276271587 -0.004481866873407703 0.0359230169460412 -0.005000000000000011 -0.0025 0.034 -0.0004999999999999997 -1.102182119232618e-18 0.034 -0.003609423525312749 -0.004279754323328195 0.034 -0.001988912271385145 -0.003344151714648282 0.034 -0.00275000000000001 -0.003897114317029981 0.03561752489785944 -0.001358280817063654 -0.002643460117466015 0.03533317818201513 -0.0008890454406082987 -0.001830314893841108 0.034 -0.0006995931258488774 -0.001325330417953868 0.03538287039818853 -0.005032189681207632 0.001526466851491778 0.03684976641579247 0.0005578182978540742 0.007881367465796216 0.01443671530018041 -0.0008537274372185853 -0.009913044064073683 0.07002406425162529 -0.008922012567005278 -0.002206313083914586 0.03714345388665557 -0.001984429609195339 0.003340110060776775 0.03665965839141062 -0.005876890375132174 -0.002293075293306886 0.03598871823602549 -0.0004999999999999996 -1.196532933683426e-18 0.036 -0.004148951194422354 -0.001324608784396252 0.03690689773668216 -0.002465055227676749 -0.0003563331645481943 0.03633471879522929 -9.149159955175087e-05 -0.007753352781573128 0.07070313291258241 0.00125 0.009000000000000001 0.01599999999999999 -0.007606884085612208 0.003667990643960506 0.03705279396121992 -0.008583225652965329 0.002722222239261738 0.03661129205244004 -0.009401950845077237 0.0009342530479071497 0.03717573974745422 -0.006741746661091036 -0.0005555772218015057 0.03737285316170218 -0.0008086675035199279 0.001637904729814935 0.03711320810591594 -0.003366162604614224 0.004192919670759151 0.03729519175488005 -0.006550416582876125 -0.0042244772954228 0.03675213394207594 -0.0008333333333388213 -0.00169967317121105 0.03700000000000001 -0.00195911842350089 -0.003317082941035436 0.0366177108910847 8.850060271440551e-05 -0.01024686312132455 0.07061613193463777 -0.0002582672737201225 0.01022302821526127 0.01552587407146304 -0.000324065795609211 0.007792738073110823 0.01444637266364823 -0.007884831449665843 -0.003453657120650351 0.03810159465985657 -0.00945246461703075 -0.0006523487058998548 0.03813263164676457 -0.001773934495656427 0.003137276105427199 0.03803791682199993 -0.004984073450764533 0.004499971816026124 0.03711045693763249 -0.004802330552898453 -0.004495656435903724 0.03744332488871577 -0.006888057723487336 0.001495994462863201 0.03786183401213225 -0.001762489017713337 -0.003125463587945515 0.03847973883553481 -0.008742137926407174 0.002499280644454525 0.03802076486298719 -0.00112741572251236 -0.008460153921351712 0.07068518896547253 0.0002813056434418042 0.00778206439621473 0.01531636569056615 -0.001175992321155214 0.009423724038241842 0.01516853322196165 -0.001067503541335578 0.008349664556374174 0.01499030497807679 -0.006104743261148527 0.004362286364619697 0.03850160509076752 -0.008930792909818103 -0.002190631666922522 0.03906773480770358 -0.002966037378737178 0.0006273197510319301 0.0380323335541914 -0.004297750498215243 0.00227075990156854 0.03878846070360812 -0.005527448062987775 -0.002109197856992403 0.03861257483229903 -0.003136280378966265 -0.00409591859955418 0.03728543384998714 -0.0004999999999999997 -1.290010808529412e-18 0.03800000000000001 -0.0008301345983249094 -0.001691810430253058 0.03898556966516159 -0.009389242176597482 0.0009922464992015824 0.03899648102247164 -0.002981128106905346 0.004021710616052877 0.03901777636740884 -0.004441503039495523 0.0044652078501574 0.03891352871440934 -0.007490025312572125 9.058979895352184e-06 0.03932253479670912 0.0007204212659755416 -0.01002151514894797 0.07160620176575079 -0.0001707963472887794 0.007761723533392965 0.01611757892225829 -0.0008333333333333283 0.001699673171197583 0.039 -0.006255172293494221 -0.004321405154998136 0.03865409951144202 -0.007589865309822082 0.00368002685818734 0.03895337314542784 -0.008734636726796374 0.002510475755482151 0.03992652980519301 -0.001766534087335521 0.003129648253659966 0.04000690738426628 -0.006078337306351314 0.004368888720685274 0.03988585479586548 -0.009454984765896693 -0.0006349100216789704 0.03995832700349852 -0.003143409584547191 -0.004099155038449848 0.03900600985814981 -0.003749782593055159 -0.00218036238753189 0.039908015341613 -0.001069946048942897 -0.009646309099697263 0.07128032909849932 0.00125 -0.009000000000000001 0.07199999999999987 -0.001196424083495732 0.009362035098341858 0.01633042558065116 -0.005006979356110792 1.184563444493286e-05 0.03942217647297615 -0.007884220338234913 -0.003454167488775275 0.03995298697896738 -0.004800112074670456 -0.004495558343221391 0.03980148251412468 -0.003155991351720856 0.004104830338159146 0.04038146195457203 -0.004427420415821953 0.004463423867367125 0.04080573342297707 -0.006463723979129694 0.001821484263208057 0.03990718308738951 -0.00938573415335513 0.001007638792471969 0.0408933916368279 -0.008938061842230484 -0.002177537353702173 0.04091742291211162 -0.001765104087652002 -0.003128170141835993 0.03998571165839181 -0.006642821053157693 -0.001125991005445268 0.04105356280522132 -0.001122624828863771 -0.008450260522048319 0.07201347275157538 -0.0003313924380534614 -0.01020527136031725 0.07189995747347203 4.972267368219444e-05 0.01024901067077984 0.01751243275427595 -2.620425858135576e-05 0.007750274695450156 0.01705737344676937 -0.002850604273031258 -0.0002499659745478571 0.04046332882434745 -0.0004999999999999996 -1.102182119232618e-18 0.04 -0.00403366004138438 0.001797277931980782 0.04092340324489637 -0.006436092083153433 -0.004264696885911592 0.04094511785568315 -0.007768521434756277 0.0003592476077037751 0.04178759414466146 -0.003159920954134034 -0.004106593369809701 0.04093590433590737 -0.0008333333333327983 -0.001699673171196284 0.041 -0.0001205013074098438 -0.007755821783299308 0.07267221282114947 -0.001063653800591485 -0.009656612970087625 0.07272904459208467 -0.0009207338950747561 0.008154571650309462 0.01645044075914961 -0.000833001313409596 0.001698859012971308 0.04099903587987305 -0.007571139403027258 0.003693134464137562 0.04085728038961976 -0.00277187107315015 0.003909660021707123 0.04170527873058836 -0.006059385414184878 0.004373522898558134 0.04178595687398073 -0.009455533081614374 -0.0006310506783451852 0.04188079950240689 -0.001778070975351562 -0.003141524050541071 0.0419574870299989 -0.007885475563373321 -0.003453118992038273 0.04189829938554562 -0.004798313662208733 -0.004495478019204226 0.04191507268460336 -0.008721397187993574 0.002530059874626197 0.04182829471564409 -0.001521890248240182 0.002855302532957456 0.04200074373108031 5.000000001091485e-05 -0.01024899959967924 0.07299999999999987 0.0008081758974286333 0.008046400650789116 0.01770234152501496 -0.0009150340485608399 0.00814840579500894 0.0176947502846976 -0.00429969377923529 -0.001498985614092846 0.04192708651581688 -0.009381771420981455 0.001024733728472994 0.04279073468566637 -0.008937585268268478 -0.002178399011915648 0.0428385872713106 -0.003392574066231425 0.000768218213283614 0.0431412503239464 -0.001190294119006792 -0.008618293423873987 0.07326864226502743 0.00125 0.009000000000000001 0.018 -0.001186255489751557 0.009394078562008005 0.01799999999999834 -0.005980793244658898 0.0009684162897596799 0.0423055976830975 -0.0004999999999999997 -1.290908330129649e-18 0.04200000000000001 -0.006454371970145182 -0.004258497642650049 0.04286241227044502 -0.002798835374594623 -0.001200512513722868 0.04359236097637179 -0.004355412058340523 0.00445359477113345 0.04270030274102771 -0.009458080100862892 -0.0006127983471667672 0.0437727758706827 -0.006671287528609007 -0.001174387625373192 0.04358126165987287 -0.003176958439151722 -0.004114185152301714 0.04290567478624439 -0.007524292796956896 0.0008634111472019087 0.04366417553874438 -0.0008333333333333257 0.001699673171197577 0.043 0.00125 -0.009000000000000001 0.07399999999999989 -0.0001520565944584432 0.007759282952449796 0.01791351317542841 -0.007549340981448204 0.00370821527966065 0.042764529350633 -0.0008334236601250544 -0.00169989458614183 0.04302693948004357 -0.002754692942285389 0.00389982002361352 0.04359695561308524 -0.007900124554683636 -0.003440825128849336 0.04380246329346486 -0.004574376938425385 -0.002142457240730441 0.04421855536832188 -0.008712267414669938 0.00254343677766517 0.04373753033693689 -0.001484851328017592 0.00280957822704055 0.04418865241594524 -0.005104833883136651 0.00220175046300075 0.04419154610654673 -0.004819061653315124 -0.004496360896847466 0.04384492046330218 -0.006017971453403268 0.004383347364749463 0.04368951604979582 -0.0008537274372160116 -0.009913044064076089 0.07397593574836812 4.999999999848563e-05 0.01024899959967974 0.019 0.0002813056433977306 0.007782064396204551 0.01868363430944023 -0.001793258514448041 -0.00315702534751307 0.04382823165312866 -0.00937773656495906 0.001041836152098999 0.04470574936606973 -0.008945716080448134 -0.002163636894789192 0.0447356421964046 -0.0004999999999999997 -1.29088374813286e-18 0.044 -0.002819972005421453 0.0009265960040129243 0.04519510704100149 -0.006474074636028436 -0.004251717766670036 0.04477781941347289 -0.003206546516159208 -0.004127169078351325 0.04483150003090704 -0.007531883757975028 0.003720156533817128 0.04467576095599374 -0.004337692671677881 0.004450994158932454 0.04463608699310989 -0.007916251242877597 -0.003427167735669626 0.04570465522583912 -0.006296189639361236 -0.002108405428690695 0.04543194216960557 9.891820849021712e-05 -0.007753920071572822 0.0744016220230838 -0.0009011069972133273 0.008133682402595228 0.01894977560125537 -0.005020822373859372 1.57235406789177e-06 0.04519023414448196 -0.0008333333333337734 -0.001699673171198675 0.04500000000000001 -0.007308613034629314 0.0003941152295857633 0.04565726216997568 -0.008700307438831736 0.002560805509625152 0.0456498979898677 -0.000809744300937376 0.001640657543935725 0.04505233186052481 -0.004857203143608286 -0.004497733769111356 0.04574418355550489 -0.0065206511321335 0.002255161227041062 0.04563292641756878 -0.006000019552963065 0.004387477737116345 0.04561411788614069 -0.002740074920402565 0.003891367193494663 0.0456015929774868 -0.006502891627266911 -0.004241617233637545 0.0466762169096423 -0.00946077336519007 -0.0005928751845126119 0.04567297927088946 0.0001885155417017288 -0.01023570299446789 0.07446708722567263 0.00125 0.009000000000000001 0.01999999999999999 -0.003020454839810856 -0.001144867338102618 0.04568513797290179 -0.001635439096077744 0.002988265370377581 0.04638946410273693 -0.004426574238385762 -0.002563657534993502 0.04620278003844703 -0.004171951381016397 0.002142559405468285 0.04631977091661917 -0.007934748908501835 -0.003411341208974455 0.04759410984419744 -0.008953618018720572 -0.00214916368898417 0.04663943140427958 -0.009375829500489489 0.001049817213921514 0.04660745277413746 -0.001765550158279292 -0.003128631365532362 0.0460135710490536 -0.003278006153369736 -0.004157491694780341 0.04672898046864331 -0.004329599730951001 0.004449782408080089 0.04655425588467414 -0.001249789361894725 -0.008977053303183775 0.07457449178523431 7.864040279010476e-05 0.007752476177762923 0.01983757491424833 -0.001187245047106993 0.009391087200148399 0.02000000000000084 -0.0004999999999999996 -1.102182119232618e-18 0.046 -0.0008333333333331704 0.001699673171197196 0.047 -0.00751355157754106 0.003732567275621546 0.04659020822895019 -0.005757738931467616 -0.001605807215316891 0.04740566249012186 -0.009461859537364435 -0.0005846447372807142 0.04755615054852277 -0.008687614753211885 0.002579049714893851 0.04756028689369814 -0.004896300017813166 -0.004498804987293232 0.04764772034908243 -0.005977215088685026 0.004392613193811439 0.04753412272459685 -0.002986035864082617 0.004024170530586217 0.04738202369289243 -0.001940982654427208 -0.003300365567552296 0.04780071945683615 0.0001967210633663575 -0.007765576724446592 0.07571595820260422 -0.0008334161428151537 -0.001699876160503066 0.04699313227840422 -0.006029441360348802 0.001416664570037496 0.04751389061364978 -0.003323103558911755 0.0003292516452576902 0.04750065470765456 -0.006530652435858332 -0.004231678522832395 0.04856893514415261 -0.007214543814113064 -0.000258565323930688 0.04872341226246284 -0.003291881303581235 -0.004163211563077795 0.04862147392419976 -0.004644128951643266 0.004485906351780149 0.04849955060694913 -0.00367714354051122 -0.001781444846806354 0.0486146128603504 0.00125 -0.009000000000000001 0.0759999999999999 -0.0008584109842984772 -0.009908642163910374 0.07530170820312053 4.976481184884444e-05 0.01024900899256236 0.02048592635123274 -0.0009126156255010291 0.008145814586818902 0.02030098716368722 -0.00176555055832461 0.003128631779108204 0.04801426128114273 -0.008963564507590404 -0.002130764274660536 0.04852449415237213 -0.006125810254079359 -0.002117709440833051 0.04954519613006606 -0.009377205235764172 0.00104406624502411 0.04848405044887093 -0.004772191810429901 0.002236937304128437 0.04943760859561259 -0.0004999999999999996 -1.102182119232618e-18 0.048 -0.00946422021182013 -0.0005663372673386772 0.04944316095399398 -0.005979381125791093 0.004392130759716083 0.04946193360133676 0.0001073509152539435 -0.01024538178121978 0.0758283149047593 4.999999999566483e-05 0.007751000400320148 0.02099999999999999 -0.0008301412171293288 0.001691826743764363 0.04901440040093268 -0.007539893178477176 0.003714692805862299 0.04855510415041824 -0.007953422872005239 -0.00339518679001853 0.04949034793422882 -0.004923649106174668 -0.004499352235712612 0.0495484699698343 -0.003097409919732478 0.004078008213143719 0.04896151542576726 -0.001916420378537847 -0.003277428369637287 0.04939880430360888 -0.006802691035379925 0.001600383851608822 0.0497125583757602 -0.008976166423983573 -0.002107154614352182 0.050407381930294 -0.004404058300187457 0.004460364726165848 0.05064315820178166 -0.0008333333333942995 -0.001699673171347052 0.049 -0.008717057099374682 0.002536431848086655 0.04946207583474076 -0.007476647070160672 0.003757155744690999 0.05046369625449503 -0.002603138579672101 -0.0001183690519439291 0.04949422001828961 -0.001055800213647223 -0.008330831927792071 0.07604862834558766 -0.001196104616161665 0.0093630891725138 0.02130516594796265 -0.005065719416432739 -0.0001656313126660243 0.04974699548819204 -0.006550456751341537 -0.004224462553061568 0.05014218127221693 -0.009401664203300816 0.000935602608686086 0.05076495020427348 -0.00331691553926279 -0.004173395104471292 0.05053433648402358 -0.00943972858242912 -0.0007340368617187676 0.05099951650338688 -0.005952547694904099 0.00439802829560394 0.05097921913226033 -0.001758478695983489 0.003121304156215331 0.04952298362680357 -0.0004999999999999996 -1.007831304782566e-18 0.05 -0.0008086675035173113 -0.001637904729808237 0.05088679189407484 9.875916388291088e-05 -0.007753907456266131 0.0769999999999999 -0.0007772024773524105 -0.009979007818762077 0.07636432121202345 0.00125 0.009000000000000001 0.022 -0.007855113413192862 -0.0034782649982148 0.05075773327505947 -0.00411433002310691 -0.001875656486821654 0.05146546982024625 -0.002876653777504186 0.003967543423758934 0.05078096515144753 -0.006881349299502177 -0.0007788742360643814 0.05152083601847192 -0.005746987777849816 0.001595045014446623 0.05158049491400195 -0.005193039456621049 -0.004495857623211334 0.05102900567825949 -0.008640576474685243 0.002645033635318911 0.05107502656518826 -0.001983019741960198 -0.003338836642095281 0.0511506647653316 -0.00644449780199034 -0.0042618571186802 0.05191402646269983 -0.007250000000000023 -0.003897114317029961 0.05400000000000001 -0.00547037808470446 -0.004475348529157228 0.05400000000000001 -0.006122036259417719 -0.003160057449788387 0.05400000000000001 4.99999999991437e-05 -0.01024899959967972 0.0769999999999999 -0.0009197887408621594 0.008153543461137431 0.02145735445533022 -0.0008333333333332676 0.001699673171197435 0.051 -0.005897642168720857 -0.002371068976417139 0.05218967958443028 -0.007421036285240377 0.0009193377934408404 0.05225326407403633 -0.009110954559390734 -0.001830314893843285 0.05238247510213936 -0.004470366733117081 0.004468723375037991 0.05241552581230041 -0.003195513096270406 0.0006024780413161629 0.05144933853333816 -0.007814739845899464 0.003511016889720965 0.05219140187730168 -0.00801108772861488 -0.003344151714648257 0.05238247510214101 -0.004456782401428959 -0.004467092414602894 0.05238817377253698 -0.00911040378072933 0.001831551462385387 0.05241307860305489 -0.005470378084704428 0.004475348529157232 0.05400000000000003 -0.006122036259417692 0.003160057449788398 0.05400000000000003 -0.007249999999999986 0.003897114317029983 0.05400000000000001 -0.006334764946537189 0.004297487933374054 0.05267733903858907 -0.009401664203302124 0.0009356026086799366 0.05400000000000003 -0.008640576474687254 0.002645033635316146 0.05400000000000003 -0.008092700863038212 0.001376959139303095 0.05400000000000001 -0.008092700863038227 -0.001376959139303067 0.05400000000000001 -0.009401664203302129 -0.0009356026086798963 0.05400000000000001 -0.008640576474687276 -0.002645033635316111 0.05400000000000001 -0.001153473033687642 -0.008518336257794478 0.0773019838568875 -0.0003323581343568695 0.01020500542344291 0.02231308349097906 -0.002742059871370958 -0.00389251928389914 0.0523774023793357 -0.009499898470403417 3.022839825373839e-05 0.05240958608713842 -0.001454192397288909 0.002770784806612782 0.05197946721400706 -0.0004999999999999996 -1.021106859600598e-18 0.052 -0.001360365866709069 -0.002646330171347403 0.05246739398383914 -0.00676776695296638 -0.001767766952966358 0.054 -0.005000000000000011 -0.0025 0.054 -0.002749999999999992 0.00389711431702997 0.05238247510214057 -0.0007013492850538817 -0.001331015413469441 0.05261159399269 -0.00360942352531275 -0.004279754323328196 0.05400000000000003 -0.003609423525312727 0.004279754323328188 0.05400000000000001 -0.004999999999999991 0.0025 0.054 -0.006767766952966358 0.001767766952966379 0.054 -0.0075 1.801662209907005e-17 0.054 -0.003232233047033629 0.001767766952966366 0.05400000000000001 -0.001988912271385132 0.00334415171464827 0.05400000000000001 -0.003232233047033636 -0.001767766952966373 0.05400000000000001 -0.0008890454406082987 -0.001830314893841108 0.05400000000000001 -0.001988912271385145 -0.003344151714648282 0.05400000000000001 0.00125 -0.009000000000000003 0.07799999999999993 0.0005770627731611327 0.007891172440894626 0.02234229090149014 -0.004901300157529239 -9.752662571286435e-05 0.05220215082963899 -0.0008890454406082944 0.001830314893841098 0.05400000000000001 -0.0004999999999999997 -1.102182119232618e-18 0.05400000000000001 -0.002500000000000001 -5.617972831550668e-19 0.05400000000000001 -0.0009332234667735795 -0.009831621284638088 0.07775001743243985 -0.0007332673961667196 0.007987666593597309 0.02257511957749658 -0.001249272296090966 0.009042646573362992 0.02284409807940593 -0.000743607703516153 0.001460522036270923 0.05239448753112255 -0.00611920753821032 -0.0004756006456459495 0.054 -0.00527831611667015 0.000671914543492099 0.054 -0.0006245942514767447 -0.007917234087615334 0.07796310602078191 0.000517683854689749 0.01013776246492559 0.02363194739374141 -0.004623813630384399 -0.0009081942355058905 0.054 -3.724115163867903e-05 -0.01024944511549112 0.07817012185720776 0.0001303030821181823 -0.0077568101083139 0.07889911942529992 0.0001203138827727835 0.007755803645073603 0.02355622789422407 0.00125 0.009000000000000003 0.024 -0.003872300318503426 0.0004550987981506595 0.054 -0.00605507622366209 -0.002266454094453039 0.05591837677867501 -0.001204896051726983 -0.0086672455792439 0.07857460052599435 -0.001060321479961403 0.008338019366497435 0.02380294704422908 -0.0009091422630454427 0.009857881312038333 0.0235794990571714 -0.007309698831278223 -0.0009567085809127088 0.0552332097003008 -0.007309698831278211 0.000956708580912739 0.05564610430761825 -0.004049868999023798 -0.002312412394229013 0.05551777343269432 -0.004825068294902044 -6.595035432771762e-05 0.05616510345745562 -0.005956708580912714 0.002309698831278221 0.05539234814542706 -0.004032597221884916 0.002305240088341173 0.05526789777187767 -0.002878263017387787 -0.001322207312268247 0.05541734145763742 -0.002884072837206618 0.001331484976165014 0.05542724611731366 -0.001228717153406178 0.009229682731012628 0.02442217412124483 -0.0008997301506981002 -0.0098677474609152 0.07889286433046391 0.0003680775648606485 -0.01019457896609904 0.07929712721330771 -0.0025 -6.123233995736766e-19 0.056 -0.007387354853251809 -0.0007419816740695442 0.0572025774721957 -0.005010607841305763 0.002499977494639268 0.05660047508397854 -0.000648617721670789 0.01006854810426793 0.02499928950785302 -0.00624877749478127 0.002165768863135633 0.05708829790943716 0.00125 -0.009000000000000001 0.0799999999999999 -0.001191976207718097 -0.009376420934903979 0.0797772655195806 -0.0004390345362397534 0.007829637374149045 0.02450608574744076 0.0007610775642020688 0.009991595149881365 0.02488512619749179 -0.00455204001546428 -0.002459538951156244 0.05711021861302346 -0.003012256407349282 -0.0015162042770933 0.05714985462105449 -0.00306301663772679 0.001580536445096022 0.05709412226138651 -0.006386159737872849 -0.002080519449825037 0.0579049044635473 -0.004588453940183208 0.002465893314936653 0.0580384784664292 -0.001026052428457503 -0.008286055734628775 0.08022529491054183 0.0008569909752043752 0.008090018424132527 0.02485619615266171 -0.007331598623607343 0.0009020243114197948 0.05806556796647357 -0.004972794950536543 1.568190510665307e-05 0.0584908429498092 -0.001201804139554249 0.008656246003441021 0.02529377016891502 0.0004574768968784737 -0.01016327764906855 0.08020221869521164 7.387205758748037e-05 -0.007752184741595221 0.08015423040702556 -0.0004576118519684864 -0.01016322456685628 0.08019432969315982 -0.0025 -6.123233995736766e-19 0.058 -0.007384083517825017 -0.0007524265944496516 0.05861044901730776 0.0002841572923774216 0.007782726557757573 0.02534128857399527 -0.006239072084302908 0.002171336079445383 0.05902465193040515 -0.00484706459081503 -0.002495317767463179 0.05867781918338637 0.00125 0.009000000000000001 0.026 -0.003099999999968115 -0.001624807680889907 0.059 -0.006278300738211058 -0.002148475557852373 0.0598488742866652 -0.003099999999999659 0.001624807680926793 0.059 -0.004584944591337141 0.002465305053688023 0.0595120380267594 -0.001060826029696555 -0.009661171789112516 0.08091884825208345 0.0001742697470152862 -0.007762207587971543 0.08137477214017913 -0.007328665933026331 0.0009095685638601466 0.05955984476168921 -0.007410513360486763 -0.0006628916494532207 0.06035432621826005 -0.0005156531284115021 0.007861315736843866 0.02607712041954697 0.0003030153408984412 0.01021271666236603 0.0263764006646979 -0.00632221086739554 0.002121734767151902 0.06052161960090258 -0.004486233151334343 -0.002446639251138623 0.05999980174822722 9.609820159473948e-05 -0.0102463005799767 0.08152419431914401 0.00125 -0.009000000000000001 0.08199999999999992 0.0008204628419485065 0.008056951366587186 0.02625847062911795 -0.0025 -6.123233995736766e-19 0.06 -0.004972778158008609 -1.188312681822548e-05 0.06148105737035653 -0.003063016637726359 -0.001580536445095494 0.06090587773861542 -0.001026071735197745 0.009713916517688371 0.02658477321755847 -0.001198547394592727 -0.00864505754985493 0.08162775766487003 -0.006733597316405318 -0.001801288523405479 0.06119536750638475 -0.003095678443498021 0.001619740537691724 0.06098917393284963 -0.004893040863844979 0.002497710900643422 0.06119882650468627 -0.005514362609502329 -0.002446514072296735 0.06107691269142662 -0.001061937563423151 0.008340614974850884 0.02687015135594597 -0.007314132726163079 0.000945933256472701 0.06173463324550595 -0.007309698831278225 -0.000956708580912709 0.0623538956923818 -0.005956708580912714 0.002309698831278221 0.0623538956923818 -0.004141331105490281 -0.00234791135471539 0.06200485645905158 -0.005968380169949488 -0.002304829678403288 0.06239552852573544 0.0001236149754317137 0.007756127282295728 0.02726927363657275 -0.0008539790110342026 -0.009912808768972476 0.08234775810304892 -6.583065713927172e-05 -0.007751734673805041 0.08300887579331037 0.00125 0.009000000000000001 0.028 -0.002500000000000001 -5.617972831550668e-19 0.06200000000000001 -0.004038157662606408 0.002307565669270808 0.06267300128580931 -0.002901248073326668 -0.001358396242001935 0.06247418412901722 -0.0002889553891384187 0.01021614340564255 0.02768340184035618 -0.005927050983124836 -0.002853169548885463 0.064 -0.005000000000000012 -0.0025 0.06400000000000002 -0.004072949016875146 -0.002853169548885457 0.0645 -0.004072949016875146 -0.002853169548885457 0.064 -0.005927050983124836 -0.002853169548885463 0.0645 -0.005000000000000011 -0.0025 0.0645 -0.006767766952966382 -0.001767766952966358 0.06400000000000002 -0.007427050983124838 -0.001763355756877427 0.064 -0.008 -6.391830016101266e-18 0.0645 -0.007427050983124846 0.001763355756877414 0.064 -0.007500000000000001 1.826599165112482e-17 0.06400000000000002 -0.008 -6.391830016101266e-18 0.064 0.0002484095260240106 -0.01022506845007964 0.0829051363010247 -0.002880838967752937 0.001326331979334571 0.06257841247986078 -0.00611920753821032 -0.0004756006456459495 0.064 -0.00527831611667015 0.0006719145434920991 0.064 -0.004623813630384399 -0.0009081942355058905 0.064 -0.001236281339868507 0.009184684727828074 0.02788643815355389 -0.003232233047033635 -0.001767766952966372 0.064 -0.00676776695296638 -0.001767766952966358 0.0645 -0.007427050983124847 0.001763355756877414 0.06450000000000002 -0.007427050983124838 -0.001763355756877427 0.0645 -0.00676776695296636 0.001767766952966379 0.06400000000000002 -0.005927050983124847 0.002853169548885459 0.064 -0.001222004657352972 -0.008736932295012014 0.08305728940009437 -0.003872300318503427 0.0004550987981506598 0.06400000000000002 -0.004999999999999991 0.0025 0.064 -0.00257294901687515 -0.001763355756877409 0.0645 -0.0075 1.801662209907005e-17 0.0645 -0.006767766952966358 0.001767766952966379 0.0645 -0.005927050983124847 0.002853169548885459 0.0645 -0.00257294901687515 -0.001763355756877409 0.064 -0.004072949016875162 0.002853169548885462 0.06400000000000002 -0.004999999999999991 0.0025 0.0645 -0.004072949016875161 0.002853169548885462 0.0645 0.00125 -0.009000000000000001 0.08399999999999994 -0.002500000000000001 -3.655357258195952e-19 0.06400000000000002 -0.003232233047033628 0.001767766952966366 0.064 -0.0007132186293888599 0.007973443042645623 0.02815879616196685 -0.003232233047033636 -0.001767766952966373 0.06450000000000002 -0.003232233047033628 0.001767766952966366 0.0645 -0.002 -7.347880794884119e-19 0.0645 -0.00257294901687516 0.001763355756877422 0.064 -0.002 -6.369021713938803e-19 0.064 -0.0008497797958184384 -0.009916719312886327 0.08346303756957119 0.0005674363737574176 0.007886215477869695 0.02834516100314183 0.0002519982076727163 0.01022433529040445 0.029 -0.005278316116670151 0.0006719145434920995 0.06450000000000002 -0.003872300318503426 0.0004550987981506597 0.06450000000000002 -0.006119207538210322 -0.0004756006456459494 0.06450000000000002 -0.0046238136303844 -0.0009081942355058908 0.06450000000000002 -0.002500000000000001 -5.617972831550668e-19 0.06450000000000002 -0.00257294901687516 0.001763355756877422 0.0645 -0.001033396777615292 0.009703271711370743 0.02901534476023958 -0.0009442651525902676 -0.008180937534980589 0.08441830230820277 0.0001362840884881966 -0.01024254844864293 0.08423107838380259 0.0002325358350478508 -0.007771819603877918 0.08423191447964018 -0.005956708580912737 -0.002309698831278212 0.06590943695572687 -0.001092361244085923 0.008392343096460633 0.02964400800285879 -0.001101092962245322 -0.009591687661265488 0.08486379737263935 0.00125 0.009000000000000001 0.03 0.0001224982825142357 0.007756016812500643 0.02952171480377301 -0.004041947232369288 -0.002309141592548004 0.06585696933166729 -0.007309698831278225 -0.0009567085809127088 0.06614610430761823 -0.007309698831278211 0.0009567085809127401 0.06580007298222551 -0.004912750347717881 -0.0001022694497807502 0.06677931445241948 0.0007727841145005236 -0.009982499217493654 0.08538132074403092 -0.006118541533301354 0.002235814133214086 0.06654049774168513 -0.004043291419087269 0.002309698831278214 0.06604770911327884 -0.002883273360346248 -0.001330213641856123 0.06591732410554521 -0.0009829233833773239 0.009772244535370808 0.03013476170941322 -0.001066142649830166 0.008347435941678435 0.03099688200827967 -0.0003134786940108451 0.007789945824187508 0.03049791607927959 -6.727656169766428e-05 -0.007751811767301848 0.08542184437982393 0.00125 -0.009000000000000003 0.08599999999999995 -0.002883273360343865 0.001330213641852333 0.06591732410554371 -0.0025 -6.123233995736766e-19 0.06646875000000001 -0.006110857542787959 -0.002239641828425049 0.06764207340552393 0.0002935135433570052 0.01021505135688415 0.03007698116043573 0.0005600120609847061 0.007882464098316453 0.03044652031276823 -0.00116841650293778 -0.008555812116708878 0.08617926759836131 -0.0002416451029521376 -0.01022642066364655 0.08578028849224258 -0.004798001696369721 -0.002491825974126301 0.06723222274760648 -0.003081396484375104 -0.001602797725800665 0.06745312500000002 -0.00727816618011492 -0.001029543032505489 0.06860400886485507 -0.007408537332872634 0.0006700357573732771 0.06742581089811572 -0.00117563318612455 0.009424719450558417 0.03117244396085802 -0.004921998294220846 0.002498782850488522 0.06761374707538226 -0.003081396484374646 0.001602797725800117 0.06745312500000002 -0.004592772023262708 -0.0001647818050052862 0.06890517219566987 -0.006452828264022447 0.002034524523139875 0.06850999328629341 -0.0002578822301757074 0.01022310946172434 0.03152616707815484 0.0002450723200148985 0.007774259587856176 0.03156503066231426 -0.004495423608711403 -0.002448551135948396 0.0686151197929268 -0.001108029628688099 -0.009578593416787053 0.08588891463532911 4.999999999565374e-05 -0.01024899959967985 0.08699999999999994 0.00125 0.009000000000000001 0.032 -0.0025 -5.231509212195604e-19 0.06843750000000001 -0.006115931438971147 -0.002237118017341908 0.0695791423935929 -0.001031647835751433 -0.009705834784485282 0.08706096238625782 4.999999999998544e-05 -0.007751000400320321 0.08699999999999994 -0.007410497222995022 0.0006629503284057522 0.06964762193072163 -0.007280083188819863 -0.001025290520809128 0.07054668420579753 -0.0008884594385096668 0.008120716299410091 0.03228807798580427 -0.004478352786685244 -0.002444971203274376 0.07051025281808763 -0.003078506718692863 -0.001599332226240543 0.0694292244292538 -0.004806063422370779 0.002492466369654256 0.06944079256066651 -0.003084401975724295 0.001606388561149206 0.06941794551763715 -0.005013799921293345 -3.96051682969252e-05 0.07101055372544467 -0.001194593938781931 0.00936802896818793 0.03233798834725075 -0.006412656166185372 0.002062620313130472 0.07093400798403182 0.00125 -0.009000000000000001 0.08799999999999995 -0.0025 -6.123233995736766e-19 0.07040625 -0.006110636686853179 -0.002239751358927101 0.0715388493279791 -0.001180028035331813 -0.008587648407507694 0.08785399562746649 0.0008575310028595995 0.008090527307097894 0.03239851473308675 -0.007409909053059228 0.0006650852246014678 0.07151416733152878 -0.00728265864143529 -0.001019543783601667 0.07249865983482817 -0.003078283609479353 -0.001599064137051511 0.07139088874297303 -0.0044488417913762 -0.002438488185139844 0.07220348006127134 -0.004259647815555607 0.002387860683328995 0.07085038399845345 1.114655489649575e-05 -0.01024995030073757 0.08815747197944718 -0.0001225901009723401 -0.007756025857526136 0.08862914859843536 5.000000000641761e-05 0.007751000400320578 0.033 4.972716033599144e-05 0.01024901049215966 0.03351243092347298 -0.006113672534496566 -0.002238243392910609 0.07329957631959345 -0.006431402203500162 0.002049655515401279 0.07248365227136429 -0.004546339108328096 0.002458493806249561 0.07237500068734599 -0.003081396484374816 0.001602797725800322 0.07139062500000001 -0.000936161335340582 -0.009828312715230993 0.08900353300859126 -0.0025 -5.234063225892264e-19 0.07237500000000001 -0.004989710203620087 -1.077154954198822e-06 0.0738107991528454 -0.003078506718692863 -0.001599332226240543 0.07335202557074622 0.0002096936873273023 -0.01023228590736691 0.08943894845041038 -0.00097448663332087 0.008217136153932911 0.0335158937095681 0.00125 0.009000000000000001 0.034 -0.00740721626820836 0.0006747665063360926 0.07346949136433881 -0.007286171699892647 -0.0010116417145462 0.07445092516618532 -0.004561281016528607 -0.002461204106436893 0.07446765580295488 -0.003080553127808118 0.001601787659096174 0.07335965075034467 -0.001195024096313959 -0.008633370201389734 0.08932970937880225 0.00125 -0.009000000000000001 0.08999999999999997 -0.006123457189689478 -0.002233348146379113 0.07543386183411779 -0.004548726844582048 0.002458933211618226 0.07433642295990114 -0.00641984839278367 0.00205767600498952 0.07451457231067155 -0.0004374061837331474 -0.007829027826790064 0.08984393392370973 -0.001184409290200473 0.009399593084633371 0.03399999999999834 -0.0025 -6.123233995736766e-19 0.07434375000000001 -0.007404790766253673 0.0006833603518942786 0.07542665446803461 -0.00500009363319852 -9.252075419154387e-07 0.07634407438357434 -0.00308106310486128 -0.00160239857478574 0.07544155526265608 -0.0009215317106508143 -0.00984455864584112 0.09001675889465746 0.000198684729812826 0.007765891261622706 0.03432047128921515 -0.0072897045644285 -0.001003619951792161 0.07640531983983022 -0.004526473585258373 -0.002454744942869206 0.07642100766099279 -0.003081396484373175 0.001602797725798359 0.07532812500000004 0.0001158308888447335 -0.01024462171168168 0.09054079110566633 -0.001207130968755541 -0.008675446731226895 0.09049144562221868 4.999999999849082e-05 0.01024899959967974 0.03499999999999999 -0.00612789851926507 -0.002231108453267044 0.07739827856116017 -0.004556910698495993 0.002460421075932469 0.07630075478355912 -0.006411882013970811 0.002063150304419367 0.07644562193514001 0.0001282643421572359 -0.007756598110613078 0.09141900905030836 -0.0009380606645903355 0.008173838884025435 0.03480950466750238 -0.0025 -5.233503889459725e-19 0.07631250000000003 -0.007402433428109874 0.0006916022147884142 0.07738394254157842 -0.007293267424698682 -0.0009954519168778946 0.07835058433011943 -0.00308270422399847 -0.001604361838029904 0.07730821716777411 -0.004562027464482483 -0.002461337046837015 0.0783902042646243 -0.001111829154176868 -0.009571258200748445 0.091371989668561 0.00125 0.009000000000000001 0.03599999999999999 -0.005008055036363064 2.912030823585362e-07 0.0788443545896456 -0.003081394432836508 0.001602795270035838 0.07729350437705201 -0.00455041084573086 0.002459241670182814 0.07828124199232964 -0.006405820689233664 0.00206728522215068 0.07835553499189567 0.00125 -0.009000000000000001 0.09199999999999998 0.0001284187688399271 0.00775661405034091 0.03562152533401527 -0.001195081828357412 0.009366441569052841 0.03566396225533226 -0.0025 -5.233502526236756e-19 0.07828125000000004 -0.00615517978208825 -0.002217106147899677 0.07931844624275296 -0.001043475658958007 -0.008311771441189664 0.09223968331827088 -0.0001229263821150125 -0.01024394095703137 0.09189231506803905 -0.007400088552091332 0.0006996963213567267 0.07934085960483432 -0.007296875973583054 -0.0009870971390784679 0.08028952453835464 -0.003079743135234909 -0.001600816533311215 0.07934464535286971 -0.004539344220367113 -0.002457192758554122 0.08025001191714137 5.000000000057477e-05 0.01024899959967966 0.03699999999999999 -0.0009277640954531603 0.008162292543194238 0.03616198660597267 -0.004458239195658359 0.0001561324196412708 0.080803715433953 -0.003081396484374562 0.001602797725800018 0.07926562500000005 -0.00454853002825415 0.002458897082964596 0.08023901308572343 -0.006398428357538925 0.002072292964045138 0.08031232711827488 -0.001035019677740913 -0.009700881064581644 0.09274955045383716 -0.0001331489047151538 0.007757111682743317 0.03653619986548658 0.0003959312823551023 -0.007814361598271782 0.09250574435029779 -0.0025 -6.123233995736766e-19 0.08025000000000004 -0.006165055581563918 -0.002211932524257186 0.08123500796780848 0.0008792908418322585 0.008111547629036922 0.03659717857617151 -0.001241037509253998 0.00914941854176987 0.03738982752666091 -0.0009002713641874557 0.008132814050607336 0.03728960957388028 7.283225185078015e-05 -0.01024787638133364 0.09303838896077934 -0.007397779983103536 0.0007075670658163828 0.08129716891761413 -0.007300438274489136 -0.0009787664406105531 0.08226108842755527 -0.003081396484342008 -0.001602797725761048 0.08123437500000005 -0.004541009736064383 -0.002457504412531607 0.0822226702439366 -0.001241392322838782 -0.008853558541399872 0.09333194199987485 0.0003105496361422559 0.007789190798064407 0.03736603835164647 -0.005004409612081775 -4.330346359730087e-06 0.08276372268869077 -0.003078506718692858 0.001599332226240537 0.08122702557074626 -0.004549165859068669 0.002459013740785258 0.08216121267053234 -0.00639735347899336 0.002073017909894932 0.08227500818876886 -0.0003478641501589158 -0.007799379105198393 0.09374924920063567 0.00125 -0.009000000000000001 0.09399999999999999 0.00125 0.009000000000000003 0.038 -0.0025 -6.123233995736766e-19 0.08221875000000003 -0.006154240164934877 -0.002217595463931848 0.08326697385849184 -0.0002402309198098773 0.00777330154268977 0.03813746946829652 -0.0002777796804632684 -0.01021874462014063 0.09409220035844057 -0.001154268792686521 -0.009479753639100322 0.09403373051297675 -0.0006593813839972808 0.01006193982430166 0.03800013072857028 -0.00739550455106773 0.0007152327913440426 0.08325240295681685 -0.007304137122164061 -0.0009700268667751013 0.08423652775260812 -0.003083153254765853 -0.001604898300605138 0.08321536312294951 -0.00449834571840982 -0.002449151481995804 0.08426352555719671 -0.0009745320807880865 0.008217192729009981 0.03855912863514126 -0.0001321079459306281 -0.009072783824381652 0.09455938107053813 -0.001117417974953973 -0.00843975267135866 0.09421999715606098 -0.005414609569839181 -0.0003858563506541361 0.08472151682017096 -0.003081396484373168 0.001602797725798349 0.08320312500000006 -0.004547979898906602 0.002458796011914675 0.08418032650661707 -0.006386859243871596 0.002080053229532337 0.08422309106656323 0.0007229157973118402 0.007980248682277397 0.03826503306235032 -0.0007818435810175827 -0.009975305395669277 0.09505942522184491 -0.001249983080246781 -0.009006503775578082 0.0950417791163527 0.0002781511674453968 -0.007781340109772722 0.09506880609893184 5.00000000005797e-05 0.01024899959967966 0.03899999999999999 -0.0025 -5.227805579083096e-19 0.08418750000000004 -0.00616525539579627 -0.002211827267796398 0.0852206611001935 -0.001171998228772249 0.009434649458477417 0.03887353109923695 -0.0007608199187259097 -0.008008207153045607 0.09502800120099929 0.0002826698683341032 -0.0102176197048077 0.09506664354947915 -2.492742458559581e-19 -0.009000000000000001 0.09600000000000003 0.000996468452026692 -0.01266084715270331 0.0979653834090625 0.001986717706010974 -0.01254364192555824 0.096 4.273127405044959e-17 -0.0127 0.096 0.0005993297385690934 -0.01136875482570629 0.096 -0.0006043936760987098 -0.01159813559964008 0.096 -0.0009950706608649127 -0.01266095708783052 0.09809272817370415 -0.001986717706010878 -0.01254364192555826 0.096 -0.002776371021178756 -0.01080408339334548 0.096 -0.002941481625547495 -0.0123546625144747 0.09797159207094137 -0.003924515828561781 -0.01207841775694847 0.09600000000000003 0.00125 -0.009000000000000001 0.096 -0.007393334487984819 0.0007224610914246132 0.08520608992727645 -0.007307865342217112 -0.0009611230733850315 0.0861890720650646 -0.003079134814949688 -0.001600086541678803 0.08524656128168136 -0.00455755535227914 -0.002460537082367011 0.08619934158415773 4.999999999775814e-05 0.007751000400320233 0.03899999999999998 -0.001126211084878028 -0.009542354673896941 0.09600000000000003 0.001708464799085968 -0.01114234709634669 0.09600000000000003 -0.001412956022790142 -0.01069849944679133 0.096 -0.004860255204442142 -0.01173319731989934 0.09804106937345321 -0.002332861253405929 -0.01032504392223826 0.0976197774808015 -0.0002781511674453987 -0.01021865989022728 0.096 0.002964161073259106 -0.01234924083220404 0.09809317674052469 0.005765679346692284 -0.01131578285719225 0.09600000000000003 0.004858277409075405 -0.01173401638896365 0.09797288920461406 0.004235715713309068 -0.01027061977997288 0.09600000000000003 0.003924515828561873 -0.01207841775694844 0.096 0.002946847020004778 -0.01093619491096573 0.09600000000000003 -0.0006832408600177123 -0.01049404415486703 0.09799437806919063 0.00125 0.009000000000000001 0.03999999999999998 -0.00500123747887126 -2.982177314328738e-06 0.08667838034130716 -0.003090016744026742 0.001613060433431368 0.08517912455049455 -0.004556586667350307 0.002460362700178267 0.0861785626045868 -0.006388128268555891 0.00207920655780902 0.08614122367994881 -0.000906527929237619 0.008139356570052294 0.03982773402882488 -0.00112621108487802 -0.008457645326103045 0.096 0.001369681154478692 -0.01045952188758576 0.09803677442004627 -0.004298348396310853 -0.01037713099417842 0.096 0.0007793622523234142 -0.009977289353085041 0.096 -0.002016440845674059 -0.009917204296905577 0.096 0.006635593233290628 -0.01082861498264241 0.09802382891434605 0.003423201655446573 -0.009995575473868123 0.09805756074313161 -0.005765679346692198 -0.0113157828571923 0.09600000000000003 -0.003042381980584243 -0.009166668370933941 0.096 0.005703763737033764 -0.009255519133719366 0.09600000000000003 0.007464872704114444 -0.01027451582856181 0.09600000000000003 4.258750263936661e-17 -0.0127 0.1 0.001986717706010974 -0.01254364192555824 0.1 0.0007710152427707808 -0.01117842320911859 0.1 -0.0007974424163273035 -0.01092056110681744 0.1 -0.001986717706010878 -0.01254364192555826 0.1 -0.002320550173025986 -0.01110513005259954 0.1 -0.00392451582856178 -0.01207841775694847 0.1 -0.005765679346692196 -0.0113157828571923 0.1 -0.004591897419365312 -0.01034974733403851 0.1 -0.001926018291873228 -0.008999999999999989 0.096 -0.001342227502985692 -0.008999999999999991 0.09722857740615924 0.0007793622523234191 -0.008022710646914965 0.096 -0.0002781511674453876 -0.00778134010977272 0.096 -0.0025 -6.123233995736766e-19 0.08615625000000003 -0.006179560946802725 -0.002204231379138283 0.08717238886580592 -0.001192632692359458 0.009374335759867304 0.04034607199277192 0.003090092265521679 -0.009698747718104283 0.096 -0.0001258008832945399 0.007756346455896053 0.03990304492389641 -0.005843682070830502 -0.00953002751779943 0.096 0.006030232677382576 -0.00842935096965529 0.09804649779688723 -0.003145914591177133 -0.009880575398071377 0.1 -0.006634568686344183 -0.01082924274112374 0.09809272817370415 0.001900159018185858 -0.009912148286021454 0.09600000000000003 0.003924515828561873 -0.01207841775694844 0.1 0.00229277788244665 -0.01025129635457672 0.1 0.005765679346692284 -0.01131578285719225 0.1 0.004204551195803672 -0.01021704200200401 0.1 0.005539851346202854 -0.009388853095475588 0.1 0.0003259342481791061 -0.007571988754333618 0.09724379878356146 -0.00739122413057279 0.0007294156273116241 0.08715748985525328 -0.007311773104110363 -0.0009516854076384352 0.0881390973116615 -0.003081396484375611 -0.001602797725801274 0.08714062500000003 -0.004530095333660819 -0.002455440816748118 0.08814869949164587 -0.0004325134197688072 -0.008457645326103052 0.09808209121542887 -0.005366709645304017 -0.008846219222532564 0.09794358923276668 0.00392841980374087 -0.00853299286490421 0.09600000000000003 -0.002543900066551337 -0.008683457267865473 0.09800809435818862 0.008246846558065263 -0.009658132420283287 0.09796965671945471 0.007055471921723833 -0.008073335300329144 0.096 -0.005638626537937846 -0.009258373981115007 0.1 -0.002234352479825968 -0.00806204156135408 0.096 -0.001652619751291007 -0.009083064386869875 0.1 0.002439319772367822 -0.008841782748657155 0.09600000000000003 0.0003730230417235399 -0.009476616658640554 0.1 0.007464872704114444 -0.01027451582856181 0.1 -0.007464872704114355 -0.01027451582856187 0.096 -0.004551150701651603 -0.008673129393781844 0.096 -0.007464872704114357 -0.01027451582856187 0.1 0.008980256121069185 -0.008980256121069124 0.09600000000000003 0.00965705023918473 -0.008248113764847222 0.09802382891434609 0.002423147282540107 -0.00815406984888036 0.09785415701088138 0.001735320526812051 -0.008164313678791609 0.096 -0.005424127275335218 -0.0003809830282596595 0.08862977877804548 -0.003081396484374558 0.001602797725800013 0.08714062500000004 -0.006385008864042968 0.002081285767625966 0.08813373888730149 -0.0009215469143234654 0.00815545794379386 0.04079807733542383 -0.001307265837167672 -0.007351666525850689 0.09600000000000003 0.005395573087949684 -0.007298805850772138 0.096 0.001786823341474264 -0.008082249181407219 0.1 0.003599825035678149 -0.008660989136823536 0.1 -0.008229683811831656 -0.009672760948006317 0.09797064860625866 -0.005773507597433354 -0.008118474826792017 0.096 -0.007095157575503155 -0.008201066890797068 0.1 0.008334306321018869 -0.006791228752910124 0.096 0.007788973127681301 -0.006394008220363519 0.09806827712861173 -0.007171839449995433 -0.008479173569093385 0.096 0.01027451582856184 -0.007464872704114393 0.096 -0.008980256121069114 -0.008980256121069192 0.096 0.008980256121069185 -0.008980256121069124 0.1 0.007101702626808539 -0.008315025439259003 0.1 -0.009657155763120318 -0.008247990213793422 0.09802074020217975 -0.0102745158285618 -0.007464872704114448 0.096 -0.008373753037256392 -0.007183134543689045 0.09600000000000003 -0.008980256121069114 -0.008980256121069192 0.1 0.0004561908417161659 -0.006946065117430102 0.09600000000000003 0.001595776379693064 -0.007183024991174199 0.096 5.00000000005797e-05 0.01024899959967966 0.04099999999999998 0.0003027836810651737 0.007787225477477112 0.040787836302472 -0.0025 -5.231378895499064e-19 0.08812500000000002 -0.006188543301175569 -0.002199401014192429 0.08911834857863513 -0.004548536240056335 0.002458898223484967 0.08813232670000955 -0.003693869414913181 -0.008273670799582128 0.1 0.004462566705776187 -0.0068432617217656 0.09811000634895589 0.006584483583025652 -0.006110843610841081 0.09600000000000003 -0.002015823662972451 -0.007387093828217092 0.09736407925902121 -0.004840904855223362 -0.00717061983498396 0.096 0.002851919546560968 -0.007616143341304224 0.096 0.01082798215926491 -0.006636625826324755 0.09797288917377675 0.008544028233574631 -0.007050728297101377 0.1 -0.01084107636559139 -0.006615214526787161 0.09797075584389096 -0.007855295961446495 -0.006365656038330442 0.09799413151523077 -0.003485881149372714 -0.007666001284230906 0.09600000000000003 -0.00243088208407047 -0.006811736727506779 0.096 0.01027451582856184 -0.007464872704114394 0.1 0.01131578285719228 -0.005765679346692238 0.09600000000000003 0.009484745560346841 -0.005527768243884873 0.096 0.01131578285719228 -0.005765679346692237 0.1 0.009741189248245441 -0.005969408448745019 0.1 -0.0102745158285618 -0.007464872704114448 0.1 -0.008412013316911349 -0.007127355949155569 0.1 -0.0004923904206790932 -0.006842696611612951 0.096 -0.00738954023114418 0.000734913249127692 0.08910580535702121 -0.007313213029240103 -0.0009481800890937467 0.08979585694108481 -0.003077877574542012 -0.00159857604809765 0.08911832725623049 -0.004531242172261991 -0.002455660012895584 0.09009377797083949 0.005245642427242007 -0.007628188787039201 0.1 -0.004022382937917858 -0.007032603786999922 0.09805534296118298 -0.005290724849675652 -0.007176083906588884 0.1 -0.005783752931911988 -0.006205193458953024 0.09776827119033342 0.001104458874646489 -0.006687142439825501 0.09799661283700932 0.003891830664194698 -0.006690560360164843 0.09600000000000003 -0.00935125533684786 -0.005713901395530937 0.096 -0.00136180819974354 -0.006153086783079811 0.09600000000000003 0.002522775331657584 -0.006306555330925924 0.096 0.01173345986037738 -0.004859621354067902 0.09809317668728794 -0.009635293619957819 -0.005708843877369553 0.1 -0.006459960909465875 -0.006739423818301468 0.096 -0.01131578285719225 -0.005765679346692293 0.096 0.01053255252291171 -0.004371397822063332 0.09600000000000003 -0.01131578285719225 -0.005765679346692293 0.1 0.01207841775694845 -0.003924515828561824 0.096 -0.01207841775694844 -0.003924515828561879 0.096 -0.01018304879108949 -0.004132978248196921 0.096 -0.01173360252773723 -0.004859276872239161 0.0980950214772781 -0.009465157843993372 -0.005097330570883975 0.09805049072171128 -0.0001143707767843839 -0.005888420059770167 0.096 0.00125 0.009000000000000001 0.04199999999999997 -0.004991936316392756 -6.66448039307238e-06 0.09057984874650943 -0.003084598864112054 0.001606623318839597 0.08910952802888569 -0.005027102148114081 0.002499853090397034 0.08956815311791698 -0.00637969864483901 0.002084809739383765 0.09019783523972161 -0.001181264133030419 0.009408797074372963 0.04199999999999997 -1.679319857827967e-05 0.00775011280969781 0.04179987205088172 -3.0818726250081e-05 -0.007469420884385736 0.1 -0.001876160663176842 -0.006670869472332469 0.1 0.006788437780705783 -0.006376161888002282 0.1 0.005011513108127345 -0.005679660055459381 0.096 0.003353935913441965 -0.006850036153869763 0.1 0.007754077460110585 -0.004996321879087517 0.09600000000000003 -0.002587406347302071 -0.005472028579824194 0.096 -0.0009186658403261122 -0.006487259295727341 0.09795616374412358 -0.003710501269959807 -0.006263346753361416 0.09600000000000003 0.002741203129790488 -0.005513725959981228 0.09784462695066888 0.009370880872615636 -0.003455600247508711 0.09809134780720488 0.0101026059278483 -0.004184636390625586 0.1 -0.005065663143705259 -0.005728741612666017 0.09600000000000003 0.001226972313204157 -0.005999914055028961 0.096 0.01236005357974569 -0.002918745536324769 0.09787396553426846 -0.01234968411701137 -0.00296231365828082 0.09792769309544233 0.01207841775694845 -0.003924515828561825 0.1 -0.01063284743971848 -0.002552720818815844 0.096 0.01254364192555825 -0.001986717706010924 0.096 0.01044297251724991 -0.002631063911594506 0.09600000000000003 0.01254364192555825 -0.001986717706010924 0.1 0.01114329037015214 -0.002661361271436349 0.1 -0.01207841775694844 -0.003924515828561879 0.1 -0.01059069295762192 -0.004382357242758643 0.1 -0.0025 -5.233502526236418e-19 0.09009375000000001 -0.006194716389687855 -0.002196053903758106 0.09105838179872573 0.005254557644717783 -0.00480322752239374 0.09799957562109168 -0.003729286142510758 -0.005937776886962121 0.1 -0.006784451923310622 -0.006389815558291907 0.1 0.007358071334064798 -0.004262501577465075 0.09800546152936586 0.008296265545183529 -0.005201141838088874 0.1 0.003530119560737568 -0.005281562268996888 0.096 -0.007626383910855473 -0.005425088061374556 0.096 -0.008223074448081706 -0.005496829270329424 0.1 -0.006236988929587574 -0.005155312824696053 0.096 0.008975185515860917 -0.00387934307214384 0.09600000000000003 -0.01024496115397846 -0.00204837984791801 0.09804650285147272 0.001538784744976376 -0.006166031962158815 0.1 -0.003107134157015473 -0.004918142687238904 0.0980441464061582 -0.008495127705579081 -0.004069058538498413 0.096 -0.01254364192555824 -0.001986717706010986 0.096 0.01264525588738189 -0.001177923402702267 0.09722789676951496 0.01260561033641704 -0.001545505757483898 0.09844910483798483 -0.01084513103172231 -0.002693852167403552 0.1 0.002121196528053033 -0.004973465903867763 0.096 0.01113948973761156 -0.0007836957175996741 0.09600000000000003 0.0127 -3.000317882802086e-18 0.096 0.01046132777919911 -8.34881853519804e-05 0.09802938474605502 -0.007387899828206587 0.0007402259185214702 0.09105230864851439 -0.007306570632356145 -0.0009642260720143245 0.09162628022831926 -0.003081396484375099 -0.00160279772580066 0.09107812500000001 -0.004540907929932393 -0.002457485395928334 0.09155933755714586 -0.0009491904181862471 0.00818665041339937 0.04217019235125366 0.004951518225931097 -0.005658783897612357 0.1 0.006124987139947024 -0.004539490673210151 0.09600000000000003 -0.005532227116769198 -0.005197411408346886 0.1 -0.001239828801359711 -0.004674139704418827 0.09600000000000003 -0.006017410349360803 -0.004270045288642488 0.09803293716573488 0.0002745909826257685 -0.004726707075367467 0.09808246694001309 -0.009078839522288773 -0.003818894993765936 0.1 -0.008498643348859938 -0.003289874290126683 0.0980011687564853 -0.009224080421057452 -0.003005477547986775 0.096 0.01104504857024831 -0.0009753584739006643 0.1 -0.0003161901928291326 -0.005443228554468081 0.1 0.008425907688744353 -0.002307761435598319 0.096 0.007210857345802095 -0.003441745140634495 0.096 -0.01254364192555824 -0.001986717706010986 0.1 0.0127 -3.043448140914492e-18 0.098 0.0007246396061557185 -0.004714618087050356 0.096 0.0127 -3.043448140914492e-18 0.1 5.000000000057978e-05 0.01024899959967966 0.04299999999999995 -0.006612935223836875 -0.001910088993661368 0.09277231081125269 -0.004762654360383738 0.002488707907199065 0.09121636574304895 -0.006371777689550584 0.002090030136254323 0.09140479824345323 0.003093393965260513 -0.004919021569130008 0.1 0.004573336353965775 -0.004200614723982952 0.09600000000000003 0.006514077914538176 -0.004425843028608577 0.1 -0.007204773857939975 -0.004439235973064152 0.1 -0.00386278083176407 -0.00484130076420285 0.096 0.008087254166188853 -0.003200072975450405 0.1 0.009595492695003125 -0.002084502447358545 0.1 -0.005107685005493408 -0.004204370620694286 0.09600000000000003 0.003663691598992805 -0.003936586948652385 0.09774000299095076 -0.012661301954775 -0.0009906729076797592 0.09802536319227137 -0.01081021059227703 -0.0008231683859704397 0.096 -0.008865568195984268 -0.001529839364059574 0.096 0.001656801978367933 -0.003582172379514239 0.096 0.008655572898654356 -0.001409106584453683 0.09799101517567028 0.009566715911013532 -0.001235483253193629 0.096 0.01090127295922532 0.0008579487884520924 0.096 0.003100584013772436 -0.00386877803505427 0.09600000000000003 -0.002167847068419544 -0.004699470346379651 0.1 8.304418869356503e-05 0.007752761585451995 0.04296993731887401 -0.003081396484375072 0.001602797725800627 0.09107812500000002 -0.0025 -5.256330879050479e-19 0.09206250000000002 -0.007499864825707883 -2.599717654864402e-05 0.09280518652126807 -0.00490468415357188 -9.892832276874389e-05 0.09373092833379768 -0.003081396484374467 -0.001602797725799904 0.09304687500000001 -0.007117524217946009 0.001328943635528665 0.09291523075192101 -0.001190958104255193 0.009379629811670365 0.04333389304273989 0.005233651771586873 -0.002968131606659254 0.09780301297164604 -0.002690463088704093 -0.004283090091758226 0.096 -0.006757183414374267 -0.003700454484618922 0.09600000000000003 0.001245527355678952 -0.004192701581301923 0.1 -0.0110933022639739 -0.0008417669696989563 0.1 -0.004020972743745344 -0.003966376553583938 0.1 -0.007943809972915938 -0.002742790770363123 0.096 -0.009337676574855746 -0.001644136820347523 0.1 0.00142910095900321 -0.002825397641832366 0.09799543608904793 0.009318734457185581 0.0003915954016153693 0.096 0.01260561033641716 0.00154550575748295 0.09755089516201601 -0.0004468324588108155 -0.003275065050278509 0.09600000000000003 0.004661251842722058 -0.003689073511734739 0.1 -0.004953211226213312 -0.002499562123782391 0.09338874669880289 0.005608120031771787 -0.003092906190706114 0.096 -0.0127 -4.896805342283558e-17 0.09600000000000003 0.01087697936430097 0.000898039365611985 0.1 0.01264225059002595 0.001209752048557235 0.09872154563853318 0.00125 0.009000000000000003 0.04399999999999997 -0.004848604230454596 0.002495411653608229 0.09279839029136391 -0.005874096702326545 -0.003233285004035979 0.1 -0.00422655389804808 -0.003086308649756403 0.0980526925236969 0.006706330979489693 -0.001931543579476767 0.096 0.006221879707120121 -0.002466941942717344 0.1 -0.002122839881587146 -0.003116810135275889 0.096 -0.001033401876664599 -0.002468533441304013 0.09799772435743594 -0.005000000000000012 -0.0025 0.09600000000000003 -0.007677669736099903 -0.002394125780241161 0.1 -0.008088822296895956 -0.001170535656735879 0.0979817900309498 -0.01041916294410468 8.693887360206542e-05 0.09799121089437203 -0.009432423303001466 2.956576275390427e-17 0.096 0.009345536675348624 -0.0001669791721010574 0.1 -0.0006066267997836569 -0.003460877080249905 0.1 0.007931331006625129 -0.000829623770248881 0.09600000000000003 0.01254364192555825 0.001986717706010934 0.096 -0.0127 -4.900353484576797e-17 0.1 0.002615440238609525 -0.002418123861910934 0.096 0.004121943603986749 -0.002740606290917464 0.096 -0.007310087686911274 -0.000955769260219702 0.09442349694357247 -0.005987695010845451 -0.002296618942173691 0.09452811225861493 0.01254364192555825 0.001986717706010934 0.1 -0.0008579608945581977 0.008090932838889835 0.0439272748808836 -0.003639459581507469 -0.003311171275069366 0.09600000000000003 -0.003047776940041068 0.001561673821309873 0.09296005891316757 -0.00245953754895715 -0.002728064936183835 0.1 -0.006151242619199546 -0.00212085735808049 0.09803276776285698 0.006036179028052254 -0.00131602655590097 0.09798508398670051 0.007776044423742056 -0.001287132335902999 0.1 0.002807079396146347 -0.002954571284680354 0.1 0.001039404372713053 -0.002137871403462512 0.096 0.01019259075080349 0.002380857903006981 0.096 0.008436146085744906 0.0008548906526828691 0.09800574892642125 -0.007309698831278211 0.00095670858091274 0.09435389569238178 -0.004044873840719602 -0.002310353656879889 0.09470441858492333 0.005172853543566941 -0.001603487774442213 0.096 -0.01266089909992626 0.0009958082051712265 0.09790510441107392 -0.01068678268939973 0.001130267573063784 0.096 0.01235975298747975 0.002920018165780019 0.0981204301203453 0.000102288872432353 0.007754192235304134 0.04400672455070672 0.003462740469079456 -0.002140009499188222 0.09802500601071905 -0.006091598948772949 0.002249091313183569 0.09356565068026325 -0.00676776695296638 -0.001767766952966358 0.096 -0.0075 1.816786087245708e-17 0.096 0.01063716591387965 0.002658001850860371 0.1 0.01207841775694845 0.003924515828561836 0.1 -0.01254364192555825 0.001986717706010889 0.096 -0.01104133687344219 0.0008106793268700917 0.1 -0.01254364192555825 0.001986717706010889 0.1 -0.00611920753821032 -0.0004756006456459495 0.096 4.904566255896352e-05 0.01024903743858387 0.04499954795448947 -0.0025 -5.381419609032394e-19 0.09403125000000001 0.0009549325090820473 -0.002222729614394575 0.1 -0.009489287922857321 0.0003019576795332882 0.1 0.008990483100771024 0.001885854282802327 0.1 -0.0001538669378182907 -0.001998453437916357 0.096 0.009291091987831318 0.002969887897795641 0.09801109873162497 -0.001335185434277332 -0.001518015896704798 0.096 0.004367905744291009 -0.001720498844245304 0.1 -0.002883273360346264 -0.001330213641856149 0.09458267589445481 -0.004623813630384399 -0.0009081942355058904 0.096 -0.001238401849729405 0.009169884839190515 0.04484019655377956 -0.004312659134892772 -0.001994976506714967 0.1 -0.003232233047033635 -0.001767766952966372 0.09600000000000003 0.01173370744165896 0.004859023530870897 0.0979720698237305 -0.01099429591356334 0.002802307577822381 0.09600000000000003 -0.01235475574192723 0.002941090028767596 0.09803220212292914 0.008405537744921181 0.001833925259208842 0.09600000000000003 0.01207841775694845 0.003924515828561836 0.09600000000000003 0.00368279471469795 -0.001275809633247284 0.096 -0.00404329141908727 0.002309698831278214 0.09435389569238178 -0.006148001446563208 -0.001245125272356726 0.1 0.006298974785131888 -0.0004448760325194142 0.09600000000000003 -0.003877066783426484 -0.0008938737799181217 0.09809106392472747 -0.007915200642843599 -0.000424473250036873 0.1 -0.00715723440067644 0.0007605556836838356 0.09797511546982185 0.002220803200777153 -0.0009005698960623603 0.096 -0.008644421125599502 0.001359432485631063 0.09600000000000003 0.0004185014643804643 -0.0009768643865274882 0.09806320925508309 0.007464310726797191 0.0007324910350265624 0.09600000000000003 -0.005278316116670151 0.0006719145434920993 0.09600000000000003 4.9999999997758e-05 0.007751000400320234 0.04499999999999996 0.0104777050359958 0.004408122017552447 0.1 -0.01012288785181658 0.002372924140460541 0.1 -0.00676776695296636 0.00176776695296638 0.09600000000000003 0.002516276834881486 -0.0009843040235187988 0.1 0.009986843335917844 0.004278513117897803 0.096 -0.01207841775694846 0.003924515828561785 0.096 -0.01025339254644114 0.00414187039811907 0.096 -0.01173320613856569 0.004860233915144872 0.09804304574474863 -0.0008981180635368026 -0.001489733120692417 0.1 -0.002887131938522386 0.001336333998215952 0.09457585754345532 -0.003872300318503426 0.0004550987981506596 0.096 0.005923038245147554 -0.0004818587663197846 0.1 0.004763878931854975 -0.0001044300046693026 0.096 0.007438824303055916 0.0007510335178896044 0.1 0.002567266153309828 -0.0001798711472282875 0.09800128361237527 -0.008709986543186037 0.002258792928539825 0.09800908916999584 0.0004900926522771481 -0.0007022183887582063 0.096 -0.001843182666182212 -0.0005661914801598914 0.09788053237733176 -0.0009790064614990843 0.00822279581296609 0.04550407480426651 0.01131578285719227 0.005765679346692251 0.1 -0.01207841775694846 0.003924515828561786 0.1 0.007056024835560629 0.002245009542910124 0.096 0.00818906841751557 0.003342567295848212 0.09600000000000003 0.005106246275024765 0.0006770527984247091 0.09802756355821156 0.01131578285719227 0.005765679346692249 0.096 -0.01131578285719229 0.005765679346692206 0.09600000000000003 -0.009313769048807459 0.004647468265923918 0.09796224443066162 0.0006138706111232559 0.00791111852215259 0.04577880789879094 -0.0025 -5.382634681683283e-19 0.096 -0.004999999999999992 0.002500000000000001 0.09600000000000003 -0.002751224487884479 -0.0007566642602845324 0.1 0.007172159963079719 0.002726134784965945 0.1 -0.00940924464946912 0.002828166383356375 0.096 0.008796718126203015 0.003971906207179062 0.1 -0.005023993837224959 0.0009216088382038061 0.09811780710607756 0.01082776271988793 0.006636983839200233 0.09802922958766665 0.008821409497262586 0.005202047811122057 0.09797892821505401 -0.01010260592784831 0.004184636390625554 0.1 0.0006632965468421412 -0.0002513954826162113 0.1 0.006353451685907545 0.002832944940336919 0.09798030182377997 -0.008193084491907417 0.001472234819050907 0.1 0.009574384921490806 0.005847469325157442 0.096 -0.01084086763331763 0.006615556587082158 0.09796833208148248 -0.01131578285719229 0.005765679346692206 0.1 0.01027451582856183 0.007464872704114416 0.096 -0.009351417453264439 0.00571381910822489 0.096 -0.01027451582856186 0.007464872704114371 0.09600000000000003 0.00125 0.009000000000000003 0.04599999999999997 -0.001184523755588493 0.009399253644249535 0.04633234826979937 -0.003232233047033628 0.001767766952966367 0.09600000000000003 -0.004604344318584677 -2.35780177983782e-05 0.1 0.004076255363319928 0.0002529102214118497 0.1 0.005840964886676923 0.001110780052459707 0.096 -0.006454487088672296 0.0007057544235788986 0.1 0.00334941603658915 -1.348357517195895e-05 0.09600000000000003 -0.007930608899526275 0.002712354962682562 0.096 -0.0008895719922016945 0.0001987437285859633 0.096 0.009560440525755618 0.005720506854468722 0.1 -0.008464219602547184 0.004001877637434772 0.096 0.008411835954137234 0.006846902275745336 0.096 -0.009657155763120547 0.008247990213793154 0.09802074020217968 0.002072334155386617 0.0007945883734061396 0.096 0.007882946631644861 0.004881379181337409 0.09600000000000003 0.01027451582856183 0.007464872704114416 0.1 -0.001189791656039339 0.0004816502826441216 0.1 -0.003042907674136302 0.001214731651754267 0.1 -0.0002749156196119338 0.007780606133321401 0.04591608682500291 0.005639347308843196 0.001492063548436609 0.1 0.004007269180229053 0.001418803284713013 0.09600000000000003 -0.002316397712787042 0.002030590064103732 0.09801406510492407 -0.006731268720220314 0.002658360354455078 0.1 -0.008460993964997389 0.003457330527902763 0.1 -0.006042630745353291 0.002855010598247355 0.09792650900641912 -0.0004168922528968171 0.0009299970477408213 0.09800502884455331 -0.001789127550645651 0.001334145117920846 0.09600000000000003 0.002224741628121283 0.0009869030824782201 0.1 0.005438236289098498 0.002792228363804538 0.096 0.00691754721821125 0.003554799006333545 0.09600000000000003 -0.008995350930985463 0.005617654938308857 0.1 0.009657950616576556 0.008247059469154355 0.09795631913251417 -0.008373748470664098 0.007181521480461176 0.096 0.008467274135173597 0.007176489040614922 0.1 0.0004496564867800128 0.0008448452157651043 0.096 -0.01027451582856186 0.00746487270411437 0.1 5.000000000058004e-05 0.01024899959967966 0.04699999999999997 0.003786222418635049 0.002225156331640158 0.1 0.005347661681748748 0.003463462693265228 0.1 0.006818217270034402 0.004645498575991533 0.1 -0.007372292427021289 0.005396863767960047 0.09806899282279882 0.008051169973121516 0.005672895680560095 0.1 -0.007620117254543244 0.00538375404985586 0.09600000000000003 0.008980256121069145 0.008980256121069161 0.096 -0.008980256121069187 0.008980256121069124 0.09600000000000003 -0.006726384217888552 0.003650813787645191 0.096 0.00623599081223504 0.00533035280404476 0.09801170178495558 -0.004896028956602898 0.001947819781714786 0.1 0.000291461709438331 0.00778445482521986 0.04666846138536339 -0.0009679658691485942 0.008209087820195313 0.04680446781904021 -0.004128313393026594 0.002707272889856522 0.09828152021930997 0.003138354240447951 0.003066979279950603 0.09805934733500797 0.003935064537417344 0.002929599968374981 0.096 0.0003716492657527268 0.001719954415248328 0.1 0.0009372222973477253 0.003006839161265522 0.09801817359836235 0.002650160085916542 0.002422551751032564 0.096 -0.0005040997680574621 0.001796341322278275 0.096 0.00761521536794065 0.00700528107249393 0.09801195351369436 0.006021459917236691 0.004512810647767445 0.09600000000000003 -0.007146360203957279 0.007466838159142911 0.09798848840635731 0.008980256121069145 0.008980256121069161 0.1 0.001079527386495455 0.00213677104331335 0.096 -0.008546827629737684 0.007394092808158607 0.1 -0.008980256121069185 0.008980256121069122 0.1 -0.001481466566239199 0.002453035571672565 0.1 0.00125 0.009000000000000003 0.04799999999999997 -0.001671767047426208 0.002977479472401194 0.096 -0.004988421044961336 0.004129095347655881 0.09600000000000003 -0.003391372906066796 0.003502405403244619 0.096 0.004739287024486865 0.004124706364310901 0.09791029563629813 -0.006972701448942208 0.004606535334141953 0.1 0.006584179664143652 0.006100523697811801 0.096 -0.005187714403819839 0.003919218629994116 0.1 0.008229502215392561 0.009672915449172958 0.09796777446126337 0.007071459576479264 0.007887698293928515 0.096 -0.008229721082685887 0.009672729237459068 0.09797073480274524 -0.007174199545439845 0.008479843375238725 0.096 0.007481927166138347 0.008467759630945225 0.1 -0.003334590059467219 0.003186126552577038 0.1 -0.0009423923113781902 0.00335977888866249 0.09836706966002906 0.0001475486769649315 0.007758738791419834 0.04783741854892799 -0.001188494055353149 0.009387274941598637 0.0474296183723163 -0.005341821334316151 0.004932059319258929 0.09801013471550209 0.001933096262887792 0.002958250790616649 0.1 0.003494536708573857 0.004196555578584733 0.1 0.004996092334680622 0.005442373212617731 0.1 -0.006204089410544815 0.005093727711115623 0.096 0.006613199808440958 0.006850077724546244 0.1 0.004505887056250999 0.004141553015492103 0.096 -0.007219510157645789 0.006481204880080055 0.1 -0.006453648716046509 0.006727172429716468 0.09600000000000003 0.005009226094967118 0.005667552011802553 0.096 0.005573809536168027 0.007590918757313844 0.09809902774185572 -0.002844321076390738 0.004161069368883306 0.09805722165585641 0.003073770075591627 0.003872863426832684 0.096 -0.007264505110426121 0.008426475397220629 0.1 0.0074648727041144 0.01027451582856184 0.1 0.0074648727041144 0.01027451582856184 0.096 -0.007464872704114445 0.01027451582856181 0.096 0.003131848223570067 0.004632047001389817 0.09748363946968114 7.997177399536555e-05 0.003691343056498716 0.1 0.001617756523406604 0.003567323269369062 0.096 0.0001066340628427042 0.003302461306877128 0.096 0.001641411928757533 0.004929648213933892 0.1 -0.005375213347851372 0.005853799847638456 0.1 -0.005381050222838146 0.00883224289362446 0.09800827023148731 -0.005778273716430501 0.008103244572665721 0.096 0.005407985334086584 0.007300271097749028 0.09600000000000003 -0.007464872704114446 0.01027451582856181 0.1 0.005884033061893631 0.009057459439933958 0.1 0.005619596435972336 0.009288270893180555 0.09600000000000003 -0.00585345116883249 0.009514930525009437 0.09600000000000003 0.006635089888950037 0.01082892340750238 0.09809502151335306 -0.005765679346692279 0.01131578285719225 0.09600000000000003 -0.006635731771892679 0.01082853008729689 0.09809457230324067 -0.001773151167254067 0.004424433332417629 0.1 4.925827730394007e-05 0.01024902907176617 0.04899954507929676 -0.0009041764498973169 0.00813688648055364 0.04817215701422897 -0.002128338761098076 0.004630615158099824 0.096 -0.004937484506676726 0.005710618651630648 0.096 -0.003449304058717704 0.004991019028452341 0.096 0.004145069540176226 0.005953758603418719 0.09798420274585076 -2.91344262814539e-05 0.005027578082614839 0.09796253057128981 0.003535560420539265 0.005277608178326796 0.096 -0.004869200422128343 0.006887093054148223 0.0979902467441555 -0.003626275460930119 0.005157525343437048 0.1 -0.005857749561445243 0.009558978504622281 0.1 -0.0006898484126699178 0.004543423988735088 0.09600000000000003 -0.005485773503910939 0.00781611182086828 0.1 0.005765679346692233 0.01131578285719228 0.09600000000000003 -0.004882132506054862 0.01172411114726069 0.097971672635616 0.005765679346692233 0.01131578285719228 0.1 5.649976853116514e-05 0.00775127754238345 0.04883679519929277 -0.00292111315746372 0.006387879357774202 0.09803104695494896 0.003202851294028043 0.006167954385549313 0.1 0.004625087277107424 0.007526717993960211 0.1 0.0007238392772536915 0.004705120705254007 0.096 0.001972723833357126 0.005744527017086012 0.09793055971965396 -0.004831200670410228 0.007175878231822733 0.096 0.002121196528053012 0.004973465903867738 0.096 -0.001869797013579922 0.005401803116258987 0.09736412134789832 0.004542447513704008 0.009439704113105895 0.09790882712168274 -0.004348275849386786 0.0101819401432082 0.096 -0.003991868920276162 0.01028507888842612 0.09803008102902684 -0.004578868481423432 0.00861839830154125 0.096 0.003823847311826057 0.006805519746161422 0.096 -0.005765679346692279 0.01131578285719225 0.1 0.004861414980371704 0.01173271683748558 0.09797620516101961 -0.004401095134456092 0.01049782666745621 0.1 -0.001181981788272617 0.009406717410731171 0.04894188955606869 -0.0002112542738604455 0.005662624135968951 0.1 -0.003801782829198603 0.007057743233792145 0.1 0.002526731309599581 0.006300993635721061 0.096 0.004207493390378248 0.01030087931939853 0.096 -0.003924515828561864 0.01207841775694844 0.09600000000000003 0.004276273511787618 0.009671189263454304 0.1 -0.003924515828561864 0.01207841775694844 0.1 0.00380008826408329 0.008650477962253137 0.096 0.003280220319165828 0.007735731398818179 0.09788241728508834 0.003924515828561817 0.01207841775694845 0.1 0.003924515828561817 0.01207841775694845 0.096 0.0007316070580725767 0.007986466027911058 0.04988797505570791 -0.002593246323870009 0.00577355006979087 0.096 -0.003616246359489081 0.006346806665059481 0.096 -0.004002298389442029 0.008864009772254289 0.1 -0.002064836609289624 0.00639583217385238 0.1 -0.001358475822823045 0.00603435773200565 0.096 -2.058530267641283e-05 0.005846647720017814 0.096 0.002441246777603853 0.01036172715775799 0.1 0.002938973627424733 0.01094363998930613 0.09600000000000003 -0.003459972310436122 0.007671473673024176 0.09600000000000003 -0.001131589369958781 0.008468958101656482 0.04938495361859468 0.00125 0.009000000000000001 0.04999999999999993 -0.002413866617222141 0.006864951765337057 0.096 0.001349726766703001 0.006901046696872713 0.1 0.002843189972629129 0.008174793039823028 0.1 -0.0007057967344977509 0.00735834024107074 0.09795144774101427 0.001231453696938574 0.006003559768377582 0.096 0.0005649376492539582 0.006248235446459845 0.09732235964136084 -0.002468211523803855 0.008784891546261683 0.09795409701282914 0.003046746864767934 0.009734507438863666 0.09600000000000003 -0.002964507532679599 0.01234915766717252 0.09804094857329243 -0.002803650856630475 0.01056895579946136 0.096 -0.002585586436651157 0.01043225241532694 0.1 -0.003184605131886997 0.009037838875618482 0.096 0.002426307960831079 0.009520391613903979 0.09802232117932208 0.002663492447680506 0.007636215591115968 0.096 0.002964273834790712 0.01234921376575752 0.09809317668728788 0.001986717706010913 0.01254364192555825 0.1 -0.001986717706010959 0.01254364192555824 0.1 -0.001181440602906294 0.00940828678867239 0.05026633906313142 -0.0003395657153070398 0.007797005766851721 0.04996789392205718 -0.001995086801908836 0.007414156810363072 0.09728021105383261 0.001596729550393921 0.00718380205728944 0.096 -0.002270438562923156 0.008371534422567526 0.1 0.002387339756121774 0.008865203473719597 0.096 0.001986717706010913 0.01254364192555825 0.096 -0.0005006483360748829 0.00763344134223839 0.1 0.00099642710458731 0.01266085040687409 0.09796529750908738 -0.001657764993537865 0.01069103340853475 0.09812242959967903 -0.001986717706010959 0.01254364192555824 0.096 0.0009884537200033528 0.008863956988384086 0.1 0.0006283299266302906 0.01083836397237982 0.1 -2.46573606305234e-17 0.0127 0.1 0.001302994727496784 0.007715253550126873 0.09803704948099411 5.000000000057997e-05 0.01024899959967966 0.05099999999999992 -0.001053695574317859 0.008327522761230572 0.05080807134522668 -0.0005005136528382431 0.0067929479203537 0.096 0.0004619098659213341 0.00695072751412161 0.096 0.001369181863443097 0.01045510474522457 0.09736100845643 0.001735384801303923 0.008141586353807994 0.096 0.00170377021537793 0.01113646027457496 0.09600000000000003 -0.0009964305157436552 0.01266085013841072 0.0980908860344562 -0.0009464584982842712 0.01122704525446185 0.1 0.0001543622523234191 0.009676305216330333 0.09805131154234939 -0.0007883182753895045 0.009620967959044227 0.1 0.0005985473079510746 0.01136777368874434 0.096 -2.463584677165688e-17 0.0127 0.096 5.000000000226211e-05 0.007751000400320411 0.05099999999999993 -0.001307265837167693 0.007351666525850706 0.09600000000000003 -0.002234352479825983 0.008062041561354111 0.096 0.001899839285831627 0.009912336449640916 0.096 -0.001987800495027087 0.009373455388644789 0.096 -0.001451772332063018 0.01057189609543477 0.09600000000000003 0.0001543622523234143 0.008323694783669669 0.0972807708363892 -0.0006088712886454092 0.01157585440293173 0.096 -0.001193634603028378 0.00937112859557475 0.0516579978157941 0.00125 0.009000000000000001 0.05199999999999992 0.00125 0.009000000000000003 0.09600000000000003 -0.001126211084878028 0.008457645326103063 0.096 0.0007793622523234141 0.008022710646914961 0.096 -0.00112621108487802 0.009542354673896958 0.09600000000000003 0.0007793622523234191 0.009977289353085039 0.09600000000000003 -0.0002781511674453876 0.01021865989022728 0.09600000000000003 -0.0008235268533190029 0.008059625860700912 0.05237875823954241 -0.0002781511674453988 0.007781340109772723 0.09600000000000003 0.0002849207357663183 0.007782905026577476 0.05214233192346622 4.88514601301451e-05 0.01024904504916482 0.05300079022438373 -1.531116844723505e-19 0.009000000000000003 0.096 -0.001249972021172326 0.008991636610354041 0.09473442155435484 -0.001237423770264885 0.009176868348732714 0.05319912017386905 0.0002867682603808318 0.007783339009897109 0.05332451282287297 -0.0007739302566055761 0.008018403362928323 0.0950516965940317 0.000310981528028442 0.007789301652258048 0.09505319897474232 -0.0008066879826481603 0.009954858365754337 0.0949825680162012 0.0002781511674453974 0.01021865989022728 0.09506880609893184 0.00125 0.009000000000000001 0.05399999999999991 -0.0007274651568725031 0.007983489082431249 0.05340870648611054 0.00125 0.009000000000000001 0.09399999999999999 -0.0002781511674453879 0.01021865989022728 0.09409187630992857 -0.0001827310273241203 0.007763428379893398 0.09402130712780732 -0.0001828672334078121 0.007763448515044452 0.05410331367683789 -0.0009799057930229662 0.008223930005218582 0.05452662407629648 -0.001170788714890269 0.009437897002827825 0.05478203447922486 -0.001218229092424204 0.009280031923843159 0.09350165871488961 -0.001095125239426633 0.008397338644037335 0.09395660569601352 4.999999999775814e-05 0.007751000400320232 0.05499999999999991 5.000000000058004e-05 0.01024899959967966 0.05499999999999992 -0.0009406628116421019 0.008176802894323862 0.05553733356422878 -0.0009283989775791874 0.008162996213610763 0.09285593496326384 7.086991528822054e-05 0.01024798936498155 0.09232893228154501 0.0004007701800677837 0.007815988487062548 0.09294915607984539 0.00125 0.009000000000000001 0.0559999999999999 -0.001183699228203685 0.009401691594572256 0.05599999999999866 0.00125 0.009000000000000001 0.09199999999999998 -2.819380494093109e-05 0.007750317996703582 0.05600071558043165 -0.001189253709669268 0.009384935857043593 0.09183219160053642 4.99999999984981e-05 0.01024899959967974 0.05699999999999991 -0.0009586288732868715 0.008197796357960934 0.05702985890597612 0.0005331678687951034 0.007869410762617792 0.09148318493587058 4.999999999359701e-05 0.007751000400320065 0.0569999999999999 7.404349965484846e-05 0.01024780509702392 0.09050302251203575 -0.001194721360390047 0.009367615112621555 0.05766244359250494 -0.0007751778833714119 0.008019388329086477 0.09090880143333988 0.0007642686684825297 0.008010862293522313 0.0577684832521706 -0.0002244578903671358 0.007770317660754643 0.05783752469456506 0.00125 0.009000000000000001 0.08999999999999997 0.00125 0.009000000000000003 0.05799999999999991 -0.0009761730056915837 0.00821923994533592 0.05827189757844765 0.0004584648127880495 0.007837111348651464 0.09008328823267818 -0.00116097369195542 0.00946329265760144 0.09009940034235707 4.890316943927037e-05 0.01024904302568759 0.0590008116579344 0.0002858281224798193 0.007783117801757435 0.05867689163144568 5.000000000518052e-05 0.01024899959967947 0.08899999999999997 -0.001240043669154459 0.009157453798270942 0.05923747670152792 -0.0002320499522051861 0.007771727709470913 0.08875834084394732 -0.0006447828012081712 0.007929133463373638 0.05959789001234669 0.00125 0.009000000000000001 0.08799999999999995 -0.001213108679832449 0.009301442085507605 0.08856086421122547 0.0006060532776378469 0.007906748233633066 0.05986233039369242 -0.001081136426178921 0.00962741057369881 0.06062104799288383 0.00125 0.009000000000000001 0.05999999999999989 -0.001107146363178094 0.008419718231803274 0.06062287814246443 5.000000000471904e-05 0.01024899959967949 0.08699999999999994 -0.001234670375013926 0.008804835799740392 0.08720463216434685 4.20066637843061e-06 0.007750007058259139 0.06090933069000255 -0.0003580209762911131 0.007802368595712541 0.08631861413022958 4.999999999849782e-05 0.01024899959967974 0.06099999999999989 0.0007620015983573149 0.008009114757350331 0.06138201822189659 -0.0006534364393322471 0.007934391807579919 0.06180307918407286 0.00125 0.009000000000000001 0.08599999999999994 -0.001205053336134958 0.00933218437210382 0.08589500463629399 -0.001185071538542036 0.00939762475845653 0.06199999999999988 0.00125 0.009000000000000001 0.06199999999999987 0.0001354189018397372 0.01024264303845655 0.08488955797536964 -0.000456242260805425 0.007836237567432619 0.084794169595588 0.0003676198323950472 0.007805280091891898 0.06279802552097517 4.999999999849858e-05 0.01024899959967974 0.06299999999999986 -0.0009700456561817347 0.008211640041020003 0.06281136141313523 0.00125 0.009000000000000001 0.08399999999999994 -0.001177904029525957 0.00941838032605097 0.08399943448392876 -0.001193653055344068 0.009371069243494758 0.06330823541495112 0.00125 0.009000000000000001 0.06399999999999986 -0.0002964236163305454 0.007785655304420728 0.0636061280357767 5.0000000005188e-05 0.01024899959967947 0.08299999999999993 -0.0004017039578987445 0.007816304967397228 0.08288309566196951 -0.000898902581230206 0.008131395285841902 0.06417237961020106 0.0006484916536223994 0.007931375381538455 0.06437407021727583 -3.857906616258476e-05 0.007750595479576763 0.06483966105703548 0.00125 0.009000000000000001 0.08199999999999992 -0.001195112333751906 0.009366342066536285 0.08200000000000345 4.82986899332014e-05 0.01024906654608581 0.06489606355426424 -0.001248319038141219 0.009064804158926581 0.06470581020435547 -0.001020356140121253 0.008277938127777919 0.06542419469278414 4.999999999939388e-05 0.01024899959967971 0.08099999999999992 -0.0001828483488438143 0.007763445722450856 0.08095989945971188 0.0006352621412314884 0.007923458309252271 0.06578650228091169 -0.001216767438468009 0.009286316259901532 0.06595201619850243 -0.0002863100077267178 0.007783231090356298 0.0658818087854223 0.00125 0.009000000000000001 0.0799999999999999 -0.001228493967762926 0.009230873496032145 0.08017416923913831 0.00125 0.009000000000000001 0.06599999999999985 -0.0007294347792348859 0.007984901530469801 0.06672631778423391 5.000000000125784e-05 0.01024899959967963 0.0789999999999999 5.000000000052261e-05 0.007751000400320344 0.07899999999999992 4.879702365264953e-05 0.01024904717704442 0.06700075820985502 0.0005186512708849912 0.007862678207713674 0.06698182753138676 0.00125 0.009000000000000003 0.07799999999999993 -0.001210221249390295 0.00868716693345461 0.07800000000000415 -0.001225979655747447 0.008756127320731963 0.06744689568348766 0.00125 0.009000000000000001 0.06799999999999985 -0.0003392659995926269 0.007796921207268447 0.06814077484317763 4.999999999358039e-05 0.007751000400320065 0.0769999999999999 -0.000438848674888335 0.01017043233061496 0.07722502697779764 -0.001140732878199303 0.009511105175668508 0.06856207987814408 0.0007248058628375825 0.007981591211155234 0.06829717951906754 -0.001064665726992384 0.008345029092426409 0.06886179498010762 0.00125 0.009000000000000001 0.0759999999999999 -0.001224663761716468 0.008749602973782697 0.07619106602008331 4.999999999968907e-05 0.01024899959967969 0.06899999999999988 9.537119388944792e-05 0.007753643576108304 0.06944009614079563 9.011755139497536e-05 0.007753252701253952 0.07546672353366171 -0.0004009230075740328 0.01018395977211973 0.07548357202538307 0.00125 0.009000000000000001 0.06999999999999987 -0.001187126090199951 0.009391448139562036 0.06959128061714907 -0.00122326415346701 0.008742852550386671 0.07480622455452218 -0.0008856854498339417 0.008117922178063383 0.06997974453199281 0.0006724182173539347 0.00794626676005236 0.0740509413992026 0.00125 0.009000000000000001 0.07399999999999989 -0.0003613363036374194 0.01019663531440186 0.07035851928032037 -0.0005135314415489694 0.007860357311022163 0.07412871673109762 -0.0004599914579532938 0.01016228561834431 0.07354626510876754 0.0002801770980573094 0.007781804287594073 0.07068531343941219 0.0007815477986745458 0.009975542432899245 0.0708357263420326 -0.001249758285559854 0.009024581042990393 0.07061344821134286 -0.001240789970119355 0.00884853960896918 0.07328063637430016 0.0004068428686542576 0.01018193861102224 0.07216315647263213 4.99999999953109e-05 0.007751000400320135 0.07299999999999987 0.00125 0.009000000000000001 0.07199999999999987 -0.0008848693707904274 0.00811710351873113 0.0713740697178219 0.0001121688739510638 0.007755042914909695 0.07184221938810656 -0.0009776215578218301 0.009778945498531201 0.0716133500162795 </DataArray>
      </Points>
      <Cells>
        <DataArray type="Int32" Name="connectivity" format="ascii">0 1 2 3 2 4 0 3 3 1 2 5 3 6 1 5 2 5 7 3 2 4 3 7 4 0 3 7 5 2 6 1 7 5 2 8 2 9 7 8 9 2 7 4 10 3 0 7 10 4 7 0 2 1 11 6 5 6 2 8 10 7 4 9 12 0 4 10 11 8 2 6 5 6 8 13 14 10 9 7 10 9 4 15 4 12 10 15 11 2 8 16 6 11 8 13 15 10 9 14 12 4 9 15 16 8 11 13 11 6 17 13 9 18 15 14 4 18 12 9 9 15 18 12 16 19 8 13 16 11 17 13 6 20 17 13 21 15 18 14 4 12 18 22 21 18 15 12 16 17 19 13 17 20 19 13 23 21 18 14 18 22 12 21 19 24 17 16 19 20 25 13 24 20 19 17 12 22 26 21 18 22 21 23 19 24 16 27 24 19 20 25 21 22 26 23 23 22 28 18 27 19 24 25 20 29 24 25 30 21 26 23 23 28 22 26 28 18 31 23 27 32 19 25 27 24 29 25 30 26 28 23 33 23 28 31 27 29 32 25 29 34 24 27 26 28 35 30 33 28 23 30 33 28 36 31 25 29 32 37 34 29 32 27 30 28 35 33 36 30 35 33 33 31 36 38 39 36 28 31 33 36 28 35 34 32 29 37 40 34 32 27 31 36 38 39 39 28 36 35 29 41 34 37 34 41 32 37 34 32 41 40 42 31 38 39 36 39 43 38 35 44 36 39 32 41 45 37 41 46 34 40 40 32 41 45 38 43 42 39 43 39 36 44 45 41 47 37 41 46 40 45 40 48 32 45 49 43 42 38 43 44 42 39 46 41 47 45 46 45 48 40 43 42 44 49 39 44 42 50 51 41 47 46 48 45 46 47 48 52 46 40 44 53 43 49 49 42 44 50 52 47 46 51 47 48 45 54 52 46 47 48 40 48 52 55 44 53 49 50 49 56 42 50 47 57 51 52 54 52 47 48 48 52 55 54 53 56 49 50 58 53 56 49 44 59 53 50 60 42 56 50 54 47 52 57 61 48 55 54 55 52 57 54 58 56 53 50 53 59 58 50 60 56 58 50 55 62 61 54 57 62 52 55 57 62 55 54 59 63 53 58 58 59 60 50 55 64 61 62 62 65 61 54 57 65 62 54 63 59 60 58 66 60 59 50 61 64 55 67 64 65 61 62 61 65 68 54 58 60 63 69 63 60 59 66 67 61 64 68 64 61 65 68 69 60 63 66 63 59 70 66 67 71 61 68 72 64 68 67 65 73 64 68 69 74 60 66 69 63 70 66 71 67 72 68 72 68 64 73 64 75 67 72 69 76 74 66 63 70 77 69 69 70 76 66 67 75 71 72 75 64 73 72 66 76 74 78 74 77 76 69 70 76 77 69 67 71 75 79 75 80 71 72 73 80 75 72 76 77 74 78 69 74 77 81 82 76 77 70 71 83 75 79 83 71 80 72 71 75 83 80 77 76 82 78 78 77 74 81 84 71 79 83 79 75 85 83 80 85 75 83 78 82 77 81 78 74 86 81 71 84 87 83 79 83 88 84 85 89 75 79 79 89 83 85 82 90 77 81 86 81 82 78 87 88 83 84 79 88 83 89 89 91 83 85 82 81 86 90 92 86 82 78 87 93 88 84 87 83 88 89 91 94 85 89 89 83 91 87 95 90 86 81 86 96 82 90 92 82 86 96 87 88 93 97 89 87 94 88 94 87 89 91 86 95 81 98 95 86 90 96 92 96 86 98 88 99 93 97 87 88 97 94 94 99 89 88 87 91 94 97 96 95 86 98 86 100 92 98 92 101 96 98 99 93 102 88 99 103 93 97 94 99 88 97 101 95 96 98 104 92 100 98 101 96 105 92 104 101 92 98 102 103 93 99 106 93 103 97 94 103 99 97 95 101 104 98 104 92 105 100 104 105 92 101 102 107 103 99 106 102 103 93 105 108 100 92 105 100 109 104 105 109 101 104 103 102 106 107 102 110 93 106 108 100 109 105 104 100 109 111 105 101 109 112 107 103 113 106 107 110 102 106 102 93 110 114 115 93 110 106 105 109 108 112 108 109 100 111 110 107 113 106 115 110 93 114 110 113 115 106 109 108 112 111 108 100 116 111 115 117 110 114 115 113 118 106 117 113 115 110 117 119 110 114 112 120 109 111 112 108 120 111 116 120 108 111 119 117 115 114 115 113 117 118 120 121 108 112 122 120 116 111 116 120 121 108 119 115 123 114 119 115 117 124 115 117 124 118 119 117 125 124 121 120 116 122 116 121 126 108 124 115 123 119 123 119 125 124 125 127 119 123 121 128 120 122 126 121 116 122 124 123 115 129 123 130 124 125 130 125 123 127 128 121 126 122 116 131 126 122 124 130 123 129 132 127 125 130 123 133 130 127 121 134 128 126 126 131 128 122 131 116 135 122 130 133 123 129 132 125 136 130 127 132 133 130 135 137 128 122 134 131 128 126 135 128 131 122 133 138 129 130 133 132 136 130 127 132 139 133 134 128 135 137 137 128 140 134 134 131 126 141 135 128 134 131 133 136 138 130 139 132 136 133 140 134 135 137 136 138 130 142 136 143 132 139 134 141 135 131 139 136 138 133 144 137 140 135 135 134 140 141 139 138 136 142 136 143 139 142 140 134 145 141 135 141 146 131 133 138 139 147 140 141 144 135 139 143 138 142 136 148 143 142 141 145 140 144 135 146 141 144 139 138 143 147 138 143 149 142 149 143 148 142 145 150 140 144 151 145 141 144 152 153 154 155 152 156 157 158 157 153 152 158 151 141 146 144 143 159 139 147 138 143 147 149 149 143 159 148 151 150 145 144 154 153 160 155 154 153 152 157 157 156 161 158 157 153 158 162 155 160 154 163 164 148 165 149 146 150 151 144 159 143 149 147 147 164 138 149 159 166 148 143 159 164 149 148 167 150 145 151 160 153 154 168 157 154 153 162 161 169 156 157 157 158 161 162 165 158 153 162 163 155 160 170 163 160 154 168 148 165 171 164 164 165 172 149 164 173 138 149 160 165 153 168 174 161 169 156 161 158 172 162 158 165 172 162 170 163 155 175 164 172 173 149 160 171 165 168 169 176 174 156 177 171 160 168 178 163 179 180 154 178 163 179 181 154 178 182 182 181 154 183 154 157 182 183 182 157 184 183 185 150 146 144 146 150 167 151 149 164 159 147 164 138 173 147 159 148 166 164 153 162 154 168 157 183 154 162 161 169 157 186 161 157 162 186 165 162 153 168 163 170 160 168 163 154 179 168 164 171 148 166 164 165 171 168 172 165 164 162 174 169 161 186 187 161 172 162 170 163 175 188 164 173 172 162 174 189 176 169 190 171 177 168 177 160 170 168 191 179 163 180 178 154 181 179 154 183 181 162 169 184 157 183 192 189 176 193 150 146 167 185 194 146 167 151 159 164 195 147 173 196 164 147 166 164 197 159 181 154 162 168 186 183 157 162 186 157 183 169 187 161 162 186 165 164 162 168 163 198 170 168 181 179 154 168 163 179 191 168 197 171 164 166 164 171 199 168 174 161 187 186 174 189 169 186 173 187 172 162 175 200 170 188 170 163 188 198 164 199 173 162 189 176 193 174 190 197 171 168 168 190 201 177 170 201 177 168 180 163 191 188 202 181 183 162 184 169 203 183 192 189 193 204 167 205 150 185 169 203 206 184 193 207 192 204 192 207 208 204 194 167 146 185 164 195 197 159 164 196 195 147 164 196 173 209 181 162 202 168 186 202 183 162 203 183 169 186 173 187 162 186 199 162 164 168 163 191 198 168 170 198 201 168 181 210 179 168 179 210 191 168 197 164 171 199 197 199 171 168 187 211 174 186 186 206 189 169 189 174 193 186 188 175 200 212 170 188 200 198 191 188 163 198 164 173 199 209 173 162 199 209 190 198 197 168 168 201 190 198 191 213 180 188 193 204 189 214 205 167 194 185 206 203 169 186 193 207 204 214 208 204 207 214 211 215 174 186 215 193 174 186 213 180 188 216 217 204 208 214 217 218 219 208 218 219 220 217 218 220 221 217 221 222 220 218 206 189 223 224 225 223 189 224 189 223 225 204 226 225 223 204 227 228 221 229 207 193 215 230 146 231 194 185 195 164 197 199 196 164 195 199 196 232 173 209 164 199 196 209 181 202 210 168 202 162 199 168 186 183 202 203 202 199 162 186 173 211 187 186 173 186 162 209 210 198 191 168 200 201 170 198 197 198 199 168 186 189 206 224 189 186 193 230 200 233 188 212 200 198 188 234 234 188 191 198 162 186 199 209 190 235 197 198 235 190 201 198 234 191 188 213 189 204 225 214 189 193 214 230 205 167 236 194 205 194 237 185 206 224 203 186 207 214 193 230 208 207 219 214 238 215 211 186 215 193 186 230 188 233 213 216 226 204 217 214 219 217 208 214 219 220 217 239 221 217 220 239 222 240 221 220 225 224 189 230 226 225 204 214 229 221 227 217 221 241 228 227 215 242 207 230 191 210 243 198 240 221 241 222 244 242 215 230 241 245 240 222 246 229 217 226 237 194 231 185 195 197 247 199 195 196 199 209 211 173 232 209 248 232 196 209 202 199 210 168 202 203 249 186 202 199 186 209 173 211 186 209 199 198 210 168 201 198 200 234 199 198 197 250 224 186 189 230 212 200 233 251 188 233 200 234 191 198 243 234 235 197 198 250 252 235 201 198 191 243 213 234 188 213 233 234 225 189 214 230 237 236 194 205 253 203 224 186 242 214 207 230 242 219 207 214 238 211 254 186 238 215 186 230 216 233 213 255 226 217 246 214 219 217 214 239 220 219 242 239 239 217 227 221 240 221 220 239 225 253 224 230 226 246 225 214 227 246 229 217 228 241 256 227 241 227 221 239 243 210 257 198 241 221 240 239 215 238 244 230 258 242 244 230 245 241 240 259 247 199 197 250 260 201 200 234 212 233 261 251 235 247 197 250 232 238 211 254 262 233 216 255 241 256 263 228 264 244 238 254 237 194 236 231 195 199 247 250 195 265 196 209 199 266 195 209 211 232 254 209 265 248 196 209 264 232 248 209 210 202 267 199 253 249 203 186 202 186 249 209 202 249 199 209 254 186 211 209 210 198 199 250 260 198 201 234 253 186 224 230 233 251 200 234 198 268 243 234 269 235 198 250 269 235 252 198 252 201 260 198 213 243 255 234 213 255 233 234 270 225 214 230 205 236 271 237 272 214 242 230 219 214 242 239 238 186 254 230 246 214 217 239 242 273 220 239 227 217 239 246 220 273 240 239 270 253 225 230 270 225 246 214 241 256 227 239 257 243 198 268 210 257 198 250 241 240 259 239 238 254 244 230 230 258 274 244 258 272 242 230 275 241 245 259 276 245 240 259 251 260 200 234 277 261 233 251 269 247 235 250 264 238 232 254 278 233 262 255 256 241 263 259 264 254 274 244 202 249 267 199 241 259 256 239 276 240 279 259 261 278 280 277 281 275 245 276 231 236 282 194 271 236 231 237 283 195 247 250 195 266 199 250 265 195 266 209 267 266 199 209 264 254 232 209 265 266 248 209 248 284 264 209 210 267 257 199 253 254 249 186 249 186 254 209 267 199 249 209 210 199 257 250 260 268 198 234 254 186 253 230 277 251 233 234 243 268 285 234 269 198 252 250 252 198 260 268 255 243 285 234 233 255 278 234 270 214 272 230 242 214 272 239 286 214 246 239 273 242 287 239 227 286 246 239 273 259 240 239 253 270 288 230 214 270 286 246 239 289 256 227 257 290 243 268 257 198 250 268 230 274 254 244 230 274 258 272 287 242 258 272 275 263 241 259 276 275 245 259 291 260 251 234 278 261 233 277 247 269 292 250 293 278 262 255 263 294 256 259 264 274 254 295 239 256 289 259 279 296 276 259 279 240 273 259 277 278 280 297 275 276 281 298 247 292 283 250 252 250 198 268 242 272 287 239 299 278 262 293 300 301 302 303 304 305 280 297 306 299 307 297 299 278 307 297 303 308 306 309 263 275 310 294 311 312 313 310 314 315 316 317 275 312 310 298 271 231 236 282 318 271 231 237 283 266 195 250 199 266 267 250 283 265 195 266 267 249 266 209 264 295 254 209 265 319 248 266 248 266 284 209 284 295 264 209 257 199 267 250 249 253 288 254 249 254 266 209 320 268 260 234 253 288 254 230 291 251 277 234 233 278 277 234 243 290 285 268 285 234 268 321 269 250 252 268 320 252 260 268 293 255 285 234 278 255 293 234 214 286 270 272 288 270 272 230 272 214 286 239 273 287 322 239 289 286 227 239 259 239 273 323 257 250 290 268 230 254 274 295 274 272 324 258 295 272 274 230 287 258 324 272 275 294 263 259 275 276 298 259 320 260 291 234 292 269 325 250 256 294 289 259 284 274 264 295 289 239 259 323 296 259 279 323 296 298 276 259 273 279 259 323 305 277 280 297 277 297 326 278 275 281 312 298 327 281 276 298 328 283 292 250 272 322 287 239 299 278 293 307 302 301 300 329 302 300 303 330 308 305 304 297 308 306 307 297 307 297 278 326 307 306 308 309 303 308 309 330 310 294 275 298 331 311 312 313 313 310 312 298 314 332 315 317 327 316 315 317 333 269 252 268 329 301 300 334 303 300 308 330 315 312 316 327 312 316 327 281 335 336 300 337 300 336 335 334 338 339 340 341 338 342 343 340 342 344 343 340 315 331 312 345 271 236 346 282 231 271 318 282 328 266 283 250 257 267 266 250 283 319 265 266 267 249 347 266 254 295 266 209 284 248 319 266 266 295 284 209 249 288 347 254 249 347 266 254 268 234 320 321 288 295 254 230 277 291 234 321 277 234 278 326 285 268 290 321 285 293 234 321 333 250 269 268 333 252 320 268 293 278 234 326 286 348 270 272 348 288 270 272 288 272 295 230 272 286 322 239 349 273 287 322 349 273 322 239 286 289 350 239 349 273 239 323 257 290 250 351 290 268 250 351 324 272 274 295 287 272 324 322 294 275 298 259 320 234 291 321 325 352 292 250 325 250 269 351 289 294 353 259 284 354 274 295 289 259 353 323 289 350 239 323 355 296 279 323 298 259 296 323 327 276 296 298 273 349 279 323 326 297 277 305 312 281 327 298 352 250 328 292 307 278 293 326 302 329 300 356 302 303 309 330 302 356 300 330 308 304 305 357 297 308 305 326 307 308 297 326 309 308 307 330 310 313 294 298 331 311 313 358 313 312 331 298 332 314 359 317 317 332 315 345 317 315 327 345 334 329 301 360 329 334 300 356 300 337 308 330 312 345 327 315 300 335 337 330 361 335 336 334 300 334 335 356 339 340 341 362 340 343 338 341 363 342 344 343 340 344 343 364 331 315 332 345 331 298 312 345 365 285 290 321 333 269 250 351 304 308 337 357 311 331 366 358 339 340 362 367 343 368 338 341 344 369 342 363 362 370 339 367 371 372 373 374 375 284 319 295 318 271 346 282 376 231 318 282 283 328 319 266 266 250 328 377 257 267 378 266 378 257 266 250 267 347 378 266 347 266 254 295 284 266 319 295 347 254 288 295 320 379 268 321 277 380 291 321 277 234 326 321 268 351 290 321 285 381 293 321 293 326 234 321 333 250 268 351 320 379 333 268 348 272 286 322 348 295 288 272 286 350 322 239 287 324 349 322 349 239 322 323 257 382 290 351 257 250 382 351 354 324 274 295 324 272 295 322 294 298 353 259 380 320 291 321 325 352 250 351 333 325 269 351 375 354 284 295 350 289 353 323 298 353 259 323 322 239 350 323 279 349 355 323 296 355 383 323 296 383 298 323 327 296 384 298 380 277 305 326 327 345 312 298 328 250 352 377 307 293 381 326 302 385 329 356 302 309 385 330 300 356 335 330 302 386 356 330 308 357 305 326 308 326 307 330 307 330 387 309 388 294 313 298 313 331 358 345 313 298 331 345 389 314 359 332 359 332 317 345 317 327 384 345 360 334 329 356 308 337 357 330 335 357 337 330 390 361 336 334 361 335 334 356 340 341 362 364 340 343 341 364 363 343 344 364 340 367 344 364 331 332 358 345 365 381 285 321 365 290 351 321 331 332 366 358 362 367 340 364 391 341 368 343 369 344 392 363 362 393 370 367 374 372 373 394 371 373 372 395 375 295 319 396 378 382 257 250 387 385 309 330 359 397 314 389 360 398 334 356 344 399 369 392 398 371 372 395 399 400 369 392 398 401 360 371 346 402 271 318 318 346 376 282 319 266 328 377 378 250 266 377 378 347 403 266 266 295 347 396 319 295 266 396 347 288 404 295 320 380 379 321 268 379 351 321 277 326 380 321 381 326 293 321 333 268 379 351 350 348 286 322 348 295 272 322 348 404 288 295 405 349 324 322 349 322 405 323 382 406 290 351 250 377 382 351 324 295 354 407 324 295 407 322 353 294 388 298 325 408 352 351 352 377 250 351 333 409 325 351 354 295 375 396 350 353 410 323 298 383 353 323 350 410 322 323 355 349 405 323 384 296 355 383 411 383 355 323 384 298 296 383 327 298 384 345 305 412 380 326 328 352 413 377 381 387 307 326 414 329 385 356 302 386 385 356 302 385 386 330 335 356 386 330 305 357 412 326 308 357 326 330 387 330 307 326 388 298 313 345 358 388 313 345 359 389 332 415 359 317 416 345 359 332 345 415 416 317 384 345 329 401 360 356 417 357 335 330 334 390 361 356 335 361 418 356 419 362 341 364 343 391 341 364 391 343 363 364 344 392 363 364 344 367 420 364 332 421 358 345 365 422 381 321 406 365 290 351 365 351 422 321 332 421 366 358 393 367 362 364 368 341 391 419 423 393 370 362 373 424 374 394 373 394 372 395 371 401 373 395 413 375 319 396 382 250 378 377 425 330 385 387 359 426 397 389 334 398 390 356 401 398 360 356 399 392 344 364 372 427 398 395 371 398 401 395 392 399 400 428 319 328 413 377 429 362 419 364 420 367 430 364 391 431 368 419 393 370 432 423 392 400 433 428 434 400 399 428 398 390 435 427 394 436 437 438 372 427 439 436 436 394 439 372 432 440 441 423 441 442 432 393 443 355 431 444 444 431 443 419 437 438 445 446 402 346 376 318 447 376 346 282 266 377 319 396 378 266 403 377 403 266 347 396 403 347 295 396 404 403 347 295 379 380 448 321 422 351 379 321 380 326 412 321 422 326 381 321 333 379 409 351 348 350 449 322 348 407 295 322 348 404 295 407 450 405 324 322 322 451 405 323 406 382 452 351 382 351 377 453 324 354 450 407 354 407 295 396 450 324 407 322 353 298 388 383 408 325 409 351 408 377 352 351 354 375 454 396 353 383 410 323 410 449 350 322 410 451 322 323 411 355 405 323 455 384 355 383 355 411 455 383 411 451 383 323 384 345 298 383 352 456 413 377 381 425 387 326 329 414 401 356 414 385 386 356 385 330 425 386 335 418 386 356 417 335 386 330 357 412 326 330 387 326 425 330 298 345 388 383 457 388 358 345 389 458 332 415 359 426 389 415 359 345 416 415 421 345 332 415 416 384 455 345 357 417 412 330 435 361 390 356 418 361 459 356 391 419 341 364 460 391 363 364 460 363 392 364 420 399 344 364 421 457 358 345 365 425 381 422 406 422 365 351 421 366 458 332 430 367 393 364 362 423 393 364 424 374 394 461 424 394 373 395 372 394 439 395 373 401 462 395 454 375 413 396 413 319 377 396 378 463 382 377 464 397 426 389 435 390 398 356 401 395 398 356 399 428 392 364 372 439 427 395 398 427 435 395 444 429 419 364 362 364 429 465 466 420 430 364 431 391 443 419 393 432 441 423 428 433 392 467 399 468 434 428 438 437 394 446 439 394 436 437 423 440 441 469 441 430 442 393 355 443 411 444 443 419 364 444 438 445 446 470 445 437 446 471 378 403 463 377 380 412 448 321 408 456 352 377 411 405 355 444 443 455 355 411 385 472 414 386 421 366 473 458 474 464 397 426 469 362 429 465 433 460 392 467 468 399 434 420 465 362 423 469 420 475 434 468 476 477 478 466 466 477 475 479 466 475 420 479 478 442 480 430 466 478 480 430 318 376 402 481 402 376 346 447 266 403 377 396 404 403 295 396 379 448 422 321 351 379 482 422 321 412 422 326 381 422 425 326 351 482 379 409 348 449 407 322 348 449 404 407 404 295 407 396 450 407 405 322 405 322 407 451 411 405 451 323 406 452 483 351 452 351 382 453 463 382 377 453 408 377 351 453 450 354 454 407 354 454 407 396 484 353 388 383 408 409 485 351 353 484 410 383 410 383 451 323 410 449 322 451 384 455 345 383 455 383 411 451 413 377 456 396 414 395 401 356 414 356 386 486 385 425 472 386 425 326 386 330 335 418 417 386 418 459 386 356 417 386 412 330 386 326 412 330 388 345 457 383 458 389 464 415 421 332 458 415 359 487 426 415 426 464 389 415 487 359 416 415 416 415 345 488 457 345 421 415 455 416 345 488 435 459 361 356 364 419 443 391 489 391 460 364 364 467 392 460 399 420 468 364 365 490 425 422 490 365 406 422 406 483 422 351 441 430 393 364 465 423 362 364 393 423 441 364 461 394 424 491 424 373 462 395 424 492 394 395 439 394 437 395 414 462 401 395 454 413 456 396 398 395 435 356 392 467 364 428 468 428 399 364 435 427 439 395 444 429 364 465 420 466 479 364 466 430 480 364 394 446 437 471 493 441 440 469 469 465 441 423 430 442 480 441 443 411 444 364 445 446 470 471 445 494 437 471 495 463 403 377 321 422 412 448 408 456 377 453 444 411 405 496 443 497 455 411 414 386 472 486 473 498 421 458 464 474 499 426 469 429 500 465 460 433 501 467 475 420 479 468 480 476 478 466 466 476 477 479 461 394 491 446 394 492 437 395 444 496 429 465 493 440 502 469 456 503 377 453 496 405 444 429 504 414 472 486 498 473 464 458 474 505 499 426 476 506 477 479 507 461 491 446 462 414 504 486 473 464 508 498 425 490 472 509 510 462 504 511 437 494 439 492 469 502 512 500 376 402 481 447 346 513 402 447 495 377 403 396 404 514 403 396 448 482 379 422 422 483 482 351 386 422 412 326 425 422 386 326 409 482 483 351 407 322 449 451 514 404 449 407 404 407 514 396 450 405 407 451 496 411 405 451 406 452 515 483 483 351 452 453 463 452 382 453 377 503 463 453 408 351 485 453 454 450 407 516 454 516 407 396 484 388 457 383 409 483 485 351 484 410 383 451 410 517 449 451 345 383 455 488 455 411 497 451 455 518 383 451 456 377 503 396 414 395 356 486 459 386 356 486 425 472 386 509 417 418 519 386 418 459 519 386 412 417 520 386 457 383 345 488 498 458 464 415 421 458 498 415 521 426 487 415 426 522 464 415 416 487 415 488 345 415 457 488 523 457 421 415 455 524 416 488 435 525 459 356 391 489 443 364 489 460 526 364 467 527 460 364 479 468 420 364 425 422 490 509 490 422 406 483 441 480 430 364 441 364 423 465 492 394 491 424 424 462 492 395 439 437 492 395 462 395 414 486 456 503 454 396 435 395 525 356 428 468 467 364 435 439 525 395 411 444 364 465 479 364 466 528 480 476 466 364 491 446 394 471 437 394 471 492 469 441 465 493 411 443 497 364 446 529 470 471 445 470 530 471 445 531 494 471 437 471 494 492 463 377 495 503 448 412 520 422 408 532 456 453 411 496 444 465 497 455 489 443 386 509 472 486 499 464 426 522 496 500 429 465 512 469 500 465 501 527 460 467 479 466 476 528 493 502 512 469 532 503 456 453 450 405 496 429 472 533 504 486 505 499 534 474 499 426 505 522 476 506 479 535 491 507 446 471 462 504 511 486 536 508 464 498 533 472 490 509 510 504 537 511 510 492 462 511 439 494 538 492 512 502 454 500 490 406 515 483 484 539 410 451 528 527 467 364 424 462 510 492 456 540 454 503 466 364 476 528 465 441 480 493 496 500 450 429 456 532 540 503 499 536 508 464 490 515 533 509 504 533 537 511 536 541 499 508 450 454 500 542 543 376 481 447 481 402 513 447 495 403 514 396 495 503 377 396 482 448 520 422 482 422 544 483 412 386 520 422 425 386 422 509 409 482 485 483 517 407 449 451 514 449 517 407 407 516 514 396 450 496 405 451 407 545 450 451 496 497 411 451 452 515 483 453 485 351 483 453 546 452 463 453 546 463 503 453 485 547 408 453 454 542 450 516 542 407 450 516 454 503 516 396 484 383 457 488 484 383 518 451 539 517 410 451 455 383 518 488 455 497 518 451 356 525 486 395 519 386 459 486 356 486 525 459 520 417 519 386 498 464 522 415 523 421 498 415 521 548 415 487 521 522 426 415 416 524 487 488 488 415 548 487 523 457 415 488 455 497 524 488 497 443 489 364 460 527 526 364 489 526 549 364 468 364 479 528 490 422 483 509 465 480 441 364 550 491 424 492 492 491 394 471 462 492 395 511 538 439 492 395 462 511 395 486 467 364 468 528 538 525 439 395 465 411 497 364 480 476 364 528 512 493 469 465 507 529 446 471 470 529 530 471 530 531 445 471 531 494 471 492 463 495 546 503 547 532 408 453 465 497 411 496 489 524 455 497 472 509 533 486 519 509 386 486 499 536 464 522 542 500 496 465 542 512 500 465 460 527 501 526 479 476 535 528 551 503 532 453 504 533 511 486 499 534 552 505 521 505 426 522 552 499 505 522 506 476 553 535 507 491 554 471 536 498 464 522 510 537 555 511 510 555 492 511 556 538 494 492 500 454 512 542 490 483 515 509 484 518 539 451 528 467 527 557 549 364 527 528 424 510 550 492 540 516 454 503 553 480 493 465 542 500 450 496 558 540 532 503 515 559 533 509 533 560 537 511 541 499 552 536 542 450 407 545 452 559 515 453 455 518 497 488 526 549 524 489 480 553 476 528 561 530 470 529 531 556 494 492 558 532 551 503 533 515 562 559 452 563 515 559 556 564 492 565 481 566 543 447 513 567 402 481 513 566 481 447 495 514 516 396 495 516 503 396 544 482 520 422 485 482 544 483 544 483 422 509 520 422 386 509 517 545 407 451 514 407 517 516 496 450 545 451 496 518 497 451 559 483 515 453 485 483 547 453 452 546 563 453 546 503 551 453 568 542 454 516 407 516 542 545 569 484 457 488 484 518 383 488 539 545 517 451 395 511 525 486 519 459 570 486 571 459 525 486 520 386 519 509 498 522 523 415 521 415 548 522 487 524 548 488 488 548 415 522 523 569 457 488 523 415 522 488 497 518 524 488 497 489 549 364 526 527 549 364 535 468 479 528 364 465 480 528 550 471 491 492 538 395 492 511 557 467 468 528 538 525 395 511 572 497 364 465 493 512 573 465 507 554 529 471 530 471 529 574 530 575 531 471 531 492 471 565 546 495 576 503 547 551 532 453 572 496 497 465 489 549 524 497 509 511 533 486 519 570 509 486 499 552 536 522 542 496 577 465 542 577 512 465 526 501 548 527 553 535 476 528 534 578 552 505 579 505 521 522 578 552 505 522 580 506 553 535 491 550 554 471 536 581 498 522 537 565 555 511 555 550 510 492 555 565 492 511 564 538 556 492 454 568 512 542 515 483 559 509 484 569 539 518 539 518 545 451 549 527 557 528 572 364 549 528 454 540 568 516 516 503 540 582 553 493 573 465 553 480 465 528 542 496 450 545 558 540 503 582 533 559 560 509 562 537 533 560 537 560 565 511 533 509 560 511 541 552 583 536 452 563 559 453 524 548 549 526 561 584 530 529 565 556 531 492 532 585 558 551 551 558 503 582 562 515 563 559 562 533 559 560 556 586 564 565 492 565 564 511 546 576 551 503 587 507 554 529 531 471 575 574 566 447 513 543 481 566 513 567 495 514 588 516 495 503 516 582 544 422 520 509 485 544 547 483 544 559 483 509 517 516 407 545 588 514 517 516 496 545 518 451 572 497 496 518 547 483 559 453 546 551 563 453 542 516 568 545 484 569 518 488 517 539 589 545 571 525 511 486 570 459 571 486 520 519 570 509 523 498 581 522 521 548 579 522 549 548 524 488 548 590 522 488 523 591 569 488 523 522 590 488 549 524 497 518 524 518 549 488 549 572 497 364 548 549 526 527 535 557 468 528 572 465 364 528 471 492 550 565 538 492 564 511 571 525 538 511 577 573 512 465 554 529 471 574 530 529 584 574 575 471 530 574 531 565 471 574 495 576 503 582 592 532 547 551 547 559 551 453 577 496 572 465 511 570 486 509 583 536 552 522 542 577 496 545 512 568 577 542 535 553 593 528 578 552 594 534 578 505 579 522 578 595 552 522 593 580 553 535 574 554 550 471 583 581 536 522 537 596 555 565 550 492 555 565 597 539 569 518 589 545 539 518 557 549 598 527 557 572 549 528 568 516 540 582 573 553 465 528 558 568 540 582 599 560 559 509 562 596 537 560 537 596 565 560 565 560 564 511 560 509 599 511 583 600 552 541 563 551 559 453 530 584 561 601 565 531 556 586 592 585 532 551 558 551 585 582 576 551 503 582 563 602 562 559 602 562 559 560 586 603 564 565 546 576 604 551 529 554 587 605 586 531 575 574 577 542 568 545 564 565 603 560 584 561 601 606 529 587 584 605 603 565 607 560 605 587 584 608 609 603 607 560 607 559 610 560 611 543 513 447 612 513 543 566 612 567 513 566 576 495 588 516 495 516 576 582 544 520 570 509 544 559 547 483 613 559 544 509 588 516 517 545 572 496 545 518 572 549 497 518 563 546 604 551 568 545 516 582 569 591 518 488 589 588 517 545 511 486 570 571 523 522 581 590 579 522 548 590 549 590 548 488 523 590 591 488 549 518 590 488 549 548 598 527 535 614 557 528 577 465 572 528 471 565 550 574 571 538 564 511 577 573 568 512 573 465 577 528 605 574 529 554 605 529 574 584 584 601 530 574 575 530 601 574 531 586 565 574 592 547 559 551 577 572 496 545 599 509 570 511 552 595 583 522 573 593 553 528 535 593 614 528 552 578 594 595 578 579 595 522 535 593 580 614 574 550 554 615 581 583 616 522 596 617 555 565 615 550 555 565 569 591 597 518 589 539 597 518 589 545 518 618 549 557 598 572 619 572 557 528 568 558 620 582 613 559 599 560 599 559 613 509 596 562 602 560 607 565 596 560 564 560 609 511 609 560 599 511 600 583 552 595 602 559 563 551 621 585 592 551 558 585 621 582 551 621 585 582 576 604 551 582 602 559 607 560 603 586 622 565 575 623 586 574 577 545 568 582 609 564 603 560 624 584 601 606 622 607 603 565 584 625 605 608 610 609 603 607 609 607 610 560 610 559 607 551 610 559 613 560 592 559 610 551 552 594 626 595 596 607 617 565 551 610 627 607 611 543 447 628 612 543 513 611 566 543 612 629 576 516 588 582 544 570 599 509 547 544 613 559 599 613 544 509 516 545 588 582 572 518 545 618 572 630 549 518 604 602 563 551 590 518 591 488 589 588 545 618 599 570 571 511 523 581 591 590 581 522 616 590 631 579 548 590 579 595 522 590 549 598 548 590 549 630 590 518 557 614 619 528 577 572 619 528 615 550 565 574 571 564 599 511 568 620 573 577 619 573 577 528 605 554 632 574 584 605 633 574 584 633 601 574 634 575 601 574 586 635 565 574 547 610 592 559 572 545 577 618 583 595 616 522 573 619 593 528 614 593 619 528 594 578 636 595 579 637 578 595 593 638 580 614 615 632 554 574 555 617 615 565 591 630 597 518 589 518 597 618 639 598 557 572 572 598 549 630 619 639 557 572 620 558 640 582 577 568 620 582 613 599 609 560 596 602 607 560 564 609 599 511 552 626 600 595 600 641 583 595 607 559 602 551 621 592 585 642 627 592 551 621 640 558 585 621 558 621 640 582 604 621 551 582 576 621 604 582 586 635 622 565 634 623 575 574 623 635 586 574 577 545 582 618 603 564 609 643 625 584 624 606 584 624 601 633 622 644 603 607 622 635 607 565 645 605 625 608 605 625 584 633 610 603 609 646 610 603 627 607 609 610 613 560 613 610 547 559 551 627 610 592 626 594 636 595 647 617 596 607 617 607 635 565 627 551 607 621 598 631 548 590 631 637 579 595 624 648 625 606 625 649 645 608 627 603 610 646 636 650 594 626 600 651 641 626 612 543 611 628 543 612 629 628 576 588 652 582 653 544 570 599 613 544 547 654 599 653 544 613 588 582 545 618 572 630 518 618 604 602 551 621 591 590 630 518 589 652 588 618 571 570 599 655 656 591 581 590 581 616 656 590 616 522 595 590 579 631 595 590 549 630 598 590 614 639 557 619 619 572 577 618 635 615 565 574 599 564 571 657 619 573 620 577 605 632 633 574 634 601 633 574 658 592 547 610 583 641 616 595 620 593 573 619 614 593 638 619 578 637 636 595 659 632 615 574 617 635 615 565 597 591 660 630 597 518 630 618 597 661 589 618 598 572 639 630 619 639 572 630 620 640 662 582 577 582 620 618 613 609 599 663 596 602 647 607 657 599 564 609 641 600 626 595 607 551 602 621 627 642 592 621 642 640 585 621 640 621 662 582 576 664 604 621 576 664 621 582 586 623 622 635 634 635 623 574 646 603 609 643 564 657 609 643 625 624 584 633 601 624 634 633 603 644 627 607 622 635 644 607 605 645 625 633 609 610 646 663 613 610 609 663 547 613 658 610 610 592 627 665 636 626 595 666 647 635 617 607 627 621 607 667 631 590 598 668 669 637 631 595 670 648 625 624 625 649 671 645 646 610 627 665 626 636 650 666 651 641 626 666 664 576 652 582 547 613 654 658 632 645 605 633 672 628 612 611 673 543 629 628 612 628 672 629 652 582 588 618 599 570 653 655 613 653 544 654 613 599 653 663 619 630 572 618 604 674 602 621 591 660 630 590 652 589 661 618 655 599 571 657 591 656 660 590 616 595 656 590 631 595 590 668 598 590 630 668 614 638 639 619 620 619 577 618 659 615 635 574 632 659 633 574 634 633 635 574 675 592 658 610 641 676 616 595 620 638 593 619 636 595 637 666 615 617 659 635 661 597 660 630 597 630 661 618 598 630 639 668 639 630 619 677 620 640 638 662 662 620 582 618 599 609 657 663 602 647 607 667 641 595 626 666 607 621 602 667 627 642 621 667 678 640 642 621 678 662 640 621 662 621 664 582 674 604 664 621 679 622 623 635 623 634 679 635 646 643 609 663 609 643 657 663 625 670 624 633 624 680 634 633 627 607 644 667 644 622 681 635 644 635 681 607 671 625 645 633 610 665 646 663 658 610 613 663 610 675 592 665 647 682 617 635 647 682 635 607 683 631 598 668 669 595 631 668 669 637 595 684 648 670 685 624 671 670 649 625 626 650 686 666 636 687 650 666 651 626 686 666 651 688 641 666 664 652 662 582 654 658 613 663 632 689 645 633 602 674 647 667 627 690 642 667 690 627 644 667 651 688 686 691 686 687 650 692 672 611 693 628 629 672 673 628 694 612 672 629 652 662 582 618 655 653 599 663 654 613 653 663 630 619 677 618 674 602 621 667 630 590 660 668 695 652 661 618 655 599 657 663 660 590 656 668 616 676 656 595 656 590 595 668 639 619 638 677 620 662 619 618 635 633 659 574 689 632 659 633 696 635 634 633 658 675 610 663 676 595 641 666 638 619 620 662 636 637 687 666 595 684 637 666 617 682 659 635 661 630 660 677 661 630 677 618 683 598 639 668 639 668 630 677 638 640 678 662 647 682 607 667 678 621 642 667 678 697 662 621 698 664 662 621 698 674 664 621 622 679 681 635 696 679 634 635 646 699 643 663 657 643 700 663 671 670 625 633 685 624 670 633 680 624 685 633 680 696 634 633 644 607 681 667 681 607 635 701 671 645 689 633 665 702 646 663 610 675 665 663 635 607 682 701 683 669 631 668 669 684 595 668 669 703 637 684 685 704 670 648 670 705 671 649 687 686 650 666 651 686 688 666 688 676 641 666 664 652 695 662 706 658 654 663 674 707 647 667 678 642 690 667 690 644 681 667 691 688 686 708 692 686 687 709 700 643 699 663 693 673 672 628 694 672 673 629 695 662 652 618 655 710 653 663 654 653 711 663 662 677 619 618 698 674 621 667 630 668 660 677 695 661 677 618 712 655 657 663 660 656 713 668 676 656 595 684 656 595 684 668 638 714 639 677 619 662 638 677 659 635 715 633 689 659 715 633 696 715 635 633 706 675 658 663 676 684 595 666 687 637 703 666 637 684 703 666 682 659 635 701 716 661 660 677 639 683 668 677 678 638 662 697 707 682 647 667 682 701 607 667 678 697 621 667 698 662 697 621 664 695 698 662 681 635 679 701 635 701 696 679 646 702 699 663 712 657 700 663 671 715 670 633 670 715 685 633 680 685 715 633 680 715 696 633 681 607 701 667 671 689 715 633 665 675 702 663 683 717 669 668 717 684 669 668 669 717 703 684 704 718 685 670 705 671 719 670 709 686 687 666 688 686 708 666 708 676 688 666 654 711 706 663 707 674 698 667 690 720 678 667 721 690 681 667 722 691 686 708 686 692 722 709 700 663 699 723 678 724 638 697 704 725 718 670 719 725 705 670 693 672 673 694 726 694 673 629 695 677 662 618 653 710 711 663 655 712 710 663 698 621 697 667 716 660 668 677 716 695 661 677 716 660 713 668 656 684 713 668 676 713 656 684 714 638 727 677 639 714 683 677 662 697 638 677 715 635 659 701 689 659 728 715 635 696 701 715 729 675 706 663 708 684 676 666 709 687 703 666 684 730 703 666 682 728 659 701 677 731 683 668 707 732 682 667 732 701 682 667 720 697 678 667 695 698 662 697 681 679 733 701 733 679 696 701 699 663 702 723 712 663 700 723 671 670 715 734 685 715 670 734 735 680 685 715 735 696 680 715 681 701 732 667 736 671 689 715 729 702 675 663 683 737 717 668 684 737 668 717 738 703 717 684 718 685 670 734 719 670 671 734 709 722 686 666 722 708 686 666 706 663 711 723 707 698 732 667 690 732 720 667 721 732 690 667 721 681 732 667 691 722 739 708 740 722 692 709 700 699 741 723 724 727 638 697 720 724 678 697 718 742 725 704 718 670 725 734 725 743 719 705 725 670 719 734 736 689 728 715 712 700 741 723 693 744 672 694 694 673 693 726 695 697 662 677 711 663 710 723 710 663 712 723 698 697 732 667 731 716 668 677 745 695 716 677 713 731 716 668 713 684 731 668 713 676 746 684 727 638 697 677 714 727 731 677 677 683 731 714 728 715 659 701 733 696 715 701 729 663 706 723 746 676 708 684 708 730 684 666 709 703 730 666 703 684 738 730 682 747 728 701 683 731 737 668 707 747 682 732 747 682 732 701 720 732 697 667 698 695 745 697 733 721 681 701 748 699 702 723 702 663 729 723 736 671 715 734 735 715 685 734 696 735 749 715 721 732 681 701 717 737 738 684 684 668 737 731 718 735 685 734 736 719 671 734 709 730 722 666 722 730 708 666 750 706 711 723 707 698 751 732 690 721 720 732 752 739 722 708 722 740 753 709 699 754 741 723 755 727 724 697 720 756 724 697 718 725 742 734 719 743 725 734 728 757 736 715 712 741 758 723 749 733 696 715 741 754 759 723 694 693 744 726 726 760 673 693 695 745 697 677 711 710 761 723 762 710 712 723 698 751 732 697 745 716 731 677 716 713 763 731 763 731 713 684 746 763 713 684 727 697 731 677 727 764 714 731 683 714 737 731 765 715 728 701 749 733 715 701 766 729 706 723 746 684 708 730 767 709 703 730 767 703 738 730 737 738 684 730 747 765 728 701 707 751 747 732 747 732 765 701 720 732 756 697 698 745 751 697 733 768 721 701 748 702 729 723 754 699 748 723 736 715 757 734 769 715 735 734 749 735 769 715 768 732 721 701 737 684 731 730 769 735 718 734 736 770 719 734 722 709 753 730 752 708 722 730 766 706 750 723 750 711 761 723 720 721 771 732 753 739 722 752 772 753 740 709 755 724 756 697 727 755 731 697 742 725 773 734 774 718 742 734 773 725 743 734 770 743 719 734 728 765 757 715 741 759 758 723 712 758 762 723 754 775 759 723 739 753 776 752 777 694 744 726 744 693 777 726 673 760 726 778 693 777 726 760 731 697 745 677 710 762 761 723 779 732 751 697 763 745 716 731 731 684 763 730 746 763 684 730 737 714 764 731 764 727 755 731 749 715 765 701 749 768 733 701 766 780 729 723 752 746 708 730 709 767 772 730 781 767 738 730 730 782 737 738 747 757 728 765 751 765 747 732 765 732 768 701 771 756 720 732 756 732 779 697 745 779 751 697 780 748 729 723 754 748 775 723 736 757 770 734 765 757 715 734 769 765 715 734 749 769 765 715 771 721 768 732 737 731 783 730 769 718 774 734 752 722 753 730 709 772 753 730 723 766 784 750 784 750 761 723 785 753 740 772 755 756 779 697 779 731 755 697 742 773 774 734 773 743 770 734 759 775 758 723 762 758 786 723 759 754 787 775 753 776 752 788 751 789 747 765 754 748 787 775 790 773 774 742 770 773 791 743 792 793 794 795 796 792 776 788 777 693 744 760 726 777 778 760 745 731 779 697 762 786 761 723 751 779 765 732 797 745 763 731 783 731 763 730 746 798 763 730 737 764 783 731 764 755 779 731 749 765 768 701 766 775 780 723 798 746 752 730 767 799 772 730 781 738 782 730 800 767 781 730 730 737 782 783 789 757 747 765 771 768 765 732 771 779 756 732 751 745 797 779 780 775 748 723 757 801 770 734 765 801 757 734 769 801 765 734 769 802 749 765 774 803 769 734 753 799 752 730 772 799 753 730 723 784 766 775 784 761 775 723 772 785 753 796 804 755 756 779 773 801 774 734 773 770 801 734 758 759 805 775 758 775 786 723 759 787 806 775 776 753 796 788 753 788 752 799 751 789 765 779 807 787 748 775 773 774 808 790 791 773 770 809 793 792 788 795 794 795 793 810 793 792 796 788 800 799 767 730 791 773 809 811 811 809 791 794 796 785 812 813 814 744 693 760 744 814 777 760 815 777 778 726 778 777 814 760 745 797 779 731 786 775 761 723 765 732 779 816 797 763 783 731 798 783 763 730 737 783 764 782 764 779 783 731 755 817 764 779 749 802 768 765 818 780 766 775 798 752 799 730 772 767 800 799 781 782 783 730 800 781 799 730 789 757 765 801 819 771 768 765 765 771 732 816 756 771 804 779 779 732 771 816 797 789 751 779 807 748 780 775 757 820 770 801 802 765 769 801 803 801 769 734 774 801 803 734 753 772 796 799 818 766 784 775 761 821 784 775 772 785 796 813 822 755 804 779 774 773 808 801 809 773 770 801 758 805 786 775 759 806 805 775 806 787 823 775 753 796 788 799 798 752 788 799 824 765 789 779 787 807 823 775 808 773 790 811 793 795 788 810 794 793 811 810 809 795 794 810 788 796 793 810 809 811 773 801 794 811 809 810 796 812 793 813 798 797 763 783 783 799 781 730 825 811 790 826 826 825 811 793 826 827 793 812 778 814 777 815 760 814 778 828 783 779 797 731 761 786 821 775 765 779 824 816 798 799 783 730 782 764 817 783 817 783 764 779 822 817 755 779 768 802 819 765 818 829 780 775 830 772 800 799 831 781 782 783 800 781 783 799 757 789 820 801 789 765 824 801 771 765 819 816 771 804 779 816 797 824 789 779 829 807 780 775 770 820 809 801 802 769 803 801 802 765 801 816 774 808 803 801 772 813 796 799 832 818 784 775 832 784 821 775 822 779 804 816 808 773 811 801 786 805 833 775 806 834 805 775 806 775 823 835 788 796 810 799 798 788 836 799 823 807 837 775 811 790 808 825 810 788 836 795 811 793 825 810 809 820 795 810 796 813 793 810 811 801 809 810 827 793 812 813 798 836 797 783 825 826 827 793 813 772 830 799 781 831 800 783 836 789 797 824 820 836 795 810 820 789 836 824 838 777 814 815 838 814 778 815 838 778 814 828 797 783 824 779 786 833 821 775 824 801 765 816 824 779 822 816 798 836 783 799 817 831 782 783 822 783 817 779 819 765 802 816 818 839 829 775 830 800 840 799 831 800 783 799 789 824 820 801 771 819 804 816 829 837 807 775 809 801 820 810 802 801 803 816 803 808 841 801 813 810 796 799 818 832 839 775 832 821 842 775 843 822 804 816 811 808 801 810 833 805 834 775 806 834 775 835 806 823 844 835 823 775 837 835 810 836 788 799 811 825 808 810 827 825 793 810 793 813 827 810 836 824 797 783 845 799 813 830 820 824 836 810 831 840 800 799 846 838 778 815 814 847 838 828 778 838 846 828 824 783 822 779 821 833 842 775 848 801 824 816 843 824 822 816 824 783 836 799 849 831 817 783 817 822 849 783 819 802 850 816 839 829 775 835 830 840 845 799 831 783 840 799 820 801 824 810 804 819 843 816 837 775 829 835 802 803 850 816 816 803 841 801 810 841 808 801 813 799 845 810 839 775 832 835 832 775 842 835 834 833 775 835 834 806 844 835 823 851 844 835 823 837 851 835 824 836 810 799 808 825 852 810 825 827 852 810 827 813 845 810 853 828 838 847 854 778 846 828 838 828 853 846 824 822 783 849 842 775 833 835 848 824 801 810 848 824 843 816 848 841 801 816 849 822 843 824 840 783 824 799 840 831 849 783 843 819 850 816 855 829 839 835 840 810 845 799 855 837 829 835 816 841 803 850 810 808 841 852 848 801 841 810 856 839 832 835 842 856 832 835 833 834 857 835 834 844 858 835 844 835 851 859 860 851 837 835 840 824 810 799 845 852 827 810 853 847 854 828 846 853 854 828 840 849 824 783 833 857 842 835 848 845 824 810 843 848 849 824 850 848 843 816 848 850 841 816 855 839 861 835 840 824 845 810 860 837 855 835 848 841 852 810 856 861 839 835 856 842 862 835 857 834 858 835 858 835 844 859 844 851 863 859 851 835 860 859 848 852 845 810 828 847 854 864 853 854 847 864 865 853 854 846 848 840 849 824 842 857 862 835 845 840 848 824 848 843 849 866 867 843 850 848 868 850 841 848 861 855 835 859 860 835 855 859 848 852 841 869 861 835 856 859 856 835 862 859 857 835 858 859 858 844 863 859 851 870 863 859 851 860 870 859 845 852 848 871 868 867 850 848 847 872 853 864 854 853 865 864 848 849 840 873 857 862 835 859 848 840 845 873 848 867 843 866 848 866 849 873 841 868 848 869 861 874 855 859 874 860 855 859 869 848 852 871 875 861 856 859 875 856 862 859 857 858 876 859 877 858 863 859 870 878 863 859 860 879 870 859 848 845 871 873 867 848 868 873 880 872 847 864 865 853 872 864 854 865 881 864 849 866 840 873 857 876 862 859 840 871 845 873 848 867 866 873 868 848 869 873 882 874 861 859 860 874 879 859 871 869 848 873 882 861 875 859 862 883 875 859 877 876 858 859 877 863 878 859 863 870 884 878 879 878 870 859 867 868 885 873 864 872 881 880 864 881 872 865 854 881 886 864 840 866 887 873 862 876 883 859 887 871 840 873 888 866 867 873 889 868 869 873 882 878 874 859 874 878 879 859 890 869 871 873 882 875 878 859 883 878 875 859 877 878 876 859 877 863 884 878 870 891 884 878 870 879 891 878 889 885 868 873 888 867 885 873 892 872 880 881 886 881 880 864 893 854 881 886 887 866 888 873 876 878 883 859 871 887 894 873 869 890 889 873 895 874 882 878 895 879 874 878 890 871 894 873 896 882 875 878 883 896 875 878 876 877 897 878 877 884 898 878 899 884 891 878 879 900 891 878 889 901 885 873 885 901 888 873 902 872 892 881 881 880 892 886 881 902 893 886 901 887 888 873 883 876 897 878 901 894 887 873 889 890 901 873 882 903 895 878 879 895 900 878 890 894 901 873 882 896 903 878 883 904 896 878 897 877 898 878 898 878 884 899 899 891 884 905 891 878 900 899 892 902 881 886 892 880 906 886 902 893 907 881 902 906 893 886 901 888 887 908 883 897 904 878 894 901 887 909 910 901 889 890 895 878 903 899 900 878 895 899 894 890 901 909 903 878 896 899 904 896 878 899 897 878 898 899 898 884 905 899 891 900 905 899 898 884 911 905 892 906 902 886 902 893 906 907 893 906 912 886 909 901 887 908 904 878 897 899 890 910 901 909 913 895 903 899 913 900 895 899 914 903 896 899 904 914 896 899 897 898 915 899 911 898 905 899 916 900 899 905 917 902 906 907 912 906 893 907 887 918 909 908 909 910 901 908 904 897 915 899 903 919 913 899 913 920 900 899 903 914 919 899 914 904 921 899 898 922 915 899 898 911 922 899 911 905 916 899 916 899 900 920 912 917 906 907 893 923 912 907 909 918 910 908 910 924 901 908 904 915 921 899 919 925 913 899 925 920 913 899 926 919 914 899 926 914 921 899 927 915 922 899 922 911 928 899 911 916 928 899 916 899 920 929 930 917 906 912 931 917 912 907 931 912 923 907 932 918 910 909 918 924 910 908 927 921 915 899 919 925 899 929 920 899 925 929 919 899 926 929 926 899 921 929 922 927 899 929 922 899 928 929 916 928 899 929 933 916 920 929 912 930 917 931 912 923 930 931 924 918 910 932 918 924 908 934 927 921 899 929 935 925 919 929 933 920 925 929 935 919 926 929 921 936 926 929 927 922 937 929 922 928 937 929 916 938 928 929 916 933 938 929 939 917 930 931 912 930 923 940 930 923 939 931 910 941 924 932 924 918 932 934 921 927 936 929 935 942 925 929 942 933 925 929 943 935 926 929 936 943 926 929 944 927 937 929 937 928 945 929 928 938 945 929 933 946 938 929 924 947 941 910 939 923 930 940 923 939 931 948 947 932 924 941 918 949 932 934 924 932 947 934 944 936 927 929 935 950 942 929 933 942 946 929 935 943 950 929 951 943 936 929 944 937 945 929 938 952 945 929 938 946 952 929 930 953 939 940 940 939 923 948 941 949 947 932 949 934 947 932 954 924 947 934 951 936 944 929 942 950 952 929 942 952 946 929 943 952 950 929 951 952 943 929 945 937 944 955 944 945 952 929 938 956 945 952 938 946 956 952 932 941 949 957 940 953 939 948 923 958 940 948 941 947 949 957 949 947 934 954 951 944 952 929 959 942 950 952 959 946 942 952 943 960 950 952 951 960 943 952 945 955 944 952 945 956 961 952 962 956 946 952 947 941 963 957 945 961 955 952 964 939 953 948 948 953 958 940 947 954 949 957 944 965 951 952 950 966 959 952 962 946 959 952 950 960 966 952 960 951 967 952 944 955 965 952 968 961 956 952 968 956 962 952 963 954 947 957 955 961 969 952 953 939 964 970 947 971 954 963 948 958 953 964 940 953 958 972 954 957 971 949 951 965 967 952 973 959 966 952 973 962 959 952 966 960 974 952 967 974 960 952 955 969 965 952 975 961 968 952 962 976 968 952 954 971 957 963 975 969 961 952 964 958 953 970 971 954 949 977 978 964 958 948 970 958 953 972 977 971 957 949 979 967 965 952 973 966 976 952 973 976 962 952 966 974 976 952 967 976 974 952 979 965 969 952 975 968 976 952 980 968 962 976 971 981 957 963 975 976 969 952 958 964 978 970 982 978 958 948 970 978 958 972 949 983 957 977 971 957 981 977 979 976 967 952 966 984 973 976 980 962 973 976 966 974 984 976 967 985 974 976 979 969 976 952 986 975 968 976 980 986 968 976 981 971 987 963 969 975 988 976 970 989 978 972 972 978 958 982 983 981 957 977 981 987 971 977 967 979 985 976 990 973 984 976 990 980 973 976 991 984 974 976 991 974 985 976 969 988 979 976 986 992 975 976 980 993 986 976 992 988 975 976 989 970 994 972 972 989 978 982 995 978 989 982 972 958 996 982 983 987 981 977 997 971 987 977 979 998 985 976 990 984 999 976 993 980 990 976 984 991 999 976 991 985 1000 976 979 988 998 976 1001 992 986 976 993 1001 986 976 1002 988 992 976 972 982 994 989 995 994 982 989 972 994 982 996 1003 977 987 983 981 987 983 1004 1003 987 977 997 985 998 1000 976 999 990 976 1005 993 976 990 1005 999 976 991 1005 991 976 1000 1005 1002 998 988 976 1001 992 976 1005 993 1001 976 1005 1002 976 992 1005 994 1006 989 995 995 982 994 996 996 1007 995 982 994 1008 996 972 1004 987 983 1003 987 981 1009 1004 987 1003 1009 997 998 1000 976 1005 999 1010 990 1005 1010 993 990 1005 1011 999 991 1005 1011 991 1000 1005 998 976 1002 1005 1001 1012 992 1005 993 1013 1001 1005 1002 992 1012 1005 1006 994 1007 995 1007 994 996 995 996 1008 994 1007 983 1014 1004 1003 1009 1003 987 1004 1015 997 987 1009 997 1015 1003 1009 1000 998 1016 1005 999 1017 1010 1005 1018 993 1010 1005 999 1011 1019 1005 1000 1020 1011 1005 998 1002 1016 1005 1021 1012 1001 1005 1018 1013 993 1005 1021 1001 1013 1005 1022 1002 1012 1005 1007 1023 1006 995 994 1008 1006 1007 999 1019 1017 1005 1024 1025 1026 1027 1028 1029 1030 1031 1032 1030 1033 1034 996 1035 1008 1007 1014 1004 1003 1036 1004 1003 1015 1009 997 1003 1015 1036 1000 1016 1020 1005 1017 1037 1010 1005 1037 1018 1010 1005 1019 1011 1020 1005 1022 1016 1002 1005 1021 1022 1012 1005 1018 1037 1013 1005 1038 1021 1013 1005 1006 1008 1023 1007 994 1006 1008 1039 1017 1019 1040 1005 1025 1026 1041 1024 1027 1026 1024 1042 1029 1028 1042 1031 1033 1029 1030 1028 1033 1032 1034 1043 1032 1033 1030 1044 1045 1046 1047 1048 1048 1045 1046 1049 1049 1046 1048 1050 1041 1051 1052 1025 1053 1027 1042 1031 1043 1034 1054 1055 1056 1057 1058 1055 1023 1008 1035 1007 1059 1004 1014 1036 1004 1015 1003 1036 1060 1004 1015 1009 1061 1020 1016 1005 1017 1062 1010 1037 1040 1037 1017 1005 1018 1010 1062 1037 1019 1020 1040 1005 1016 1022 1061 1005 1021 1038 1022 1005 1046 1018 1037 1013 1037 1038 1013 1005 1021 1013 1063 1038 1006 1008 1039 1023 1064 1017 1019 1040 1025 1041 1051 1024 1026 1041 1024 1065 1053 1027 1024 1042 1024 1042 1026 1065 1042 1028 1053 1031 1028 1029 1042 1065 1029 1028 1033 1044 1033 1028 1030 1044 1034 1054 1033 1043 1032 1043 1033 1044 1066 1030 1044 1032 1063 1046 1047 1045 1045 1046 1049 1067 1049 1068 1046 1050 1051 1052 1069 1041 1043 1054 1056 1055 1043 1056 1058 1055 1057 1058 1070 1056 1061 1020 1054 1016 1029 1061 1016 1022 1038 1026 1021 1022 1021 1063 1026 1038 1026 1042 1029 1065 1068 1062 1046 1050 1069 1052 1063 1041 1070 1071 1057 1056 1061 1029 1026 1022 1072 1062 1068 1050 1047 1052 1063 1069 1070 1057 1071 1073 1074 1075 1064 1073 1071 1064 1075 1073 1076 1064 1077 1074 1077 1078 1064 1076 1078 1064 1062 1077 1078 1062 1072 1077 1063 1041 1026 1079 1039 1008 1035 1023 1080 1036 1059 1014 1036 1004 1015 1059 1060 1015 1004 1059 1061 1040 1020 1005 1017 1064 1062 1037 1064 1017 1040 1037 1037 1040 1038 1005 1018 1062 1046 1037 1019 1020 1071 1040 1061 1022 1038 1005 1037 1063 1046 1013 1013 1037 1063 1038 1039 1081 1006 1023 1019 1071 1064 1040 1051 1024 1041 1065 1026 1079 1041 1065 1053 1042 1024 1065 1028 1042 1053 1065 1029 1065 1028 1044 1033 1054 1029 1044 1066 1044 1030 1028 1033 1043 1054 1044 1082 1043 1032 1044 1082 1032 1066 1044 1069 1063 1047 1045 1046 1045 1063 1067 1045 1049 1083 1067 1068 1049 1046 1067 1069 1063 1051 1041 1054 1043 1056 1084 1058 1056 1043 1084 1056 1070 1084 1058 1054 1071 1020 1061 1054 1029 1061 1016 1061 1026 1038 1022 1026 1038 1063 1079 1061 1026 1029 1065 1068 1046 1062 1067 1056 1084 1070 1071 1072 1062 1085 1068 1071 1075 1070 1073 1064 1076 1075 1074 1071 1075 1064 1086 1064 1076 1078 1087 1078 1062 1064 1087 1072 1062 1078 1085 1063 1051 1041 1079 1056 1071 1054 1084 1039 1035 1008 1088 1035 1081 1039 1023 1080 1059 1089 1014 1015 1059 1080 1036 1015 1080 1059 1060 1040 1020 1071 1061 1061 1038 1040 1005 1062 1037 1064 1087 1040 1064 1037 1087 1040 1037 1038 1086 1046 1037 1062 1067 1063 1037 1046 1067 1037 1079 1063 1038 1064 1040 1071 1086 1051 1090 1024 1065 1041 1079 1051 1065 1038 1079 1026 1065 1091 1053 1024 1065 1092 1028 1053 1065 1029 1061 1065 1044 1028 1065 1066 1044 1029 1054 1061 1044 1054 1043 1084 1044 1082 1084 1043 1044 1082 1066 1093 1044 1063 1045 1069 1067 1094 1083 1049 1067 1095 1045 1083 1067 1094 1049 1068 1067 1063 1069 1051 1079 1043 1096 1058 1084 1058 1096 1070 1084 1061 1054 1071 1084 1038 1026 1061 1065 1068 1067 1062 1087 1075 1071 1070 1084 1068 1062 1085 1087 1075 1076 1064 1086 1075 1086 1071 1084 1097 1078 1076 1087 1064 1086 1076 1087 1062 1078 1085 1087 1040 1086 1064 1087 1090 1091 1024 1065 1076 1098 1097 1087 1039 1081 1035 1088 1099 1081 1035 1023 1089 1059 1080 1100 1036 1080 1015 1101 1100 1080 1060 1059 1060 1015 1080 1101 1061 1071 1040 1084 1040 1038 1061 1086 1037 1062 1067 1087 1040 1037 1086 1087 1037 1038 1086 1079 1063 1079 1037 1067 1071 1086 1040 1084 1051 1079 1090 1065 1038 1061 1079 1065 1091 1092 1053 1065 1092 1066 1028 1065 1093 1065 1061 1044 1066 1065 1093 1044 1054 1084 1061 1044 1082 1102 1043 1084 1082 1093 1084 1044 1066 1103 1082 1093 1095 1069 1045 1067 1063 1069 1079 1067 1094 1104 1083 1067 1095 1083 1104 1067 1068 1094 1067 1087 1105 1051 1069 1079 1043 1102 1096 1084 1070 1096 1106 1084 1075 1070 1086 1084 1068 1085 1094 1087 1075 1098 1076 1086 1078 1097 1085 1087 1076 1086 1098 1087 1090 1107 1091 1065 1087 1108 1098 1097 1069 1095 1105 1079 1109 1092 1091 1107 1039 1110 1081 1088 1088 1081 1035 1099 1100 1080 1089 1111 1100 1060 1080 1112 1101 1015 1113 1060 1060 1113 1101 1080 1061 1040 1086 1084 1061 1086 1038 1079 1087 1037 1079 1067 1087 1079 1037 1086 1051 1079 1114 1090 1090 1079 1107 1065 1061 1093 1079 1065 1091 1107 1092 1065 1092 1093 1066 1065 1061 1084 1093 1044 1082 1093 1102 1084 1115 1082 1103 1093 1066 1092 1103 1093 1095 1079 1069 1067 1094 1116 1104 1067 1095 1104 1117 1067 1116 1067 1094 1087 1051 1114 1079 1105 1096 1102 1118 1084 1106 1096 1118 1084 1070 1106 1086 1084 1075 1070 1119 1086 1094 1085 1120 1087 1119 1098 1075 1086 1085 1097 1120 1087 1087 1098 1108 1086 1109 1091 1090 1107 1121 1097 1108 1087 1105 1079 1095 1117 1109 1122 1092 1107 1115 1102 1082 1093 1095 1104 1123 1117 1105 1095 1124 1117 1105 1124 1114 1117 1103 1092 1122 1125 1088 1110 1081 1099 1099 1035 1088 1126 1089 1127 1100 1111 1111 1112 1100 1080 1112 1113 1060 1080 1111 1101 1113 1080 1086 1093 1061 1084 1061 1086 1079 1093 1079 1067 1116 1087 1079 1116 1086 1087 1090 1079 1114 1107 1093 1107 1079 1065 1092 1107 1093 1065 1093 1118 1102 1084 1115 1093 1103 1125 1103 1093 1092 1125 1095 1117 1079 1067 1104 1094 1128 1116 1116 1117 1104 1067 1094 1120 1116 1087 1105 1114 1079 1117 1129 1096 1102 1118 1129 1106 1096 1118 1106 1118 1086 1084 1106 1119 1070 1086 1119 1108 1098 1086 1087 1120 1121 1097 1116 1087 1108 1086 1130 1109 1090 1107 1116 1108 1087 1121 1122 1109 1131 1107 1122 1125 1092 1107 1102 1093 1115 1118 1104 1132 1123 1117 1124 1095 1123 1117 1133 1114 1124 1117 1103 1122 1134 1125 1130 1090 1114 1107 1115 1103 1134 1125 1119 1106 1135 1118 1119 1135 1108 1136 1137 1081 1110 1099 1137 1110 1088 1099 1035 1138 1088 1126 1099 1088 1137 1126 1139 1089 1127 1100 1100 1127 1112 1111 1113 1112 1111 1080 1086 1118 1093 1084 1140 1079 1086 1093 1079 1117 1116 1067 1086 1079 1140 1116 1114 1079 1117 1107 1079 1093 1140 1107 1092 1125 1093 1107 1115 1118 1093 1125 1104 1128 1132 1116 1128 1094 1120 1116 1104 1116 1132 1117 1087 1121 1120 1116 1102 1141 1129 1118 1106 1129 1142 1118 1119 1086 1106 1118 1119 1108 1086 1136 1108 1116 1086 1136 1109 1130 1131 1107 1121 1116 1108 1136 1122 1131 1125 1107 1102 1115 1141 1118 1143 1123 1132 1117 1123 1143 1124 1117 1124 1144 1133 1117 1133 1145 1114 1117 1146 1134 1122 1125 1130 1114 1145 1107 1115 1134 1147 1125 1106 1142 1135 1118 1119 1118 1135 1136 1135 1148 1108 1136 1121 1108 1148 1136 1146 1122 1131 1125 1115 1147 1149 1125 1137 1110 1150 1088 1126 1088 1150 1138 1137 1151 1099 1126 1126 1150 1088 1137 1100 1139 1089 1152 1127 1139 1153 1089 1127 1112 1139 1100 1127 1113 1112 1111 1140 1093 1086 1118 1140 1116 1079 1117 1086 1116 1140 1136 1114 1117 1145 1107 1140 1117 1079 1107 1093 1125 1140 1107 1115 1149 1118 1125 1140 1093 1118 1125 1128 1132 1116 1154 1128 1120 1155 1116 1116 1156 1132 1117 1121 1155 1120 1116 1129 1141 1157 1118 1142 1129 1157 1118 1119 1086 1118 1136 1130 1145 1131 1107 1121 1154 1116 1136 1145 1125 1131 1107 1115 1149 1141 1118 1143 1132 1156 1117 1124 1143 1144 1117 1145 1144 1117 1133 1133 1130 1114 1145 1134 1125 1146 1158 1134 1149 1147 1125 1135 1118 1142 1136 1148 1135 1159 1136 1160 1136 1121 1148 1146 1131 1145 1125 1115 1147 1141 1149 1135 1142 1159 1136 1088 1150 1138 1161 1150 1162 1126 1138 1150 1151 1137 1126 1153 1089 1139 1152 1127 1153 1139 1163 1127 1113 1139 1112 1086 1140 1118 1136 1140 1156 1116 1117 1116 1154 1140 1136 1140 1145 1117 1107 1140 1125 1145 1107 1140 1118 1149 1125 1128 1164 1132 1154 1128 1116 1155 1154 1132 1156 1116 1154 1155 1116 1121 1154 1141 1149 1157 1118 1142 1118 1157 1136 1130 1165 1131 1145 1121 1136 1160 1154 1143 1132 1166 1156 1143 1156 1144 1117 1167 1133 1144 1145 1145 1117 1144 1156 1130 1133 1165 1145 1134 1146 1168 1158 1146 1125 1145 1158 1134 1149 1125 1158 1147 1149 1134 1158 1148 1159 1169 1136 1148 1169 1160 1136 1146 1145 1131 1158 1141 1147 1170 1149 1171 1159 1142 1136 1147 1134 1168 1158 1172 1146 1131 1158 1173 1132 1164 1156 1150 1162 1138 1161 1174 1126 1162 1138 1150 1126 1162 1151 1151 1137 1162 1150 1152 1153 1089 1175 1153 1139 1176 1152 1176 1163 1139 1153 1139 1113 1127 1163 1149 1118 1140 1136 1116 1156 1140 1154 1140 1145 1156 1117 1140 1154 1177 1136 1149 1145 1140 1125 1128 1155 1164 1154 1164 1156 1132 1154 1160 1155 1121 1154 1141 1170 1157 1149 1157 1118 1149 1136 1171 1142 1157 1136 1172 1131 1165 1145 1169 1154 1160 1136 1173 1166 1132 1156 1144 1143 1166 1156 1167 1165 1133 1145 1167 1144 1156 1145 1178 1168 1146 1158 1145 1125 1149 1158 1158 1179 1147 1149 1159 1177 1169 1136 1172 1131 1145 1158 1170 1147 1179 1149 1171 1177 1159 1136 1158 1147 1179 1168 1178 1146 1172 1158 1173 1164 1180 1156 1162 1150 1181 1161 1161 1162 1138 1174 1174 1162 1126 1151 1089 1182 1152 1175 1176 1153 1152 1175 1139 1183 1176 1152 1177 1149 1140 1136 1140 1156 1177 1154 1184 1156 1140 1145 1177 1154 1169 1136 1140 1149 1184 1145 1185 1164 1155 1154 1180 1156 1164 1154 1185 1155 1160 1154 1157 1170 1186 1149 1157 1149 1177 1136 1171 1157 1177 1136 1172 1165 1184 1145 1169 1160 1154 1187 1173 1180 1166 1156 1144 1166 1188 1156 1167 1184 1165 1145 1144 1188 1167 1156 1167 1156 1184 1145 1168 1178 1189 1158 1184 1145 1149 1158 1190 1149 1179 1158 1159 1191 1169 1177 1172 1145 1184 1158 1170 1179 1190 1149 1159 1171 1191 1177 1179 1168 1189 1158 1178 1172 1192 1158 1193 1173 1164 1180 1161 1181 1162 1174 1138 1194 1161 1174 1182 1183 1152 1175 1195 1153 1176 1175 1152 1183 1176 1175 1140 1177 1184 1149 1184 1177 1140 1156 1177 1156 1180 1154 1169 1154 1177 1187 1185 1180 1164 1154 1160 1185 1154 1187 1157 1186 1177 1149 1186 1170 1190 1149 1157 1186 1171 1177 1196 1172 1165 1184 1160 1169 1197 1187 1166 1173 1198 1180 1166 1180 1198 1156 1188 1166 1198 1156 1196 1165 1167 1184 1188 1184 1167 1156 1178 1192 1189 1158 1184 1149 1190 1158 1179 1189 1190 1158 1169 1177 1191 1187 1184 1192 1172 1158 1170 1179 1199 1190 1171 1191 1177 1200 1172 1201 1178 1192 1185 1193 1164 1180 1193 1202 1173 1180 1186 1170 1199 1190 1167 1184 1188 1203 1171 1204 1191 1200 1172 1196 1201 1192 1205 1167 1188 1203 1171 1186 1204 1200 1205 1196 1167 1203 1206 1162 1181 1174 1194 1181 1161 1174 1207 1182 1183 1152 1208 1175 1183 1182 1176 1183 1195 1175 1177 1190 1184 1149 1184 1180 1177 1156 1177 1154 1180 1187 1180 1154 1185 1187 1160 1197 1185 1187 1186 1190 1177 1149 1171 1177 1186 1200 1172 1184 1196 1192 1169 1209 1197 1187 1198 1173 1202 1180 1188 1198 1180 1156 1196 1184 1167 1203 1188 1184 1156 1203 1210 1189 1178 1192 1189 1192 1190 1158 1184 1190 1192 1158 1189 1211 1179 1190 1169 1191 1209 1187 1177 1200 1191 1187 1179 1211 1199 1190 1210 1178 1201 1192 1193 1185 1212 1180 1193 1202 1180 1213 1199 1214 1186 1190 1191 1204 1215 1200 1216 1201 1196 1192 1217 1205 1188 1203 1186 1214 1204 1200 1216 1196 1205 1203 1188 1156 1180 1203 1217 1188 1198 1203 1199 1218 1214 1219 1181 1194 1206 1174 1161 1181 1194 1220 1207 1183 1182 1208 1183 1175 1208 1195 1221 1176 1183 1195 1184 1177 1222 1190 1222 1177 1184 1180 1180 1156 1184 1203 1180 1200 1177 1187 1212 1180 1185 1187 1197 1212 1185 1187 1186 1177 1190 1200 1184 1203 1196 1192 1223 1197 1209 1187 1198 1180 1202 1213 1188 1180 1198 1203 1189 1210 1224 1192 1189 1224 1190 1192 1184 1190 1222 1192 1189 1211 1190 1224 1209 1191 1200 1187 1199 1190 1211 1219 1210 1201 1225 1192 1193 1180 1212 1213 1193 1226 1202 1213 1186 1190 1214 1200 1199 1214 1190 1219 1209 1191 1215 1200 1204 1227 1215 1200 1201 1192 1216 1228 1216 1196 1203 1192 1217 1229 1205 1203 1204 1214 1227 1200 1216 1203 1205 1228 1217 1198 1230 1203 1214 1218 1231 1219 1199 1211 1218 1219 1177 1180 1222 1200 1189 1210 1232 1224 1189 1232 1211 1224 1201 1225 1192 1228 1233 1206 1194 1174 1181 1206 1194 1220 1182 1234 1207 1208 1221 1183 1207 1208 1195 1183 1221 1208 1222 1190 1177 1200 1222 1180 1184 1203 1222 1200 1180 1187 1180 1212 1213 1187 1223 1212 1197 1187 1184 1222 1203 1192 1223 1209 1235 1187 1198 1202 1230 1213 1198 1203 1180 1213 1210 1225 1224 1192 1190 1224 1222 1192 1211 1190 1224 1219 1200 1235 1209 1187 1193 1212 1226 1213 1226 1236 1202 1213 1214 1200 1190 1219 1209 1200 1215 1235 1227 1215 1200 1237 1201 1216 1225 1228 1203 1216 1192 1228 1229 1205 1203 1228 1229 1203 1217 1238 1214 1227 1200 1219 1229 1216 1205 1228 1217 1203 1230 1238 1198 1230 1203 1213 1214 1231 1227 1219 1231 1218 1239 1219 1211 1240 1218 1219 1210 1241 1232 1224 1211 1232 1240 1224 1224 1192 1225 1228 1180 1213 1222 1187 1209 1215 1242 1235 1227 1243 1215 1237 1229 1217 1244 1238 1217 1230 1244 1238 1215 1243 1242 1237 1220 1206 1194 1233 1181 1245 1206 1220 1234 1207 1208 1246 1247 1221 1183 1207 1208 1207 1221 1246 1190 1200 1222 1219 1180 1203 1222 1213 1222 1235 1200 1187 1235 1213 1212 1187 1223 1235 1212 1187 1222 1203 1192 1228 1209 1242 1223 1235 1230 1202 1236 1213 1210 1225 1241 1224 1222 1224 1190 1219 1222 1192 1224 1228 1211 1224 1240 1219 1226 1212 1248 1213 1236 1226 1249 1213 1215 1235 1200 1237 1200 1219 1227 1237 1225 1216 1250 1228 1203 1238 1229 1228 1229 1250 1216 1228 1230 1238 1203 1213 1231 1227 1219 1237 1218 1240 1239 1219 1231 1239 1251 1219 1232 1241 1252 1224 1232 1252 1240 1224 1225 1253 1224 1228 1222 1213 1235 1187 1215 1242 1235 1237 1227 1254 1243 1237 1244 1255 1229 1238 1244 1230 1256 1238 1242 1243 1257 1237 1226 1248 1249 1213 1255 1229 1238 1228 1233 1258 1194 1220 1220 1245 1206 1233 1207 1234 1247 1246 1247 1221 1207 1246 1222 1219 1200 1237 1203 1238 1222 1213 1222 1200 1235 1237 1212 1235 1248 1213 1223 1248 1212 1235 1222 1238 1203 1228 1242 1259 1223 1235 1230 1236 1238 1213 1241 1225 1253 1224 1222 1251 1224 1219 1260 1222 1224 1228 1240 1224 1251 1219 1236 1249 1261 1213 1225 1250 1253 1228 1255 1250 1229 1228 1227 1231 1254 1237 1231 1219 1251 1237 1240 1251 1239 1219 1231 1239 1262 1251 1241 1252 1224 1263 1252 1240 1224 1263 1260 1224 1253 1228 1261 1235 1222 1213 1242 1257 1235 1237 1243 1254 1264 1237 1255 1244 1265 1238 1230 1236 1256 1238 1244 1256 1265 1238 1243 1266 1257 1237 1248 1261 1249 1213 1255 1238 1260 1228 1243 1264 1266 1237 1194 1258 1233 1267 1220 1258 1268 1233 1206 1245 1268 1233 1220 1268 1245 1233 1247 1234 1207 1269 1270 1247 1234 1246 1247 1270 1221 1246 1222 1251 1219 1237 1261 1222 1238 1213 1237 1222 1261 1235 1248 1235 1261 1213 1259 1248 1223 1235 1260 1238 1222 1228 1242 1257 1259 1235 1236 1261 1238 1213 1241 1253 1260 1224 1222 1251 1260 1224 1251 1224 1240 1263 1236 1249 1271 1261 1250 1260 1253 1228 1255 1260 1250 1228 1231 1251 1254 1237 1272 1239 1240 1251 1231 1262 1254 1251 1262 1251 1239 1273 1241 1274 1252 1263 1241 1224 1260 1263 1272 1240 1252 1263 1266 1235 1257 1237 1254 1266 1264 1237 1255 1265 1260 1238 1236 1271 1256 1238 1256 1275 1265 1238 1243 1264 1257 1266 1249 1248 1276 1261 1241 1253 1274 1263 1272 1252 1277 1263 1278 1255 1265 1275 1258 1279 1233 1267 1258 1233 1279 1268 1258 1268 1245 1220 1270 1234 1247 1269 1246 1234 1270 1280 1237 1261 1222 1251 1260 1261 1222 1238 1261 1235 1266 1237 1259 1261 1248 1235 1257 1266 1259 1235 1236 1261 1271 1238 1241 1260 1253 1263 1260 1251 1222 1261 1260 1224 1251 1263 1272 1251 1240 1263 1249 1281 1271 1261 1250 1282 1253 1260 1250 1255 1282 1260 1251 1266 1254 1237 1239 1251 1272 1273 1254 1251 1262 1273 1262 1239 1283 1273 1252 1274 1277 1263 1264 1254 1284 1266 1255 1260 1265 1275 1265 1275 1260 1238 1256 1271 1275 1238 1256 1285 1265 1275 1257 1264 1286 1266 1276 1248 1259 1261 1249 1276 1281 1261 1253 1274 1263 1287 1277 1288 1272 1263 1278 1282 1255 1275 1265 1289 1278 1275 1257 1290 1259 1266 1239 1272 1283 1273 1254 1262 1284 1273 1256 1271 1285 1275 1253 1291 1274 1287 1253 1282 1291 1287 1282 1278 1292 1287 1290 1276 1259 1293 1279 1294 1267 1258 1279 1268 1294 1258 1245 1294 1258 1220 1245 1294 1268 1258 1247 1295 1270 1269 1269 1270 1234 1280 1261 1266 1251 1237 1260 1275 1261 1238 1259 1266 1261 1235 1261 1275 1271 1238 1253 1263 1260 1287 1296 1251 1260 1261 1260 1251 1296 1263 1251 1263 1272 1273 1271 1261 1281 1293 1253 1260 1282 1287 1282 1260 1255 1275 1254 1266 1251 1273 1283 1297 1262 1273 1274 1298 1277 1263 1284 1299 1264 1266 1254 1284 1266 1273 1265 1285 1289 1275 1286 1264 1299 1266 1257 1286 1290 1266 1276 1261 1259 1293 1276 1281 1261 1293 1298 1263 1274 1287 1263 1288 1300 1277 1272 1263 1288 1273 1282 1275 1278 1287 1278 1289 1301 1275 1290 1259 1266 1293 1283 1272 1288 1273 1284 1262 1297 1273 1302 1285 1271 1275 1291 1298 1274 1287 1282 1292 1291 1287 1292 1278 1301 1287 1290 1303 1276 1293 1286 1304 1290 1293 1258 1294 1267 1305 1306 1294 1267 1279 1294 1306 1268 1279 1269 1295 1270 1280 1269 1234 1307 1280 1251 1261 1296 1266 1296 1261 1260 1275 1261 1266 1259 1293 1293 1275 1271 1261 1260 1263 1296 1287 1296 1263 1251 1273 1302 1271 1281 1293 1282 1260 1275 1287 1251 1266 1296 1273 1297 1283 1308 1273 1300 1277 1298 1263 1284 1309 1299 1266 1309 1266 1284 1273 1285 1310 1289 1275 1286 1299 1309 1266 1286 1290 1266 1293 1276 1303 1281 1293 1298 1311 1263 1287 1263 1300 1288 1311 1288 1263 1311 1273 1278 1275 1301 1287 1289 1312 1301 1275 1283 1288 1308 1273 1297 1313 1284 1273 1285 1302 1310 1275 1293 1271 1275 1302 1298 1291 1314 1287 1291 1292 1314 1287 1292 1301 1312 1287 1290 1304 1303 1293 1304 1286 1315 1293 1286 1309 1315 1293 1316 1317 1318 1319 1306 1267 1294 1305 1320 1306 1267 1279 1321 1270 1295 1280 1269 1307 1295 1280 1261 1296 1266 1293 1260 1296 1275 1287 1296 1261 1275 1293 1311 1296 1263 1287 1296 1311 1263 1273 1302 1281 1322 1293 1296 1266 1309 1273 1297 1273 1308 1323 1300 1298 1311 1263 1284 1313 1299 1309 1313 1309 1284 1273 1310 1312 1289 1275 1299 1315 1286 1309 1286 1266 1309 1293 1281 1303 1322 1293 1298 1311 1287 1324 1300 1325 1288 1311 1288 1311 1308 1273 1301 1275 1312 1287 1301 1289 1326 1312 1313 1273 1297 1323 1302 1327 1310 1275 1302 1327 1275 1293 1298 1287 1314 1324 1292 1312 1314 1287 1292 1301 1328 1312 1304 1327 1303 1293 1304 1315 1309 1293 1317 1316 1329 1319 1318 1330 1316 1319 1316 1297 1308 1323 1289 1310 1326 1312 1316 1313 1297 1323 1331 1298 1314 1324 1332 1333 1334 1335 1336 1331 1337 1338 1325 1339 1340 1341 1306 1294 1342 1305 1267 1306 1320 1305 1321 1295 1307 1280 1307 1295 1343 1269 1296 1309 1266 1293 1312 1275 1296 1287 1296 1275 1327 1293 1311 1312 1296 1287 1296 1309 1311 1273 1302 1322 1327 1293 1308 1273 1311 1323 1300 1311 1298 1324 1299 1313 1330 1309 1309 1273 1313 1323 1310 1327 1312 1275 1344 1315 1299 1309 1303 1327 1322 1293 1312 1287 1311 1324 1325 1329 1288 1311 1345 1325 1300 1311 1308 1288 1329 1311 1301 1326 1335 1312 1346 1310 1302 1327 1314 1287 1312 1324 1328 1314 1292 1312 1301 1335 1328 1312 1303 1304 1347 1327 1309 1327 1304 1293 1304 1315 1348 1309 1329 1349 1317 1319 1329 1319 1316 1323 1350 1330 1318 1319 1330 1316 1319 1323 1329 1316 1308 1323 1351 1326 1310 1312 1330 1313 1316 1323 1298 1331 1345 1324 1328 1331 1314 1324 1335 1332 1333 1326 1328 1334 1333 1335 1331 1328 1337 1338 1338 1336 1331 1345 1339 1340 1345 1325 1341 1325 1339 1329 1345 1300 1298 1324 1348 1352 1304 1309 1329 1349 1341 1317 1330 1353 1350 1318 1354 1355 1332 1326 1354 1351 1355 1326 1334 1328 1356 1337 1357 1336 1345 1340 1351 1358 1359 1354 1360 1348 1361 1362 1320 1306 1342 1305 1363 1267 1320 1305 1364 1321 1307 1280 1321 1307 1295 1343 1296 1327 1309 1293 1312 1327 1296 1275 1296 1312 1311 1365 1296 1311 1309 1365 1311 1273 1309 1323 1346 1302 1322 1327 1329 1308 1311 1323 1345 1311 1300 1324 1330 1344 1299 1309 1330 1309 1313 1323 1310 1351 1312 1327 1348 1315 1344 1309 1322 1303 1347 1327 1311 1365 1312 1324 1325 1339 1329 1311 1345 1339 1325 1311 1326 1312 1333 1335 1310 1346 1351 1327 1328 1314 1312 1324 1333 1328 1335 1312 1347 1304 1352 1327 1304 1309 1352 1327 1349 1319 1329 1323 1330 1319 1350 1323 1351 1355 1326 1312 1331 1338 1345 1324 1328 1338 1331 1324 1355 1333 1332 1326 1334 1356 1328 1333 1328 1356 1337 1338 1338 1357 1336 1345 1340 1345 1357 1339 1341 1339 1349 1329 1348 1360 1352 1309 1330 1350 1353 1344 1355 1358 1351 1354 1359 1346 1358 1351 1344 1348 1360 1362 1352 1360 1348 1361 1346 1358 1366 1359 1344 1360 1353 1362 1352 1367 1368 1361 1368 1367 1352 1347 1369 1306 1342 1320 1320 1342 1363 1305 1364 1370 1321 1280 1343 1321 1307 1364 1321 1295 1371 1343 1309 1327 1296 1365 1312 1296 1327 1365 1309 1365 1311 1323 1372 1346 1322 1327 1329 1311 1349 1323 1357 1311 1345 1324 1330 1350 1344 1309 1330 1350 1309 1323 1358 1312 1351 1327 1360 1348 1344 1309 1322 1347 1372 1327 1311 1373 1365 1324 1374 1312 1365 1324 1349 1329 1339 1311 1345 1357 1339 1311 1326 1333 1312 1355 1358 1351 1346 1327 1356 1328 1312 1324 1333 1356 1328 1312 1347 1352 1368 1327 1360 1352 1309 1327 1350 1319 1349 1323 1355 1351 1358 1312 1357 1345 1338 1324 1356 1338 1328 1324 1350 1360 1353 1344 1368 1360 1352 1361 1366 1372 1358 1346 1367 1368 1372 1347 1311 1365 1373 1323 1368 1367 1372 1366 1369 1342 1363 1320 1342 1375 1363 1305 1321 1364 1371 1370 1376 1343 1307 1364 1371 1364 1321 1343 1360 1327 1309 1365 1312 1327 1358 1365 1377 1365 1309 1323 1358 1346 1372 1327 1349 1311 1373 1323 1373 1311 1357 1324 1360 1344 1350 1309 1377 1309 1350 1323 1372 1347 1368 1327 1374 1365 1373 1324 1374 1312 1355 1365 1356 1312 1374 1324 1339 1357 1349 1311 1355 1356 1333 1312 1360 1368 1352 1327 1349 1373 1350 1323 1355 1312 1358 1365 1357 1338 1356 1324 1372 1358 1368 1366 1377 1373 1365 1323 1369 1363 1378 1320 1363 1375 1342 1369 1305 1375 1363 1379 1380 1370 1371 1364 1376 1307 1381 1364 1371 1343 1376 1364 1377 1360 1309 1365 1368 1327 1360 1365 1382 1358 1327 1365 1358 1372 1368 1327 1357 1373 1349 1311 1356 1373 1357 1324 1360 1350 1377 1309 1377 1350 1373 1323 1377 1373 1374 1365 1356 1374 1373 1324 1374 1356 1355 1312 1382 1374 1355 1365 1350 1349 1383 1373 1382 1355 1358 1365 1368 1382 1327 1365 1375 1363 1378 1369 1384 1342 1375 1369 1363 1375 1384 1379 1371 1385 1370 1380 1371 1364 1381 1380 1381 1364 1371 1376 1371 1343 1386 1376 1377 1382 1360 1365 1368 1360 1382 1365 1382 1358 1368 1327 1387 1349 1357 1373 1388 1357 1356 1373 1389 1360 1350 1377 1377 1350 1383 1373 1377 1374 1373 1390 1374 1382 1377 1365 1374 1388 1356 1373 1374 1355 1356 1391 1382 1355 1374 1392 1349 1387 1383 1373 1382 1358 1355 1392 1355 1374 1392 1391 1375 1363 1384 1378 1378 1384 1375 1369 1363 1384 1378 1379 1386 1385 1371 1380 1381 1386 1371 1380 1371 1386 1381 1376 1377 1360 1382 1393 1360 1368 1382 1393 1382 1368 1358 1394 1387 1357 1388 1373 1350 1383 1389 1377 1377 1389 1360 1393 1377 1373 1383 1390 1374 1377 1382 1390 1388 1373 1374 1390 1356 1388 1374 1391 1374 1382 1392 1390 1383 1373 1387 1390 1392 1382 1358 1394 1374 1392 1391 1390 1371 1395 1385 1386 1384 1378 1396 1369 1397 1363 1378 1379 1396 1378 1384 1379 1386 1380 1381 1385 1386 1395 1381 1376 1377 1393 1382 1390 1382 1368 1398 1393 1382 1398 1368 1394 1387 1373 1388 1390 1389 1377 1383 1390 1377 1389 1393 1390 1388 1374 1391 1390 1382 1394 1392 1390 1387 1399 1383 1390 1392 1400 1391 1390 1381 1385 1395 1386 1395 1386 1401 1376 1400 1402 1391 1390 1397 1403 1363 1379 1378 1396 1397 1379 1396 1384 1404 1379 1385 1381 1405 1380 1406 1381 1395 1376 1382 1393 1398 1390 1382 1398 1394 1390 1387 1388 1399 1390 1383 1407 1389 1390 1408 1393 1389 1390 1391 1402 1388 1390 1394 1409 1392 1390 1399 1410 1383 1390 1392 1409 1400 1390 1385 1405 1381 1395 1406 1395 1401 1376 1390 1402 1411 1400 1383 1410 1407 1390 1404 1403 1397 1379 1397 1396 1404 1379 1384 1412 1404 1379 1413 1405 1381 1380 1395 1405 1381 1406 1408 1398 1393 1390 1394 1398 1409 1390 1414 1399 1388 1390 1407 1408 1389 1390 1414 1388 1402 1390 1399 1415 1410 1390 1411 1400 1409 1390 1395 1385 1405 1416 1405 1395 1401 1406 1390 1411 1402 1415 1410 1415 1407 1390 1404 1403 1417 1397 1379 1404 1403 1418 1396 1404 1419 1397 1379 1412 1404 1418 1413 1381 1405 1406 1398 1408 1420 1390 1398 1420 1409 1390 1414 1415 1399 1390 1407 1415 1408 1390 1414 1402 1415 1390 1421 1410 1399 1415 1411 1409 1415 1390 1395 1405 1401 1416 1422 1406 1405 1401 1402 1411 1423 1415 1410 1424 1407 1415 1417 1419 1404 1397 1417 1404 1418 1403 1417 1404 1412 1418 1413 1425 1381 1406 1405 1406 1422 1413 1408 1415 1420 1390 1420 1415 1409 1390 1414 1421 1399 1415 1415 1426 1407 1408 1402 1423 1414 1415 1410 1421 1427 1415 1409 1428 1411 1415 1422 1401 1405 1416 1422 1401 1425 1406 1411 1429 1423 1415 1410 1427 1424 1415 1407 1426 1415 1424 1417 1430 1404 1419 1418 1417 1403 1431 1417 1404 1430 1412 1412 1430 1417 1418 1413 1422 1425 1406 1426 1420 1408 1415 1409 1420 1428 1415 1432 1421 1414 1415 1423 1432 1414 1415 1433 1427 1421 1415 1411 1428 1429 1415 1405 1416 1434 1422 1416 1401 1425 1422 1435 1425 1401 1406 1423 1429 1436 1415 1437 1424 1427 1415 1437 1426 1424 1415 1430 1419 1417 1438 1439 1417 1431 1403 1430 1417 1418 1431 1418 1412 1430 1431 1425 1422 1413 1440 1420 1426 1441 1415 1420 1441 1428 1415 1432 1433 1421 1415 1432 1423 1436 1415 1433 1442 1427 1415 1428 1442 1429 1415 1434 1416 1425 1422 1416 1425 1401 1435 1429 1442 1436 1415 1437 1427 1442 1415 1426 1437 1443 1415 1416 1401 1444 1435 1438 1417 1430 1431 1439 1431 1417 1438 1412 1445 1430 1431 1422 1425 1434 1440 1426 1443 1441 1415 1441 1442 1428 1415 1432 1442 1433 1415 1432 1436 1442 1415 1446 1427 1433 1442 1428 1447 1429 1442 1425 1416 1434 1435 1429 1448 1436 1442 1437 1427 1449 1442 1437 1442 1443 1415 1434 1416 1444 1435 1449 1427 1446 1442 1450 1416 1444 1434 1438 1430 1445 1431 1438 1445 1439 1431 1425 1434 1440 1435 1443 1442 1441 1415 1428 1441 1447 1442 1451 1433 1432 1442 1451 1432 1436 1442 1433 1452 1446 1442 1429 1447 1448 1442 1436 1448 1453 1442 1454 1437 1449 1442 1454 1443 1437 1442 1435 1434 1450 1444 1449 1446 1455 1442 1435 1450 1434 1440 1456 1434 1450 1440 1457 1430 1445 1438 1439 1445 1458 1431 1457 1445 1439 1438 1459 1425 1440 1435 1441 1443 1460 1442 1441 1460 1447 1442 1433 1451 1452 1442 1436 1453 1451 1442 1452 1455 1446 1442 1448 1447 1461 1442 1448 1461 1453 1442 1449 1455 1454 1442 1443 1454 1462 1442 1463 1435 1450 1444 1450 1456 1440 1435 1464 1465 1466 1467 1468 1464 1469 1466 1464 1470 1471 1468 1472 1473 1474 1475 1458 1445 1439 1457 1476 1457 1439 1438 1440 1456 1459 1435 1443 1462 1460 1442 1477 1447 1460 1442 1452 1451 1478 1442 1453 1479 1451 1442 1452 1478 1455 1442 1477 1461 1447 1442 1479 1453 1461 1442 1455 1480 1454 1442 1480 1462 1454 1442 1444 1463 1481 1450 1450 1435 1463 1456 1482 1466 1465 1467 1464 1466 1465 1469 1464 1469 1470 1468 1471 1483 1468 1470 1484 1474 1472 1473 1475 1485 1474 1472 1452 1451 1474 1478 1455 1452 1470 1478 1465 1454 1455 1480 1469 1464 1470 1465 1483 1471 1468 1485 1484 1486 1474 1473 1485 1475 1474 1471 1470 1465 1455 1478 1473 1484 1486 1487 1488 1445 1458 1457 1457 1439 1458 1476 1456 1463 1459 1435 1460 1462 1489 1442 1489 1477 1460 1442 1479 1478 1451 1442 1453 1486 1451 1479 1455 1478 1480 1442 1461 1477 1489 1442 1479 1453 1490 1461 1479 1461 1489 1442 1482 1454 1480 1462 1489 1462 1480 1442 1463 1481 1450 1456 1466 1467 1482 1491 1482 1465 1466 1469 1483 1470 1469 1468 1470 1483 1474 1471 1474 1484 1472 1492 1472 1485 1474 1492 1474 1470 1452 1478 1486 1474 1451 1478 1454 1465 1482 1480 1480 1455 1465 1478 1469 1470 1478 1465 1471 1483 1474 1485 1486 1484 1474 1493 1494 1486 1484 1487 1491 1467 1482 1495 1494 1490 1486 1487 1487 1494 1490 1496 1494 1497 1496 1498 1458 1488 1457 1476 1439 1499 1458 1476 1481 1463 1459 1456 1489 1460 1500 1462 1489 1500 1460 1477 1479 1486 1451 1478 1479 1480 1478 1442 1453 1490 1486 1479 1489 1461 1501 1477 1490 1479 1461 1489 1489 1480 1479 1442 1480 1489 1482 1462 1502 1450 1481 1456 1466 1482 1503 1491 1469 1482 1503 1466 1482 1465 1469 1480 1483 1478 1469 1470 1474 1483 1470 1478 1474 1492 1493 1484 1492 1474 1483 1485 1474 1486 1493 1478 1478 1469 1465 1480 1493 1486 1484 1494 1491 1482 1500 1495 1490 1494 1486 1497 1494 1496 1497 1490 1504 1496 1497 1498 1461 1501 1490 1489 1495 1505 1500 1491 1506 1498 1496 1504 1505 1495 1500 1507 1496 1504 1501 1506 1496 1504 1490 1501 1457 1488 1508 1476 1488 1458 1508 1476 1508 1458 1499 1476 1481 1509 1456 1459 1481 1459 1463 1510 1500 1482 1489 1462 1501 1500 1489 1477 1479 1493 1486 1478 1480 1511 1479 1478 1490 1497 1486 1479 1490 1497 1479 1489 1511 1489 1480 1479 1512 1489 1482 1480 1456 1509 1481 1502 1482 1491 1500 1503 1503 1482 1469 1480 1478 1483 1469 1513 1492 1478 1483 1474 1493 1492 1474 1478 1478 1514 1469 1480 1486 1493 1497 1494 1504 1497 1496 1490 1490 1504 1489 1501 1505 1500 1491 1515 1506 1498 1504 1516 1507 1516 1500 1505 1504 1506 1500 1501 1463 1517 1481 1510 1507 1516 1506 1500 1518 1458 1508 1488 1476 1499 1508 1519 1499 1458 1508 1520 1459 1481 1509 1510 1482 1500 1489 1512 1489 1504 1500 1501 1497 1493 1486 1479 1493 1479 1511 1478 1514 1511 1480 1478 1504 1490 1489 1497 1511 1479 1497 1489 1512 1480 1511 1489 1482 1503 1512 1480 1481 1502 1509 1510 1500 1491 1515 1503 1500 1482 1503 1512 1469 1503 1480 1514 1521 1469 1483 1513 1478 1492 1483 1513 1514 1478 1469 1513 1493 1492 1478 1513 1515 1505 1500 1516 1506 1504 1500 1516 1502 1481 1517 1510 1478 1511 1493 1513 1478 1514 1511 1513 1517 1522 1481 1502 1523 1488 1518 1508 1508 1458 1518 1520 1519 1499 1508 1520 1524 1459 1509 1510 1504 1489 1500 1512 1479 1497 1493 1511 1480 1512 1511 1514 1489 1504 1497 1512 1497 1511 1489 1512 1480 1503 1512 1514 1502 1510 1525 1509 1503 1515 1500 1512 1503 1469 1526 1514 1521 1483 1527 1513 1469 1521 1514 1513 1527 1483 1492 1513 1492 1493 1528 1513 1500 1504 1515 1516 1522 1510 1502 1517 1511 1528 1493 1513 1514 1511 1513 1529 1520 1508 1523 1518 1519 1530 1499 1520 1520 1523 1508 1519 1524 1509 1525 1510 1504 1512 1500 1515 1511 1497 1493 1531 1511 1514 1512 1529 1532 1497 1504 1512 1532 1511 1497 1512 1503 1512 1514 1533 1502 1510 1522 1525 1512 1503 1515 1533 1469 1521 1526 1514 1514 1526 1503 1533 1521 1513 1527 1529 1514 1513 1521 1529 1527 1492 1528 1513 1510 1522 1534 1517 1493 1528 1511 1531 1528 1513 1511 1529 1535 1522 1534 1536 1537 1523 1518 1520 1520 1538 1530 1499 1519 1523 1530 1520 1524 1522 1510 1525 1515 1504 1512 1539 1511 1497 1531 1532 1512 1532 1511 1529 1514 1533 1512 1529 1504 1532 1512 1539 1512 1515 1540 1533 1521 1526 1514 1529 1526 1533 1514 1529 1527 1541 1521 1529 1528 1527 1513 1529 1510 1534 1522 1542 1511 1531 1528 1529 1534 1542 1535 1536 1542 1522 1536 1534 1536 1522 1543 1525 1544 1523 1518 1537 1523 1537 1530 1520 1520 1530 1538 1537 1530 1545 1523 1519 1543 1522 1524 1525 1524 1510 1522 1542 1512 1540 1515 1539 1532 1531 1511 1529 1512 1539 1532 1529 1512 1533 1540 1529 1521 1546 1526 1529 1526 1547 1533 1529 1548 1541 1527 1529 1541 1546 1521 1529 1549 1527 1528 1529 1528 1531 1549 1529 1534 1535 1542 1550 1543 1535 1542 1536 1522 1543 1542 1536 1544 1545 1523 1537 1523 1537 1545 1530 1545 1537 1538 1530 1542 1543 1522 1524 1540 1539 1512 1529 1551 1531 1532 1529 1532 1539 1552 1529 1547 1540 1533 1529 1526 1546 1547 1529 1549 1548 1527 1529 1541 1529 1548 1553 1546 1529 1541 1553 1549 1531 1554 1529 1534 1555 1550 1542 1543 1542 1535 1550 1535 1536 1543 1556 1557 1546 1541 1553 1523 1545 1544 1558 1545 1537 1544 1538 1559 1545 1538 1530 1543 1542 1560 1524 1540 1552 1539 1529 1554 1531 1551 1529 1551 1532 1552 1529 1540 1547 1561 1529 1547 1529 1546 1553 1549 1548 1529 1553 1548 1562 1541 1553 1549 1529 1554 1553 1543 1550 1555 1542 1543 1556 1550 1535 1541 1562 1557 1553 1557 1547 1546 1553 1545 1563 1544 1558 1537 1544 1538 1564 1545 1538 1544 1559 1560 1542 1543 1555 1540 1561 1552 1529 1554 1529 1551 1553 1551 1529 1552 1553 1561 1529 1547 1553 1565 1548 1549 1553 1566 1562 1548 1553 1565 1549 1554 1553 1550 1556 1543 1555 1550 1567 1535 1556 1562 1568 1557 1553 1569 1547 1557 1553 1544 1563 1545 1559 1559 1538 1544 1564 1543 1560 1555 1556 1561 1552 1529 1553 1554 1551 1570 1553 1551 1552 1571 1553 1569 1561 1547 1553 1565 1566 1548 1553 1566 1572 1562 1553 1570 1565 1554 1553 1567 1550 1555 1556 1573 1550 1567 1535 1568 1569 1557 1553 1562 1572 1568 1553 1574 1565 1554 1570 1544 1563 1559 1564 1559 1575 1538 1564 1567 1555 1560 1556 1561 1571 1552 1553 1551 1571 1570 1553 1561 1569 1576 1553 1565 1572 1566 1553 1577 1562 1566 1572 1570 1572 1565 1553 1555 1573 1550 1567 1568 1572 1569 1553 1577 1568 1562 1572 1570 1574 1565 1572 1563 1544 1578 1564 1559 1563 1578 1564 1559 1578 1575 1564 1579 1567 1560 1556 1573 1555 1560 1567 1571 1561 1576 1553 1571 1572 1570 1553 1569 1572 1576 1553 1580 1566 1565 1572 1581 1577 1566 1572 1569 1568 1582 1572 1577 1583 1568 1572 1574 1580 1565 1572 1570 1584 1574 1572 1584 1570 1571 1572 1585 1563 1578 1559 1586 1575 1578 1564 1585 1578 1575 1559 1556 1579 1567 1587 1560 1573 1567 1579 1573 1560 1555 1588 1571 1576 1572 1553 1569 1582 1576 1572 1580 1581 1566 1572 1577 1581 1589 1572 1583 1582 1568 1572 1577 1589 1583 1572 1574 1590 1580 1572 1584 1591 1574 1572 1571 1592 1584 1572 1593 1563 1578 1585 1586 1578 1575 1585 1573 1567 1579 1587 1579 1560 1573 1588 1571 1576 1592 1572 1576 1582 1594 1572 1581 1572 1580 1595 1589 1572 1581 1595 1583 1596 1582 1572 1589 1583 1572 1595 1574 1591 1590 1572 1590 1580 1572 1595 1584 1592 1591 1572 1586 1593 1578 1585 1585 1575 1586 1597 1567 1573 1598 1587 1587 1579 1573 1588 1599 1560 1579 1588 1576 1594 1592 1572 1594 1582 1596 1572 1600 1581 1580 1595 1601 1589 1581 1595 1596 1572 1583 1595 1602 1583 1589 1595 1591 1590 1572 1595 1590 1600 1580 1595 1603 1591 1592 1572 1586 1578 1593 1604 1585 1586 1593 1597 1575 1605 1586 1597 1573 1598 1587 1588 1599 1579 1587 1588 1603 1592 1594 1572 1594 1572 1596 1595 1600 1601 1581 1595 1589 1601 1606 1595 1602 1596 1583 1595 1589 1606 1602 1595 1591 1607 1590 1595 1591 1572 1603 1595 1600 1590 1608 1595 1593 1586 1604 1597 1609 1586 1605 1597 1573 1610 1598 1588 1587 1598 1599 1588 1603 1572 1594 1595 1594 1596 1611 1595 1600 1612 1601 1595 1601 1613 1606 1595 1602 1614 1596 1595 1602 1606 1613 1595 1590 1607 1608 1595 1591 1603 1607 1595 1600 1608 1612 1595 1615 1593 1604 1597 1586 1609 1604 1597 1609 1605 1615 1597 1598 1610 1599 1588 1598 1599 1616 1587 1603 1594 1611 1595 1611 1596 1614 1595 1601 1612 1613 1595 1617 1606 1601 1613 1602 1613 1614 1595 1618 1602 1606 1613 1607 1613 1608 1595 1603 1619 1607 1595 1608 1613 1612 1595 1604 1609 1615 1597 1605 1615 1597 1620 1609 1615 1605 1621 1599 1610 1622 1588 1598 1599 1610 1616 1603 1611 1619 1595 1614 1613 1611 1595 1612 1617 1601 1613 1617 1623 1606 1613 1618 1614 1602 1613 1623 1618 1606 1613 1607 1624 1608 1613 1607 1619 1613 1595 1625 1612 1608 1613 1621 1609 1615 1604 1621 1615 1605 1620 1605 1609 1621 1626 1616 1599 1610 1622 1598 1610 1627 1616 1611 1613 1619 1595 1611 1614 1628 1613 1629 1617 1612 1613 1630 1623 1617 1613 1631 1614 1618 1613 1623 1632 1618 1613 1607 1619 1624 1613 1625 1608 1624 1613 1629 1612 1625 1613 1615 1621 1633 1620 1621 1605 1626 1620 1634 1616 1622 1599 1616 1610 1627 1622 1611 1628 1619 1613 1631 1628 1614 1613 1629 1630 1617 1613 1630 1635 1623 1613 1632 1631 1618 1613 1623 1635 1632 1613 1636 1624 1619 1613 1637 1625 1624 1613 1638 1629 1625 1613 1626 1633 1621 1620 1626 1605 1639 1620 1622 1616 1634 1640 1610 1641 1627 1622 1627 1640 1616 1622 1628 1636 1619 1613 1628 1631 1642 1613 1629 1635 1630 1613 1623 1630 1643 1635 1632 1635 1631 1613 1623 1643 1632 1635 1636 1637 1624 1613 1638 1625 1637 1613 1638 1635 1629 1613 1644 1633 1621 1626 1626 1620 1645 1633 1626 1645 1620 1639 1640 1641 1634 1622 1627 1641 1640 1622 1636 1628 1642 1613 1631 1635 1642 1613 1646 1630 1629 1635 1647 1643 1630 1635 1631 1632 1648 1635 1649 1632 1643 1635 1636 1635 1637 1613 1638 1637 1635 1613 1646 1629 1638 1635 1644 1645 1633 1626 1639 1645 1644 1626 1622 1641 1634 1650 1641 1634 1651 1640 1651 1627 1641 1640 1636 1642 1635 1613 1631 1648 1642 1635 1647 1630 1646 1635 1647 1643 1635 1652 1649 1648 1632 1635 1649 1635 1643 1652 1636 1653 1637 1635 1654 1638 1637 1635 1655 1646 1638 1635 1633 1656 1645 1644 1651 1634 1657 1640 1658 1639 1644 1626 1639 1645 1656 1644 1641 1651 1634 1650 1636 1642 1653 1635 1642 1648 1659 1635 1647 1635 1646 1652 1647 1660 1643 1652 1648 1635 1649 1652 1660 1649 1643 1652 1653 1654 1637 1635 1655 1638 1654 1635 1646 1635 1655 1652 1661 1657 1634 1640 1662 1651 1634 1657 1662 1651 1641 1650 1657 1662 1651 1663 1644 1656 1639 1658 1656 1645 1639 1664 1634 1651 1662 1650 1653 1642 1659 1635 1659 1635 1648 1652 1665 1647 1646 1652 1666 1660 1647 1652 1667 1648 1649 1652 1668 1649 1660 1652 1654 1635 1653 1652 1655 1635 1654 1652 1665 1646 1655 1652 1634 1661 1662 1657 1661 1662 1657 1663 1644 1669 1656 1658 1661 1663 1657 1670 1658 1656 1639 1664 1662 1661 1634 1650 1659 1653 1635 1652 1667 1659 1648 1652 1666 1647 1665 1652 1666 1671 1660 1652 1668 1667 1649 1652 1668 1660 1671 1652 1672 1654 1653 1652 1654 1673 1655 1652 1674 1665 1655 1652 1670 1662 1661 1663 1644 1675 1669 1658 1658 1669 1656 1664 1639 1676 1658 1664 1677 1634 1661 1650 1670 1661 1662 1650 1659 1672 1653 1652 1659 1667 1678 1652 1666 1665 1671 1652 1666 1679 1660 1671 1668 1671 1667 1652 1679 1668 1660 1671 1654 1672 1673 1652 1674 1655 1673 1652 1674 1671 1665 1652 1662 1680 1663 1670 1675 1669 1658 1664 1656 1669 1681 1664 1656 1681 1669 1682 1658 1676 1675 1664 1677 1661 1670 1650 1670 1683 1650 1662 1659 1678 1672 1652 1667 1671 1678 1652 1684 1666 1665 1671 1685 1679 1666 1671 1686 1667 1668 1671 1687 1668 1679 1671 1672 1671 1673 1652 1674 1673 1671 1652 1684 1665 1674 1671 1680 1688 1662 1663 1680 1662 1683 1670 1669 1664 1675 1689 1689 1681 1669 1664 1689 1669 1681 1682 1669 1690 1682 1689 1675 1664 1676 1689 1670 1650 1683 1677 1678 1671 1672 1652 1686 1678 1667 1671 1685 1666 1684 1671 1685 1679 1671 1691 1687 1686 1668 1671 1687 1671 1679 1691 1692 1673 1672 1671 1693 1674 1673 1671 1694 1684 1674 1671 1688 1662 1683 1680 1695 1683 1670 1680 1669 1675 1690 1689 1676 1664 1681 1689 1682 1696 1681 1689 1690 1697 1682 1689 1682 1697 1696 1689 1676 1698 1675 1689 1699 1677 1683 1650 1695 1670 1683 1677 1692 1672 1678 1671 1678 1686 1700 1671 1685 1671 1684 1691 1685 1701 1679 1691 1686 1671 1687 1691 1701 1687 1679 1691 1693 1673 1692 1671 1694 1674 1693 1671 1684 1671 1694 1691 1683 1702 1662 1688 1683 1688 1680 1695 1703 1690 1675 1689 1681 1704 1676 1689 1696 1704 1681 1689 1703 1697 1690 1689 1705 1696 1697 1689 1706 1707 1708 1709 1710 1708 1711 1712 1713 1712 1714 1715 1716 1698 1676 1689 1703 1675 1698 1689 1695 1677 1683 1699 1678 1700 1692 1671 1700 1671 1686 1691 1717 1685 1684 1691 1718 1701 1685 1691 1719 1686 1687 1691 1720 1687 1701 1691 1693 1671 1692 1691 1694 1671 1693 1691 1717 1684 1694 1691 1683 1702 1688 1699 1721 1680 1688 1695 1695 1683 1688 1699 1676 1704 1716 1689 1705 1704 1696 1689 1703 1705 1697 1689 1697 1722 1696 1705 1706 1708 1710 1709 1709 1706 1707 1723 1724 1710 1711 1712 1711 1708 1710 1706 1715 1714 1713 1725 1712 1713 1714 1726 1705 1727 1696 1704 1728 1707 1706 1723 1712 1724 1713 1726 1729 1730 1731 1732 1732 1730 1731 1733 1707 1728 1732 1733 1727 1724 1710 1734 1716 1705 1698 1689 1705 1703 1698 1689 1695 1735 1677 1699 1700 1692 1671 1691 1719 1700 1686 1691 1718 1685 1717 1691 1718 1736 1701 1691 1720 1719 1687 1691 1720 1701 1736 1691 1737 1693 1692 1691 1738 1694 1693 1691 1739 1717 1694 1691 1740 1699 1688 1702 1688 1721 1695 1699 1716 1704 1705 1689 1705 1697 1741 1703 1696 1722 1727 1705 1741 1722 1697 1705 1710 1706 1709 1734 1706 1723 1709 1742 1712 1711 1724 1726 1724 1711 1710 1734 1710 1711 1706 1734 1713 1715 1725 1743 1714 1713 1725 1726 1712 1714 1711 1726 1744 1727 1705 1704 1728 1707 1723 1733 1728 1723 1706 1742 1724 1745 1713 1726 1731 1730 1729 1746 1730 1732 1728 1733 1733 1730 1731 1747 1722 1724 1727 1734 1710 1709 1727 1734 1688 1699 1740 1721 1748 1725 1715 1743 1745 1749 1713 1726 1729 1750 1731 1746 1751 1750 1729 1746 1706 1752 1753 1754 1706 1711 1752 1754 1755 1752 1756 1711 1757 1756 1758 1714 1756 1757 1711 1714 1725 1759 1758 1760 1714 1758 1760 1725 1722 1761 1745 1762 1724 1722 1745 1762 1705 1763 1716 1698 1703 1764 1705 1698 1695 1721 1735 1699 1700 1737 1692 1691 1700 1719 1765 1691 1718 1717 1736 1691 1766 1701 1718 1736 1720 1736 1719 1691 1766 1720 1701 1736 1737 1738 1693 1691 1738 1739 1694 1691 1739 1736 1717 1691 1702 1767 1740 1699 1705 1716 1744 1704 1705 1741 1764 1703 1705 1722 1727 1762 1722 1705 1741 1762 1706 1742 1709 1734 1744 1709 1723 1742 1724 1711 1734 1726 1711 1754 1706 1734 1725 1713 1743 1726 1760 1726 1714 1725 1757 1711 1714 1726 1705 1727 1744 1734 1733 1723 1728 1742 1706 1753 1728 1742 1724 1762 1745 1726 1730 1746 1731 1747 1733 1728 1730 1747 1733 1731 1768 1747 1722 1734 1727 1762 1724 1734 1722 1762 1734 1744 1709 1727 1721 1769 1699 1740 1743 1748 1725 1770 1743 1713 1749 1726 1749 1745 1761 1726 1731 1746 1750 1747 1746 1751 1750 1771 1706 1754 1753 1742 1711 1755 1752 1754 1756 1757 1755 1711 1772 1757 1758 1714 1773 1759 1725 1760 1760 1758 1714 1772 1741 1761 1722 1762 1745 1762 1761 1726 1723 1774 1744 1742 1757 1734 1711 1726 1733 1774 1723 1742 1775 1730 1728 1747 1768 1774 1733 1747 1754 1776 1753 1742 1777 1775 1778 1730 1778 1779 1777 1730 1730 1779 1777 1746 1728 1753 1775 1776 1764 1763 1705 1698 1705 1716 1763 1780 1721 1699 1769 1735 1737 1700 1765 1691 1719 1736 1765 1691 1781 1718 1717 1736 1782 1766 1718 1736 1783 1719 1720 1736 1720 1766 1784 1736 1737 1736 1738 1691 1738 1736 1739 1691 1781 1717 1739 1736 1767 1699 1769 1740 1744 1716 1705 1785 1764 1741 1705 1762 1705 1727 1734 1762 1754 1742 1706 1734 1734 1709 1744 1742 1724 1734 1762 1726 1755 1754 1711 1734 1743 1786 1725 1726 1760 1725 1786 1726 1714 1726 1760 1772 1772 1757 1714 1726 1705 1744 1785 1734 1733 1742 1728 1747 1753 1776 1728 1742 1779 1746 1730 1747 1787 1768 1731 1747 1748 1773 1725 1770 1743 1770 1725 1786 1743 1749 1788 1726 1749 1761 1762 1726 1750 1787 1731 1747 1750 1747 1746 1771 1746 1789 1751 1771 1751 1790 1750 1771 1755 1711 1757 1734 1760 1773 1759 1791 1725 1773 1760 1786 1761 1741 1792 1762 1744 1774 1716 1742 1757 1793 1734 1726 1774 1742 1733 1747 1775 1728 1776 1747 1775 1778 1730 1747 1768 1794 1774 1747 1754 1795 1776 1742 1778 1779 1730 1747 1779 1796 1777 1746 1797 1773 1748 1770 1798 1770 1743 1786 1799 1759 1773 1791 1751 1789 1800 1790 1789 1800 1790 1801 1716 1774 1794 1802 1763 1764 1705 1780 1763 1716 1803 1780 1705 1785 1716 1780 1767 1769 1699 1735 1737 1765 1736 1691 1783 1765 1719 1736 1782 1718 1781 1736 1766 1736 1782 1804 1720 1784 1783 1736 1784 1736 1766 1804 1805 1738 1737 1736 1806 1739 1738 1736 1806 1781 1739 1736 1807 1740 1767 1769 1744 1716 1785 1742 1764 1808 1741 1762 1764 1705 1785 1762 1705 1734 1785 1762 1795 1742 1754 1734 1744 1742 1785 1734 1788 1762 1734 1726 1795 1754 1755 1734 1743 1788 1786 1726 1760 1786 1772 1726 1772 1793 1757 1726 1728 1742 1776 1747 1746 1747 1779 1771 1747 1794 1787 1768 1725 1770 1773 1786 1743 1788 1749 1786 1749 1762 1788 1726 1762 1749 1792 1761 1787 1747 1750 1771 1789 1746 1796 1771 1789 1790 1751 1771 1750 1790 1809 1771 1755 1757 1793 1734 1773 1791 1760 1786 1762 1792 1808 1741 1716 1742 1774 1802 1788 1734 1793 1726 1774 1802 1742 1747 1775 1776 1778 1747 1794 1802 1774 1747 1810 1776 1795 1742 1811 1779 1778 1747 1746 1779 1796 1771 1773 1797 1812 1770 1743 1749 1798 1786 1798 1813 1770 1786 1773 1814 1799 1791 1815 1790 1800 1801 1790 1789 1801 1816 1794 1803 1716 1802 1716 1802 1803 1780 1809 1787 1750 1771 1817 1812 1797 1770 1818 1815 1800 1801 1812 1819 1817 1797 1789 1796 1820 1821 1820 1789 1821 1801 1822 1823 1824 1819 1819 1824 1822 1812 1814 1799 1825 1812 1763 1826 1764 1780 1764 1785 1705 1780 1803 1827 1763 1780 1716 1785 1742 1780 1699 1767 1735 1828 1769 1735 1767 1829 1805 1737 1765 1736 1765 1783 1830 1736 1782 1736 1781 1804 1831 1766 1782 1804 1783 1736 1784 1804 1784 1766 1831 1804 1738 1805 1832 1736 1806 1738 1832 1736 1806 1781 1736 1804 1767 1807 1769 1829 1762 1808 1785 1764 1793 1785 1734 1762 1795 1785 1742 1734 1793 1734 1788 1762 1793 1795 1755 1734 1772 1786 1788 1726 1760 1833 1772 1786 1772 1788 1793 1726 1776 1742 1802 1747 1779 1747 1811 1771 1747 1787 1794 1802 1812 1773 1770 1786 1749 1788 1798 1786 1762 1792 1749 1788 1787 1834 1747 1771 1789 1796 1821 1771 1790 1771 1789 1816 1809 1790 1835 1771 1833 1760 1791 1786 1773 1814 1791 1786 1762 1808 1792 1836 1716 1742 1802 1780 1776 1811 1778 1747 1810 1742 1795 1802 1776 1742 1810 1802 1779 1821 1796 1771 1770 1813 1817 1786 1837 1813 1798 1786 1812 1814 1799 1773 1790 1801 1815 1816 1821 1801 1789 1816 1794 1838 1803 1802 1803 1802 1827 1780 1809 1834 1787 1771 1812 1770 1817 1786 1815 1818 1839 1801 1819 1817 1824 1812 1840 1820 1821 1801 1823 1841 1822 1824 1822 1812 1824 1842 1825 1822 1814 1812 1795 1742 1785 1802 1843 1798 1749 1788 1843 1749 1792 1788 1844 1792 1808 1836 1803 1838 1827 1802 1840 1845 1820 1801 1818 1839 1846 1847 1839 1845 1848 1849 1850 1825 1822 1851 1850 1822 1841 1851 1826 1763 1827 1780 1852 1764 1826 1780 1780 1785 1808 1764 1785 1802 1742 1780 1829 1735 1767 1828 1765 1830 1805 1736 1783 1830 1736 1804 1853 1782 1781 1804 1854 1831 1782 1804 1783 1784 1855 1804 1856 1784 1831 1804 1832 1736 1805 1804 1832 1806 1736 1804 1806 1853 1781 1804 1767 1807 1829 1828 1762 1785 1808 1836 1793 1785 1795 1734 1793 1788 1785 1762 1833 1788 1772 1786 1772 1833 1793 1788 1776 1802 1811 1747 1779 1811 1857 1771 1747 1834 1811 1771 1787 1838 1794 1802 1802 1747 1787 1834 1773 1812 1814 1786 1788 1858 1798 1786 1792 1836 1788 1762 1821 1789 1771 1816 1835 1771 1790 1816 1809 1835 1834 1771 1791 1859 1833 1786 1814 1859 1791 1786 1810 1795 1785 1802 1811 1776 1810 1802 1779 1857 1821 1771 1817 1786 1813 1860 1837 1798 1858 1786 1813 1786 1837 1860 1835 1790 1815 1816 1839 1815 1801 1816 1821 1840 1801 1816 1827 1802 1861 1780 1809 1862 1787 1834 1817 1812 1786 1842 1839 1818 1815 1847 1824 1812 1817 1842 1863 1841 1823 1824 1841 1822 1824 1842 1814 1812 1822 1842 1825 1822 1851 1814 1798 1788 1843 1858 1843 1788 1792 1836 1844 1808 1864 1836 1843 1792 1844 1836 1838 1865 1827 1802 1840 1845 1801 1849 1847 1846 1866 1839 1801 1845 1839 1849 1866 1839 1848 1849 1841 1867 1850 1851 1841 1851 1822 1842 1808 1764 1852 1780 1837 1798 1843 1858 1868 1813 1837 1860 1865 1861 1827 1802 1869 1863 1841 1823 1847 1866 1846 1870 1867 1850 1871 1841 1870 1866 1846 1872 1873 1874 1875 1869 1875 1841 1869 1876 1826 1827 1861 1780 1852 1826 1877 1780 1780 1808 1785 1836 1861 1802 1785 1780 1878 1735 1829 1828 1830 1805 1736 1804 1783 1855 1830 1804 1854 1782 1853 1804 1854 1879 1831 1804 1856 1855 1784 1804 1856 1831 1879 1804 1880 1832 1805 1804 1832 1881 1806 1804 1882 1853 1806 1804 1883 1807 1767 1828 1807 1884 1829 1828 1788 1836 1785 1762 1885 1795 1793 1785 1793 1886 1785 1788 1833 1858 1788 1786 1793 1833 1886 1788 1811 1747 1802 1834 1811 1834 1857 1771 1838 1802 1787 1834 1814 1786 1812 1842 1821 1771 1887 1816 1834 1771 1835 1816 1809 1835 1888 1834 1859 1858 1833 1786 1814 1859 1786 1860 1795 1885 1810 1785 1785 1861 1810 1802 1810 1889 1811 1802 1857 1887 1821 1771 1817 1813 1868 1860 1817 1842 1786 1860 1837 1786 1858 1860 1815 1890 1835 1816 1849 1801 1816 1839 1839 1847 1815 1816 1821 1887 1840 1816 1849 1816 1801 1840 1862 1809 1888 1834 1862 1838 1787 1834 1817 1868 1824 1842 1841 1824 1863 1842 1851 1814 1822 1842 1843 1858 1788 1836 1844 1864 1891 1836 1808 1892 1864 1836 1836 1843 1893 1844 1838 1865 1802 1894 1866 1847 1839 1895 1848 1866 1849 1896 1849 1866 1839 1895 1841 1867 1851 1842 1808 1852 1892 1780 1843 1893 1837 1858 1837 1897 1868 1860 1865 1898 1827 1861 1861 1802 1865 1894 1869 1841 1863 1876 1847 1866 1870 1895 1867 1841 1871 1876 1872 1870 1866 1899 1900 1873 1874 1875 1874 1875 1869 1876 1875 1871 1841 1876 1826 1827 1898 1861 1808 1892 1836 1780 1859 1858 1786 1860 1810 1861 1889 1802 1815 1847 1890 1816 1836 1893 1843 1858 1852 1864 1808 1892 1838 1862 1865 1894 1866 1848 1901 1896 1869 1863 1874 1876 1873 1902 1900 1874 1899 1903 1872 1904 1901 1905 1899 1906 1871 1907 1908 1875 1826 1861 1877 1780 1852 1877 1892 1780 1785 1836 1892 1780 1785 1892 1861 1780 1829 1884 1878 1828 1830 1880 1805 1804 1830 1855 1909 1804 1854 1853 1879 1804 1910 1831 1854 1879 1856 1879 1855 1804 1910 1856 1831 1879 1881 1832 1880 1804 1882 1806 1881 1804 1882 1879 1853 1804 1884 1807 1883 1828 1785 1788 1886 1836 1885 1793 1886 1785 1886 1788 1833 1858 1811 1802 1889 1834 1857 1811 1889 1834 1857 1834 1887 1771 1838 1894 1802 1834 1814 1786 1842 1860 1887 1771 1834 1816 1911 1834 1835 1816 1835 1911 1888 1834 1833 1859 1912 1858 1814 1913 1859 1860 1810 1785 1885 1861 1817 1868 1842 1860 1837 1858 1897 1860 1890 1914 1835 1816 1849 1895 1839 1816 1839 1895 1847 1816 1840 1887 1915 1816 1849 1840 1915 1816 1888 1916 1862 1834 1838 1862 1894 1834 1917 1824 1868 1842 1917 1863 1824 1842 1863 1841 1842 1876 1913 1814 1851 1842 1886 1788 1858 1836 1836 1893 1891 1844 1864 1892 1891 1836 1849 1896 1866 1895 1918 1851 1867 1842 1841 1867 1842 1876 1837 1893 1897 1858 1868 1897 1919 1860 1898 1861 1865 1894 1889 1802 1861 1894 1847 1870 1920 1895 1899 1870 1866 1895 1871 1908 1867 1876 1872 1870 1899 1904 1874 1900 1875 1921 1874 1921 1875 1876 1871 1875 1908 1876 1898 1877 1826 1861 1912 1858 1859 1860 1810 1922 1889 1861 1847 1914 1890 1816 1893 1923 1858 1836 1852 1877 1864 1892 1865 1862 1916 1894 1896 1901 1866 1906 1863 1924 1874 1876 1900 1925 1902 1873 1900 1874 1902 1921 1904 1899 1903 1926 1899 1866 1901 1906 1905 1899 1906 1927 1908 1907 1928 1875 1922 1810 1885 1861 1929 1898 1865 1894 1870 1904 1920 1895 1890 1847 1920 1914 1930 1904 1903 1926 1900 1928 1907 1875 1930 1903 1931 1926 1927 1926 1899 1932 1861 1892 1877 1780 1785 1886 1892 1836 1885 1861 1785 1892 1884 1883 1878 1828 1880 1830 1909 1804 1855 1879 1909 1804 1933 1854 1853 1879 1934 1910 1854 1879 1855 1856 1935 1879 1936 1856 1910 1879 1881 1880 1879 1804 1882 1881 1879 1804 1933 1853 1882 1879 1883 1937 1807 1884 1886 1885 1785 1892 1886 1833 1912 1858 1889 1802 1894 1834 1938 1857 1889 1834 1938 1887 1857 1834 1814 1842 1913 1860 1887 1834 1911 1816 1835 1914 1911 1816 1939 1888 1835 1911 1916 1888 1911 1834 1940 1859 1913 1860 1917 1842 1868 1860 1897 1858 1923 1860 1890 1939 1835 1914 1915 1895 1849 1816 1847 1895 1914 1816 1887 1914 1915 1816 1916 1894 1862 1834 1863 1842 1917 1876 1918 1913 1851 1842 1886 1858 1923 1836 1836 1891 1893 1923 1864 1941 1891 1892 1891 1892 1923 1836 1915 1896 1849 1895 1896 1906 1866 1895 1867 1918 1842 1876 1897 1858 1893 1923 1917 1868 1919 1860 1897 1942 1919 1860 1861 1894 1898 1943 1922 1889 1861 1894 1847 1920 1914 1895 1899 1866 1906 1895 1899 1904 1870 1895 1867 1908 1944 1876 1928 1875 1900 1921 1908 1875 1921 1876 1874 1945 1921 1876 1877 1861 1898 1943 1940 1912 1859 1860 1912 1923 1858 1860 1877 1941 1864 1892 1929 1865 1916 1894 1863 1917 1924 1876 1924 1945 1874 1876 1925 1900 1902 1921 1946 1902 1874 1921 1899 1926 1904 1932 1947 1905 1906 1927 1906 1927 1899 1932 1928 1908 1875 1921 1922 1885 1948 1861 1898 1894 1929 1943 1920 1904 1949 1895 1950 1890 1920 1914 1904 1926 1930 1932 1928 1907 1951 1900 1931 1952 1930 1926 1927 1952 1926 1932 1944 1918 1867 1876 1877 1898 1953 1943 1947 1954 1905 1927 1953 1898 1929 1943 1877 1892 1861 1943 1886 1923 1892 1836 1948 1861 1885 1892 1828 1883 1878 1955 1883 1955 1884 1878 1880 1909 1879 1804 1855 1935 1909 1879 1934 1854 1933 1879 1934 1956 1910 1879 1936 1935 1856 1879 1956 1936 1910 1879 1879 1957 1880 1881 1957 1882 1881 1879 1958 1933 1882 1879 1883 1884 1955 1937 1886 1948 1885 1892 1886 1858 1912 1923 1889 1894 1959 1834 1938 1889 1959 1834 1938 1911 1887 1834 1913 1842 1942 1860 1911 1914 1887 1816 1939 1911 1835 1914 1960 1888 1939 1911 1916 1888 1960 1911 1916 1911 1894 1834 1940 1913 1942 1860 1917 1942 1842 1860 1897 1923 1942 1860 1950 1939 1890 1914 1915 1914 1895 1816 1915 1887 1961 1914 1917 1842 1945 1876 1962 1913 1918 1842 1963 1893 1891 1923 1891 1892 1941 1923 1915 1964 1896 1895 1906 1896 1965 1895 1918 1962 1842 1876 1963 1897 1893 1923 1917 1919 1942 1860 1919 1897 1966 1942 1922 1894 1861 1943 1922 1959 1889 1894 1950 1914 1920 1895 1906 1932 1899 1895 1904 1899 1932 1895 1908 1945 1944 1876 1951 1928 1900 1921 1908 1921 1945 1876 1946 1874 1945 1921 1940 1923 1912 1860 1877 1941 1892 1943 1967 1929 1916 1894 1917 1945 1924 1876 1946 1874 1924 1945 1925 1968 1900 1921 1969 1925 1902 1921 1902 1946 1970 1921 1947 1927 1906 1932 1928 1944 1908 1921 1948 1922 1861 1943 1929 1894 1971 1943 1949 1950 1920 1895 1904 1972 1949 1895 1930 1973 1904 1932 1930 1926 1952 1932 1930 1952 1931 1974 1947 1952 1927 1932 1876 1962 1944 1918 1877 1953 1941 1943 1947 1952 1954 1927 1953 1929 1971 1943 1887 1938 1961 1911 1951 1900 1968 1921 1967 1916 1929 1975 1948 1861 1892 1943 1976 1892 1886 1923 1977 1884 1955 1878 1978 1880 1909 1879 1909 1935 1979 1879 1934 1933 1980 1879 1956 1879 1934 1981 1936 1982 1935 1879 1936 1879 1956 1981 1880 1957 1879 1978 1958 1882 1957 1879 1958 1983 1933 1879 1937 1883 1984 1955 1977 1955 1884 1937 1886 1976 1948 1892 1976 1886 1912 1923 1911 1834 1959 1894 1959 1834 1911 1938 1962 1942 1913 1842 1887 1911 1961 1914 1911 1914 1939 1985 1960 1911 1939 1985 1916 1911 1960 1967 1916 1894 1911 1967 1962 1940 1913 1942 1940 1942 1923 1860 1942 1945 1917 1842 1963 1897 1923 1942 1950 1939 1914 1985 1915 1914 1964 1895 1915 1961 1964 1914 1945 1842 1962 1876 1986 1963 1891 1923 1891 1941 1986 1923 1941 1923 1892 1943 1964 1965 1896 1895 1906 1965 1932 1895 1987 1917 1919 1942 1963 1966 1897 1942 1919 1966 1987 1942 1988 1894 1922 1943 1988 1959 1922 1894 1895 1972 1950 1914 1904 1932 1972 1895 1944 1945 1908 1921 1876 1944 1962 1945 1951 1989 1928 1921 1946 1945 1970 1921 1940 1990 1912 1923 1971 1894 1929 1967 1987 1924 1917 1945 1924 1991 1946 1945 1968 1925 1969 1921 1969 1902 1970 1921 1947 1906 1965 1932 1992 1944 1928 1921 1948 1988 1922 1943 1894 1971 1943 1993 1895 1950 1972 1949 1973 1949 1904 1972 1973 1930 1994 1932 1973 1972 1904 1932 1974 1930 1952 1932 1995 1931 1952 1974 1947 1954 1952 1932 1941 1953 1996 1943 1971 1943 1996 1953 1997 1961 1938 1911 1951 1968 1989 1921 1971 1929 1975 1967 1975 1916 1960 1967 1980 1956 1934 1981 1936 1956 1998 1981 1999 1960 1939 1985 1950 1999 1939 1985 1969 1968 2000 1925 1954 2001 1952 1932 2002 1952 1954 2001 1948 1892 1976 1943 1892 1923 1976 1943 2003 1878 1977 1955 1978 1909 1979 1879 1979 1935 1982 1879 1983 1980 1933 1879 1980 1934 1879 1981 1936 1982 1879 1981 1957 1978 2004 1879 1958 1957 2004 1879 1958 1983 1879 1981 1977 1937 1984 1955 1912 1990 1976 1923 1959 1911 1894 1967 1938 1959 1997 1911 1962 1945 1942 1842 1961 1914 1911 1985 1960 1967 1911 1985 1962 2005 1940 1942 1990 1923 1940 1942 1987 1917 1942 1945 1942 1963 2006 1923 2007 1950 1914 1985 1964 1914 1972 1895 1961 2008 1964 1914 2006 1963 1986 1923 1941 2009 1986 1923 1941 2010 1923 1943 1964 1972 1965 1895 1972 1932 1965 1895 1942 2006 1963 1966 1987 1966 2011 1942 1988 1894 1943 1993 1959 1894 1988 1967 2007 1914 1950 1972 1992 1945 1944 1921 1962 1944 2012 1945 1989 1992 1928 1921 1970 1946 1991 1945 1945 2013 1970 1921 1971 1993 1894 1967 1991 1924 1987 1945 1969 2014 1968 1921 1969 1970 2015 1921 1965 2016 1947 1932 2017 1988 1948 1943 1971 1996 1943 1993 1949 2007 1950 1972 1973 2018 1949 1972 1974 1994 1930 1932 1973 1994 1972 1932 1974 1952 1995 1932 2019 1931 1995 1974 1947 2001 1954 1932 1941 1996 2010 1943 1997 1961 1911 1985 1968 2020 1951 1989 1968 2014 1989 1921 1967 1971 2021 1975 1960 2022 1975 1967 1980 2023 1956 1981 1936 1998 1982 1981 1956 2024 1998 1981 2022 1960 1999 1985 1950 2007 1999 1985 1968 1969 2000 2014 1952 2001 2002 1932 2002 1954 2025 2001 1937 1984 2026 1977 2022 1967 1960 1985 2005 1990 1940 1942 2006 1986 1963 2027 1952 2002 1995 1932 2017 1948 1976 1943 1923 2010 1976 1943 1977 1984 2003 1955 2028 1978 1979 1879 1979 1879 1982 1981 1980 1879 1983 1981 2028 2004 1978 1879 1958 1879 2004 1981 1958 2004 1983 1981 1990 2029 1976 1923 1959 1997 1911 1967 1962 2012 1942 1945 2008 1914 1961 1985 1997 1911 1967 1985 1962 2012 2005 1942 1923 1942 1990 2006 1987 1945 1942 2030 2007 1914 2031 1985 1972 2008 1914 1964 1986 1923 2009 2006 2009 1923 1941 2010 1964 2032 1965 1972 1965 1972 2016 1932 1963 2027 1966 2006 2011 1942 1966 2006 2011 1987 1942 2030 1894 1993 1988 1967 2017 1988 1943 1993 2033 1959 1988 1967 2031 1914 2007 1972 1992 2012 1944 1945 1945 1992 2013 1921 1989 2014 1992 1921 1970 1945 1991 2013 1921 2015 2013 1970 1967 2021 1971 1993 1991 1945 1987 2030 1969 2015 2014 1921 1947 2016 2001 1932 1996 1971 2034 1993 1996 2010 1943 1993 1949 2018 2007 1972 2018 1973 1994 1972 1974 2035 1994 1932 1972 1932 1994 2036 1995 2035 1974 1932 1974 1995 2019 2035 1996 2009 1941 2010 1997 2008 1961 1985 1968 2020 1989 2014 2022 2021 1975 1967 1980 2037 2023 1981 2023 2024 1956 1981 1982 1998 2038 1981 1998 2024 2038 1981 2022 1999 2039 1985 1999 2007 2039 1985 1968 2000 2040 2014 2041 2000 1969 2014 2002 2001 2042 1932 2042 2025 2001 2002 1984 2026 1977 2043 2022 2044 1967 1985 2005 1990 1942 2006 1986 2009 2027 2006 2002 2042 1995 1932 1977 2003 1984 2043 2004 2045 1958 1983 1970 1991 2046 2013 1991 1987 2046 2030 2040 2020 1968 2014 2047 1970 2046 2013 2048 2049 2025 2042 2050 2041 2040 2000 2051 2020 2052 2040 2024 2023 2046 2053 2023 2047 2046 2053 2017 1976 2010 1943 2029 1976 1923 2010 1984 2003 1955 2054 1979 2028 1879 1981 1979 1982 2055 1981 1983 2037 1980 1981 2004 1879 2028 1981 2004 2045 1983 1981 1990 2029 1923 2006 1997 1959 2033 1967 1942 1945 2012 2030 2008 2031 1914 1985 1997 1967 2044 1985 2012 2005 1942 2030 2007 2031 2039 1985 2008 2032 1964 1972 1972 1914 2008 2031 1923 2010 2009 2006 2016 1965 2032 1972 2016 1932 1972 2036 2027 2011 1966 2006 2011 1942 2006 2030 2011 2046 1987 2030 2033 1988 1993 1967 2017 2056 1988 1993 2017 1943 2010 1993 2018 2031 2007 1972 1992 2012 1945 2013 2014 2013 1992 1921 2057 1992 1989 2014 1991 1945 2030 2013 1970 2047 2015 2013 1921 2013 2015 2014 2034 1971 2021 1993 2044 1993 2021 1967 2041 1969 2015 2014 2058 2001 2016 1932 2034 2059 1996 1993 2059 2010 1996 1993 2018 1972 1994 2036 2035 1994 1932 2036 1995 2035 1932 2060 2035 1995 2019 2042 2009 1996 2061 2010 2062 2008 1997 1985 2051 1989 2020 2014 2022 2044 2021 1967 2037 2053 2023 1981 2023 2053 2024 1981 1982 2038 2063 1981 2024 2064 2038 1981 2022 2039 2044 1985 2041 2040 2000 2014 2060 2042 2001 1932 2042 2001 2025 2048 1984 2043 2065 2026 2005 2066 1990 2006 2005 2006 1942 2030 2027 2009 2067 2006 1995 1932 2042 2060 2065 2043 1984 2003 1991 2030 2046 2013 2040 2051 2020 2014 2046 2053 2047 2013 2048 2068 2049 2042 2041 2069 2050 2040 2052 2070 2051 2040 2046 2011 2024 2053 2023 2037 2047 2053 1988 2056 2033 1993 2035 2071 1994 2036 2035 2019 2072 2042 2022 2039 2073 2044 2029 2017 1976 2010 2029 2010 1923 2006 2003 1984 2065 2054 2028 1979 2055 1981 2055 1982 2063 1981 1983 2045 2037 1981 2004 2028 2074 1981 2004 2074 2045 1981 1990 2066 2029 2006 1997 2033 2044 1967 2012 2030 1945 2013 2062 2031 2008 1985 2062 1997 2044 1985 2012 2075 2005 2030 2039 2007 2076 2031 2039 2031 2044 1985 2008 2031 2032 1972 2009 2010 2067 2006 2032 2016 1972 2036 2016 2058 1932 2036 2067 2011 2027 2006 2011 2006 2077 2030 2011 2053 2046 2030 2033 1993 2044 1967 2017 2010 2056 1993 2007 2018 2076 2031 2031 1972 2018 2036 1992 2078 2012 2013 1992 2014 2057 2013 1989 2051 2057 2014 2015 2013 2047 2079 2015 2014 2013 2079 2021 2080 2034 1993 2021 2044 2080 1993 2041 2015 2081 2014 2001 1932 2058 2060 2059 1993 2034 2082 2059 2061 1996 2010 2010 1993 2059 2082 2083 2018 1994 2036 2035 2036 1932 2060 1995 2042 2035 2060 2009 2061 2067 2010 2022 2073 2021 2044 2084 2053 2037 1981 2024 2053 2064 1981 2064 2063 2038 1981 2038 2024 2011 2064 2014 2040 2069 2041 2060 2001 2042 2048 2043 2065 2026 2085 2066 2006 2005 2030 2003 2065 2043 2085 2046 2030 2053 2013 2051 2040 2070 2014 2047 2013 2053 2079 2049 2068 2048 2086 2048 2068 2042 2060 2069 2070 2050 2040 2087 2052 2070 2051 2064 2024 2011 2053 2088 2047 2037 2053 2089 2033 2056 1993 2083 1994 2071 2036 2071 2036 2035 2060 2042 2072 2035 2090 2073 2044 2039 2031 2078 1992 2057 2013 2070 2050 2091 2069 2090 2042 2072 2068 2091 2092 2093 2069 2029 2094 2017 2010 2010 2006 2029 2077 2003 2065 2085 2054 2095 2028 2055 1981 2055 2063 2096 1981 2045 2084 2037 1981 2095 2074 2028 1981 2074 2084 2045 1981 2066 2029 2006 2077 2033 2062 1997 2044 2075 2030 2012 2013 2097 2008 2062 2031 2062 2044 2031 1985 2066 2005 2075 2030 2098 2039 2076 2031 2097 2032 2008 2031 2032 1972 2031 2036 2067 2006 2010 2077 2032 2099 2016 2036 2016 2099 2058 2036 1932 2036 2058 2060 2067 2011 2006 2077 2064 2011 2077 2030 2066 2077 2006 2030 2064 2053 2011 2030 2089 2044 2033 1993 2017 2094 2056 2010 2056 1993 2010 2082 2076 2031 2018 2036 2078 2075 2012 2013 2057 2013 2014 2079 2057 2051 2087 2014 2081 2015 2047 2079 2015 2081 2014 2079 2034 1993 2080 2082 2080 2021 2073 2044 2044 2100 2080 1993 2041 2081 2101 2014 2048 2001 2058 2060 2102 2059 2034 2082 2061 2010 2059 2082 2083 2076 2018 2036 2090 2035 2042 2060 2067 2010 2061 2103 2037 2084 2088 2053 2084 2064 2053 1981 2067 2038 2064 2063 2096 2063 2064 1981 2038 2011 2067 2064 2069 2040 2014 2070 2069 2041 2101 2014 2104 2026 2065 2085 2053 2013 2030 2079 2051 2070 2087 2014 2047 2053 2088 2079 2086 2105 2049 2068 2086 2068 2048 2060 2090 2042 2068 2060 2106 2052 2070 2087 2089 1993 2056 2082 2083 2071 2107 2036 2108 2071 2035 2060 2060 2036 2107 2071 2073 2039 2098 2031 2109 2073 2031 2044 2057 2078 2013 2079 2070 2091 2093 2069 2110 2090 2072 2068 2093 2111 2092 2091 2093 2069 2092 2112 2029 2094 2010 2103 2010 2077 2029 2103 2054 2003 2113 2085 2085 2065 2104 2054 2095 2055 2096 1981 2096 2055 2114 2063 2084 2088 2045 2037 2096 2074 2095 1981 2115 2045 2074 2084 2096 2084 2074 1981 2066 2116 2029 2077 2089 2062 2033 2044 2075 2030 2013 2079 2062 2097 2031 2109 2062 2031 2044 2109 2066 2075 2077 2030 2076 2098 2031 2109 2032 2097 2099 2031 2032 2031 2099 2036 2067 2077 2010 2103 2058 2099 2117 2036 2058 2036 2117 2060 2067 2064 2011 2077 2064 2077 2053 2030 2089 2100 2044 1993 2094 2056 2010 2082 2036 2109 2076 2031 2075 2013 2078 2079 2057 2014 2101 2079 2057 2087 2101 2014 2047 2088 2081 2079 2101 2014 2081 2079 2034 2080 2102 2082 2080 1993 2100 2082 2080 2044 2073 2100 2118 2041 2081 2101 2048 2058 2119 2060 2061 2059 2102 2082 2061 2103 2010 2082 2036 2076 2109 2083 2108 2035 2090 2060 2067 2061 2114 2103 2088 2053 2084 2079 2064 2084 2053 2120 2096 2064 2084 1981 2064 2096 2067 2063 2069 2101 2070 2014 2069 2041 2118 2101 2053 2030 2120 2079 2087 2070 2101 2014 2068 2086 2105 2121 2086 2048 2119 2060 2086 2122 2068 2060 2068 2122 2090 2060 2070 2123 2106 2087 2124 2089 2056 2082 2089 2100 1993 2082 2083 2107 2125 2036 2108 2107 2071 2060 2060 2107 2036 2125 2109 2031 2073 2098 2073 2100 2044 2109 2057 2126 2078 2079 2070 2069 2093 2112 2068 2110 2090 2127 2111 2093 2092 2112 2092 2069 2118 2112 2096 2114 2067 2063 2077 2120 2053 2030 2053 2120 2084 2079 2123 2106 2093 2070 2127 2068 2110 2121 2111 2128 2093 2112 2093 2129 2106 2123 2121 2110 2127 2130 2131 2128 2132 2111 2029 2116 2094 2103 2094 2010 2103 2082 2116 2029 2077 2103 2054 2113 2003 2133 2113 2085 2104 2054 2065 2134 2104 2054 2095 2055 2114 2096 2045 2115 2088 2084 2074 2095 2135 2096 2096 2115 2074 2084 2136 2116 2066 2077 2089 2062 2044 2100 2075 2120 2030 2079 2062 2137 2097 2109 2099 2031 2097 2109 2100 2109 2062 2044 2066 2075 2136 2077 2075 2120 2077 2030 2076 2138 2098 2109 2099 2031 2109 2036 2067 2103 2096 2077 2099 2125 2117 2036 2119 2058 2117 2060 2117 2036 2125 2060 2064 2067 2096 2077 2064 2053 2077 2120 2094 2124 2056 2082 2075 2078 2139 2079 2057 2101 2126 2079 2126 2057 2087 2101 2088 2101 2081 2079 2080 2100 2102 2082 2080 2073 2140 2100 2118 2081 2141 2101 2142 2061 2102 2082 2142 2103 2061 2082 2083 2138 2076 2109 2083 2125 2109 2036 2108 2090 2122 2060 2114 2061 2142 2103 2096 2103 2067 2114 2088 2084 2120 2079 2084 2064 2096 2120 2069 2112 2070 2101 2118 2112 2069 2101 2101 2123 2070 2087 2143 2105 2086 2121 2086 2121 2068 2122 2086 2119 2122 2060 2127 2090 2068 2122 2124 2100 2089 2082 2107 2138 2083 2125 2108 2125 2107 2060 2073 2098 2100 2109 2126 2139 2078 2079 2093 2123 2070 2112 2131 2111 2092 2112 2092 2118 2144 2112 2127 2068 2121 2122 2128 2129 2093 2112 2131 2128 2111 2112 2129 2123 2093 2112 2145 2130 2121 2127 2131 2146 2132 2128 2088 2141 2081 2101 2102 2080 2147 2100 2140 2073 2098 2100 2108 2090 2148 2122 2143 2149 2105 2121 2094 2116 2150 2103 2094 2103 2150 2082 2151 2116 2077 2103 2113 2104 2133 2054 2104 2152 2085 2113 2133 2104 2134 2054 2095 2114 2135 2096 2088 2084 2115 2120 2135 2115 2074 2096 2096 2115 2084 2120 2136 2151 2116 2077 2089 2137 2062 2100 2075 2139 2120 2079 2097 2137 2153 2109 2100 2062 2109 2137 2153 2099 2097 2109 2136 2077 2075 2120 2098 2138 2154 2109 2109 2125 2099 2036 2155 2077 2096 2103 2117 2099 2153 2125 2119 2117 2125 2060 2064 2077 2096 2120 2094 2150 2124 2082 2126 2101 2156 2079 2157 2126 2087 2101 2101 2088 2158 2079 2102 2147 2082 2100 2080 2140 2147 2100 2118 2141 2144 2101 2142 2102 2159 2082 2142 2159 2103 2082 2138 2109 2083 2125 2108 2122 2125 2060 2142 2160 2114 2103 2114 2155 2096 2103 2120 2158 2088 2079 2101 2070 2123 2112 2118 2144 2112 2101 2157 2087 2123 2101 2086 2143 2121 2122 2086 2119 2143 2122 2119 2125 2122 2060 2148 2090 2127 2122 2161 2089 2124 2100 2159 2100 2124 2082 2138 2107 2162 2125 2163 2107 2108 2125 2098 2140 2100 2109 2126 2156 2139 2079 2092 2144 2131 2112 2121 2145 2127 2122 2129 2128 2164 2112 2131 2146 2128 2112 2129 2164 2123 2112 2145 2121 2130 2165 2131 2132 2146 2166 2088 2141 2101 2158 2163 2108 2148 2122 2143 2149 2121 2167 2139 2136 2075 2120 2098 2154 2140 2109 2102 2082 2147 2168 2102 2168 2159 2082 2128 2169 2129 2164 2150 2116 2151 2103 2150 2103 2159 2082 2151 2077 2155 2103 2113 2104 2134 2133 2134 2104 2113 2152 2054 2134 2133 2170 2135 2096 2114 2155 2115 2088 2120 2158 2115 2096 2135 2120 2151 2077 2136 2120 2137 2089 2161 2100 2139 2158 2120 2079 2137 2171 2153 2109 2171 2137 2100 2109 2099 2109 2153 2125 2138 2162 2154 2109 2096 2077 2155 2120 2153 2172 2117 2125 2173 2119 2117 2125 2150 2159 2124 2082 2156 2126 2157 2101 2101 2158 2156 2079 2159 2082 2147 2100 2154 2147 2140 2100 2158 2144 2141 2101 2102 2168 2142 2159 2142 2159 2160 2103 2138 2162 2109 2125 2163 2125 2108 2122 2160 2155 2114 2103 2157 2123 2112 2101 2144 2112 2101 2174 2121 2143 2167 2122 2143 2119 2175 2122 2119 2125 2173 2122 2127 2145 2148 2122 2124 2159 2161 2100 2107 2163 2162 2125 2154 2100 2140 2109 2156 2158 2139 2079 2144 2176 2131 2112 2145 2121 2165 2122 2146 2164 2128 2112 2166 2146 2131 2112 2157 2123 2164 2112 2165 2130 2145 2177 2166 2178 2132 2146 2088 2179 2141 2158 2163 2122 2148 2180 2121 2149 2165 2167 2139 2181 2136 2120 2159 2147 2082 2168 2164 2169 2146 2128 2096 2155 2135 2120 2151 2136 2181 2120 2150 2151 2155 2103 2150 2155 2159 2103 2151 2155 2077 2120 2134 2182 2113 2133 2183 2104 2134 2152 2113 2182 2134 2152 2133 2134 2182 2170 2114 2160 2135 2155 2115 2179 2088 2158 2115 2158 2120 2184 2115 2120 2135 2184 2171 2137 2161 2100 2139 2181 2120 2158 2171 2153 2109 2125 2171 2100 2185 2109 2154 2162 2186 2109 2171 2172 2153 2125 2117 2172 2173 2125 2150 2187 2124 2159 2156 2101 2157 2158 2188 2159 2147 2100 2147 2154 2189 2100 2158 2141 2144 2179 2144 2101 2158 2174 2142 2168 2190 2159 2142 2190 2160 2159 2160 2159 2155 2103 2162 2185 2109 2125 2163 2125 2122 2180 2157 2101 2112 2174 2144 2176 2112 2174 2175 2167 2143 2122 2121 2167 2165 2122 2175 2119 2173 2122 2173 2122 2125 2180 2148 2122 2145 2191 2161 2124 2187 2159 2161 2159 2188 2100 2192 2162 2163 2125 2185 2100 2154 2109 2139 2156 2181 2158 2131 2112 2176 2174 2145 2122 2165 2191 2146 2164 2112 2174 2166 2146 2112 2174 2131 2166 2112 2174 2157 2112 2164 2174 2165 2177 2145 2191 2146 2166 2178 2193 2148 2192 2163 2180 2148 2180 2122 2191 2165 2149 2194 2167 2168 2147 2195 2159 2164 2146 2169 2196 2135 2120 2155 2184 2151 2120 2181 2184 2154 2186 2185 2109 2169 2197 2196 2146 2198 2150 2151 2155 2198 2159 2150 2155 2151 2155 2120 2184 2152 2134 2183 2182 2182 2199 2133 2170 2182 2134 2183 2170 2200 2135 2160 2155 2115 2201 2179 2158 2201 2158 2115 2184 2181 2120 2158 2184 2202 2115 2135 2184 2171 2161 2185 2100 2171 2109 2185 2125 2162 2185 2186 2109 2171 2172 2125 2203 2172 2173 2125 2180 2198 2187 2150 2159 2204 2156 2157 2158 2157 2158 2101 2174 2147 2188 2195 2159 2189 2100 2188 2147 2154 2185 2189 2100 2144 2158 2179 2174 2168 2195 2190 2159 2190 2160 2159 2155 2185 2125 2162 2203 2192 2125 2163 2180 2144 2179 2176 2174 2167 2122 2175 2191 2165 2122 2167 2191 2173 2175 2122 2180 2148 2145 2205 2191 2161 2187 2188 2159 2161 2188 2185 2100 2192 2162 2125 2203 2181 2156 2206 2158 2131 2176 2166 2174 2146 2196 2164 2174 2166 2193 2146 2174 2204 2157 2164 2174 2207 2177 2165 2191 2208 2145 2177 2191 2146 2178 2209 2193 2210 2178 2166 2193 2205 2192 2148 2180 2205 2180 2148 2191 2122 2180 2175 2191 2194 2165 2167 2211 2202 2135 2155 2184 2181 2212 2151 2184 2186 2189 2154 2185 2146 2197 2196 2209 2190 2200 2160 2155 2165 2194 2207 2211 2151 2212 2198 2155 2159 2155 2198 2213 2212 2155 2151 2184 2199 2182 2214 2170 2215 2183 2134 2170 2183 2215 2182 2170 2200 2202 2135 2155 2201 2216 2179 2158 2202 2201 2115 2184 2216 2158 2201 2184 2181 2158 2206 2184 2217 2171 2161 2185 2171 2125 2185 2203 2162 2186 2185 2203 2203 2218 2171 2172 2172 2180 2125 2203 2172 2219 2173 2180 2198 2187 2159 2213 2156 2204 2206 2158 2157 2204 2158 2174 2147 2189 2195 2188 2195 2188 2190 2159 2188 2100 2189 2185 2179 2158 2216 2174 2190 2155 2159 2213 2192 2125 2180 2203 2220 2176 2179 2174 2167 2175 2221 2191 2167 2211 2165 2191 2173 2221 2175 2180 2145 2208 2205 2191 2187 2217 2161 2188 2188 2159 2187 2213 2217 2185 2161 2188 2192 2222 2162 2203 2176 2193 2166 2174 2196 2223 2164 2174 2146 2193 2196 2174 2164 2223 2204 2174 2207 2208 2177 2191 2165 2211 2207 2191 2210 2209 2178 2193 2146 2209 2196 2193 2210 2166 2224 2193 2225 2192 2205 2180 2205 2180 2191 2226 2221 2175 2180 2191 2202 2155 2227 2184 2181 2206 2212 2184 2186 2228 2189 2185 2197 2229 2196 2209 2200 2155 2190 2213 2194 2230 2207 2211 2224 2166 2176 2193 2208 2231 2207 2177 2209 2210 2178 2232 2213 2212 2155 2198 2227 2155 2212 2184 2214 2215 2199 2170 2214 2182 2215 2170 2182 2215 2183 2214 2200 2227 2202 2155 2201 2220 2179 2216 2202 2227 2201 2184 2227 2216 2201 2184 2206 2158 2216 2184 2217 2218 2171 2185 2203 2171 2218 2185 2162 2222 2186 2203 2186 2185 2203 2233 2218 2219 2172 2203 2172 2219 2180 2203 2219 2221 2173 2180 2198 2234 2187 2213 2204 2216 2206 2158 2204 2216 2158 2174 2189 2235 2195 2188 2190 2195 2236 2188 2190 2159 2188 2213 2189 2185 2235 2188 2220 2179 2216 2174 2225 2192 2180 2203 2224 2176 2220 2174 2221 2211 2167 2191 2205 2191 2208 2226 2187 2234 2217 2188 2234 2188 2187 2213 2237 2185 2217 2188 2225 2222 2192 2203 2224 2193 2176 2174 2196 2193 2223 2174 2223 2238 2204 2174 2207 2208 2191 2226 2207 2191 2211 2226 2209 2210 2239 2193 2196 2209 2229 2193 2210 2224 2240 2193 2241 2225 2205 2180 2205 2241 2180 2226 2221 2191 2180 2226 2206 2227 2212 2184 2189 2228 2235 2185 2186 2228 2185 2233 2229 2197 2242 2209 2200 2190 2236 2213 2200 2227 2155 2213 2207 2230 2243 2211 2244 2231 2207 2208 2232 2209 2210 2245 2223 2196 2229 2193 2186 2222 2228 2233 2231 2246 2244 2207 2247 2248 2232 2245 2198 2212 2249 2213 2213 2155 2212 2227 2215 2199 2170 2250 2251 2215 2199 2214 2215 2251 2183 2214 2252 2202 2200 2227 2220 2201 2253 2216 2254 2201 2202 2227 2254 2201 2227 2216 2206 2216 2227 2184 2237 2218 2217 2185 2218 2203 2185 2233 2186 2203 2222 2233 2218 2255 2219 2203 2255 2180 2219 2203 2219 2221 2180 2226 2249 2234 2198 2213 2206 2204 2238 2216 2238 2216 2204 2174 2236 2195 2235 2188 2190 2188 2236 2213 2235 2188 2185 2233 2224 2220 2216 2174 2225 2180 2255 2203 2211 2191 2221 2226 2205 2208 2241 2226 2234 2237 2217 2188 2256 2188 2234 2213 2237 2185 2188 2233 2225 2257 2222 2203 2224 2258 2193 2174 2258 2174 2223 2193 2258 2223 2174 2238 2207 2244 2208 2226 2207 2211 2243 2226 2210 2245 2209 2239 2209 2239 2229 2193 2210 2240 2239 2193 2240 2193 2224 2258 2241 2225 2180 2226 2206 2259 2212 2227 2228 2235 2185 2233 2242 2229 2209 2260 2261 2200 2236 2213 2252 2227 2200 2213 2246 2230 2243 2207 2209 2232 2248 2245 2223 2229 2262 2193 2228 2222 2257 2233 2244 2263 2246 2231 2246 2244 2207 2226 2248 2247 2264 2245 2255 2180 2225 2226 2245 2210 2240 2239 2265 2230 2243 2246 2212 2227 2249 2213 2251 2199 2215 2250 2214 2199 2251 2266 2202 2252 2254 2227 2254 2253 2201 2216 2224 2220 2253 2216 2254 2227 2267 2216 2259 2227 2206 2216 2237 2218 2185 2233 2218 2255 2203 2233 2222 2203 2257 2233 2268 2219 2218 2255 2219 2180 2255 2226 2219 2269 2221 2226 2249 2256 2234 2213 2259 2206 2238 2216 2216 2238 2258 2174 2236 2235 2270 2188 2236 2188 2256 2213 2235 2271 2188 2233 2224 2216 2258 2174 2225 2255 2257 2203 2243 2211 2221 2226 2241 2208 2244 2226 2234 2256 2237 2188 2237 2188 2271 2233 2262 2223 2193 2258 2262 2238 2223 2258 2246 2207 2243 2226 2248 2209 2245 2239 2209 2260 2229 2239 2229 2239 2262 2193 2239 2193 2240 2258 2272 2240 2224 2258 2241 2255 2225 2226 2249 2212 2259 2227 2228 2273 2235 2233 2248 2242 2209 2260 2252 2200 2261 2213 2261 2236 2256 2213 2252 2227 2213 2274 2228 2257 2273 2233 2263 2244 2246 2275 2246 2275 2244 2226 2276 2264 2247 2245 2248 2277 2245 2264 2240 2278 2245 2239 2265 2246 2243 2275 2279 2225 2241 2255 2248 2280 2242 2260 2281 2246 2265 2275 2264 2280 2248 2282 2249 2213 2227 2274 2215 2283 2251 2250 2266 2199 2251 2250 2254 2227 2252 2274 2254 2267 2253 2216 2253 2224 2216 2258 2267 2227 2254 2274 2267 2227 2259 2216 2237 2271 2218 2233 2268 2255 2218 2233 2257 2203 2255 2233 2268 2269 2219 2255 2219 2255 2269 2226 2243 2221 2269 2226 2284 2234 2249 2256 2249 2256 2213 2274 2238 2259 2216 2258 2270 2235 2271 2188 2236 2270 2256 2188 2273 2271 2235 2233 2225 2279 2257 2255 2241 2244 2275 2226 2234 2284 2237 2256 2237 2256 2271 2188 2262 2193 2239 2258 2262 2285 2238 2258 2246 2243 2275 2226 2248 2260 2209 2239 2248 2245 2277 2239 2229 2260 2262 2239 2272 2239 2240 2258 2253 2272 2224 2258 2241 2279 2255 2226 2249 2259 2267 2227 2252 2213 2261 2274 2261 2236 2270 2256 2261 2213 2256 2274 2286 2273 2257 2233 2263 2246 2281 2275 2244 2263 2287 2275 2288 2264 2247 2276 2276 2245 2277 2264 2248 2264 2282 2277 2245 2278 2276 2239 2278 2240 2272 2239 2265 2243 2289 2275 2280 2248 2282 2260 2281 2265 2289 2275 2264 2290 2280 2282 2268 2218 2271 2233 2291 2241 2244 2275 2276 2277 2245 2239 2241 2292 2279 2226 2289 2293 2265 2281 2287 2294 2281 2263 2249 2227 2267 2274 2266 2251 2283 2250 2250 2199 2295 2266 2296 2254 2252 2274 2253 2254 2297 2267 2253 2216 2267 2258 2296 2267 2254 2274 2267 2216 2259 2258 2268 2218 2237 2271 2268 2271 2255 2233 2286 2257 2255 2233 2269 2255 2268 2292 2255 2292 2269 2226 2243 2269 2275 2226 2284 2256 2249 2274 2285 2259 2238 2258 2235 2273 2270 2271 2270 2271 2256 2188 2286 2271 2273 2233 2286 2257 2279 2255 2291 2241 2275 2226 2284 2271 2237 2256 2262 2239 2298 2258 2285 2262 2298 2258 2248 2260 2239 2277 2260 2298 2262 2239 2278 2239 2272 2258 2253 2297 2272 2258 2279 2292 2255 2226 2299 2249 2259 2267 2300 2252 2261 2274 2301 2261 2270 2256 2301 2261 2256 2274 2281 2287 2263 2275 2287 2291 2244 2275 2276 2288 2264 2277 2248 2282 2260 2277 2282 2264 2290 2277 2278 2276 2239 2277 2243 2269 2289 2275 2302 2281 2289 2275 2241 2291 2279 2292 2291 2292 2241 2226 2302 2293 2289 2281 2303 2287 2294 2281 2297 2254 2296 2267 2299 2284 2249 2274 2304 2278 2272 2258 2299 2249 2267 2274 2305 2251 2283 2266 2283 2305 2266 2250 2250 2295 2199 2306 2295 2266 2305 2250 2296 2252 2300 2274 2253 2267 2297 2258 2307 2267 2296 2274 2285 2267 2259 2258 2237 2308 2268 2271 2268 2255 2271 2292 2286 2255 2271 2233 2269 2268 2309 2292 2292 2275 2269 2226 2310 2256 2284 2274 2270 2273 2311 2271 2270 2256 2271 2312 2273 2286 2311 2271 2286 2255 2279 2292 2291 2275 2292 2226 2284 2308 2237 2271 2284 2271 2256 2312 2298 2239 2313 2258 2285 2298 2313 2258 2260 2298 2239 2277 2304 2239 2278 2258 2272 2297 2304 2258 2259 2285 2299 2267 2301 2300 2261 2274 2301 2256 2270 2312 2301 2256 2312 2274 2287 2281 2303 2275 2287 2314 2291 2275 2315 2264 2288 2277 2276 2316 2288 2277 2260 2282 2298 2277 2264 2315 2290 2277 2290 2317 2282 2277 2278 2318 2276 2277 2278 2239 2313 2277 2309 2289 2269 2275 2275 2302 2309 2289 2302 2319 2281 2275 2320 2279 2291 2292 2293 2302 2321 2281 2294 2321 2303 2281 2297 2296 2307 2267 2299 2310 2284 2274 2322 2293 2302 2321 2315 2323 2290 2317 2299 2267 2310 2274 2324 2305 2283 2250 2250 2324 2295 2306 2305 2325 2266 2295 2250 2295 2324 2305 2307 2296 2300 2274 2297 2267 2304 2258 2307 2326 2267 2274 2285 2313 2267 2258 2308 2268 2271 2292 2286 2271 2255 2292 2308 2309 2268 2292 2309 2269 2292 2275 2284 2256 2310 2312 2310 2312 2256 2274 2270 2271 2311 2312 2286 2327 2311 2271 2286 2279 2320 2292 2319 2292 2291 2275 2284 2308 2271 2312 2313 2239 2298 2277 2313 2239 2304 2258 2285 2298 2328 2313 2278 2304 2313 2239 2328 2299 2285 2267 2301 2312 2300 2274 2301 2270 2311 2312 2303 2275 2314 2287 2281 2319 2303 2275 2314 2319 2291 2275 2315 2288 2316 2277 2276 2318 2316 2277 2317 2298 2282 2277 2315 2317 2290 2277 2278 2313 2318 2277 2275 2309 2302 2319 2302 2321 2281 2319 2291 2329 2320 2292 2330 2321 2303 2294 2321 2303 2281 2319 2304 2297 2307 2267 2331 2284 2299 2310 2321 2302 2322 2332 2315 2323 2317 2333 2267 2326 2310 2274 2334 2315 2288 2316 2309 2335 2302 2319 2331 2308 2284 2310 2302 2336 2322 2332 2337 2322 2336 2332 2308 2335 2309 2338 2331 2335 2308 2338 2310 2267 2299 2326 2306 2324 2339 2250 2324 2340 2295 2306 2305 2295 2324 2325 2307 2300 2326 2274 2267 2313 2304 2258 2304 2267 2307 2326 2285 2328 2267 2313 2308 2271 2338 2292 2286 2327 2271 2292 2308 2338 2309 2292 2309 2292 2319 2275 2308 2284 2310 2312 2310 2300 2312 2274 2327 2311 2271 2312 2327 2286 2320 2292 2291 2319 2329 2292 2338 2271 2308 2312 2317 2313 2298 2277 2328 2298 2317 2313 2278 2304 2318 2313 2328 2299 2267 2326 2341 2300 2301 2312 2301 2311 2342 2312 2314 2275 2303 2319 2329 2291 2314 2319 2316 2333 2315 2277 2318 2313 2316 2277 2315 2333 2317 2277 2302 2321 2319 2343 2344 2320 2329 2292 2321 2303 2345 2330 2303 2319 2321 2343 2331 2299 2328 2310 2302 2332 2321 2343 2323 2315 2346 2333 2347 2317 2323 2333 2300 2310 2326 2274 2316 2334 2315 2333 2336 2302 2335 2319 2309 2338 2335 2319 2331 2338 2308 2310 2302 2336 2332 2343 2336 2346 2337 2332 2335 2338 2331 2348 2330 2345 2321 2332 2349 2331 2328 2310 2347 2346 2337 2336 2349 2335 2331 2348 2346 2337 2323 2347 2349 2336 2335 2348 2350 2330 2351 2332 2328 2310 2299 2326 2324 2340 2306 2339 2340 2352 2295 2306 2295 2340 2324 2325 2340 2325 2305 2324 2353 2307 2300 2326 2304 2313 2267 2326 2354 2304 2307 2326 2328 2267 2313 2326 2338 2271 2327 2292 2309 2338 2319 2292 2308 2310 2338 2312 2341 2310 2300 2312 2311 2327 2342 2312 2327 2271 2338 2312 2292 2327 2344 2320 2319 2292 2344 2329 2317 2333 2313 2277 2349 2328 2317 2313 2354 2318 2304 2313 2301 2342 2341 2312 2303 2314 2319 2343 2329 2314 2355 2319 2316 2313 2333 2277 2356 2316 2318 2313 2302 2319 2336 2343 2345 2303 2321 2343 2345 2321 2332 2343 2346 2315 2334 2333 2323 2346 2347 2333 2347 2349 2317 2333 2300 2310 2341 2326 2316 2357 2334 2333 2336 2319 2335 2348 2335 2319 2338 2348 2338 2310 2331 2358 2332 2336 2348 2343 2346 2332 2336 2348 2338 2331 2348 2358 2345 2330 2350 2332 2349 2310 2328 2313 2349 2331 2310 2348 2346 2336 2347 2348 2347 2336 2349 2348 2350 2351 2359 2332 2300 2341 2353 2326 2303 2355 2314 2343 2346 2359 2351 2332 2351 2359 2346 2334 2328 2313 2310 2326 2324 2360 2340 2339 2339 2340 2306 2352 2306 2361 2352 2295 2295 2352 2340 2325 2354 2307 2353 2326 2354 2313 2304 2326 2292 2344 2327 2338 2319 2344 2292 2338 2310 2358 2338 2312 2342 2310 2341 2312 2327 2338 2342 2312 2362 2344 2329 2319 2349 2313 2317 2333 2356 2318 2354 2313 2355 2319 2314 2343 2329 2355 2362 2319 2316 2313 2356 2333 2319 2348 2336 2343 2345 2355 2303 2343 2350 2345 2332 2343 2334 2359 2346 2333 2346 2348 2347 2333 2347 2348 2349 2333 2341 2310 2353 2326 2334 2357 2359 2333 2357 2316 2356 2333 2338 2348 2319 2358 2310 2348 2331 2358 2346 2332 2348 2343 2349 2348 2310 2313 2359 2350 2332 2343 2359 2332 2346 2343 2342 2358 2310 2312 2310 2313 2358 2326 2339 2360 2340 2352 2339 2306 2361 2352 2354 2353 2363 2326 2354 2363 2313 2326 2364 2327 2344 2338 2362 2338 2344 2319 2342 2338 2358 2312 2341 2342 2358 2310 2342 2327 2364 2338 2349 2348 2313 2333 2354 2363 2356 2313 2362 2319 2355 2343 2356 2313 2365 2333 2319 2358 2348 2343 2366 2355 2345 2343 2350 2366 2345 2343 2346 2359 2348 2333 2358 2353 2341 2310 2358 2326 2353 2310 2359 2357 2367 2333 2357 2356 2365 2333 2362 2338 2319 2358 2310 2313 2348 2358 2359 2346 2348 2343 2343 2367 2359 2350 2363 2358 2313 2326 2360 2368 2340 2352 2339 2361 2360 2352 2353 2326 2358 2363 2344 2364 2338 2358 2344 2338 2362 2358 2342 2338 2364 2358 2358 2342 2341 2369 2365 2313 2348 2333 2365 2356 2363 2313 2362 2355 2366 2343 2362 2358 2319 2343 2343 2366 2358 2348 2366 2350 2367 2343 2359 2367 2348 2333 2341 2353 2358 2369 2365 2367 2357 2333 2365 2348 2313 2358 2343 2359 2367 2348 2365 2313 2363 2358 2352 2360 2368 2370 2339 2360 2361 2371 2352 2361 2360 2370 2358 2369 2353 2363 2344 2362 2364 2358 2369 2342 2364 2358 2365 2348 2367 2333 2343 2358 2366 2362 2372 2366 2348 2358 2366 2367 2348 2343 2372 2348 2365 2358 2363 2372 2365 2358 2370 2371 2360 2368 2370 2360 2371 2361 2369 2372 2363 2358 2372 2364 2362 2358 2364 2372 2369 2358 2365 2372 2367 2348 2372 2362 2366 2358 2367 2372 2366 2348 2365 2363 2373 2372 2360 2374 2368 2371 2370 2371 2368 2375 2370 2361 2371 2375 2376 2363 2369 2372 2377 2364 2362 2372 2369 2364 2377 2372 2378 2367 2365 2372 2372 2366 2362 2379 2372 2367 2366 2379 2373 2378 2365 2372 2373 2363 2376 2372 2374 2368 2371 2375 2361 2380 2371 2375 2377 2376 2369 2372 2362 2379 2377 2372 2372 2378 2367 2379 2373 2378 2372 2379 2377 2373 2376 2372 2368 2374 2381 2375 2380 2374 2371 2375 2377 2379 2362 2382 2372 2377 2373 2379 2373 2383 2378 2379 2384 2373 2376 2377 2375 2385 2374 2381 2375 2374 2385 2380 2374 2371 2386 2380 2377 2382 2373 2379 2374 2386 2371 2387 2383 2378 2388 2373 2373 2382 2383 2379 2373 2376 2389 2384 2382 2373 2384 2377 2381 2385 2374 2386 2374 2385 2380 2386 2387 2371 2380 2386 2388 2389 2383 2373 2373 2383 2382 2384 2373 2389 2383 2384 2386 2385 2380 2390 2380 2371 2387 2391 2380 2390 2387 2386 2383 2388 2384 2389 2383 2384 2388 2382 2387 2390 2380 2391 2392 2386 2387 2390 2393 2384 2388 2389 2388 2383 2382 2394 2395 2388 2384 2382 2380 2396 2391 2390 2391 2392 2387 2390 2388 2384 2393 2395 2395 2388 2382 2394 2396 2392 2391 2390 2387 2397 2392 2391 2393 2388 2395 2394 2382 2398 2395 2394 2392 2396 2399 2390 2392 2397 2396 2391 2393 2400 2388 2394 2395 2398 2393 2394 2397 2396 2399 2392 2397 2396 2391 2401 2399 2397 2392 2402 2400 2393 2398 2394 2403 2398 2393 2395 2397 2399 2396 2401 2399 2397 2402 2404 2397 2399 2401 2404 2405 2400 2398 2394 2400 2398 2393 2403 2401 2399 2396 2404 2401 2402 2397 2404 2397 2406 2402 2401 2403 2400 2398 2405 2400 2393 2407 2403 2408 2401 2396 2404 2406 2402 2401 2404 2406 2404 2409 2402 2403 2398 2410 2405 2403 2407 2400 2405 2401 2396 2411 2408 2408 2406 2401 2404 2412 2406 2409 2402 2409 2404 2406 2408 2405 2403 2413 2410 2400 2407 2414 2405 2405 2413 2403 2407 2401 2411 2406 2408 2406 2408 2412 2409 2410 2414 2413 2405 2413 2414 2407 2405 2406 2411 2401 2415 2406 2412 2408 2411 2416 2412 2408 2409 2405 2410 2414 2417 2406 2418 2412 2415 2414 2410 2413 2417 2419 2414 2407 2413 2412 2411 2406 2415 2416 2408 2412 2411 2418 2412 2415 2416 2412 2418 2420 2416 2413 2410 2419 2417 2413 2419 2414 2417 2415 2412 2411 2416 2415 2420 2418 2416 2421 2410 2419 2413 2410 2421 2419 2417 2419 2422 2414 2417 2411 2423 2415 2416 2416 2415 2420 2423 2424 2415 2420 2418 2419 2421 2422 2417 2415 2423 2411 2425 2423 2424 2415 2420 2420 2418 2426 2424 2417 2421 2422 2427 2419 2422 2421 2428 2423 2415 2424 2425 2424 2426 2420 2423 2423 2426 2420 2429 2428 2422 2421 2427 2430 2419 2421 2428 2415 2424 2425 2431 2423 2424 2429 2425 2423 2429 2424 2426 2428 2421 2430 2427 2431 2424 2425 2429 2429 2423 2425 2432 2424 2429 2433 2426 2421 2434 2430 2427 2435 2428 2430 2427 2425 2431 2429 2432 2433 2429 2424 2431 2433 2436 2424 2426 2435 2430 2434 2427 2431 2425 2437 2432 2429 2431 2433 2432 2424 2436 2433 2431 2427 2434 2435 2438 2434 2439 2430 2435 2437 2433 2431 2432 2431 2433 2437 2436 2435 2434 2439 2438 2437 2433 2432 2440 2441 2437 2436 2431 2436 2433 2437 2440 2442 2433 2436 2440 2434 2443 2439 2438 2444 2435 2439 2438 2440 2436 2441 2437 2436 2440 2445 2442 2444 2439 2443 2438 2437 2446 2441 2440 2445 2440 2436 2441 2447 2442 2445 2440 2443 2444 2438 2448 2443 2449 2439 2444 2441 2446 2447 2440 2441 2447 2445 2440 2445 2450 2442 2447 2443 2449 2444 2448 2446 2447 2440 2451 2447 2445 2446 2441 2450 2445 2446 2447 2447 2450 2452 2451 2449 2443 2453 2448 2454 2444 2449 2448 2446 2450 2447 2451 2441 2445 2446 2455 2446 2456 2445 2450 2452 2450 2456 2451 2454 2449 2453 2448 2446 2456 2450 2451 2445 2456 2446 2455 2450 2456 2457 2452 2455 2452 2456 2451 2448 2453 2454 2458 2454 2453 2449 2459 2455 2456 2446 2451 2456 2457 2452 2455 2451 2460 2455 2452 2454 2453 2459 2458 2446 2460 2455 2451 2457 2456 2461 2455 2457 2452 2455 2460 2462 2452 2457 2460 2453 2463 2459 2458 2459 2464 2454 2458 2446 2460 2465 2455 2460 2461 2455 2457 2462 2457 2461 2460 2461 2457 2462 2466 2459 2463 2464 2458 2460 2455 2461 2465 2466 2461 2460 2462 2463 2464 2458 2467 2459 2464 2463 2468 2469 2465 2461 2455 2460 2461 2466 2465 2460 2470 2466 2462 2468 2464 2463 2467 2466 2465 2461 2469 2466 2470 2460 2465 2463 2471 2468 2467 2468 2472 2464 2467 2466 2461 2473 2469 2469 2466 2465 2470 2471 2472 2468 2467 2473 2466 2469 2470 2465 2474 2469 2470 2466 2473 2475 2470 2472 2471 2468 2476 2472 2471 2477 2467 2469 2474 2473 2470 2473 2474 2475 2470 2472 2477 2471 2476 2478 2474 2473 2469 2470 2474 2475 2479 2478 2473 2474 2475 2480 2473 2478 2475 2477 2481 2471 2476 2477 2472 2482 2476 2474 2478 2483 2469 2474 2478 2475 2479 2475 2478 2480 2479 2481 2477 2482 2476 2483 2478 2474 2479 2480 2475 2479 2484 2480 2478 2483 2479 2481 2482 2485 2476 2481 2477 2486 2482 2474 2487 2483 2479 2479 2483 2480 2484 2488 2480 2478 2483 2482 2486 2481 2485 2487 2483 2479 2484 2488 2480 2483 2484 2489 2486 2482 2485 2488 2490 2480 2484 2481 2486 2491 2485 2483 2487 2488 2484 2489 2491 2486 2485 2490 2488 2487 2484 2481 2491 2486 2492 2493 2487 2488 2483 2494 2489 2485 2491 2491 2486 2495 2489 2484 2487 2490 2496 2490 2487 2488 2493 2491 2495 2486 2492 2493 2487 2483 2497 2491 2489 2495 2494 2493 2490 2487 2496 2488 2498 2490 2493 2499 2489 2494 2495 2500 2495 2491 2492 2497 2493 2487 2496 2495 2494 2499 2491 2498 2490 2493 2496 2491 2494 2499 2501 2491 2502 2500 2492 2491 2495 2500 2501 2497 2487 2502 2496 2497 2498 2493 2496 2491 2495 2501 2499 2503 2490 2498 2496 2500 2502 2491 2501 2500 2495 2499 2501 2504 2497 2502 2496 2493 2505 2498 2497 2497 2503 2498 2496 2499 2505 2495 2500 2501 2500 2502 2504 2501 2500 2505 2499 2504 2497 2500 2502 2503 2497 2504 2496 2505 2493 2500 2497 2505 2503 2498 2497 2505 2500 2501 2504 2505 2503 2501 2499 2504 2500 2497 2505 2504 2505 2497 2503 2501 2503 2505 2504 </DataArray>
        <DataArray type="Int32" Name="offsets" format="ascii">4 8 12 16 20 24 28 32 36 40 44 48 52 56 60 64 68 72 76 80 84 88 92 96 100 104 108 112 116 120 124 128 132 136 140 144 148 152 156 160 164 168 172 176 180 184 188 192 196 200 204 208 212 216 220 224 228 232 236 240 244 248 252 256 260 264 268 272 276 280 284 288 292 296 300 304 308 312 316 320 324 328 332 336 340 344 348 352 356 360 364 368 372 376 380 384 388 392 396 400 404 408 412 416 420 424 428 432 436 440 444 448 452 456 460 464 468 472 476 480 484 488 492 496 500 504 508 512 516 520 524 528 532 536 540 544 548 552 556 560 564 568 572 576 580 584 588 592 596 600 604 608 612 616 620 624 628 632 636 640 644 648 652 656 660 664 668 672 676 680 684 688 692 696 700 704 708 712 716 720 724 728 732 736 740 744 748 752 756 760 764 768 772 776 780 784 788 792 796 800 804 808 812 816 820 824 828 832 836 840 844 848 852 856 860 864 868 872 876 880 884 888 892 896 900 904 908 912 916 920 924 928 932 936 940 944 948 952 956 960 964 968 972 976 980 984 988 992 996 1000 1004 1008 1012 1016 1020 1024 1028 1032 1036 1040 1044 1048 1052 1056 1060 1064 1068 1072 1076 1080 1084 1088 1092 1096 1100 1104 1108 1112 1116 1120 1124 1128 1132 1136 1140 1144 1148 1152 1156 1160 1164 1168 1172 1176 1180 1184 1188 1192 1196 1200 1204 1208 1212 1216 1220 1224 1228 1232 1236 1240 1244 1248 1252 1256 1260 1264 1268 1272 1276 1280 1284 1288 1292 1296 1300 1304 1308 1312 1316 1320 1324 1328 1332 1336 1340 1344 1348 1352 1356 1360 1364 1368 1372 1376 1380 1384 1388 1392 1396 1400 1404 1408 1412 1416 1420 1424 1428 1432 1436 1440 1444 1448 1452 1456 1460 1464 1468 1472 1476 1480 1484 1488 1492 1496 1500 1504 1508 1512 1516 1520 1524 1528 1532 1536 1540 1544 1548 1552 1556 1560 1564 1568 1572 1576 1580 1584 1588 1592 1596 1600 1604 1608 1612 1616 1620 1624 1628 1632 1636 1640 1644 1648 1652 1656 1660 1664 1668 1672 1676 1680 1684 1688 1692 1696 1700 1704 1708 1712 1716 1720 1724 1728 1732 1736 1740 1744 1748 1752 1756 1760 1764 1768 1772 1776 1780 1784 1788 1792 1796 1800 1804 1808 1812 1816 1820 1824 1828 1832 1836 1840 1844 1848 1852 1856 1860 1864 1868 1872 1876 1880 1884 1888 1892 1896 1900 1904 1908 1912 1916 1920 1924 1928 1932 1936 1940 1944 1948 1952 1956 1960 1964 1968 1972 1976 1980 1984 1988 1992 1996 2000 2004 2008 2012 2016 2020 2024 2028 2032 2036 2040 2044 2048 2052 2056 2060 2064 2068 2072 2076 2080 2084 2088 2092 2096 2100 2104 2108 2112 2116 2120 2124 2128 2132 2136 2140 2144 2148 2152 2156 2160 2164 2168 2172 2176 2180 2184 2188 2192 2196 2200 2204 2208 2212 2216 2220 2224 2228 2232 2236 2240 2244 2248 2252 2256 2260 2264 2268 2272 2276 2280 2284 2288 2292 2296 2300 2304 2308 2312 2316 2320 2324 2328 2332 2336 2340 2344 2348 2352 2356 2360 2364 2368 2372 2376 2380 2384 2388 2392 2396 2400 2404 2408 2412 2416 2420 2424 2428 2432 2436 2440 2444 2448 2452 2456 2460 2464 2468 2472 2476 2480 2484 2488 2492 2496 2500 2504 2508 2512 2516 2520 2524 2528 2532 2536 2540 2544 2548 2552 2556 2560 2564 2568 2572 2576 2580 2584 2588 2592 2596 2600 2604 2608 2612 2616 2620 2624 2628 2632 2636 2640 2644 2648 2652 2656 2660 2664 2668 2672 2676 2680 2684 2688 2692 2696 2700 2704 2708 2712 2716 2720 2724 2728 2732 2736 2740 2744 2748 2752 2756 2760 2764 2768 2772 2776 2780 2784 2788 2792 2796 2800 2804 2808 2812 2816 2820 2824 2828 2832 2836 2840 2844 2848 2852 2856 2860 2864 2868 2872 2876 2880 2884 2888 2892 2896 2900 2904 2908 2912 2916 2920 2924 2928 2932 2936 2940 2944 2948 2952 2956 2960 2964 2968 2972 2976 2980 2984 2988 2992 2996 3000 3004 3008 3012 3016 3020 3024 3028 3032 3036 3040 3044 3048 3052 3056 3060 3064 3068 3072 3076 3080 3084 3088 3092 3096 3100 3104 3108 3112 3116 3120 3124 3128 3132 3136 3140 3144 3148 3152 3156 3160 3164 3168 3172 3176 3180 3184 3188 3192 3196 3200 3204 3208 3212 3216 3220 3224 3228 3232 3236 3240 3244 3248 3252 3256 3260 3264 3268 3272 3276 3280 3284 3288 3292 3296 3300 3304 3308 3312 3316 3320 3324 3328 3332 3336 3340 3344 3348 3352 3356 3360 3364 3368 3372 3376 3380 3384 3388 3392 3396 3400 3404 3408 3412 3416 3420 3424 3428 3432 3436 3440 3444 3448 3452 3456 3460 3464 3468 3472 3476 3480 3484 3488 3492 3496 3500 3504 3508 3512 3516 3520 3524 3528 3532 3536 3540 3544 3548 3552 3556 3560 3564 3568 3572 3576 3580 3584 3588 3592 3596 3600 3604 3608 3612 3616 3620 3624 3628 3632 3636 3640 3644 3648 3652 3656 3660 3664 3668 3672 3676 3680 3684 3688 3692 3696 3700 3704 3708 3712 3716 3720 3724 3728 3732 3736 3740 3744 3748 3752 3756 3760 3764 3768 3772 3776 3780 3784 3788 3792 3796 3800 3804 3808 3812 3816 3820 3824 3828 3832 3836 3840 3844 3848 3852 3856 3860 3864 3868 3872 3876 3880 3884 3888 3892 3896 3900 3904 3908 3912 3916 3920 3924 3928 3932 3936 3940 3944 3948 3952 3956 3960 3964 3968 3972 3976 3980 3984 3988 3992 3996 4000 4004 4008 4012 4016 4020 4024 4028 4032 4036 4040 4044 4048 4052 4056 4060 4064 4068 4072 4076 4080 4084 4088 4092 4096 4100 4104 4108 4112 4116 4120 4124 4128 4132 4136 4140 4144 4148 4152 4156 4160 4164 4168 4172 4176 4180 4184 4188 4192 4196 4200 4204 4208 4212 4216 4220 4224 4228 4232 4236 4240 4244 4248 4252 4256 4260 4264 4268 4272 4276 4280 4284 4288 4292 4296 4300 4304 4308 4312 4316 4320 4324 4328 4332 4336 4340 4344 4348 4352 4356 4360 4364 4368 4372 4376 4380 4384 4388 4392 4396 4400 4404 4408 4412 4416 4420 4424 4428 4432 4436 4440 4444 4448 4452 4456 4460 4464 4468 4472 4476 4480 4484 4488 4492 4496 4500 4504 4508 4512 4516 4520 4524 4528 4532 4536 4540 4544 4548 4552 4556 4560 4564 4568 4572 4576 4580 4584 4588 4592 4596 4600 4604 4608 4612 4616 4620 4624 4628 4632 4636 4640 4644 4648 4652 4656 4660 4664 4668 4672 4676 4680 4684 4688 4692 4696 4700 4704 4708 4712 4716 4720 4724 4728 4732 4736 4740 4744 4748 4752 4756 4760 4764 4768 4772 4776 4780 4784 4788 4792 4796 4800 4804 4808 4812 4816 4820 4824 4828 4832 4836 4840 4844 4848 4852 4856 4860 4864 4868 4872 4876 4880 4884 4888 4892 4896 4900 4904 4908 4912 4916 4920 4924 4928 4932 4936 4940 4944 4948 4952 4956 4960 4964 4968 4972 4976 4980 4984 4988 4992 4996 5000 5004 5008 5012 5016 5020 5024 5028 5032 5036 5040 5044 5048 5052 5056 5060 5064 5068 5072 5076 5080 5084 5088 5092 5096 5100 5104 5108 5112 5116 5120 5124 5128 5132 5136 5140 5144 5148 5152 5156 5160 5164 5168 5172 5176 5180 5184 5188 5192 5196 5200 5204 5208 5212 5216 5220 5224 5228 5232 5236 5240 5244 5248 5252 5256 5260 5264 5268 5272 5276 5280 5284 5288 5292 5296 5300 5304 5308 5312 5316 5320 5324 5328 5332 5336 5340 5344 5348 5352 5356 5360 5364 5368 5372 5376 5380 5384 5388 5392 5396 5400 5404 5408 5412 5416 5420 5424 5428 5432 5436 5440 5444 5448 5452 5456 5460 5464 5468 5472 5476 5480 5484 5488 5492 5496 5500 5504 5508 5512 5516 5520 5524 5528 5532 5536 5540 5544 5548 5552 5556 5560 5564 5568 5572 5576 5580 5584 5588 5592 5596 5600 5604 5608 5612 5616 5620 5624 5628 5632 5636 5640 5644 5648 5652 5656 5660 5664 5668 5672 5676 5680 5684 5688 5692 5696 5700 5704 5708 5712 5716 5720 5724 5728 5732 5736 5740 5744 5748 5752 5756 5760 5764 5768 5772 5776 5780 5784 5788 5792 5796 5800 5804 5808 5812 5816 5820 5824 5828 5832 5836 5840 5844 5848 5852 5856 5860 5864 5868 5872 5876 5880 5884 5888 5892 5896 5900 5904 5908 5912 5916 5920 5924 5928 5932 5936 5940 5944 5948 5952 5956 5960 5964 5968 5972 5976 5980 5984 5988 5992 5996 6000 6004 6008 6012 6016 6020 6024 6028 6032 6036 6040 6044 6048 6052 6056 6060 6064 6068 6072 6076 6080 6084 6088 6092 6096 6100 6104 6108 6112 6116 6120 6124 6128 6132 6136 6140 6144 6148 6152 6156 6160 6164 6168 6172 6176 6180 6184 6188 6192 6196 6200 6204 6208 6212 6216 6220 6224 6228 6232 6236 6240 6244 6248 6252 6256 6260 6264 6268 6272 6276 6280 6284 6288 6292 6296 6300 6304 6308 6312 6316 6320 6324 6328 6332 6336 6340 6344 6348 6352 6356 6360 6364 6368 6372 6376 6380 6384 6388 6392 6396 6400 6404 6408 6412 6416 6420 6424 6428 6432 6436 6440 6444 6448 6452 6456 6460 6464 6468 6472 6476 6480 6484 6488 6492 6496 6500 6504 6508 6512 6516 6520 6524 6528 6532 6536 6540 6544 6548 6552 6556 6560 6564 6568 6572 6576 6580 6584 6588 6592 6596 6600 6604 6608 6612 6616 6620 6624 6628 6632 6636 6640 6644 6648 6652 6656 6660 6664 6668 6672 6676 6680 6684 6688 6692 6696 6700 6704 6708 6712 6716 6720 6724 6728 6732 6736 6740 6744 6748 6752 6756 6760 6764 6768 6772 6776 6780 6784 6788 6792 6796 6800 6804 6808 6812 6816 6820 6824 6828 6832 6836 6840 6844 6848 6852 6856 6860 6864 6868 6872 6876 6880 6884 6888 6892 6896 6900 6904 6908 6912 6916 6920 6924 6928 6932 6936 6940 6944 6948 6952 6956 6960 6964 6968 6972 6976 6980 6984 6988 6992 6996 7000 7004 7008 7012 7016 7020 7024 7028 7032 7036 7040 7044 7048 7052 7056 7060 7064 7068 7072 7076 7080 7084 7088 7092 7096 7100 7104 7108 7112 7116 7120 7124 7128 7132 7136 7140 7144 7148 7152 7156 7160 7164 7168 7172 7176 7180 7184 7188 7192 7196 7200 7204 7208 7212 7216 7220 7224 7228 7232 7236 7240 7244 7248 7252 7256 7260 7264 7268 7272 7276 7280 7284 7288 7292 7296 7300 7304 7308 7312 7316 7320 7324 7328 7332 7336 7340 7344 7348 7352 7356 7360 7364 7368 7372 7376 7380 7384 7388 7392 7396 7400 7404 7408 7412 7416 7420 7424 7428 7432 7436 7440 7444 7448 7452 7456 7460 7464 7468 7472 7476 7480 7484 7488 7492 7496 7500 7504 7508 7512 7516 7520 7524 7528 7532 7536 7540 7544 7548 7552 7556 7560 7564 7568 7572 7576 7580 7584 7588 7592 7596 7600 7604 7608 7612 7616 7620 7624 7628 7632 7636 7640 7644 7648 7652 7656 7660 7664 7668 7672 7676 7680 7684 7688 7692 7696 7700 7704 7708 7712 7716 7720 7724 7728 7732 7736 7740 7744 7748 7752 7756 7760 7764 7768 7772 7776 7780 7784 7788 7792 7796 7800 7804 7808 7812 7816 7820 7824 7828 7832 7836 7840 7844 7848 7852 7856 7860 7864 7868 7872 7876 7880 7884 7888 7892 7896 7900 7904 7908 7912 7916 7920 7924 7928 7932 7936 7940 7944 7948 7952 7956 7960 7964 7968 7972 7976 7980 7984 7988 7992 7996 8000 8004 8008 8012 8016 8020 8024 8028 8032 8036 8040 8044 8048 8052 8056 8060 8064 8068 8072 8076 8080 8084 8088 8092 8096 8100 8104 8108 8112 8116 8120 8124 8128 8132 8136 8140 8144 8148 8152 8156 8160 8164 8168 8172 8176 8180 8184 8188 8192 8196 8200 8204 8208 8212 8216 8220 8224 8228 8232 8236 8240 8244 8248 8252 8256 8260 8264 8268 8272 8276 8280 8284 8288 8292 8296 8300 8304 8308 8312 8316 8320 8324 8328 8332 8336 8340 8344 8348 8352 8356 8360 8364 8368 8372 8376 8380 8384 8388 8392 8396 8400 8404 8408 8412 8416 8420 8424 8428 8432 8436 8440 8444 8448 8452 8456 8460 8464 8468 8472 8476 8480 8484 8488 8492 8496 8500 8504 8508 8512 8516 8520 8524 8528 8532 8536 8540 8544 8548 8552 8556 8560 8564 8568 8572 8576 8580 8584 8588 8592 8596 8600 8604 8608 8612 8616 8620 8624 8628 8632 8636 8640 8644 8648 8652 8656 8660 8664 8668 8672 8676 8680 8684 8688 8692 8696 8700 8704 8708 8712 8716 8720 8724 8728 8732 8736 8740 8744 8748 8752 8756 8760 8764 8768 8772 8776 8780 8784 8788 8792 8796 8800 8804 8808 8812 8816 8820 8824 8828 8832 8836 8840 8844 8848 8852 8856 8860 8864 8868 8872 8876 8880 8884 8888 8892 8896 8900 8904 8908 8912 8916 8920 8924 8928 8932 8936 8940 8944 8948 8952 8956 8960 8964 8968 8972 8976 8980 8984 8988 8992 8996 9000 9004 9008 9012 9016 9020 9024 9028 9032 9036 9040 9044 9048 9052 9056 9060 9064 9068 9072 9076 9080 9084 9088 9092 9096 9100 9104 9108 9112 9116 9120 9124 9128 9132 9136 9140 9144 9148 9152 9156 9160 9164 9168 9172 9176 9180 9184 9188 9192 9196 9200 9204 9208 9212 9216 9220 9224 9228 9232 9236 9240 9244 9248 9252 9256 9260 9264 9268 9272 9276 9280 9284 9288 9292 9296 9300 9304 9308 9312 9316 9320 9324 9328 9332 9336 9340 9344 9348 9352 9356 9360 9364 9368 9372 9376 9380 9384 9388 9392 9396 9400 9404 9408 9412 9416 9420 9424 9428 9432 9436 9440 9444 9448 9452 9456 9460 9464 9468 9472 9476 9480 9484 9488 9492 9496 9500 9504 9508 9512 9516 9520 9524 9528 9532 9536 9540 9544 9548 9552 9556 9560 9564 9568 9572 9576 9580 9584 9588 9592 9596 9600 9604 9608 9612 9616 9620 9624 9628 9632 9636 9640 9644 9648 9652 9656 9660 9664 9668 9672 9676 9680 9684 9688 9692 9696 9700 9704 9708 9712 9716 9720 9724 9728 9732 9736 9740 9744 9748 9752 9756 9760 9764 9768 9772 9776 9780 9784 9788 9792 9796 9800 9804 9808 9812 9816 9820 9824 9828 9832 9836 9840 9844 9848 9852 9856 9860 9864 9868 9872 9876 9880 9884 9888 9892 9896 9900 9904 9908 9912 9916 9920 9924 9928 9932 9936 9940 9944 9948 9952 9956 9960 9964 9968 9972 9976 9980 9984 9988 9992 9996 10000 10004 10008 10012 10016 10020 10024 10028 10032 10036 10040 10044 10048 10052 10056 10060 10064 10068 10072 10076 10080 10084 10088 10092 10096 10100 10104 10108 10112 10116 10120 10124 10128 10132 10136 10140 10144 10148 10152 10156 10160 10164 10168 10172 10176 10180 10184 10188 10192 10196 10200 10204 10208 10212 10216 10220 10224 10228 10232 10236 10240 10244 10248 10252 10256 10260 10264 10268 10272 10276 10280 10284 10288 10292 10296 10300 10304 10308 10312 10316 10320 10324 10328 10332 10336 10340 10344 10348 10352 10356 10360 10364 10368 10372 10376 10380 10384 10388 10392 10396 10400 10404 10408 10412 10416 10420 10424 10428 10432 10436 10440 10444 10448 10452 10456 10460 10464 10468 10472 10476 10480 10484 10488 10492 10496 10500 10504 10508 10512 10516 10520 10524 10528 10532 10536 10540 10544 10548 10552 10556 10560 10564 10568 10572 10576 10580 10584 10588 10592 10596 10600 10604 10608 10612 10616 10620 10624 10628 10632 10636 10640 10644 10648 10652 10656 10660 10664 10668 10672 10676 10680 10684 10688 10692 10696 10700 10704 10708 10712 10716 10720 10724 10728 10732 10736 10740 10744 10748 10752 10756 10760 10764 10768 10772 10776 10780 10784 10788 10792 10796 10800 10804 10808 10812 10816 10820 10824 10828 10832 10836 10840 10844 10848 10852 10856 10860 10864 10868 10872 10876 10880 10884 10888 10892 10896 10900 10904 10908 10912 10916 10920 10924 10928 10932 10936 10940 10944 10948 10952 10956 10960 10964 10968 10972 10976 10980 10984 10988 10992 10996 11000 11004 11008 11012 11016 11020 11024 11028 11032 11036 11040 11044 11048 11052 11056 11060 11064 11068 11072 11076 11080 11084 11088 11092 11096 11100 11104 11108 11112 11116 11120 11124 11128 11132 11136 11140 11144 11148 11152 11156 11160 11164 11168 11172 11176 11180 11184 11188 11192 11196 11200 11204 11208 11212 11216 11220 11224 11228 11232 11236 11240 11244 11248 11252 11256 11260 11264 11268 11272 11276 11280 11284 11288 11292 11296 11300 11304 11308 11312 11316 11320 11324 11328 11332 11336 11340 11344 11348 11352 11356 11360 11364 11368 11372 11376 11380 11384 11388 11392 11396 11400 11404 11408 11412 11416 11420 11424 11428 11432 11436 11440 11444 11448 11452 11456 11460 11464 11468 11472 11476 11480 11484 11488 11492 11496 11500 11504 11508 11512 11516 11520 11524 11528 11532 11536 11540 11544 11548 11552 11556 11560 11564 11568 11572 11576 11580 11584 11588 11592 11596 11600 11604 11608 11612 11616 11620 11624 11628 11632 11636 11640 11644 11648 11652 11656 11660 11664 11668 11672 11676 11680 11684 11688 11692 11696 11700 11704 11708 11712 11716 11720 11724 11728 11732 11736 11740 11744 11748 11752 11756 11760 11764 11768 11772 11776 11780 11784 11788 11792 11796 11800 11804 11808 11812 11816 11820 11824 11828 11832 11836 11840 11844 11848 11852 11856 11860 11864 11868 11872 11876 11880 11884 11888 11892 11896 11900 11904 11908 11912 11916 11920 11924 11928 11932 11936 11940 11944 11948 11952 11956 11960 11964 11968 11972 11976 11980 11984 11988 11992 11996 12000 12004 12008 12012 12016 12020 12024 12028 12032 12036 12040 12044 12048 12052 12056 12060 12064 12068 12072 12076 12080 12084 12088 12092 12096 12100 12104 12108 12112 12116 12120 12124 12128 12132 12136 12140 12144 12148 12152 12156 12160 12164 12168 12172 12176 12180 12184 12188 12192 12196 12200 12204 12208 12212 12216 12220 12224 12228 12232 12236 12240 12244 12248 12252 12256 12260 12264 12268 12272 12276 12280 12284 12288 12292 12296 12300 12304 12308 12312 12316 12320 12324 12328 12332 12336 12340 12344 12348 12352 12356 12360 12364 12368 12372 12376 12380 12384 12388 12392 12396 12400 12404 12408 12412 12416 12420 12424 12428 12432 12436 12440 12444 12448 12452 12456 12460 12464 12468 12472 12476 12480 12484 12488 12492 12496 12500 12504 12508 12512 12516 12520 12524 12528 12532 12536 12540 12544 12548 12552 12556 12560 12564 12568 12572 12576 12580 12584 12588 12592 12596 12600 12604 12608 12612 12616 12620 12624 12628 12632 12636 12640 12644 12648 12652 12656 12660 12664 12668 12672 12676 12680 12684 12688 12692 12696 12700 12704 12708 12712 12716 12720 12724 12728 12732 12736 12740 12744 12748 12752 12756 12760 12764 12768 12772 12776 12780 12784 12788 12792 12796 12800 12804 12808 12812 12816 12820 12824 12828 12832 12836 12840 12844 12848 12852 12856 12860 12864 12868 12872 12876 12880 12884 12888 12892 12896 12900 12904 12908 12912 12916 12920 12924 12928 12932 12936 12940 12944 12948 12952 12956 12960 12964 12968 12972 12976 12980 12984 12988 12992 12996 13000 13004 13008 13012 13016 13020 13024 13028 13032 13036 13040 13044 13048 13052 13056 13060 13064 13068 13072 13076 13080 13084 13088 13092 13096 13100 13104 13108 13112 13116 13120 13124 13128 13132 13136 13140 13144 13148 13152 13156 13160 13164 13168 13172 13176 13180 13184 13188 13192 13196 13200 13204 13208 13212 13216 13220 13224 13228 13232 13236 13240 13244 13248 13252 13256 13260 13264 13268 13272 13276 13280 13284 13288 13292 13296 13300 13304 13308 13312 13316 13320 13324 13328 13332 13336 13340 13344 13348 13352 13356 13360 13364 13368 13372 13376 13380 13384 13388 13392 13396 13400 13404 13408 13412 13416 13420 13424 13428 13432 13436 13440 13444 13448 13452 13456 13460 13464 13468 13472 13476 13480 13484 13488 13492 13496 13500 13504 13508 13512 13516 13520 13524 13528 13532 13536 13540 13544 13548 13552 13556 13560 13564 13568 13572 13576 13580 13584 13588 13592 13596 13600 13604 13608 13612 13616 13620 13624 13628 13632 13636 13640 13644 13648 13652 13656 13660 13664 13668 13672 13676 13680 13684 13688 13692 13696 13700 13704 13708 13712 13716 13720 13724 13728 13732 13736 13740 13744 13748 13752 13756 13760 13764 13768 13772 13776 13780 13784 13788 13792 13796 13800 13804 13808 13812 13816 13820 13824 13828 13832 13836 13840 13844 13848 13852 13856 13860 13864 13868 13872 13876 13880 13884 13888 13892 13896 13900 13904 13908 13912 13916 13920 13924 13928 13932 13936 13940 13944 13948 13952 13956 13960 13964 13968 13972 13976 13980 13984 13988 13992 13996 14000 14004 14008 14012 14016 14020 14024 14028 14032 14036 14040 14044 14048 14052 14056 14060 14064 14068 14072 14076 14080 14084 14088 14092 14096 14100 14104 14108 14112 14116 14120 14124 14128 14132 14136 14140 14144 14148 14152 14156 14160 14164 14168 14172 14176 14180 14184 14188 14192 14196 14200 14204 14208 14212 14216 14220 14224 14228 14232 14236 14240 14244 14248 14252 14256 14260 14264 14268 14272 14276 14280 14284 14288 14292 14296 14300 14304 14308 14312 14316 14320 14324 14328 14332 14336 14340 14344 14348 14352 14356 14360 14364 14368 14372 14376 14380 14384 14388 14392 14396 14400 14404 14408 14412 14416 14420 14424 14428 14432 14436 14440 14444 14448 14452 14456 14460 14464 14468 14472 14476 14480 14484 14488 14492 14496 14500 14504 14508 14512 14516 14520 14524 14528 14532 14536 14540 14544 14548 14552 14556 14560 14564 14568 14572 14576 14580 14584 14588 14592 14596 14600 14604 14608 14612 14616 14620 14624 14628 14632 14636 14640 14644 14648 14652 14656 14660 14664 14668 14672 14676 14680 14684 14688 14692 14696 14700 14704 14708 14712 14716 14720 14724 14728 14732 14736 14740 14744 14748 14752 14756 14760 14764 14768 14772 14776 14780 14784 14788 14792 14796 14800 14804 14808 14812 14816 14820 14824 14828 14832 14836 14840 14844 14848 14852 14856 14860 14864 14868 14872 14876 14880 14884 14888 14892 14896 14900 14904 14908 14912 14916 14920 14924 14928 14932 14936 14940 14944 14948 14952 14956 14960 14964 14968 14972 14976 14980 14984 14988 14992 14996 15000 15004 15008 15012 15016 15020 15024 15028 15032 15036 15040 15044 15048 15052 15056 15060 15064 15068 15072 15076 15080 15084 15088 15092 15096 15100 15104 15108 15112 15116 15120 15124 15128 15132 15136 15140 15144 15148 15152 15156 15160 15164 15168 15172 15176 15180 15184 15188 15192 15196 15200 15204 15208 15212 15216 15220 15224 15228 15232 15236 15240 15244 15248 15252 15256 15260 15264 15268 15272 15276 15280 15284 15288 15292 15296 15300 15304 15308 15312 15316 15320 15324 15328 15332 15336 15340 15344 15348 15352 15356 15360 15364 15368 15372 15376 15380 15384 15388 15392 15396 15400 15404 15408 15412 15416 15420 15424 15428 15432 15436 15440 15444 15448 15452 15456 15460 15464 15468 15472 15476 15480 15484 15488 15492 15496 15500 15504 15508 15512 15516 15520 15524 15528 15532 15536 15540 15544 15548 15552 15556 15560 15564 15568 15572 15576 15580 15584 15588 15592 15596 15600 15604 15608 15612 15616 15620 15624 15628 15632 15636 15640 15644 15648 15652 15656 15660 15664 15668 15672 15676 15680 15684 15688 15692 15696 15700 15704 15708 15712 15716 15720 15724 15728 15732 15736 15740 15744 15748 15752 15756 15760 15764 15768 15772 15776 15780 15784 15788 15792 15796 15800 15804 15808 15812 15816 15820 15824 15828 15832 15836 15840 15844 15848 15852 15856 15860 15864 15868 15872 15876 15880 15884 15888 15892 15896 15900 15904 15908 15912 15916 15920 15924 15928 15932 15936 15940 15944 15948 15952 15956 15960 15964 15968 15972 15976 15980 15984 15988 15992 15996 16000 16004 16008 16012 16016 16020 16024 16028 16032 16036 16040 16044 16048 16052 16056 16060 16064 16068 16072 16076 16080 16084 16088 16092 16096 16100 16104 16108 16112 16116 16120 16124 16128 16132 16136 16140 16144 16148 16152 16156 16160 16164 16168 16172 16176 16180 16184 16188 16192 16196 16200 16204 16208 16212 16216 16220 16224 16228 16232 16236 16240 16244 16248 16252 16256 16260 16264 16268 16272 16276 16280 16284 16288 16292 16296 16300 16304 16308 16312 16316 16320 16324 16328 16332 16336 16340 16344 16348 16352 16356 16360 16364 16368 16372 16376 16380 16384 16388 16392 16396 16400 16404 16408 16412 16416 16420 16424 16428 16432 16436 16440 16444 16448 16452 16456 16460 16464 16468 16472 16476 16480 16484 16488 16492 16496 16500 16504 16508 16512 16516 16520 16524 16528 16532 16536 16540 16544 16548 16552 16556 16560 16564 16568 16572 16576 16580 16584 16588 16592 16596 16600 16604 16608 16612 16616 16620 16624 16628 16632 16636 16640 16644 16648 16652 16656 16660 16664 16668 16672 16676 16680 16684 16688 16692 16696 16700 16704 16708 16712 16716 16720 16724 16728 16732 16736 16740 16744 16748 16752 16756 16760 16764 16768 16772 16776 16780 16784 16788 16792 16796 16800 16804 16808 16812 16816 16820 16824 16828 16832 16836 16840 16844 16848 16852 16856 16860 16864 16868 16872 16876 16880 16884 16888 16892 16896 16900 16904 16908 16912 16916 16920 16924 16928 16932 16936 16940 16944 16948 16952 16956 16960 16964 16968 16972 16976 16980 16984 16988 16992 16996 17000 17004 17008 17012 17016 17020 17024 17028 17032 17036 17040 17044 17048 17052 17056 17060 17064 17068 17072 17076 17080 17084 17088 17092 17096 17100 17104 17108 17112 17116 17120 17124 17128 17132 17136 17140 17144 17148 17152 17156 17160 17164 17168 17172 17176 17180 17184 17188 17192 17196 17200 17204 17208 17212 17216 17220 17224 17228 17232 17236 17240 17244 17248 17252 17256 17260 17264 17268 17272 17276 17280 17284 17288 17292 17296 17300 17304 17308 17312 17316 17320 17324 17328 17332 17336 17340 17344 17348 17352 17356 17360 17364 17368 17372 17376 17380 17384 17388 17392 17396 17400 17404 17408 17412 17416 17420 17424 17428 17432 17436 17440 17444 17448 17452 17456 17460 17464 17468 17472 17476 17480 17484 17488 17492 17496 17500 17504 17508 17512 17516 17520 17524 17528 17532 17536 17540 17544 17548 17552 17556 17560 17564 17568 17572 17576 17580 17584 17588 17592 17596 17600 17604 17608 17612 17616 17620 17624 17628 17632 17636 17640 17644 17648 17652 17656 17660 17664 17668 17672 17676 17680 17684 17688 17692 17696 17700 17704 17708 17712 17716 17720 17724 17728 17732 17736 17740 17744 17748 17752 17756 17760 17764 17768 17772 17776 17780 17784 17788 17792 17796 17800 17804 17808 17812 17816 17820 17824 17828 17832 17836 17840 17844 17848 17852 17856 17860 17864 17868 17872 17876 17880 17884 17888 17892 17896 17900 17904 17908 17912 17916 17920 17924 17928 17932 17936 17940 17944 17948 17952 17956 17960 17964 17968 17972 17976 17980 17984 17988 17992 17996 18000 18004 18008 18012 18016 18020 18024 18028 18032 18036 18040 18044 18048 18052 18056 18060 18064 18068 18072 18076 18080 18084 18088 18092 18096 18100 18104 18108 18112 18116 18120 18124 18128 18132 18136 18140 18144 18148 18152 18156 18160 18164 18168 18172 18176 18180 18184 18188 18192 18196 18200 18204 18208 18212 18216 18220 18224 18228 18232 18236 18240 18244 18248 18252 18256 18260 18264 18268 18272 18276 18280 18284 18288 18292 18296 18300 18304 18308 18312 18316 18320 18324 18328 18332 18336 18340 18344 18348 18352 18356 18360 18364 18368 18372 18376 18380 18384 18388 18392 18396 18400 18404 18408 18412 18416 18420 18424 18428 18432 18436 18440 18444 18448 18452 18456 18460 18464 18468 18472 18476 18480 18484 18488 18492 18496 18500 18504 18508 18512 18516 18520 18524 18528 18532 18536 18540 18544 18548 18552 18556 18560 18564 18568 18572 18576 18580 18584 18588 18592 18596 18600 18604 18608 18612 18616 18620 18624 18628 18632 18636 18640 18644 18648 18652 18656 18660 18664 18668 18672 18676 18680 18684 18688 18692 18696 18700 18704 18708 18712 18716 18720 18724 18728 18732 18736 18740 18744 18748 18752 18756 18760 18764 18768 18772 18776 18780 18784 18788 18792 18796 18800 18804 18808 18812 18816 18820 18824 18828 18832 18836 18840 18844 18848 18852 18856 18860 18864 18868 18872 18876 18880 18884 18888 18892 18896 18900 18904 18908 18912 18916 18920 18924 18928 18932 18936 18940 18944 18948 18952 18956 18960 18964 18968 18972 18976 18980 18984 18988 18992 18996 19000 19004 19008 19012 19016 19020 19024 19028 19032 19036 19040 19044 19048 19052 19056 19060 19064 19068 19072 19076 19080 19084 19088 19092 19096 19100 19104 19108 19112 19116 19120 19124 19128 19132 19136 19140 19144 19148 19152 19156 19160 19164 19168 19172 19176 19180 19184 19188 19192 19196 19200 19204 19208 19212 19216 19220 19224 19228 19232 19236 19240 19244 19248 19252 19256 19260 19264 19268 19272 19276 19280 19284 19288 19292 19296 19300 19304 19308 19312 19316 19320 19324 19328 19332 19336 19340 19344 19348 19352 19356 19360 19364 19368 19372 19376 19380 19384 19388 19392 19396 19400 19404 19408 19412 19416 19420 19424 19428 19432 19436 19440 19444 19448 19452 19456 19460 19464 19468 19472 19476 19480 19484 19488 19492 19496 19500 19504 19508 19512 19516 19520 19524 19528 19532 19536 19540 19544 19548 19552 19556 19560 19564 19568 19572 19576 19580 19584 19588 19592 19596 19600 19604 19608 19612 19616 19620 19624 19628 19632 19636 19640 19644 19648 19652 19656 19660 19664 19668 19672 19676 19680 19684 19688 19692 19696 19700 19704 19708 19712 19716 19720 19724 19728 19732 19736 19740 19744 19748 19752 19756 19760 19764 19768 19772 19776 19780 19784 19788 19792 19796 19800 19804 19808 19812 19816 19820 19824 19828 19832 19836 19840 19844 19848 19852 19856 19860 19864 19868 19872 19876 19880 19884 19888 19892 19896 19900 19904 19908 19912 19916 19920 19924 19928 19932 19936 19940 19944 19948 19952 19956 19960 19964 19968 19972 19976 19980 19984 19988 19992 19996 20000 20004 20008 20012 20016 20020 20024 20028 20032 20036 20040 20044 20048 20052 20056 20060 20064 20068 20072 20076 20080 20084 20088 20092 20096 20100 20104 20108 20112 20116 20120 20124 20128 20132 20136 20140 20144 20148 20152 20156 20160 20164 20168 20172 20176 20180 20184 20188 20192 20196 20200 20204 20208 20212 20216 20220 20224 20228 20232 20236 20240 20244 20248 20252 20256 20260 20264 20268 20272 20276 20280 20284 20288 20292 20296 20300 20304 20308 20312 20316 20320 20324 20328 20332 20336 20340 20344 20348 20352 20356 20360 20364 20368 20372 20376 20380 20384 20388 20392 20396 20400 20404 20408 20412 20416 20420 20424 20428 20432 20436 20440 20444 20448 20452 20456 20460 20464 20468 20472 20476 20480 20484 20488 20492 20496 20500 20504 20508 20512 20516 20520 20524 20528 20532 20536 20540 20544 20548 20552 20556 20560 20564 20568 20572 20576 20580 20584 20588 20592 20596 20600 20604 20608 20612 20616 20620 20624 20628 20632 20636 20640 20644 20648 20652 20656 20660 20664 20668 20672 20676 20680 20684 20688 20692 20696 20700 20704 20708 20712 20716 20720 20724 20728 20732 20736 20740 20744 20748 20752 20756 20760 20764 20768 20772 20776 20780 20784 20788 20792 20796 20800 20804 20808 20812 20816 20820 20824 20828 20832 20836 20840 20844 20848 20852 20856 20860 20864 20868 20872 20876 20880 20884 20888 20892 20896 20900 20904 20908 20912 20916 20920 20924 20928 20932 20936 20940 20944 20948 20952 20956 20960 20964 20968 20972 20976 20980 20984 20988 20992 20996 21000 21004 21008 21012 21016 21020 21024 21028 21032 21036 21040 21044 21048 21052 21056 21060 21064 21068 21072 21076 21080 21084 21088 21092 21096 21100 21104 21108 21112 21116 21120 21124 21128 21132 21136 21140 21144 21148 21152 21156 21160 21164 21168 21172 21176 21180 21184 21188 21192 21196 21200 21204 21208 21212 21216 21220 21224 21228 21232 21236 21240 21244 21248 21252 21256 21260 21264 21268 21272 21276 21280 21284 21288 21292 21296 21300 21304 21308 21312 21316 21320 21324 21328 21332 21336 21340 21344 21348 21352 21356 21360 21364 21368 21372 21376 21380 21384 21388 21392 21396 21400 21404 21408 21412 21416 21420 21424 21428 21432 21436 21440 21444 21448 21452 21456 21460 21464 21468 21472 21476 21480 21484 21488 21492 21496 21500 21504 21508 21512 21516 21520 21524 21528 21532 21536 21540 21544 21548 21552 21556 21560 21564 21568 21572 21576 21580 21584 21588 21592 21596 21600 21604 21608 21612 21616 21620 21624 21628 21632 21636 21640 21644 21648 21652 21656 21660 21664 21668 21672 21676 21680 21684 21688 21692 21696 21700 21704 21708 21712 21716 21720 21724 21728 21732 21736 21740 21744 21748 21752 21756 21760 21764 21768 21772 21776 21780 21784 21788 21792 21796 21800 21804 21808 21812 21816 21820 21824 21828 21832 21836 21840 21844 21848 21852 21856 21860 21864 21868 21872 21876 21880 21884 21888 21892 21896 21900 21904 21908 21912 21916 21920 21924 21928 21932 21936 21940 21944 21948 21952 21956 21960 21964 21968 21972 21976 21980 21984 21988 21992 21996 22000 22004 22008 22012 22016 22020 22024 22028 22032 22036 22040 22044 22048 22052 22056 22060 22064 22068 22072 22076 22080 22084 22088 22092 22096 22100 22104 22108 22112 22116 22120 22124 22128 22132 22136 22140 22144 22148 22152 22156 22160 22164 22168 22172 22176 22180 22184 22188 22192 22196 22200 22204 22208 22212 22216 22220 22224 22228 22232 22236 22240 22244 22248 22252 22256 22260 22264 22268 22272 22276 22280 22284 22288 22292 22296 22300 22304 22308 22312 22316 22320 22324 22328 22332 22336 22340 22344 22348 22352 22356 22360 22364 22368 22372 22376 22380 22384 22388 22392 22396 22400 22404 22408 22412 22416 22420 22424 22428 22432 22436 22440 22444 22448 22452 22456 22460 22464 22468 22472 22476 22480 22484 22488 22492 22496 22500 22504 22508 22512 22516 22520 22524 22528 22532 22536 22540 22544 22548 22552 22556 22560 22564 22568 22572 22576 22580 22584 22588 22592 22596 22600 22604 22608 22612 22616 22620 22624 22628 22632 22636 22640 22644 22648 22652 22656 22660 22664 22668 22672 22676 22680 22684 22688 22692 22696 22700 22704 22708 22712 22716 22720 22724 22728 22732 22736 22740 22744 22748 22752 22756 22760 22764 22768 22772 22776 22780 22784 22788 22792 22796 22800 22804 22808 22812 22816 22820 22824 22828 22832 22836 22840 22844 22848 22852 22856 22860 22864 22868 22872 22876 22880 22884 22888 22892 22896 22900 22904 22908 22912 22916 22920 22924 22928 22932 22936 22940 22944 22948 22952 22956 22960 22964 22968 22972 22976 22980 22984 22988 22992 22996 23000 23004 23008 23012 23016 23020 23024 23028 23032 23036 23040 23044 23048 23052 23056 23060 23064 23068 23072 23076 23080 23084 23088 23092 23096 23100 23104 23108 23112 23116 23120 23124 23128 23132 23136 23140 23144 23148 23152 23156 23160 23164 23168 23172 23176 23180 23184 23188 23192 23196 23200 23204 23208 23212 23216 23220 23224 23228 23232 23236 23240 23244 23248 23252 23256 23260 23264 23268 23272 23276 23280 23284 23288 23292 23296 23300 23304 23308 23312 23316 23320 23324 23328 23332 23336 23340 23344 23348 23352 23356 23360 23364 23368 23372 23376 23380 23384 23388 23392 23396 23400 23404 23408 23412 23416 23420 23424 23428 23432 23436 23440 23444 23448 23452 23456 23460 23464 23468 23472 23476 23480 23484 23488 23492 23496 23500 23504 23508 23512 23516 23520 23524 23528 23532 23536 23540 23544 23548 23552 23556 23560 23564 23568 23572 23576 23580 23584 23588 23592 23596 23600 23604 23608 23612 23616 23620 23624 23628 23632 23636 23640 23644 23648 23652 23656 23660 23664 23668 23672 23676 23680 23684 23688 23692 23696 23700 23704 23708 23712 23716 23720 23724 23728 23732 23736 23740 23744 23748 23752 23756 23760 23764 23768 23772 23776 23780 23784 23788 23792 23796 23800 23804 23808 23812 23816 23820 23824 23828 23832 23836 23840 23844 23848 23852 23856 23860 23864 23868 23872 23876 23880 23884 23888 23892 23896 23900 23904 23908 23912 23916 23920 23924 23928 23932 23936 23940 23944 23948 23952 23956 23960 23964 23968 23972 23976 23980 23984 23988 23992 23996 24000 24004 24008 24012 24016 24020 24024 24028 24032 24036 24040 24044 24048 24052 24056 24060 24064 24068 24072 24076 24080 24084 24088 24092 24096 24100 24104 24108 24112 24116 24120 24124 24128 24132 24136 24140 24144 24148 24152 24156 24160 24164 24168 24172 24176 24180 24184 24188 24192 24196 24200 24204 24208 24212 24216 24220 24224 24228 24232 24236 24240 24244 24248 24252 24256 24260 24264 24268 24272 24276 24280 24284 24288 24292 24296 24300 24304 24308 24312 24316 24320 24324 24328 24332 24336 24340 24344 24348 24352 24356 24360 24364 24368 24372 24376 24380 24384 24388 24392 24396 24400 24404 24408 24412 24416 24420 24424 24428 24432 24436 24440 24444 24448 24452 24456 24460 24464 24468 24472 24476 24480 24484 24488 24492 24496 24500 24504 24508 24512 24516 24520 24524 24528 24532 24536 24540 24544 24548 24552 24556 24560 24564 24568 24572 24576 24580 24584 24588 24592 24596 24600 24604 24608 24612 24616 24620 24624 24628 24632 24636 24640 24644 24648 24652 24656 24660 24664 24668 24672 24676 24680 24684 24688 24692 24696 24700 24704 24708 24712 24716 24720 24724 24728 24732 24736 24740 24744 24748 24752 24756 24760 24764 24768 24772 24776 24780 24784 24788 24792 24796 24800 24804 24808 24812 24816 24820 24824 24828 24832 24836 24840 24844 24848 24852 24856 24860 24864 24868 24872 24876 24880 24884 24888 24892 24896 24900 24904 24908 24912 24916 24920 24924 24928 24932 24936 24940 24944 24948 24952 24956 24960 24964 24968 24972 24976 24980 24984 24988 24992 24996 25000 25004 25008 25012 25016 25020 25024 25028 25032 25036 25040 25044 25048 25052 25056 25060 25064 25068 25072 25076 25080 25084 25088 25092 25096 25100 25104 25108 25112 25116 25120 25124 25128 25132 25136 25140 25144 25148 25152 25156 25160 25164 25168 25172 25176 25180 25184 25188 25192 25196 25200 25204 25208 25212 25216 25220 25224 25228 25232 25236 25240 25244 25248 25252 25256 25260 25264 25268 25272 25276 25280 25284 25288 25292 25296 25300 25304 25308 25312 25316 25320 25324 25328 25332 25336 25340 25344 25348 25352 25356 25360 25364 25368 25372 25376 25380 25384 25388 25392 25396 25400 25404 25408 25412 25416 25420 25424 25428 25432 25436 25440 25444 25448 25452 25456 25460 25464 25468 25472 25476 25480 25484 25488 25492 25496 25500 25504 25508 25512 25516 25520 25524 25528 25532 25536 25540 25544 25548 25552 25556 25560 25564 25568 25572 25576 25580 25584 25588 25592 25596 25600 25604 25608 25612 25616 25620 25624 25628 25632 25636 25640 25644 25648 25652 25656 25660 25664 25668 25672 25676 25680 25684 25688 25692 25696 25700 25704 25708 25712 25716 25720 25724 25728 25732 25736 25740 25744 25748 25752 25756 25760 25764 25768 25772 25776 25780 25784 25788 25792 25796 25800 25804 25808 25812 25816 25820 25824 25828 25832 25836 25840 25844 25848 25852 25856 25860 25864 25868 25872 25876 25880 25884 25888 25892 25896 25900 25904 25908 25912 25916 25920 25924 25928 25932 25936 25940 25944 25948 25952 25956 25960 25964 25968 25972 25976 25980 25984 25988 25992 25996 26000 26004 26008 26012 26016 26020 26024 26028 26032 26036 26040 26044 26048 26052 26056 26060 26064 26068 26072 26076 26080 26084 26088 26092 26096 26100 26104 26108 26112 26116 26120 26124 26128 26132 26136 26140 26144 26148 26152 26156 26160 26164 26168 26172 26176 26180 26184 26188 26192 26196 26200 26204 26208 26212 26216 26220 26224 26228 26232 26236 26240 26244 26248 26252 26256 26260 26264 26268 26272 26276 26280 26284 26288 26292 26296 26300 26304 26308 26312 26316 26320 26324 26328 26332 26336 26340 26344 26348 26352 26356 26360 26364 26368 26372 26376 26380 26384 26388 26392 26396 26400 26404 26408 26412 26416 26420 26424 26428 26432 26436 26440 26444 26448 26452 26456 26460 26464 26468 26472 26476 26480 26484 26488 26492 26496 26500 26504 26508 26512 26516 26520 26524 26528 26532 26536 26540 26544 26548 26552 26556 26560 26564 26568 26572 26576 26580 26584 26588 26592 26596 26600 26604 26608 26612 26616 26620 26624 26628 26632 26636 26640 26644 26648 26652 26656 26660 26664 26668 26672 26676 26680 26684 26688 26692 26696 26700 26704 26708 26712 26716 26720 26724 26728 26732 26736 26740 26744 26748 26752 26756 26760 26764 26768 26772 26776 26780 26784 26788 26792 26796 26800 26804 26808 26812 26816 26820 26824 26828 26832 26836 26840 26844 26848 26852 26856 26860 26864 26868 26872 26876 26880 26884 26888 26892 26896 26900 26904 26908 26912 26916 26920 26924 26928 26932 26936 26940 26944 26948 26952 26956 26960 26964 26968 26972 26976 26980 26984 26988 26992 26996 27000 27004 27008 27012 27016 27020 27024 27028 27032 27036 27040 27044 27048 27052 27056 27060 27064 27068 27072 27076 27080 27084 27088 27092 27096 27100 27104 27108 27112 27116 27120 27124 27128 27132 27136 27140 27144 27148 27152 27156 27160 27164 27168 27172 27176 27180 27184 27188 27192 27196 27200 27204 27208 27212 27216 27220 27224 27228 27232 27236 27240 27244 27248 27252 27256 27260 27264 27268 27272 27276 27280 27284 27288 27292 27296 27300 27304 27308 27312 27316 27320 27324 27328 27332 27336 27340 27344 27348 27352 27356 27360 27364 27368 27372 27376 27380 27384 27388 27392 27396 27400 27404 27408 27412 27416 27420 27424 27428 27432 27436 27440 27444 27448 27452 27456 27460 27464 27468 27472 27476 27480 27484 27488 27492 27496 27500 27504 27508 27512 27516 27520 27524 27528 27532 27536 27540 27544 27548 27552 27556 27560 27564 27568 27572 27576 27580 27584 27588 27592 27596 27600 27604 27608 27612 27616 27620 27624 27628 27632 27636 27640 27644 27648 27652 27656 27660 27664 27668 27672 27676 27680 27684 27688 27692 27696 27700 27704 27708 27712 27716 27720 27724 27728 27732 27736 27740 27744 27748 27752 27756 27760 27764 27768 27772 27776 27780 27784 27788 27792 27796 27800 27804 27808 27812 27816 27820 27824 27828 27832 27836 27840 27844 27848 27852 27856 27860 27864 27868 27872 27876 27880 27884 27888 27892 27896 27900 27904 27908 27912 27916 27920 27924 27928 27932 27936 27940 27944 27948 27952 27956 27960 27964 27968 27972 27976 27980 27984 27988 27992 27996 28000 28004 28008 28012 28016 28020 28024 28028 28032 28036 28040 28044 28048 28052 28056 28060 28064 28068 28072 28076 28080 28084 28088 28092 28096 28100 28104 28108 28112 28116 28120 28124 28128 28132 28136 28140 28144 28148 28152 28156 28160 28164 28168 28172 28176 28180 28184 28188 28192 28196 28200 28204 28208 28212 28216 28220 28224 28228 28232 28236 28240 28244 28248 28252 28256 28260 28264 28268 28272 28276 28280 28284 28288 28292 28296 28300 28304 28308 28312 28316 28320 28324 28328 28332 28336 28340 28344 28348 28352 28356 28360 28364 28368 28372 28376 28380 28384 28388 28392 28396 28400 28404 28408 28412 28416 28420 28424 28428 28432 28436 28440 28444 28448 28452 28456 28460 28464 28468 28472 28476 28480 28484 28488 28492 28496 28500 28504 28508 28512 28516 28520 28524 28528 28532 28536 28540 28544 28548 28552 28556 28560 28564 28568 28572 28576 28580 28584 28588 28592 28596 28600 28604 28608 28612 28616 28620 28624 28628 28632 28636 28640 28644 28648 28652 28656 28660 28664 28668 28672 28676 28680 28684 28688 28692 28696 28700 28704 28708 28712 28716 28720 28724 28728 28732 28736 28740 28744 28748 28752 28756 28760 28764 28768 28772 28776 28780 28784 28788 28792 28796 28800 28804 28808 28812 28816 28820 28824 28828 28832 28836 28840 28844 28848 28852 28856 28860 28864 28868 28872 28876 28880 28884 28888 28892 28896 28900 28904 28908 28912 28916 28920 28924 28928 28932 28936 28940 28944 28948 28952 28956 28960 28964 28968 28972 28976 28980 28984 28988 28992 28996 29000 29004 29008 29012 29016 29020 29024 29028 29032 29036 29040 29044 29048 29052 29056 29060 29064 29068 29072 29076 29080 29084 29088 29092 29096 29100 29104 29108 29112 29116 29120 29124 29128 29132 29136 29140 29144 29148 29152 29156 29160 29164 29168 29172 29176 29180 29184 29188 29192 29196 29200 29204 29208 29212 29216 29220 29224 29228 29232 29236 29240 29244 29248 29252 29256 29260 29264 29268 29272 29276 29280 29284 </DataArray>
        <DataArray type="Int8" Name="types" format="ascii">71 71 71 71 71 71 71 71 71 71 71 71 71 71 71 71 71 71 71 71 71 71 71 71 71 71 71 71 71 71 71 71 71 71 71 71 71 71 71 71 71 71 71 71 71 71 71 71 71 71 71 71 71 71 71 71 71 71 71 71 71 71 71 71 71 71 71 71 71 71 71 71 71 71 71 71 71 71 71 71 71 71 71 71 71 71 71 71 71 71 71 71 71 71 71 71 71 71 71 71 71 71 71 71 71 71 71 71 71 71 71 71 71 71 71 71 71 71 71 71 71 71 71 71 71 71 71 71 71 71 71 71 71 71 71 71 71 71 71 71 71 71 71 71 71 71 71 71 71 71 71 71 71 71 71 71 71 71 71 71 71 71 71 71 71 71 71 71 71 71 71 71 71 71 71 71 71 71 71 71 71 71 71 71 71 71 71 71 71 71 71 71 71 71 71 71 71 71 71 71 71 71 71 71 71 71 71 71 71 71 71 71 71 71 71 71 71 71 71 71 71 71 71 71 71 71 71 71 71 71 71 71 71 71 71 71 71 71 71 71 71 71 71 71 71 71 71 71 71 71 71 71 71 71 71 71 71 71 71 71 71 71 71 71 71 71 71 71 71 71 71 71 71 71 71 71 71 71 71 71 71 71 71 71 71 71 71 71 71 71 71 71 71 71 71 71 71 71 71 71 71 71 71 71 71 71 71 71 71 71 71 71 71 71 71 71 71 71 71 71 71 71 71 71 71 71 71 71 71 71 71 71 71 71 71 71 71 71 71 71 71 71 71 71 71 71 71 71 71 71 71 71 71 71 71 71 71 71 71 71 71 71 71 71 71 71 71 71 71 71 71 71 71 71 71 71 71 71 71 71 71 71 71 71 71 71 71 71 71 71 71 71 71 71 71 71 71 71 71 71 71 71 71 71 71 71 71 71 71 71 71 71 71 71 71 71 71 71 71 71 71 71 71 71 71 71 71 71 71 71 71 71 71 71 71 71 71 71 71 71 71 71 71 71 71 71 71 71 71 71 71 71 71 71 71 71 71 71 71 71 71 71 71 71 71 71 71 71 71 71 71 71 71 71 71 71 71 71 71 71 71 71 71 71 71 71 71 71 71 71 71 71 71 71 71 71 71 71 71 71 71 71 71 71 71 71 71 71 71 71 71 71 71 71 71 71 71 71 71 71 71 71 71 71 71 71 71 71 71 71 71 71 71 71 71 71 71 71 71 71 71 71 71 71 71 71 71 71 71 71 71 71 71 71 71 71 71 71 71 71 71 71 71 71 71 71 71 71 71 71 71 71 71 71 71 71 71 71 71 71 71 71 71 71 71 71 71 71 71 71 71 71 71 71 71 71 71 71 71 71 71 71 71 71 71 71 71 71 71 71 71 71 71 71 71 71 71 71 71 71 71 71 71 71 71 71 71 71 71 71 71 71 71 71 71 71 71 71 71 71 71 71 71 71 71 71 71 71 71 71 71 71 71 71 71 71 71 71 71 71 71 71 71 71 71 71 71 71 71 71 71 71 71 71 71 71 71 71 71 71 71 71 71 71 71 71 71 71 71 71 71 71 71 71 71 71 71 71 71 71 71 71 71 71 71 71 71 71 71 71 71 71 71 71 71 71 71 71 71 71 71 71 71 71 71 71 71 71 71 71 71 71 71 71 71 71 71 71 71 71 71 71 71 71 71 71 71 71 71 71 71 71 71 71 71 71 71 71 71 71 71 71 71 71 71 71 71 71 71 71 71 71 71 71 71 71 71 71 71 71 71 71 71 71 71 71 71 71 71 71 71 71 71 71 71 71 71 71 71 71 71 71 71 71 71 71 71 71 71 71 71 71 71 71 71 71 71 71 71 71 71 71 71 71 71 71 71 71 71 71 71 71 71 71 71 71 71 71 71 71 71 71 71 71 71 71 71 71 71 71 71 71 71 71 71 71 71 71 71 71 71 71 71 71 71 71 71 71 71 71 71 71 71 71 71 71 71 71 71 71 71 71 71 71 71 71 71 71 71 71 71 71 71 71 71 71 71 71 71 71 71 71 71 71 71 71 71 71 71 71 71 71 71 71 71 71 71 71 71 71 71 71 71 71 71 71 71 71 71 71 71 71 71 71 71 71 71 71 71 71 71 71 71 71 71 71 71 71 71 71 71 71 71 71 71 71 71 71 71 71 71 71 71 71 71 71 71 71 71 71 71 71 71 71 71 71 71 71 71 71 71 71 71 71 71 71 71 71 71 71 71 71 71 71 71 71 71 71 71 71 71 71 71 71 71 71 71 71 71 71 71 71 71 71 71 71 71 71 71 71 71 71 71 71 71 71 71 71 71 71 71 71 71 71 71 71 71 71 71 71 71 71 71 71 71 71 71 71 71 71 71 71 71 71 71 71 71 71 71 71 71 71 71 71 71 71 71 71 71 71 71 71 71 71 71 71 71 71 71 71 71 71 71 71 71 71 71 71 71 71 71 71 71 71 71 71 71 71 71 71 71 71 71 71 71 71 71 71 71 71 71 71 71 71 71 71 71 71 71 71 71 71 71 71 71 71 71 71 71 71 71 71 71 71 71 71 71 71 71 71 71 71 71 71 71 71 71 71 71 71 71 71 71 71 71 71 71 71 71 71 71 71 71 71 71 71 71 71 71 71 71 71 71 71 71 71 71 71 71 71 71 71 71 71 71 71 71 71 71 71 71 71 71 71 71 71 71 71 71 71 71 71 71 71 71 71 71 71 71 71 71 71 71 71 71 71 71 71 71 71 71 71 71 71 71 71 71 71 71 71 71 71 71 71 71 71 71 71 71 71 71 71 71 71 71 71 71 71 71 71 71 71 71 71 71 71 71 71 71 71 71 71 71 71 71 71 71 71 71 71 71 71 71 71 71 71 71 71 71 71 71 71 71 71 71 71 71 71 71 71 71 71 71 71 71 71 71 71 71 71 71 71 71 71 71 71 71 71 71 71 71 71 71 71 71 71 71 71 71 71 71 71 71 71 71 71 71 71 71 71 71 71 71 71 71 71 71 71 71 71 71 71 71 71 71 71 71 71 71 71 71 71 71 71 71 71 71 71 71 71 71 71 71 71 71 71 71 71 71 71 71 71 71 71 71 71 71 71 71 71 71 71 71 71 71 71 71 71 71 71 71 71 71 71 71 71 71 71 71 71 71 71 71 71 71 71 71 71 71 71 71 71 71 71 71 71 71 71 71 71 71 71 71 71 71 71 71 71 71 71 71 71 71 71 71 71 71 71 71 71 71 71 71 71 71 71 71 71 71 71 71 71 71 71 71 71 71 71 71 71 71 71 71 71 71 71 71 71 71 71 71 71 71 71 71 71 71 71 71 71 71 71 71 71 71 71 71 71 71 71 71 71 71 71 71 71 71 71 71 71 71 71 71 71 71 71 71 71 71 71 71 71 71 71 71 71 71 71 71 71 71 71 71 71 71 71 71 71 71 71 71 71 71 71 71 71 71 71 71 71 71 71 71 71 71 71 71 71 71 71 71 71 71 71 71 71 71 71 71 71 71 71 71 71 71 71 71 71 71 71 71 71 71 71 71 71 71 71 71 71 71 71 71 71 71 71 71 71 71 71 71 71 71 71 71 71 71 71 71 71 71 71 71 71 71 71 71 71 71 71 71 71 71 71 71 71 71 71 71 71 71 71 71 71 71 71 71 71 71 71 71 71 71 71 71 71 71 71 71 71 71 71 71 71 71 71 71 71 71 71 71 71 71 71 71 71 71 71 71 71 71 71 71 71 71 71 71 71 71 71 71 71 71 71 71 71 71 71 71 71 71 71 71 71 71 71 71 71 71 71 71 71 71 71 71 71 71 71 71 71 71 71 71 71 71 71 71 71 71 71 71 71 71 71 71 71 71 71 71 71 71 71 71 71 71 71 71 71 71 71 71 71 71 71 71 71 71 71 71 71 71 71 71 71 71 71 71 71 71 71 71 71 71 71 71 71 71 71 71 71 71 71 71 71 71 71 71 71 71 71 71 71 71 71 71 71 71 71 71 71 71 71 71 71 71 71 71 71 71 71 71 71 71 71 71 71 71 71 71 71 71 71 71 71 71 71 71 71 71 71 71 71 71 71 71 71 71 71 71 71 71 71 71 71 71 71 71 71 71 71 71 71 71 71 71 71 71 71 71 71 71 71 71 71 71 71 71 71 71 71 71 71 71 71 71 71 71 71 71 71 71 71 71 71 71 71 71 71 71 71 71 71 71 71 71 71 71 71 71 71 71 71 71 71 71 71 71 71 71 71 71 71 71 71 71 71 71 71 71 71 71 71 71 71 71 71 71 71 71 71 71 71 71 71 71 71 71 71 71 71 71 71 71 71 71 71 71 71 71 71 71 71 71 71 71 71 71 71 71 71 71 71 71 71 71 71 71 71 71 71 71 71 71 71 71 71 71 71 71 71 71 71 71 71 71 71 71 71 71 71 71 71 71 71 71 71 71 71 71 71 71 71 71 71 71 71 71 71 71 71 71 71 71 71 71 71 71 71 71 71 71 71 71 71 71 71 71 71 71 71 71 71 71 71 71 71 71 71 71 71 71 71 71 71 71 71 71 71 71 71 71 71 71 71 71 71 71 71 71 71 71 71 71 71 71 71 71 71 71 71 71 71 71 71 71 71 71 71 71 71 71 71 71 71 71 71 71 71 71 71 71 71 71 71 71 71 71 71 71 71 71 71 71 71 71 71 71 71 71 71 71 71 71 71 71 71 71 71 71 71 71 71 71 71 71 71 71 71 71 71 71 71 71 71 71 71 71 71 71 71 71 71 71 71 71 71 71 71 71 71 71 71 71 71 71 71 71 71 71 71 71 71 71 71 71 71 71 71 71 71 71 71 71 71 71 71 71 71 71 71 71 71 71 71 71 71 71 71 71 71 71 71 71 71 71 71 71 71 71 71 71 71 71 71 71 71 71 71 71 71 71 71 71 71 71 71 71 71 71 71 71 71 71 71 71 71 71 71 71 71 71 71 71 71 71 71 71 71 71 71 71 71 71 71 71 71 71 71 71 71 71 71 71 71 71 71 71 71 71 71 71 71 71 71 71 71 71 71 71 71 71 71 71 71 71 71 71 71 71 71 71 71 71 71 71 71 71 71 71 71 71 71 71 71 71 71 71 71 71 71 71 71 71 71 71 71 71 71 71 71 71 71 71 71 71 71 71 71 71 71 71 71 71 71 71 71 71 71 71 71 71 71 71 71 71 71 71 71 71 71 71 71 71 71 71 71 71 71 71 71 71 71 71 71 71 71 71 71 71 71 71 71 71 71 71 71 71 71 71 71 71 71 71 71 71 71 71 71 71 71 71 71 71 71 71 71 71 71 71 71 71 71 71 71 71 71 71 71 71 71 71 71 71 71 71 71 71 71 71 71 71 71 71 71 71 71 71 71 71 71 71 71 71 71 71 71 71 71 71 71 71 71 71 71 71 71 71 71 71 71 71 71 71 71 71 71 71 71 71 71 71 71 71 71 71 71 71 71 71 71 71 71 71 71 71 71 71 71 71 71 71 71 71 71 71 71 71 71 71 71 71 71 71 71 71 71 71 71 71 71 71 71 71 71 71 71 71 71 71 71 71 71 71 71 71 71 71 71 71 71 71 71 71 71 71 71 71 71 71 71 71 71 71 71 71 71 71 71 71 71 71 71 71 71 71 71 71 71 71 71 71 71 71 71 71 71 71 71 71 71 71 71 71 71 71 71 71 71 71 71 71 71 71 71 71 71 71 71 71 71 71 71 71 71 71 71 71 71 71 71 71 71 71 71 71 71 71 71 71 71 71 71 71 71 71 71 71 71 71 71 71 71 71 71 71 71 71 71 71 71 71 71 71 71 71 71 71 71 71 71 71 71 71 71 71 71 71 71 71 71 71 71 71 71 71 71 71 71 71 71 71 71 71 71 71 71 71 71 71 71 71 71 71 71 71 71 71 71 71 71 71 71 71 71 71 71 71 71 71 71 71 71 71 71 71 71 71 71 71 71 71 71 71 71 71 71 71 71 71 71 71 71 71 71 71 71 71 71 71 71 71 71 71 71 71 71 71 71 71 71 71 71 71 71 71 71 71 71 71 71 71 71 71 71 71 71 71 71 71 71 71 71 71 71 71 71 71 71 71 71 71 71 71 71 71 71 71 71 71 71 71 71 71 71 71 71 71 71 71 71 71 71 71 71 71 71 71 71 71 71 71 71 71 71 71 71 71 71 71 71 71 71 71 71 71 71 71 71 71 71 71 71 71 71 71 71 71 71 71 71 71 71 71 71 71 71 71 71 71 71 71 71 71 71 71 71 71 71 71 71 71 71 71 71 71 71 71 71 71 71 71 71 71 71 71 71 71 71 71 71 71 71 71 71 71 71 71 71 71 71 71 71 71 71 71 71 71 71 71 71 71 71 71 71 71 71 71 71 71 71 71 71 71 71 71 71 71 71 71 71 71 71 71 71 71 71 71 71 71 71 71 71 71 71 71 71 71 71 71 71 71 71 71 71 71 71 71 71 71 71 71 71 71 71 71 71 71 71 71 71 71 71 71 71 71 71 71 71 71 71 71 71 71 71 71 71 71 71 71 71 71 71 71 71 71 71 71 71 71 71 71 71 71 71 71 71 71 71 71 71 71 71 71 71 71 71 71 71 71 71 71 71 71 71 71 71 71 71 71 71 71 71 71 71 71 71 71 71 71 71 71 71 71 71 71 71 71 71 71 71 71 71 71 71 71 71 71 71 71 71 71 71 71 71 71 71 71 71 71 71 71 71 71 71 71 71 71 71 71 71 71 71 71 71 71 71 71 71 71 71 71 71 71 71 71 71 71 71 71 71 71 71 71 71 71 71 71 71 71 71 71 71 71 71 71 71 71 71 71 71 71 71 71 71 71 71 71 71 71 71 71 71 71 71 71 71 71 71 71 71 71 71 71 71 71 71 71 71 71 71 71 71 71 71 71 71 71 71 71 71 71 71 71 71 71 71 71 71 71 71 71 71 71 71 71 71 71 71 71 71 71 71 71 71 71 71 71 71 71 71 71 71 71 71 71 71 71 71 71 71 71 71 71 71 71 71 71 71 71 71 71 71 71 71 71 71 71 71 71 71 71 71 71 71 71 71 71 71 71 71 71 71 71 71 71 71 71 71 71 71 71 71 71 71 71 71 71 71 71 71 71 71 71 71 71 71 71 71 71 71 71 71 71 71 71 71 71 71 71 71 71 71 71 71 71 71 71 71 71 71 71 71 71 71 71 71 71 71 71 71 71 71 71 71 71 71 71 71 71 71 71 71 71 71 71 71 71 71 71 71 71 71 71 71 71 71 71 71 71 71 71 71 71 71 71 71 71 71 71 71 71 71 71 71 71 71 71 71 71 71 71 71 71 71 71 71 71 71 71 71 71 71 71 71 71 71 71 71 71 71 71 71 71 71 71 71 71 71 71 71 71 71 71 71 71 71 71 71 71 71 71 71 71 71 71 71 71 71 71 71 71 71 71 71 71 71 71 71 71 71 71 71 71 71 71 71 71 71 71 71 71 71 71 71 71 71 71 71 71 71 71 71 71 71 71 71 71 71 71 71 71 71 71 71 71 71 71 71 71 71 71 71 71 71 71 71 71 71 71 71 71 71 71 71 71 71 71 71 71 71 71 71 71 71 71 71 71 71 71 71 71 71 71 71 71 71 71 71 71 71 71 71 71 71 71 71 71 71 71 71 71 71 71 71 71 71 71 71 71 71 71 71 71 71 71 71 71 71 71 71 71 71 71 71 71 71 71 71 71 71 71 71 71 71 71 71 71 71 71 71 71 71 71 71 71 71 71 71 71 71 71 71 71 71 71 71 71 71 71 71 71 71 71 71 71 71 71 71 71 71 71 71 71 71 71 71 71 71 71 71 71 71 71 71 71 71 71 71 71 71 71 71 71 71 71 71 71 71 71 71 71 71 71 71 71 71 71 71 71 71 71 71 71 71 71 71 71 71 71 71 71 71 71 71 71 71 71 71 71 71 71 71 71 71 71 71 71 71 71 71 71 71 71 71 71 71 71 71 71 71 71 71 71 71 71 71 71 71 71 71 71 71 71 71 71 71 71 71 71 71 71 71 71 71 71 71 71 71 71 71 71 71 71 71 71 71 71 71 71 71 71 71 71 71 71 71 71 71 71 71 71 71 71 71 71 71 71 71 71 71 71 71 71 71 71 71 71 71 71 71 71 71 71 71 71 71 71 71 71 71 71 71 71 71 71 71 71 71 71 71 71 71 71 71 71 71 71 71 71 71 71 71 71 71 71 71 71 71 71 71 71 71 71 71 71 71 71 71 71 71 71 71 71 71 71 71 71 71 71 71 71 71 71 71 71 71 71 71 71 71 71 71 71 71 71 71 71 71 71 71 71 71 71 71 71 71 71 71 71 71 71 71 71 71 71 71 71 71 71 71 71 71 71 71 71 71 71 71 71 71 71 71 71 71 71 71 71 71 71 71 71 71 71 71 71 71 71 71 71 71 71 71 71 71 71 71 71 71 71 71 71 71 71 71 71 71 71 71 71 71 71 71 71 71 71 71 71 71 71 71 71 71 71 71 71 71 71 71 71 71 71 71 71 71 71 71 71 71 71 71 71 71 71 71 71 71 71 71 71 71 71 71 71 71 71 71 71 71 71 71 71 71 71 71 71 71 71 71 71 71 71 71 71 71 71 71 71 71 71 71 71 71 71 71 71 71 71 71 71 71 71 71 71 71 71 71 71 71 71 71 71 71 71 71 71 71 71 71 71 71 71 71 71 71 71 71 71 71 71 71 71 71 71 71 71 71 71 71 71 71 71 71 71 71 71 71 71 71 71 71 71 71 71 71 71 71 71 71 71 71 71 71 71 71 71 71 71 71 71 71 71 71 71 71 71 71 71 71 71 71 71 71 71 71 71 71 71 71 71 71 71 71 71 71 71 71 71 71 71 71 71 71 71 71 71 71 71 71 71 71 71 71 71 71 71 71 71 71 71 71 71 71 71 71 71 71 71 71 71 71 71 71 71 71 71 71 71 71 71 71 71 71 71 71 71 71 71 71 71 71 71 71 71 71 71 71 71 71 71 71 71 71 71 71 71 71 71 71 71 71 71 71 71 71 71 71 71 71 71 71 71 71 71 71 71 71 71 71 71 71 71 71 71 71 71 71 71 71 71 71 71 71 71 71 71 71 71 71 71 71 71 71 71 71 71 71 71 71 71 71 71 71 71 71 71 71 71 71 71 71 71 71 71 71 71 71 71 71 71 71 71 71 71 71 71 71 71 71 71 71 71 71 71 71 71 71 71 71 71 71 71 71 71 71 71 71 71 71 71 71 71 71 71 71 71 71 71 71 71 71 71 71 71 71 71 71 71 71 71 71 71 71 71 71 71 71 71 71 71 71 71 71 71 71 71 71 71 71 71 71 71 71 71 71 71 71 71 71 71 71 71 71 71 71 71 71 71 71 71 71 71 71 71 71 71 71 71 71 71 71 71 71 71 71 71 71 71 71 71 71 71 71 71 71 71 71 71 71 71 71 71 71 71 71 71 71 71 71 71 71 71 71 71 71 71 71 71 71 71 71 71 71 71 71 71 71 71 71 71 71 71 71 71 71 71 71 71 71 71 71 71 71 71 71 71 71 71 71 71 71 71 71 71 71 71 71 71 71 71 71 71 71 71 71 71 71 71 71 71 71 71 71 71 71 71 71 71 71 71 71 71 71 71 71 71 71 71 71 71 71 71 71 71 71 71 71 71 71 71 71 71 71 71 71 71 71 71 71 71 71 71 71 71 71 71 71 71 71 71 71 71 71 71 71 71 71 71 71 71 71 71 71 71 71 71 71 71 71 71 71 71 71 71 71 71 71 71 71 71 71 71 71 71 71 71 71 71 71 71 71 71 71 71 71 71 71 71 71 71 71 71 71 71 71 71 71 71 71 71 71 71 71 71 71 71 71 71 71 71 71 71 71 71 71 71 71 71 71 71 71 71 71 71 71 71 71 71 71 71 71 71 71 71 71 71 71 71 71 71 71 71 71 71 71 71 71 71 71 71 71 71 71 71 71 71 71 71 71 71 71 71 71 71 71 71 71 71 71 71 71 71 71 71 71 71 71 71 71 71 71 71 71 71 71 71 71 71 71 71 71 71 71 71 71 71 71 71 71 71 71 71 71 71 71 71 71 71 71 71 71 71 71 71 71 71 71 71 71 71 71 71 71 71 71 71 71 71 71 71 71 71 71 71 71 71 71 71 71 71 71 71 71 71 71 71 71 71 71 71 71 71 71 71 71 71 71 71 71 71 71 71 71 71 71 71 71 71 71 71 71 71 71 71 71 71 71 71 71 71 71 71 71 71 71 71 71 71 71 71 71 71 71 71 71 71 71 71 71 71 71 71 71 71 71 71 71 71 71 71 71 71 71 71 71 71 71 71 71 71 71 71 71 71 71 71 71 71 71 71 71 71 71 71 71 71 71 71 71 71 71 71 71 71 71 71 71 71 71 71 71 71 71 71 71 71 71 71 71 71 71 71 71 71 71 71 71 71 71 71 71 71 71 71 71 71 71 71 71 71 71 71 71 71 71 71 71 71 71 71 71 71 71 71 71 71 71 71 71 71 71 71 71 71 71 71 71 71 71 71 71 71 71 71 71 71 71 71 71 71 71 71 71 71 71 71 71 71 71 71 71 71 71 71 71 71 71 71 71 71 71 71 71 71 71 71 71 71 71 71 71 71 71 71 71 71 71 71 71 71 71 71 71 71 71 71 71 71 71 71 71 71 71 71 71 71 71 71 71 71 71 71 71 71 71 71 71 71 71 71 71 71 71 71 71 71 71 71 71 71 71 71 71 71 71 71 71 71 71 71 71 71 71 71 71 71 71 71 71 71 71 71 71 71 71 71 71 71 71 71 71 71 71 71 71 71 71 71 71 71 71 71 71 71 71 71 71 71 71 71 71 71 71 71 71 71 71 71 71 71 71 71 71 71 71 71 71 71 71 71 71 71 71 71 71 71 71 71 71 71 71 71 71 71 71 71 71 71 71 71 71 71 71 71 71 71 71 71 71 71 71 71 71 71 71 71 71 71 71 71 71 71 71 71 71 71 71 71 71 71 71 71 71 71 71 71 71 71 71 71 71 71 71 71 71 71 71 71 71 71 71 71 71 71 71 71 71 71 71 71 71 71 71 71 71 71 71 71 71 71 71 71 71 71 71 71 71 71 71 71 71 71 71 71 71 71 71 71 71 71 71 71 71 71 71 71 71 71 71 71 71 71 71 71 71 71 71 71 71 71 71 71 71 71 71 71 71 71 71 71 71 71 71 71 71 71 71 71 71 71 71 71 71 71 71 71 71 71 71 71 71 71 71 71 71 71 71 71 71 71 71 71 71 71 71 71 71 71 71 71 71 71 71 71 71 71 71 71 71 71 71 71 71 71 71 71 71 71 71 71 71 71 71 71 71 71 71 71 71 71 71 71 71 71 71 71 71 71 71 71 71 71 71 71 71 71 71 71 71 71 71 71 71 71 71 71 71 71 71 71 71 71 71 71 71 71 71 71 71 71 71 71 71 71 71 71 71 71 71 71 71 71 71 71 71 71 71 71 71 71 71 71 71 71 71 71 71 71 71 71 71 71 71 71 71 71 71 71 71 71 71 71 71 71 71 71 71 71 71 71 71 71 71 71 71 71 71 71 71 71 71 71 71 71 71 71 71 71 71 71 71 71 71 71 71 71 71 71 71 71 71 71 71 71 71 71 71 71 71 71 71 71 71 71 71 71 71 71 71 71 71 71 71 71 71 71 71 71 71 71 71 71 71 71 71 71 71 71 71 71 71 71 71 71 71 71 71 71 71 71 71 71 71 71 71 71 71 71 71 71 71 71 71 71 71 71 71 71 71 71 71 71 71 71 71 71 71 71 71 71 71 71 71 71 71 71 71 71 71 71 71 71 71 71 71 71 71 71 71 71 71 71 71 71 71 71 71 71 71 71 71 71 71 71 71 71 71 71 71 71 71 71 71 71 71 71 71 71 71 71 71 71 71 71 71 71 71 71 71 71 71 71 71 71 71 71 71 71 71 71 71 71 71 71 71 71 71 71 71 71 71 71 71 71 71 71 71 71 71 71 71 71 71 71 71 71 71 71 71 71 71 71 71 71 71 71 71 71 71 71 71 71 71 71 71 71 71 71 71 71 71 71 71 71 71 71 71 71 71 71 71 71 71 71 71 71 71 71 71 71 71 71 71 71 71 71 71 71 71 71 71 71 71 71 71 71 71 71 71 71 71 71 71 71 71 71 71 71 71 71 71 71 71 71 71 71 71 71 71 71 71 71 71 71 71 71 71 71 71 71 71 71 71 71 71 71 71 71 71 71 71 71 71 71 71 71 71 71 71 71 71 71 71 71 71 71 71 71 71 71 71 71 71 71 71 71 71 71 71 71 71 71 71 71 71 71 71 71 71 71 71 71 71 71 71 71 71 71 71 71 71 71 71 71 71 71 71 71 71 71 71 71 71 71 71 71 71 71 71 71 71 71 71 71 71 71 71 71 71 71 71 71 71 71 71 71 71 71 71 71 71 71 71 71 71 71 71 71 71 71 71 71 71 71 71 71 71 71 71 71 71 71 71 71 71 71 71 71 71 71 71 71 71 71 71 71 71 71 71 71 71 71 71 71 71 71 71 71 71 71 71 71 71 71 71 71 71 71 71 71 71 71 71 71 71 71 71 71 71 71 71 71 71 71 71 71 71 71 71 71 71 71 71 71 71 71 71 71 71 71 71 71 71 71 71 71 71 71 71 71 71 71 71 71 71 71 71 71 71 71 71 71 71 71 71 71 71 71 71 71 71 71 71 71 71 71 71 71 71 71 71 71 71 71 71 71 71 71 71 71 71 71 71 71 71 71 71 71 71 71 71 71 71 71 71 71 71 71 71 71 71 71 71 71 71 71 71 71 71 71 71 71 71 71 71 71 71 71 71 71 71 71 71 71 71 71 71 71 71 71 71 71 71 71 71 71 71 71 71 71 71 71 71 71 71 71 71 71 71 71 71 71 71 71 71 71 71 71 71 71 71 71 71 71 71 71 71 71 71 71 71 71 71 71 71 71 71 71 71 71 71 71 71 71 71 71 71 71 71 71 71 71 71 71 71 71 71 71 71 71 71 71 71 71 71 71 71 71 71 71 71 71 71 71 71 71 71 71 71 71 71 71 71 71 71 71 71 71 71 71 71 71 71 71 71 71 71 71 71 71 71 71 71 71 71 71 71 71 71 71 71 71 71 71 71 71 71 71 71 71 71 71 71 71 71 71 71 71 71 71 71 71 71 71 71 71 71 71 71 71 71 71 71 71 71 71 71 71 71 71 71 71 71 71 71 71 71 71 71 71 71 71 71 71 71 71 71 71 71 71 71 71 71 71 71 71 71 71 71 71 71 71 71 71 71 71 71 71 71 71 71 71 71 71 71 71 71 71 71 71 71 71 71 71 71 71 71 71 71 71 71 71 71 71 71 71 71 71 71 71 71 71 71 71 71 71 71 71 71 71 71 71 71 71 71 71 71 71 71 71 71 71 71 71 71 71 71 71 71 71 71 71 71 71 71 71 71 71 71 71 71 71 71 71 71 71 71 71 71 71 71 71 71 71 71 71 71 71 71 71 71 71 71 71 71 71 71 71 71 71 71 71 71 71 71 71 71 71 71 71 71 71 71 71 71 71 71 71 71 71 71 71 71 71 71 71 71 71 71 71 71 71 71 71 71 71 71 71 71 71 71 71 71 71 71 71 71 71 71 71 71 71 71 71 71 71 71 71 71 71 71 71 71 71 71 71 71 71 71 71 71 71 71 71 71 71 71 71 71 71 71 71 71 71 71 71 71 71 71 71 71 71 71 71 71 71 71 71 71 71 71 71 71 71 71 71 71 71 71 71 71 71 71 71 71 71 71 71 71 71 71 71 71 71 71 71 71 71 71 71 71 71 71 71 71 71 71 71 71 71 71 71 71 71 71 71 71 71 71 71 71 71 71 71 71 71 71 71 71 71 71 71 71 71 71 71 71 71 71 71 71 71 71 71 71 71 71 71 71 71 71 71 71 71 71 71 71 71 71 71 71 71 71 71 71 71 71 71 71 71 71 71 71 71 71 71 71 71 71 71 71 71 71 71 71 71 71 71 71 71 71 71 71 71 71 71 71 71 71 71 71 71 71 71 71 71 71 71 71 71 71 71 71 71 71 71 71 71 71 71 71 71 71 71 71 71 71 71 71 71 71 71 71 71 71 71 71 71 71 71 71 71 71 71 71 71 71 71 71 71 71 71 71 71 71 71 71 71 71 71 71 71 71 71 71 71 71 71 71 71 71 71 71 71 71 71 71 71 71 71 71 71 71 71 71 71 71 71 71 71 71 71 71 71 71 71 71 71 71 71 71 71 71 71 71 71 71 71 71 71 71 71 71 71 71 71 71 71 71 71 71 71 71 71 71 71 71 71 71 71 71 71 71 71 71 71 71 71 71 71 71 71 71 71 71 71 71 71 71 71 71 71 71 71 71 71 71 71 71 71 71 71 71 71 71 71 71 71 71 71 71 71 71 71 71 71 71 71 71 71 71 71 71 71 71 71 71 71 71 71 71 71 71 71 71 71 71 71 71 71 71 71 71 71 71 71 71 71 71 71 71 71 71 71 71 71 71 71 71 71 71 71 71 71 71 71 71 71 71 71 71 71 71 71 71 71 71 71 71 71 71 71 71 71 71 71 71 71 71 71 71 71 71 71 71 71 71 71 71 71 71 71 71 71 71 71 71 71 71 71 71 71 71 71 71 71 71 71 71 71 71 71 71 71 71 71 71 71 71 71 71 71 71 71 71 71 71 71 71 71 71 71 71 71 71 71 71 71 71 71 71 71 71 71 71 71 71 71 71 71 71 71 71 71 71 71 71 71 71 71 71 71 71 71 71 71 71 71 71 71 71 71 71 71 71 71 71 71 71 71 71 71 71 71 71 71 71 71 71 71 71 71 71 71 71 71 71 71 71 71 71 71 71 71 71 71 71 71 71 71 71 71 71 71 71 71 71 71 71 71 71 71 71 71 71 71 71 71 71 71 71 71 71 71 71 71 71 71 71 71 71 71 71 71 71 71 71 71 71 71 71 71 71 71 71 71 71 71 71 71 71 71 71 71 71 71 71 71 71 71 71 71 71 71 71 71 71 71 71 71 71 71 71 71 71 71 71 71 71 71 71 71 71 71 71 71 71 71 71 71 71 71 71 71 71 71 71 71 71 71 71 71 71 71 71 71 71 71 71 71 71 71 71 71 71 71 71 71 71 71 71 71 71 71 71 71 71 71 71 71 71 71 71 71 71 71 71 71 71 71 71 71 71 71 71 71 71 71 71 71 71 71 71 71 71 71 71 71 71 71 71 71 71 71 71 71 71 71 71 71 71 71 71 71 71 71 71 71 71 71 71 71 71 71 71 71 71 71 71 71 71 71 71 71 71 71 71 71 71 71 71 71 71 71 71 71 71 71 71 71 71 71 71 71 71 71 71 71 71 71 71 71 71 71 71 71 71 71 71 71 71 71 71 71 71 71 71 71 71 71 71 71 71 71 71 71 71 71 71 71 71 71 71 71 71 71 71 71 71 71 71 71 71 71 71 71 71 71 71 71 71 71 71 71 71 71 71 71 71 71 71 71 71 71 71 71 71 71 71 71 71 71 71 71 71 71 71 71 71 71 71 71 71 71 71 71 71 71 71 71 71 71 71 71 71 71 71 71 71 71 71 71 71 71 71 71 71 71 71 71 71 71 71 71 71 71 71 71 71 71 71 71 71 71 71 71 71 71 71 71 71 71 71 71 71 71 71 71 71 71 71 71 71 71 71 71 71 71 71 71 71 71 71 71 71 71 71 71 71 71 71 71 71 71 71 71 71 71 71 71 71 71 71 71 71 71 71 71 71 71 71 71 71 71 71 71 71 71 71 71 71 71 71 71 71 71 71 71 71 71 71 71 71 71 71 71 71 71 71 71 71 71 71 71 71 71 71 71 71 71 71 71 71 71 71 71 71 71 71 71 71 71 71 71 71 71 71 71 71 71 71 71 71 71 71 71 71 71 71 71 71 71 71 71 71 71 71 71 71 71 71 71 71 71 71 71 71 71 71 71 71 71 71 71 71 71 71 71 71 71 71 71 71 71 71 71 71 71 71 71 71 71 71 71 71 71 71 71 71 71 71 71 71 71 71 71 71 71 71 71 71 71 71 71 71 71 71 71 71 71 71 71 71 71 71 71 71 71 71 71 71 71 71 71 71 71 71 71 71 71 71 71 71 71 71 71 71 71 71 71 71 71 71 71 71 71 71 71 71 71 71 71 71 71 71 71 71 71 71 71 71 71 71 71 71 71 71 71 71 71 71 71 71 71 71 71 71 71 71 71 71 71 71 71 71 71 71 71 71 71 71 71 71 71 71 71 71 71 71 71 71 71 71 71 71 71 71 71 71 71 71 71 </DataArray>
      </Cells>
      <CellData Vectors="heat_flux" Scalars="region_ID">
        <DataArray type="UInt8" Name="vtkGhostType" format="ascii" RangeMin="0" RangeMax="1">0 0 0 0 0 0 0 0 0 0 0 0 0 0 0 0 0 0 0 0 0 0 0 0 0 0 0 0 0 0 0 0 0 0 0 0 0 0 0 0 0 0 0 0 0 0 0 0 0 0 0 0 0 0 0 0 0 0 0 0 0 0 0 0 0 0 0 0 0 0 0 0 0 0 0 0 0 0 0 0 0 0 0 0 0 0 0 0 0 0 0 0 0 0 0 0 0 0 0 0 0 0 0 0 0 0 0 0 0 0 0 0 0 0 0 0 0 0 0 0 0 0 0 0 0 0 0 0 0 0 0 0 0 0 0 0 0 0 0 0 0 0 0 0 0 0 0 0 0 0 0 0 0 0 0 0 0 0 0 0 0 0 0 0 0 0 0 0 0 0 0 0 0 0 0 0 0 0 0 0 0 0 0 0 0 0 0 0 0 0 0 0 0 0 0 0 0 0 0 0 0 0 0 0 0 0 0 0 0 0 0 0 0 0 0 0 0 0 0 0 0 0 0 0 0 0 0 0 0 0 0 0 0 0 0 0 0 0 0 0 0 0 0 0 0 0 0 0 0 0 0 0 0 0 0 0 0 0 0 0 0 0 0 0 0 0 0 0 0 0 0 0 0 0 0 0 0 0 0 0 0 0 0 0 0 0 0 0 0 0 0 0 0 0 0 0 0 0 0 0 0 0 0 0 0 0 0 0 0 0 0 0 0 0 0 0 0 0 0 0 0 0 0 0 0 0 0 0 0 0 0 0 0 0 0 0 0 0 0 0 0 0 0 0 0 0 0 0 0 0 0 0 0 0 0 0 0 0 0 0 0 0 0 0 0 0 0 0 0 0 0 0 0 0 0 0 0 0 0 0 0 0 0 0 0 0 0 0 0 0 0 0 0 0 0 0 0 0 0 0 0 0 0 0 0 0 0 0 0 0 0 0 0 0 0 0 0 0 0 0 0 0 0 0 0 0 0 0 0 0 0 0 0 0 0 0 0 0 0 0 0 0 0 0 0 0 0 0 0 0 0 0 0 0 0 0 0 0 0 0 0 0 0 0 0 0 0 0 0 0 0 0 0 0 0 0 0 0 0 0 0 0 0 0 0 0 0 0 0 0 0 0 0 0 0 0 0 0 0 0 0 0 0 0 0 0 0 0 0 0 0 0 0 0 0 0 0 0 0 0 0 0 0 0 0 0 0 0 0 0 0 0 0 0 0 0 0 0 0 0 0 0 0 0 0 0 0 0 0 0 0 0 0 0 0 0 0 0 0 0 0 0 0 0 0 0 0 0 0 0 0 0 0 0 0 0 0 0 0 0 0 0 0 0 0 0 0 0 0 0 0 0 0 0 0 0 0 0 0 0 0 0 0 0 0 0 0 0 0 0 0 0 0 0 0 0 0 0 0 0 0 0 0 0 0 0 0 0 0 0 0 0 0 0 0 0 0 0 0 0 0 0 0 0 0 0 0 0 0 0 0 0 0 0 0 0 0 0 0 0 0 0 0 0 0 0 0 0 0 0 0 0 0 0 0 0 0 0 0 0 0 0 0 0 0 0 0 0 0 0 0 0 0 0 0 0 0 0 0 0 0 0 0 0 0 0 0 0 0 0 0 0 0 0 0 0 0 0 0 0 0 0 0 0 0 0 0 0 0 0 0 0 0 0 0 0 0 0 0 0 0 0 0 0 0 0 0 0 0 0 0 0 0 0 0 0 0 0 0 0 0 0 0 0 0 0 0 0 0 0 0 0 0 0 0 0 0 0 0 0 0 0 0 0 0 0 0 0 0 0 0 0 0 0 0 0 0 0 0 0 0 0 0 0 0 0 0 0 0 0 0 0 0 0 0 0 0 0 0 0 0 0 0 0 0 0 0 0 0 0 0 0 0 0 0 0 0 0 0 0 0 0 0 0 0 0 0 0 0 0 0 0 0 0 0 0 0 0 0 0 0 0 0 0 0 0 0 0 0 0 0 0 0 0 0 0 0 0 0 0 0 0 0 0 0 0 0 0 0 0 0 0 0 0 0 0 0 0 0 0 0 0 0 0 0 0 0 0 0 0 0 0 0 0 0 0 0 0 0 0 0 0 0 0 0 0 0 0 0 0 0 0 0 0 0 0 0 0 0 0 0 0 0 0 0 0 0 0 0 0 0 0 0 0 0 0 0 0 0 0 0 0 0 0 0 0 0 0 0 0 0 0 0 0 0 0 0 0 0 0 0 0 0 0 0 0 0 0 0 0 0 0 0 0 0 0 0 0 0 0 0 0 0 0 0 0 0 0 0 0 0 0 0 0 0 0 0 0 0 0 0 0 0 0 0 0 0 0 0 0 0 0 0 0 0 0 0 0 0 0 0 0 0 0 0 0 0 0 0 0 0 0 0 0 0 0 0 0 0 0 0 0 0 0 0 0 0 0 0 0 0 0 0 0 0 0 0 0 0 0 0 0 0 0 0 0 0 0 0 0 0 0 0 0 0 0 0 0 0 0 0 0 0 0 0 0 0 0 0 0 0 0 0 0 0 0 0 0 0 0 0 0 0 0 0 0 0 0 0 0 0 0 0 0 0 0 0 0 0 0 0 0 0 0 0 0 0 0 0 0 0 0 0 0 0 0 0 0 0 0 0 0 0 0 0 0 0 0 0 0 0 0 0 0 0 0 0 0 0 0 0 0 0 0 0 0 0 0 0 0 0 0 0 0 0 0 0 0 0 0 0 0 0 0 0 0 0 0 0 0 0 0 0 0 0 0 0 0 0 0 0 0 0 0 0 0 0 0 0 0 0 0 0 0 0 0 0 0 0 0 0 0 0 0 0 0 0 0 0 0 0 0 0 0 0 0 0 0 0 0 0 0 0 0 0 0 0 0 0 0 0 0 0 0 0 0 0 0 0 0 0 0 0 0 0 0 0 0 0 0 0 0 0 0 0 0 0 0 0 0 0 0 0 0 0 0 0 0 0 0 0 0 0 0 0 0 0 0 0 0 0 0 0 0 0 0 0 0 0 0 0 0 0 0 0 0 0 0 0 0 0 0 0 0 0 0 0 0 0 0 0 0 0 0 0 0 0 0 0 0 0 0 0 0 0 0 0 0 0 0 0 0 0 0 0 0 0 0 0 0 0 0 0 0 0 0 0 0 0 0 0 0 0 0 0 0 0 0 0 0 0 0 0 0 0 0 0 0 0 0 0 0 0 0 0 0 0 0 0 0 0 0 0 0 0 0 0 0 0 0 0 0 0 0 0 0 0 0 0 0 0 0 0 0 0 0 0 0 0 0 0 0 0 0 0 0 0 0 0 0 0 0 0 0 0 0 0 0 0 0 0 0 0 0 0 0 0 0 0 0 0 0 0 0 0 0 0 0 0 0 0 0 0 0 0 0 0 0 0 0 0 0 0 0 0 0 0 0 0 0 0 0 0 0 0 0 0 0 0 0 0 0 0 0 0 0 0 0 0 0 0 0 0 0 0 0 0 0 0 0 0 0 0 0 0 0 0 0 0 0 0 0 0 0 0 0 0 0 0 0 0 0 0 0 0 0 0 0 0 0 0 0 0 0 0 0 0 0 0 0 0 0 0 0 0 0 0 0 0 0 0 0 0 0 0 0 0 0 0 0 0 0 0 0 0 0 0 0 0 0 0 0 0 0 0 0 0 0 0 0 0 0 0 0 0 0 0 0 0 0 0 0 0 0 0 0 0 0 0 0 0 0 0 0 0 0 0 0 0 0 0 0 0 0 0 0 0 0 0 0 0 0 0 0 0 0 0 0 0 0 0 0 0 0 0 0 0 0 0 0 0 0 0 0 0 0 0 0 0 0 0 0 0 0 0 0 0 0 0 0 0 0 0 0 0 0 0 0 0 0 0 0 0 0 0 0 0 0 0 0 0 0 0 0 0 0 0 0 0 0 0 0 0 0 0 0 0 0 0 0 0 0 0 0 0 0 0 0 0 0 0 0 0 0 0 0 0 0 0 0 0 0 0 0 0 0 0 0 0 0 0 0 0 0 0 0 0 0 0 0 0 0 0 0 0 0 0 0 0 0 0 0 0 0 0 0 0 0 0 0 0 0 0 0 0 0 0 0 0 0 0 0 0 0 0 0 0 0 0 0 0 0 0 0 0 0 0 0 0 0 0 0 0 0 0 0 0 0 0 0 0 0 0 0 0 0 0 0 0 0 0 0 0 0 0 0 0 0 0 0 0 0 0 0 0 0 0 0 0 0 0 0 0 0 0 0 0 0 0 0 0 0 0 0 0 0 0 0 0 0 0 0 0 0 0 0 0 0 0 0 0 0 0 0 0 0 0 0 0 0 0 0 0 0 0 0 0 0 0 0 0 0 0 0 0 0 0 0 0 0 0 0 0 0 0 0 0 0 0 0 0 0 0 0 0 0 0 0 0 0 0 0 0 0 0 0 0 0 0 0 0 0 0 0 0 0 0 0 0 0 0 0 0 0 0 0 0 0 0 0 0 0 0 0 0 0 0 0 0 0 0 0 0 0 0 0 0 0 0 0 0 0 0 0 0 0 0 0 0 0 0 0 0 0 0 0 0 0 0 0 0 0 0 0 0 0 0 0 0 0 0 0 0 0 0 0 0 0 0 0 0 0 0 0 0 0 0 0 0 0 0 0 0 0 0 0 0 0 0 0 0 0 0 0 0 0 0 0 0 0 0 0 0 0 0 0 0 0 0 0 0 0 0 0 0 0 0 0 0 0 0 0 0 0 0 0 0 0 0 0 0 0 0 0 0 0 0 0 0 0 0 0 0 0 0 0 0 0 0 0 0 0 0 0 0 0 0 0 0 0 0 0 0 0 0 0 0 0 0 0 0 0 0 0 0 0 0 0 0 0 0 0 0 0 0 0 0 0 0 0 0 0 0 0 0 0 0 0 0 0 0 0 0 0 0 0 0 0 0 0 0 0 0 0 0 0 0 0 0 0 0 0 0 0 0 0 0 0 0 0 0 0 0 0 0 0 0 0 0 0 0 0 0 0 0 0 0 0 0 0 0 0 0 0 0 0 0 0 0 0 0 0 0 0 0 0 0 0 0 0 0 0 0 0 0 0 0 0 0 0 0 0 0 0 0 0 0 0 0 0 0 0 0 0 0 0 0 0 0 0 0 0 0 0 0 0 0 0 0 0 0 0 0 0 0 0 0 0 0 0 0 0 0 0 0 0 0 0 0 0 0 0 0 0 0 0 0 0 0 0 0 0 0 0 0 0 0 0 0 0 0 0 0 0 0 0 0 0 0 0 0 0 0 0 0 0 0 0 0 0 0 0 0 0 0 0 0 0 0 0 0 0 0 0 0 0 0 0 0 0 0 0 0 0 0 0 0 0 0 0 0 0 0 0 0 0 0 0 0 0 0 0 0 0 0 0 0 0 0 0 0 0 0 0 0 0 0 0 0 0 0 0 0 0 0 0 0 0 0 0 0 0 0 0 0 0 0 0 0 0 0 0 0 0 0 0 0 0 0 0 0 0 0 0 0 0 0 0 0 0 0 0 0 0 0 0 0 0 0 0 0 0 0 0 0 0 0 0 0 0 0 0 0 0 0 0 0 0 0 0 0 0 0 0 0 0 0 0 0 0 0 0 0 0 0 0 0 0 0 0 0 0 0 0 0 0 0 0 0 0 0 0 0 0 0 0 0 0 0 0 0 0 0 0 0 0 0 0 0 0 0 0 0 0 0 0 0 0 0 0 0 0 0 0 0 0 0 0 0 0 0 0 0 0 0 0 0 0 0 0 0 0 0 0 0 0 0 0 0 0 0 0 0 0 0 0 0 0 0 0 0 0 0 0 0 0 0 0 0 0 0 0 0 0 0 0 0 0 0 0 0 0 0 0 0 0 0 0 0 0 0 0 0 0 0 0 0 0 0 0 0 0 0 0 0 0 0 0 0 0 0 0 0 0 0 0 0 0 0 0 0 0 0 0 0 0 0 0 0 0 0 0 0 0 0 0 0 0 0 0 0 0 0 0 0 0 0 0 0 0 0 0 0 0 0 0 0 0 0 0 0 0 0 0 0 0 0 0 0 0 0 0 0 0 0 0 0 0 0 0 0 0 0 0 0 0 0 0 0 0 0 0 0 0 0 0 0 0 0 0 0 0 0 0 0 0 0 0 0 0 0 0 0 0 0 0 0 0 0 0 0 0 0 0 0 0 0 0 0 0 0 0 0 0 0 0 0 0 0 0 0 0 0 0 0 0 0 0 0 0 0 0 0 0 0 0 0 0 0 0 0 0 0 0 0 0 0 0 0 0 0 0 0 0 0 0 0 0 0 0 0 0 0 0 0 0 0 0 0 0 0 0 0 0 0 0 0 0 0 0 0 0 0 0 0 0 0 0 0 0 0 0 0 0 0 0 0 0 0 0 0 0 0 0 0 0 0 0 0 0 0 0 0 0 0 0 0 0 0 0 0 0 0 0 0 0 0 0 0 0 0 0 0 0 0 0 0 0 0 0 0 0 0 0 0 0 0 0 0 0 0 0 0 0 0 0 0 0 0 0 0 0 0 0 0 0 0 0 0 0 0 0 0 0 0 0 0 0 0 0 0 0 0 0 0 0 0 0 0 0 0 0 0 0 0 0 0 0 0 0 0 0 0 0 0 0 0 0 0 0 0 0 0 0 0 0 0 0 0 0 0 0 0 0 0 0 0 0 0 0 0 0 0 0 0 0 0 0 0 0 0 0 0 0 0 0 0 0 0 0 0 0 0 0 0 0 0 0 0 0 0 0 0 0 0 0 0 0 0 0 0 0 0 0 0 0 0 0 0 0 0 0 0 0 0 0 0 0 0 0 0 0 0 0 0 0 0 0 0 0 0 0 0 0 0 0 0 0 0 0 0 0 0 0 0 0 0 0 0 0 0 0 0 0 0 0 0 0 0 0 0 0 0 0 0 0 0 0 0 0 0 0 0 0 0 0 0 0 0 0 0 0 0 0 0 0 0 0 0 0 0 0 0 0 0 0 0 0 0 0 0 0 0 0 0 0 0 0 0 0 0 0 0 0 0 0 0 0 0 0 0 0 0 0 0 0 0 0 0 0 0 0 0 0 0 0 0 0 0 0 0 0 0 0 0 0 0 0 0 0 0 0 0 0 0 0 0 0 0 0 0 0 0 0 0 0 0 0 0 0 0 0 0 0 0 0 0 0 0 0 0 0 0 0 0 0 0 0 0 0 0 0 0 0 0 0 0 0 0 0 0 0 0 0 0 0 0 0 0 0 0 0 0 0 0 0 0 0 0 0 0 0 0 0 0 0 0 0 0 0 0 0 0 0 0 0 0 0 0 0 0 0 0 0 0 0 0 0 0 0 0 0 0 0 0 0 0 0 0 0 0 0 0 0 0 0 0 0 0 0 0 0 0 0 0 0 0 0 0 0 0 0 0 0 0 0 0 0 0 0 0 0 0 0 0 0 0 0 0 0 0 0 0 0 0 0 0 0 0 0 0 0 0 0 0 0 0 0 0 0 0 0 0 0 0 0 0 0 0 0 0 0 0 0 0 0 0 0 0 0 0 0 0 0 0 0 0 0 0 0 0 0 0 0 0 0 0 0 0 0 0 0 0 0 0 0 0 0 0 0 0 0 0 0 0 0 0 0 0 0 0 0 0 0 0 0 0 0 0 0 0 0 0 0 0 0 0 0 0 0 0 0 0 0 0 0 0 0 0 0 0 0 0 0 0 0 0 0 0 0 0 0 0 0 0 0 0 0 0 0 0 0 0 0 0 0 0 0 0 0 0 0 0 0 0 0 0 0 0 0 0 0 0 0 0 0 0 0 0 0 0 0 0 0 0 0 0 0 0 0 0 0 0 0 0 0 0 0 0 0 0 0 0 0 0 0 0 0 0 0 0 0 0 0 0 0 0 0 0 0 0 0 0 0 0 0 0 0 0 0 0 0 0 0 0 0 0 0 0 0 0 0 0 0 0 0 0 0 0 0 0 0 0 0 0 0 0 0 0 0 0 0 0 0 0 0 0 0 0 0 0 0 0 0 0 0 0 0 0 0 0 0 0 0 0 0 0 0 0 0 0 0 0 0 0 0 0 0 0 0 0 0 0 0 0 0 0 0 0 0 0 0 0 0 0 0 0 0 0 0 0 0 0 0 0 0 0 0 0 0 0 0 0 0 0 0 0 0 0 0 0 0 0 0 0 0 0 0 0 0 0 0 0 0 0 0 0 0 0 0 0 0 0 0 0 0 0 0 0 0 0 0 0 0 0 0 0 0 0 0 0 0 0 0 0 0 0 0 0 0 0 0 0 0 0 0 0 0 0 0 0 0 0 0 0 0 0 0 0 0 0 0 0 0 0 0 0 0 0 0 0 0 0 0 0 0 0 0 0 0 0 0 0 0 0 0 0 0 0 0 0 0 0 0 0 0 0 0 0 0 0 0 0 0 0 0 0 0 0 0 0 0 0 0 0 0 0 0 0 0 0 0 0 0 0 0 0 0 0 0 0 0 0 0 0 0 0 0 0 0 0 0 0 0 0 0 0 0 0 0 0 0 0 0 0 0 0 0 0 0 0 0 0 0 0 0 0 0 0 0 0 0 0 0 0 0 0 0 0 0 0 0 0 0 0 0 0 0 0 0 0 0 0 0 0 0 0 0 0 0 0 0 0 0 0 0 0 0 0 0 0 0 0 0 0 0 0 0 0 0 0 0 0 0 0 0 0 0 0 0 0 0 0 0 0 0 0 0 0 0 0 0 0 0 0 0 0 0 0 0 0 0 0 0 0 0 0 0 0 0 0 0 0 0 0 0 0 0 0 0 0 0 0 0 0 0 0 0 0 0 0 0 0 0 0 0 0 0 0 0 0 0 0 0 0 0 0 0 0 0 0 0 0 0 0 0 0 0 0 0 0 0 0 0 0 0 0 0 0 0 0 0 0 0 0 0 0 0 0 0 0 0 0 0 0 0 0 0 0 0 0 0 0 0 0 0 0 0 0 0 0 0 0 0 0 0 0 0 0 0 0 0 0 0 0 0 0 0 0 0 0 0 0 0 0 0 0 0 0 0 0 0 0 0 0 0 0 0 0 0 0 0 0 0 0 0 0 0 0 0 0 0 0 0 0 0 0 0 0 0 0 0 0 0 0 0 0 0 0 0 0 0 0 0 0 0 0 0 0 0 0 0 0 0 0 0 0 0 0 0 0 0 0 0 0 0 0 0 0 0 0 0 0 0 0 0 0 0 0 0 0 0 0 0 0 0 0 0 0 0 0 0 0 0 0 0 0 0 0 0 0 0 0 0 0 0 0 0 0 0 0 0 0 0 0 0 0 0 0 0 0 0 0 0 0 0 0 0 0 0 0 0 0 0 0 0 0 0 0 0 0 0 0 0 0 0 0 0 0 0 0 0 0 0 0 0 0 0 0 0 0 0 0 0 0 0 0 0 0 0 0 0 0 0 0 0 0 0 0 0 0 0 0 0 0 0 0 0 0 0 0 0 0 0 0 0 0 0 0 0 0 0 0 0 0 0 0 0 0 0 0 0 0 0 0 0 0 0 0 0 0 0 0 0 0 0 0 0 0 0 0 0 0 0 0 0 0 0 0 0 0 0 0 0 0 0 0 0 0 0 0 0 0 0 0 0 0 0 0 0 0 0 0 0 0 0 0 0 0 0 0 0 0 0 0 0 0 0 0 0 0 0 0 0 0 0 0 0 0 0 0 0 0 0 0 0 0 0 0 0 0 0 0 0 0 0 0 0 0 0 0 0 0 0 0 0 0 0 0 0 0 0 0 0 0 0 0 0 0 0 0 0 0 0 0 0 0 0 0 0 0 0 0 0 0 0 0 0 0 0 0 0 0 0 0 0 0 0 0 0 0 0 0 0 0 0 0 0 0 0 0 0 0 0 0 0 0 0 0 0 0 0 0 0 0 0 0 0 0 0 0 0 0 0 0 0 0 0 0 0 0 0 0 0 0 0 0 0 0 0 0 0 0 0 0 0 0 0 0 0 0 0 0 0 0 0 0 0 0 0 0 0 0 0 0 0 0 0 0 0 0 0 0 0 0 0 0 0 0 0 0 0 0 0 0 0 0 0 0 0 0 0 0 0 0 0 0 0 0 0 0 0 0 0 0 0 0 0 0 0 0 0 0 0 0 0 0 0 0 0 0 0 0 0 0 0 0 0 0 0 0 0 0 0 0 0 0 0 0 0 0 0 0 0 0 0 0 0 0 0 0 0 0 0 0 0 0 0 0 0 0 0 0 0 0 0 0 0 0 0 0 0 0 0 0 0 0 0 0 0 0 0 0 0 0 0 0 0 0 0 0 0 0 0 0 0 0 0 0 0 0 0 0 0 0 0 0 0 0 0 0 0 0 0 0 0 0 0 0 0 0 0 0 0 0 0 0 0 0 0 0 0 0 0 0 0 0 0 0 0 0 0 0 0 0 0 0 0 0 0 0 0 0 0 0 0 0 0 0 0 0 0 0 0 0 0 0 0 0 0 0 0 0 0 0 0 0 0 0 0 0 0 0 0 0 0 0 0 0 0 0 0 0 0 0 0 0 0 0 0 0 0 0 0 0 0 0 0 0 0 0 0 0 0 0 0 0 0 0 0 0 0 0 0 0 0 0 0 0 0 0 0 0 0 0 0 0 0 0 0 0 0 0 0 0 0 0 0 0 0 0 0 0 0 0 0 0 0 0 0 0 0 0 0 0 0 0 0 0 0 0 0 0 0 0 0 0 0 0 0 0 0 0 0 0 0 0 0 0 0 0 0 0 0 0 0 0 0 0 0 0 0 0 0 0 0 0 0 0 0 0 0 0 0 0 0 0 0 0 0 0 0 0 0 0 0 0 0 0 0 0 0 0 0 0 0 0 0 0 0 0 0 0 0 0 0 0 0 0 0 0 0 0 0 0 0 0 0 0 0 0 0 0 0 0 0 0 0 0 0 0 0 0 0 0 0 0 0 0 0 0 0 0 0 0 0 0 0 0 0 0 0 0 0 0 0 0 0 0 0 0 0 0 0 0 0 0 0 0 0 0 0 0 0 0 0 0 0 0 0 0 0 0 0 0 0 0 0 0 0 0 0 0 0 0 0 0 0 0 0 0 0 0 0 0 0 0 0 0 0 0 0 0 0 0 0 0 0 0 0 0 0 0 0 0 0 0 0 0 0 0 0 0 0 0 0 0 0 0 0 0 0 0 0 0 0 0 0 0 0 0 0 0 0 0 0 0 0 0 0 0 0 0 0 0 0 0 0 0 0 0 0 0 0 0 0 0 0 0 0 0 0 0 0 0 0 0 0 0 0 0 0 0 0 0 0 0 0 0 0 0 0 0 0 0 0 0 0 0 0 0 0 0 0 0 0 0 0 0 0 0 0 0 0 0 0 0 0 0 0 0 0 0 0 0 0 0 0 0 0 0 0 0 0 0 0 0 0 0 0 0 0 0 0 0 0 0 0 0 0 0 0 0 0 0 0 0 0 0 0 0 0 0 0 0 0 0 0 0 0 0 0 0 0 0 0 0 0 0 0 0 0 0 0 0 0 0 0 0 0 0 0 0 0 0 0 0 0 0 0 0 0 0 0 0 0 0 0 0 0 0 0 0 0 0 0 0 0 0 0 0 0 0 0 0 0 0 0 0 0 0 0 0 0 0 0 0 0 0 0 0 0 0 0 0 0 0 0 0 0 0 0 0 0 0 0 0 0 0 0 0 0 0 0 0 0 0 0 0 0 0 0 0 0 0 0 0 0 0 0 0 0 0 0 0 0 0 0 0 0 0 0 0 0 0 0 0 0 0 0 0 0 0 0 0 0 0 0 0 0 0 0 0 0 0 0 0 0 0 0 0 0 0 0 0 0 0 0 0 0 0 0 0 0 0 0 0 0 0 0 0 0 0 0 0 0 0 0 0 0 0 0 0 0 0 0 0 0 0 0 0 0 0 0 0 0 0 0 0 0 0 0 0 0 0 0 0 0 0 0 0 0 0 0 0 0 0 0 0 0 0 0 0 0 0 0 0 0 0 0 0 0 0 0 0 0 0 0 0 0 0 0 0 0 0 0 0 0 0 0 0 0 0 0 0 0 0 0 0 0 0 0 0 0 0 0 0 0 0 0 0 0 0 0 0 0 0 0 0 0 0 0 0 0 0 0 0 0 0 0 0 0 0 0 0 0 0 0 0 0 0 0 0 0 0 0 0 0 0 0 0 0 0 0 0 0 0 0 0 0 0 0 0 0 0 0 0 0 0 0 0 0 0 0 0 0 0 0 0 0 0 0 0 0 0 0 0 0 0 0 0 0 0 0 0 0 0 0 0 0 0 0 0 0 0 0 0 0 0 0 0 0 0 0 0 0 0 0 0 0 0 0 0 0 0 0 0 0 0 0 0 0 0 0 0 0 0 0 0 0 0 0 0 0 0 0 0 0 0 0 0 0 0 0 0 0 0 0 0 0 0 0 0 0 0 0 0 0 0 0 0 0 0 0 0 0 0 0 0 0 0 0 0 0 0 0 0 0 0 0 0 0 0 0 0 0 0 0 0 0 0 0 0 0 0 0 0 0 0 0 0 0 0 0 0 0 0 0 0 0 0 0 0 0 0 0 0 0 0 0 0 0 0 0 0 0 0 0 0 0 0 0 0 0 0 0 0 0 0 0 0 0 0 0 0 0 0 0 0 0 0 0 0 0 0 0 0 0 0 0 0 0 0 0 0 0 0 0 0 0 0 0 0 0 0 0 0 0 0 0 0 0 0 0 0 0 0 0 0 0 0 0 0 0 0 0 0 0 0 0 0 0 0 0 0 0 0 0 0 0 0 0 0 0 0 0 0 0 0 0 0 0 0 0 0 0 0 0 0 0 0 0 0 0 0 0 0 0 0 0 0 0 0 0 0 0 0 0 0 0 0 0 0 0 0 0 0 0 0 0 0 0 0 0 0 0 0 0 0 0 0 0 0 0 0 0 0 0 0 0 0 0 0 0 0 0 0 0 0 0 0 0 0 0 0 0 0 0 0 0 0 0 0 0 0 0 0 0 0 0 0 0 0 0 0 0 0 0 0 0 0 0 0 0 0 0 0 0 0 0 0 0 0 0 0 0 0 0 0 0 0 0 0 0 0 0 0 0 0 0 0 0 0 0 0 0 0 0 0 0 0 0 0 0 0 0 0 0 0 0 0 0 0 0 0 0 0 0 0 0 0 0 0 0 0 0 0 0 0 0 0 0 0 0 0 0 0 0 0 0 0 0 0 0 0 0 0 0 0 0 0 0 0 0 0 0 0 0 0 0 0 0 0 0 0 0 0 0 0 0 0 0 0 0 0 0 0 0 0 0 0 0 0 0 0 0 0 0 0 0 0 0 0 0 0 0 0 0 0 0 0 0 0 0 0 0 0 0 0 0 0 0 0 0 0 0 0 0 0 0 0 0 0 0 0 0 0 0 0 0 0 0 0 0 0 0 0 0 0 0 0 0 0 0 0 0 0 0 0 0 0 0 0 0 0 0 0 0 0 0 0 0 0 0 0 0 0 0 0 0 0 0 0 0 0 0 0 0 0 0 0 0 0 0 0 0 0 0 0 0 0 0 0 0 0 0 0 0 0 0 0 0 0 0 0 0 0 0 0 0 0 0 0 0 0 0 0 0 0 0 0 0 0 0 0 0 0 0 0 0 0 0 0 0 0 0 0 0 0 0 0 0 0 0 0 0 0 0 0 0 0 0 0 0 0 0 0 0 0 0 0 0 0 0 0 0 0 0 0 0 0 0 0 0 0 0 0 0 0 0 0 0 0 0 0 0 0 0 0 0 0 0 0 0 0 0 0 0 0 0 0 0 0 0 0 0 0 0 0 0 0 0 0 0 0 0 0 0 0 0 0 0 0 0 0 0 0 0 0 0 0 0 0 0 0 0 0 0 0 0 0 0 0 0 0 0 0 0 0 0 0 0 0 0 0 0 0 0 0 0 0 0 0 0 0 0 0 0 0 0 0 0 0 0 0 0 0 0 0 0 0 0 0 0 0 0 0 0 0 0 0 0 0 0 0 0 0 0 0 0 0 0 0 0 0 0 0 0 0 0 0 0 0 0 0 0 0 0 0 0 0 0 0 0 0 0 0 0 0 0 0 0 0 0 0 0 0 0 0 0 0 0 0 0 0 0 0 0 0 0 0 0 0 0 0 0 0 0 0 0 0 0 0 0 0 0 0 0 0 0 0 0 0 0 0 0 0 0 0 0 0 0 0 0 0 0 0 0 0 0 0 0 0 0 0 0 0 0 0 0 0 0 0 0 0 0 0 0 0 0 0 0 0 0 0 0 0 0 0 0 0 0 0 0 0 0 0 0 0 0 0 0 0 0 0 0 0 0 0 0 0 0 0 0 0 0 0 0 0 0 0 0 0 0 0 0 0 0 0 0 0 0 0 0 0 0 0 0 0 0 0 0 0 0 0 0 0 0 0 0 0 0 0 0 0 0 0 0 0 0 0 0 0 0 0 0 0 0 0 0 0 0 0 0 0 0 0 0 0 0 0 0 0 0 0 0 0 0 0 0 0 0 0 0 0 0 0 0 0 0 0 0 0 0 0 0 0 0 0 0 0 0 0 0 0 0 0 0 0 0 0 0 0 0 0 0 0 0 0 0 0 0 0 0 0 0 0 0 0 0 0 0 0 0 0 0 0 0 0 0 0 0 0 0 0 0 0 0 0 0 0 0 0 0 0 0 0 0 0 0 0 0 0 0 0 0 0 0 0 0 0 0 0 0 0 0 0 0 0 0 0 0 0 0 0 0 0 0 0 0 0 0 0 0 0 0 0 0 0 0 0 0 0 0 0 0 0 0 0 0 0 0 0 0 0 0 0 0 0 0 0 0 0 0 0 0 0 0 0 0 0 0 0 0 0 0 0 0 0 0 0 0 0 0 0 0 0 0 0 0 0 0 0 0 0 0 0 0 0 0 0 0 0 0 0 0 0 0 0 0 0 0 0 0 0 0 0 0 0 0 0 0 0 0 0 0 0 0 0 0 0 0 0 0 0 0 0 0 0 0 0 0 0 0 0 0 0 0 0 0 0 0 0 0 0 0 0 0 0 0 0 0 0 0 0 0 0 0 0 0 0 0 0 0 0 0 0 0 0 0 0 0 0 0 0 0 0 0 0 0 0 0 0 0 0 0 0 0 0 0 0 0 0 0 0 0 0 0 0 0 0 0 0 0 0 0 0 0 0 0 0 0 0 0 0 0 0 0 0 0 0 0 0 0 0 0 0 0 0 0 0 0 0 0 0 0 0 0 0 0 0 0 0 0 0 0 0 0 0 0 0 0 0 0 0 0 0 0 0 0 0 0 0 0 0 0 0 0 0 0 0 0 0 0 0 0 0 0 0 0 0 0 0 0 0 0 0 0 0 0 0 0 0 0 0 0 0 0 0 0 0 0 0 0 0 0 0 0 0 0 0 0 0 0 0 0 0 0 0 0 0 0 0 0 0 0 0 0 0 0 0 0 0 0 0 0 0 0 0 0 0 0 0 0 0 0 0 0 0 0 0 0 0 0 0 0 0 0 0 0 0 0 0 0 0 0 0 0 0 0 0 0 0 0 0 0 0 0 0 0 0 0 0 0 0 0 0 0 0 0 0 0 0 0 0 0 0 0 0 0 0 0 0 0 0 0 0 0 0 0 0 0 0 0 0 0 0 0 0 0 0 0 0 0 0 0 0 0 0 0 0 0 0 0 0 0 0 0 0 0 0 0 0 0 0 0 0 0 0 0 0 0 0 0 0 0 0 0 0 0 0 0 0 0 0 0 0 0 0 0 0 0 0 0 0 0 0 0 0 0 0 0 0 0 0 0 0 0 0 0 0 0 0 0 0 0 0 0 0 0 0 0 0 0 0 0 0 0 0 0 0 0 0 0 0 0 0 0 0 0 0 0 0 0 0 0 0 0 0 0 0 0 0 0 0 0 0 0 0 0 0 0 0 0 0 0 0 0 0 0 0 0 0 0 0 0 0 0 0 0 0 0 0 0 0 0 0 0 0 0 0 0 0 0 0 0 0 0 0 0 0 0 0 0 0 0 0 0 0 0 0 0 0 0 0 0 0 0 0 0 0 0 0 0 0 0 0 0 0 0 0 0 0 0 0 0 0 0 0 0 0 0 0 0 0 0 0 0 0 0 0 0 0 0 0 0 0 0 0 0 0 0 0 0 0 0 0 0 0 0 0 0 0 0 0 0 0 0 0 0 0 0 0 0 0 0 0 0 0 0 0 0 0 0 0 0 0 0 0 0 0 0 0 0 0 0 0 0 0 0 0 0 0 0 0 0 0 0 0 0 0 0 0 0 0 0 0 0 0 0 0 0 0 0 0 0 0 0 0 0 0 0 0 0 0 0 0 0 0 0 0 0 0 0 0 0 0 0 0 0 0 0 0 0 0 0 0 0 0 0 0 0 0 0 0 0 0 0 0 0 0 0 0 0 0 0 0 0 0 0 0 0 0 0 0 0 0 0 0 0 0 </DataArray>
        <DataArray type="Int64" IdType="1" Name="vtkOriginalCellIds" format="ascii" RangeMin="0" RangeMax="7320">0 1 2 3 4 5 6 7 8 9 10 11 12 13 14 15 16 17 18 19 20 21 22 23 24 25 26 27 28 29 30 31 32 33 34 35 36 37 38 39 40 41 42 43 44 45 46 47 48 49 50 51 52 53 54 55 56 57 58 59 60 61 62 63 64 65 66 67 68 69 70 71 72 73 74 75 76 77 78 79 80 81 82 83 84 85 86 87 88 89 90 91 92 93 94 95 96 97 98 99 100 101 102 103 104 105 106 107 108 109 110 111 112 113 114 115 116 117 118 119 120 121 122 123 124 125 126 127 128 129 130 131 132 133 134 135 136 137 138 139 140 141 142 143 144 145 146 147 148 149 150 151 152 153 154 155 156 157 158 159 160 161 162 163 164 165 166 167 168 169 170 171 172 173 174 175 176 177 178 179 180 181 182 183 184 185 186 187 188 189 190 191 192 193 194 195 196 197 198 199 200 201 202 203 204 205 206 207 208 209 210 211 212 213 214 215 216 217 218 219 220 221 222 223 224 225 226 227 228 229 230 231 232 233 234 235 236 237 238 239 240 241 242 243 244 245 246 247 248 249 250 251 252 253 254 255 256 257 258 259 260 261 262 263 264 265 266 267 268 269 270 271 272 273 274 275 276 277 278 279 280 281 282 283 284 285 286 287 288 289 290 291 292 293 294 295 296 297 298 299 300 301 302 303 304 305 306 307 308 309 310 311 312 313 314 315 316 317 318 319 320 321 322 323 324 325 326 327 328 329 330 331 332 333 334 335 336 337 338 339 340 341 342 343 344 345 346 347 348 349 350 351 352 353 354 355 356 357 358 359 360 361 362 363 364 365 366 367 368 369 370 371 372 373 374 375 376 377 378 379 380 381 382 383 384 385 386 387 388 389 390 391 392 393 394 395 396 397 398 399 400 401 402 403 404 405 406 407 408 409 410 411 412 413 414 415 416 417 418 419 420 421 422 423 424 425 426 427 428 429 430 431 432 433 434 435 436 437 438 439 440 441 442 443 444 445 446 447 448 449 450 451 452 453 454 455 456 457 458 459 460 461 462 463 464 465 466 467 468 469 470 471 472 473 474 475 476 477 478 479 480 481 482 483 484 485 486 487 488 489 490 491 492 493 494 495 496 497 498 499 500 501 502 503 504 505 506 507 508 509 510 511 512 513 514 515 516 517 518 519 520 521 522 523 524 525 526 527 528 529 530 531 532 533 534 535 536 537 538 539 540 541 542 543 544 545 546 547 548 549 550 551 552 553 554 555 556 557 558 559 560 561 562 563 564 565 566 567 568 569 570 571 572 573 574 575 576 577 578 579 580 581 582 583 584 585 586 587 588 589 590 591 592 593 594 595 596 597 598 599 600 601 602 603 604 605 606 607 608 609 610 611 612 613 614 615 616 617 618 619 620 621 622 623 624 625 626 627 628 629 630 631 632 633 634 635 636 637 638 639 640 641 642 643 644 645 646 647 648 649 650 651 652 653 654 655 656 657 658 659 660 661 662 663 664 665 666 667 668 669 670 671 672 673 674 675 676 677 678 679 680 681 682 683 684 685 686 687 688 689 690 691 692 693 694 695 696 697 698 699 700 701 702 703 704 705 706 707 708 709 710 711 712 713 714 715 716 717 718 719 720 721 722 723 724 725 726 727 728 729 730 731 732 733 734 735 736 737 738 739 740 741 742 743 744 745 746 747 748 749 750 751 752 753 754 755 756 757 758 759 760 761 762 763 764 765 766 767 768 769 770 771 772 773 774 775 776 777 778 779 780 781 782 783 784 785 786 787 788 789 790 791 792 793 794 795 796 797 798 799 800 801 802 803 804 805 806 807 808 809 810 811 812 813 814 815 816 817 818 819 820 821 822 823 824 825 826 827 828 829 830 831 832 833 834 835 836 837 838 839 840 841 842 843 844 845 846 847 848 849 850 851 852 853 854 855 856 857 858 859 860 861 862 863 864 865 866 867 868 869 870 871 872 873 874 875 876 877 878 879 880 881 882 883 884 885 886 887 888 889 890 891 892 893 894 895 896 897 898 899 900 901 902 903 904 905 906 907 908 909 910 911 912 913 914 915 916 917 918 919 920 921 922 923 924 925 926 927 928 929 930 931 932 933 934 935 936 937 938 939 940 941 942 943 944 945 946 947 948 949 950 951 952 953 954 955 956 957 958 959 960 961 962 963 964 965 966 967 968 969 970 971 972 973 974 975 976 977 978 979 980 981 982 983 984 985 986 987 988 989 990 991 992 993 994 995 996 997 998 999 1000 1001 1002 1003 1004 1005 1006 1007 1008 1009 1010 1011 1012 1013 1014 1015 1016 1017 1018 1019 1020 1021 1022 1023 1024 1025 1026 1027 1028 1029 1030 1031 1032 1033 1034 1035 1036 1037 1038 1039 1040 1041 1042 1043 1044 1045 1046 1047 1048 1049 1050 1051 1052 1053 1054 1055 1056 1057 1058 1059 1060 1061 1062 1063 1064 1065 1066 1067 1068 1069 1070 1071 1072 1073 1074 1075 1076 1077 1078 1079 1080 1081 1082 1083 1084 1085 1086 1087 1088 1089 1090 1091 1092 1093 1094 1095 1096 1097 1098 1099 1100 1101 1102 1103 1104 1105 1106 1107 1108 1109 1110 1111 1112 1113 1114 1115 1116 1117 1118 1119 1120 1121 1122 1123 1124 1125 1126 1127 1128 1129 1130 1131 1132 1133 1134 1135 1136 1137 1138 1139 1140 1141 1142 1143 1144 1145 1146 1147 1148 1149 1150 1151 1152 1153 1154 1155 1156 1157 1158 1159 1160 1161 1162 1163 1164 1165 1166 1167 1168 1169 1170 1171 1172 1173 1174 1175 1176 1177 1178 1179 1180 1181 1182 1183 1184 1185 1186 1187 1188 1189 1190 1191 1192 1193 1194 1195 1196 1197 1198 1199 1200 1201 1202 1203 1204 1205 1206 1207 1208 1209 1210 1211 1212 1213 1214 1215 1216 1217 1218 1219 1220 1221 1222 1223 1224 1225 1226 1227 1228 1229 1230 1231 1232 1233 1234 1235 1236 1237 1238 1239 1240 1241 1242 1243 1244 1245 1246 1247 1248 1249 1250 1251 1252 1253 1254 1255 1256 1257 1258 1259 1260 1261 1262 1263 1264 1265 1266 1267 1268 1269 1270 1271 1272 1273 1274 1275 1276 1277 1278 1279 1280 1281 1282 1283 1284 1285 1286 1287 1288 1289 1290 1291 1292 1293 1294 1295 1296 1297 1298 1299 1300 1301 1302 1303 1304 1305 1306 1307 1308 1309 1310 1311 1312 1313 1314 1315 1316 1317 1318 1319 1320 1321 1322 1323 1324 1325 1326 1327 1328 1329 1330 1331 1332 1333 1334 1335 1336 1337 1338 1339 1340 1341 1342 1343 1344 1345 1346 1347 1348 1349 1350 1351 1352 1353 1354 1355 1356 1357 1358 1359 1360 1361 1362 1363 1364 1365 1366 1367 1368 1369 1370 1371 1372 1373 1374 1375 1376 1377 1378 1379 1380 1381 1382 1383 1384 1385 1386 1387 1388 1389 1390 1391 1392 1393 1394 1395 1396 1397 1398 1399 1400 1401 1402 1403 1404 1405 1406 1407 1408 1409 1410 1411 1412 1413 1414 1415 1416 1417 1418 1419 1420 1421 1422 1423 1424 1425 1426 1427 1428 1429 1430 1431 1432 1433 1434 1435 1436 1437 1438 1439 1440 1441 1442 1443 1444 1445 1446 1447 1448 1449 1450 1451 1452 1453 1454 1455 1456 1457 1458 1459 1460 1461 1462 1463 1464 1465 1466 1467 1468 1469 1470 1471 1472 1473 1474 1475 1476 1477 1478 1479 1480 1481 1482 1483 1484 1485 1486 1487 1488 1489 1490 1491 1492 1493 1494 1495 1496 1497 1498 1499 1500 1501 1502 1503 1504 1505 1506 1507 1508 1509 1510 1511 1512 1513 1514 1515 1516 1517 1518 1519 1520 1521 1522 1523 1524 1525 1526 1527 1528 1529 1530 1531 1532 1533 1534 1535 1536 1537 1538 1539 1540 1541 1542 1543 1544 1545 1546 1547 1548 1549 1550 1551 1552 1553 1554 1555 1556 1557 1558 1559 1560 1561 1562 1563 1564 1565 1566 1567 1568 1569 1570 1571 1572 1573 1574 1575 1576 1577 1578 1579 1580 1581 1582 1583 1584 1585 1586 1587 1588 1589 1590 1591 1592 1593 1594 1595 1596 1597 1598 1599 1600 1601 1602 1603 1604 1605 1606 1607 1608 1609 1610 1611 1612 1613 1614 1615 1616 1617 1618 1619 1620 1621 1622 1623 1624 1625 1626 1627 1628 1629 1630 1631 1632 1633 1634 1635 1636 1637 1638 1639 1640 1641 1642 1643 1644 1645 1646 1647 1648 1649 1650 1651 1652 1653 1654 1655 1656 1657 1658 1659 1660 1661 1662 1663 1664 1665 1666 1667 1668 1669 1670 1671 1672 1673 1674 1675 1676 1677 1678 1679 1680 1681 1682 1683 1684 1685 1686 1687 1688 1689 1690 1691 1692 1693 1694 1695 1696 1697 1698 1699 1700 1701 1702 1703 1704 1705 1706 1707 1708 1709 1710 1711 1712 1713 1714 1715 1716 1717 1718 1719 1720 1721 1722 1723 1724 1725 1726 1727 1728 1729 1730 1731 1732 1733 1734 1735 1736 1737 1738 1739 1740 1741 1742 1743 1744 1745 1746 1747 1748 1749 1750 1751 1752 1753 1754 1755 1756 1757 1758 1759 1760 1761 1762 1763 1764 1765 1766 1767 1768 1769 1770 1771 1772 1773 1774 1775 1776 1777 1778 1779 1780 1781 1782 1783 1784 1785 1786 1787 1788 1789 1790 1791 1792 1793 1794 1795 1796 1797 1798 1799 1800 1801 1802 1803 1804 1805 1806 1807 1808 1809 1810 1811 1812 1813 1814 1815 1816 1817 1818 1819 1820 1821 1822 1823 1824 1825 1826 1827 1828 1829 1830 1831 1832 1833 1834 1835 1836 1837 1838 1839 1840 1841 1842 1843 1844 1845 1846 1847 1848 1849 1850 1851 1852 1853 1854 1855 1856 1857 1858 1859 1860 1861 1862 1863 1864 1865 1866 1867 1868 1869 1870 1871 1872 1873 1874 1875 1876 1877 1878 1879 1880 1881 1882 1883 1884 1885 1886 1887 1888 1889 1890 1891 1892 1893 1894 1895 1896 1897 1898 1899 1900 1901 1902 1903 1904 1905 1906 1907 1908 1909 1910 1911 1912 1913 1914 1915 1916 1917 1918 1919 1920 1921 1922 1923 1924 1925 1926 1927 1928 1929 1930 1931 1932 1933 1934 1935 1936 1937 1938 1939 1940 1941 1942 1943 1944 1945 1946 1947 1948 1949 1950 1951 1952 1953 1954 1955 1956 1957 1958 1959 1960 1961 1962 1963 1964 1965 1966 1967 1968 1969 1970 1971 1972 1973 1974 1975 1976 1977 1978 1979 1980 1981 1982 1983 1984 1985 1986 1987 1988 1989 1990 1991 1992 1993 1994 1995 1996 1997 1998 1999 2000 2001 2002 2003 2004 2005 2006 2007 2008 2009 2010 2011 2012 2013 2014 2015 2016 2017 2018 2019 2020 2021 2022 2023 2024 2025 2026 2027 2028 2029 2030 2031 2032 2033 2034 2035 2036 2037 2038 2039 2040 2041 2042 2043 2044 2045 2046 2047 2048 2049 2050 2051 2052 2053 2054 2055 2056 2057 2058 2059 2060 2061 2062 2063 2064 2065 2066 2067 2068 2069 2070 2071 2072 2073 2074 2075 2076 2077 2078 2079 2080 2081 2082 2083 2084 2085 2086 2087 2088 2089 2090 2091 2092 2093 2094 2095 2096 2097 2098 2099 2100 2101 2102 2103 2104 2105 2106 2107 2108 2109 2110 2111 2112 2113 2114 2115 2116 2117 2118 2119 2120 2121 2122 2123 2124 2125 2126 2127 2128 2129 2130 2131 2132 2133 2134 2135 2136 2137 2138 2139 2140 2141 2142 2143 2144 2145 2146 2147 2148 2149 2150 2151 2152 2153 2154 2155 2156 2157 2158 2159 2160 2161 2162 2163 2164 2165 2166 2167 2168 2169 2170 2171 2172 2173 2174 2175 2176 2177 2178 2179 2180 2181 2182 2183 2184 2185 2186 2187 2188 2189 2190 2191 2192 2193 2194 2195 2196 2197 2198 2199 2200 2201 2202 2203 2204 2205 2206 2207 2208 2209 2210 2211 2212 2213 2214 2215 2216 2217 2218 2219 2220 2221 2222 2223 2224 2225 2226 2227 2228 2229 2230 2231 2232 2233 2234 2235 2236 2237 2238 2239 2240 2241 2242 2243 2244 2245 2246 2247 2248 2249 2250 2251 2252 2253 2254 2255 2256 2257 2258 2259 2260 2261 2262 2263 2264 2265 2266 2267 2268 2269 2270 2271 2272 2273 2274 2275 2276 2277 2278 2279 2280 2281 2282 2283 2284 2285 2286 2287 2288 2289 2290 2291 2292 2293 2294 2295 2296 2297 2298 2299 2300 2301 2302 2303 2304 2305 2306 2307 2308 2309 2310 2311 2312 2313 2314 2315 2316 2317 2318 2319 2320 2321 2322 2323 2324 2325 2326 2327 2328 2329 2330 2331 2332 2333 2334 2335 2336 2337 2338 2339 2340 2341 2342 2343 2344 2345 2346 2347 2348 2349 2350 2351 2352 2353 2354 2355 2356 2357 2358 2359 2360 2361 2362 2363 2364 2365 2366 2367 2368 2369 2370 2371 2372 2373 2374 2375 2376 2377 2378 2379 2380 2381 2382 2383 2384 2385 2386 2387 2388 2389 2390 2391 2392 2393 2394 2395 2396 2397 2398 2399 2400 2401 2402 2403 2404 2405 2406 2407 2408 2409 2410 2411 2412 2413 2414 2415 2416 2417 2418 2419 2420 2421 2422 2423 2424 2425 2426 2427 2428 2429 2430 2431 2432 2433 2434 2435 2436 2437 2438 2439 2440 2441 2442 2443 2444 2445 2446 2447 2448 2449 2450 2451 2452 2453 2454 2455 2456 2457 2458 2459 2460 2461 2462 2463 2464 2465 2466 2467 2468 2469 2470 2471 2472 2473 2474 2475 2476 2477 2478 2479 2480 2481 2482 2483 2484 2485 2486 2487 2488 2489 2490 2491 2492 2493 2494 2495 2496 2497 2498 2499 2500 2501 2502 2503 2504 2505 2506 2507 2508 2509 2510 2511 2512 2513 2514 2515 2516 2517 2518 2519 2520 2521 2522 2523 2524 2525 2526 2527 2528 2529 2530 2531 2532 2533 2534 2535 2536 2537 2538 2539 2540 2541 2542 2543 2544 2545 2546 2547 2548 2549 2550 2551 2552 2553 2554 2555 2556 2557 2558 2559 2560 2561 2562 2563 2564 2565 2566 2567 2568 2569 2570 2571 2572 2573 2574 2575 2576 2577 2578 2579 2580 2581 2582 2583 2584 2585 2586 2587 2588 2589 2590 2591 2592 2593 2594 2595 2596 2597 2598 2599 2600 2601 2602 2603 2604 2605 2606 2607 2608 2609 2610 2611 2612 2613 2614 2615 2616 2617 2618 2619 2620 2621 2622 2623 2624 2625 2626 2627 2628 2629 2630 2631 2632 2633 2634 2635 2636 2637 2638 2639 2640 2641 2642 2643 2644 2645 2646 2647 2648 2649 2650 2651 2652 2653 2654 2655 2656 2657 2658 2659 2660 2661 2662 2663 2664 2665 2666 2667 2668 2669 2670 2671 2672 2673 2674 2675 2676 2677 2678 2679 2680 2681 2682 2683 2684 2685 2686 2687 2688 2689 2690 2691 2692 2693 2694 2695 2696 2697 2698 2699 2700 2701 2702 2703 2704 2705 2706 2707 2708 2709 2710 2711 2712 2713 2714 2715 2716 2717 2718 2719 2720 2721 2722 2723 2724 2725 2726 2727 2728 2729 2730 2731 2732 2733 2734 2735 2736 2737 2738 2739 2740 2741 2742 2743 2744 2745 2746 2747 2748 2749 2750 2751 2752 2753 2754 2755 2756 2757 2758 2759 2760 2761 2762 2763 2764 2765 2766 2767 2768 2769 2770 2771 2772 2773 2774 2775 2776 2777 2778 2779 2780 2781 2782 2783 2784 2785 2786 2787 2788 2789 2790 2791 2792 2793 2794 2795 2796 2797 2798 2799 2800 2801 2802 2803 2804 2805 2806 2807 2808 2809 2810 2811 2812 2813 2814 2815 2816 2817 2818 2819 2820 2821 2822 2823 2824 2825 2826 2827 2828 2829 2830 2831 2832 2833 2834 2835 2836 2837 2838 2839 2840 2841 2842 2843 2844 2845 2846 2847 2848 2849 2850 2851 2852 2853 2854 2855 2856 2857 2858 2859 2860 2861 2862 2863 2864 2865 2866 2867 2868 2869 2870 2871 2872 2873 2874 2875 2876 2877 2878 2879 2880 2881 2882 2883 2884 2885 2886 2887 2888 2889 2890 2891 2892 2893 2894 2895 2896 2897 2898 2899 2900 2901 2902 2903 2904 2905 2906 2907 2908 2909 2910 2911 2912 2913 2914 2915 2916 2917 2918 2919 2920 2921 2922 2923 2924 2925 2926 2927 2928 2929 2930 2931 2932 2933 2934 2935 2936 2937 2938 2939 2940 2941 2942 2943 2944 2945 2946 2947 2948 2949 2950 2951 2952 2953 2954 2955 2956 2957 2958 2959 2960 2961 2962 2963 2964 2965 2966 2967 2968 2969 2970 2971 2972 2973 2974 2975 2976 2977 2978 2979 2980 2981 2982 2983 2984 2985 2986 2987 2988 2989 2990 2991 2992 2993 2994 2995 2996 2997 2998 2999 3000 3001 3002 3003 3004 3005 3006 3007 3008 3009 3010 3011 3012 3013 3014 3015 3016 3017 3018 3019 3020 3021 3022 3023 3024 3025 3026 3027 3028 3029 3030 3031 3032 3033 3034 3035 3036 3037 3038 3039 3040 3041 3042 3043 3044 3045 3046 3047 3048 3049 3050 3051 3052 3053 3054 3055 3056 3057 3058 3059 3060 3061 3062 3063 3064 3065 3066 3067 3068 3069 3070 3071 3072 3073 3074 3075 3076 3077 3078 3079 3080 3081 3082 3083 3084 3085 3086 3087 3088 3089 3090 3091 3092 3093 3094 3095 3096 3097 3098 3099 3100 3101 3102 3103 3104 3105 3106 3107 3108 3109 3110 3111 3112 3113 3114 3115 3116 3117 3118 3119 3120 3121 3122 3123 3124 3125 3126 3127 3128 3129 3130 3131 3132 3133 3134 3135 3136 3137 3138 3139 3140 3141 3142 3143 3144 3145 3146 3147 3148 3149 3150 3151 3152 3153 3154 3155 3156 3157 3158 3159 3160 3161 3162 3163 3164 3165 3166 3167 3168 3169 3170 3171 3172 3173 3174 3175 3176 3177 3178 3179 3180 3181 3182 3183 3184 3185 3186 3187 3188 3189 3190 3191 3192 3193 3194 3195 3196 3197 3198 3199 3200 3201 3202 3203 3204 3205 3206 3207 3208 3209 3210 3211 3212 3213 3214 3215 3216 3217 3218 3219 3220 3221 3222 3223 3224 3225 3226 3227 3228 3229 3230 3231 3232 3233 3234 3235 3236 3237 3238 3239 3240 3241 3242 3243 3244 3245 3246 3247 3248 3249 3250 3251 3252 3253 3254 3255 3256 3257 3258 3259 3260 3261 3262 3263 3264 3265 3266 3267 3268 3269 3270 3271 3272 3273 3274 3275 3276 3277 3278 3279 3280 3281 3282 3283 3284 3285 3286 3287 3288 3289 3290 3291 3292 3293 3294 3295 3296 3297 3298 3299 3300 3301 3302 3303 3304 3305 3306 3307 3308 3309 3310 3311 3312 3313 3314 3315 3316 3317 3318 3319 3320 3321 3322 3323 3324 3325 3326 3327 3328 3329 3330 3331 3332 3333 3334 3335 3336 3337 3338 3339 3340 3341 3342 3343 3344 3345 3346 3347 3348 3349 3350 3351 3352 3353 3354 3355 3356 3357 3358 3359 3360 3361 3362 3363 3364 3365 3366 3367 3368 3369 3370 3371 3372 3373 3374 3375 3376 3377 3378 3379 3380 3381 3382 3383 3384 3385 3386 3387 3388 3389 3390 3391 3392 3393 3394 3395 3396 3397 3398 3399 3400 3401 3402 3403 3404 3405 3406 3407 3408 3409 3410 3411 3412 3413 3414 3415 3416 3417 3418 3419 3420 3421 3422 3423 3424 3425 3426 3427 3428 3429 3430 3431 3432 3433 3434 3435 3436 3437 3438 3439 3440 3441 3442 3443 3444 3445 3446 3447 3448 3449 3450 3451 3452 3453 3454 3455 3456 3457 3458 3459 3460 3461 3462 3463 3464 3465 3466 3467 3468 3469 3470 3471 3472 3473 3474 3475 3476 3477 3478 3479 3480 3481 3482 3483 3484 3485 3486 3487 3488 3489 3490 3491 3492 3493 3494 3495 3496 3497 3498 3499 3500 3501 3502 3503 3504 3505 3506 3507 3508 3509 3510 3511 3512 3513 3514 3515 3516 3517 3518 3519 3520 3521 3522 3523 3524 3525 3526 3527 3528 3529 3530 3531 3532 3533 3534 3535 3536 3537 3538 3539 3540 3541 3542 3543 3544 3545 3546 3547 3548 3549 3550 3551 3552 3553 3554 3555 3556 3557 3558 3559 3560 3561 3562 3563 3564 3565 3566 3567 3568 3569 3570 3571 3572 3573 3574 3575 3576 3577 3578 3579 3580 3581 3582 3583 3584 3585 3586 3587 3588 3589 3590 3591 3592 3593 3594 3595 3596 3597 3598 3599 3600 3601 3602 3603 3604 3605 3606 3607 3608 3609 3610 3611 3612 3613 3614 3615 3616 3617 3618 3619 3620 3621 3622 3623 3624 3625 3626 3627 3628 3629 3630 3631 3632 3633 3634 3635 3636 3637 3638 3639 3640 3641 3642 3643 3644 3645 3646 3647 3648 3649 3650 3651 3652 3653 3654 3655 3656 3657 3658 3659 3660 3661 3662 3663 3664 3665 3666 3667 3668 3669 3670 3671 3672 3673 3674 3675 3676 3677 3678 3679 3680 3681 3682 3683 3684 3685 3686 3687 3688 3689 3690 3691 3692 3693 3694 3695 3696 3697 3698 3699 3700 3701 3702 3703 3704 3705 3706 3707 3708 3709 3710 3711 3712 3713 3714 3715 3716 3717 3718 3719 3720 3721 3722 3723 3724 3725 3726 3727 3728 3729 3730 3731 3732 3733 3734 3735 3736 3737 3738 3739 3740 3741 3742 3743 3744 3745 3746 3747 3748 3749 3750 3751 3752 3753 3754 3755 3756 3757 3758 3759 3760 3761 3762 3763 3764 3765 3766 3767 3768 3769 3770 3771 3772 3773 3774 3775 3776 3777 3778 3779 3780 3781 3782 3783 3784 3785 3786 3787 3788 3789 3790 3791 3792 3793 3794 3795 3796 3797 3798 3799 3800 3801 3802 3803 3804 3805 3806 3807 3808 3809 3810 3811 3812 3813 3814 3815 3816 3817 3818 3819 3820 3821 3822 3823 3824 3825 3826 3827 3828 3829 3830 3831 3832 3833 3834 3835 3836 3837 3838 3839 3840 3841 3842 3843 3844 3845 3846 3847 3848 3849 3850 3851 3852 3853 3854 3855 3856 3857 3858 3859 3860 3861 3862 3863 3864 3865 3866 3867 3868 3869 3870 3871 3872 3873 3874 3875 3876 3877 3878 3879 3880 3881 3882 3883 3884 3885 3886 3887 3888 3889 3890 3891 3892 3893 3894 3895 3896 3897 3898 3899 3900 3901 3902 3903 3904 3905 3906 3907 3908 3909 3910 3911 3912 3913 3914 3915 3916 3917 3918 3919 3920 3921 3922 3923 3924 3925 3926 3927 3928 3929 3930 3931 3932 3933 3934 3935 3936 3937 3938 3939 3940 3941 3942 3943 3944 3945 3946 3947 3948 3949 3950 3951 3952 3953 3954 3955 3956 3957 3958 3959 3960 3961 3962 3963 3964 3965 3966 3967 3968 3969 3970 3971 3972 3973 3974 3975 3976 3977 3978 3979 3980 3981 3982 3983 3984 3985 3986 3987 3988 3989 3990 3991 3992 3993 3994 3995 3996 3997 3998 3999 4000 4001 4002 4003 4004 4005 4006 4007 4008 4009 4010 4011 4012 4013 4014 4015 4016 4017 4018 4019 4020 4021 4022 4023 4024 4025 4026 4027 4028 4029 4030 4031 4032 4033 4034 4035 4036 4037 4038 4039 4040 4041 4042 4043 4044 4045 4046 4047 4048 4049 4050 4051 4052 4053 4054 4055 4056 4057 4058 4059 4060 4061 4062 4063 4064 4065 4066 4067 4068 4069 4070 4071 4072 4073 4074 4075 4076 4077 4078 4079 4080 4081 4082 4083 4084 4085 4086 4087 4088 4089 4090 4091 4092 4093 4094 4095 4096 4097 4098 4099 4100 4101 4102 4103 4104 4105 4106 4107 4108 4109 4110 4111 4112 4113 4114 4115 4116 4117 4118 4119 4120 4121 4122 4123 4124 4125 4126 4127 4128 4129 4130 4131 4132 4133 4134 4135 4136 4137 4138 4139 4140 4141 4142 4143 4144 4145 4146 4147 4148 4149 4150 4151 4152 4153 4154 4155 4156 4157 4158 4159 4160 4161 4162 4163 4164 4165 4166 4167 4168 4169 4170 4171 4172 4173 4174 4175 4176 4177 4178 4179 4180 4181 4182 4183 4184 4185 4186 4187 4188 4189 4190 4191 4192 4193 4194 4195 4196 4197 4198 4199 4200 4201 4202 4203 4204 4205 4206 4207 4208 4209 4210 4211 4212 4213 4214 4215 4216 4217 4218 4219 4220 4221 4222 4223 4224 4225 4226 4227 4228 4229 4230 4231 4232 4233 4234 4235 4236 4237 4238 4239 4240 4241 4242 4243 4244 4245 4246 4247 4248 4249 4250 4251 4252 4253 4254 4255 4256 4257 4258 4259 4260 4261 4262 4263 4264 4265 4266 4267 4268 4269 4270 4271 4272 4273 4274 4275 4276 4277 4278 4279 4280 4281 4282 4283 4284 4285 4286 4287 4288 4289 4290 4291 4292 4293 4294 4295 4296 4297 4298 4299 4300 4301 4302 4303 4304 4305 4306 4307 4308 4309 4310 4311 4312 4313 4314 4315 4316 4317 4318 4319 4320 4321 4322 4323 4324 4325 4326 4327 4328 4329 4330 4331 4332 4333 4334 4335 4336 4337 4338 4339 4340 4341 4342 4343 4344 4345 4346 4347 4348 4349 4350 4351 4352 4353 4354 4355 4356 4357 4358 4359 4360 4361 4362 4363 4364 4365 4366 4367 4368 4369 4370 4371 4372 4373 4374 4375 4376 4377 4378 4379 4380 4381 4382 4383 4384 4385 4386 4387 4388 4389 4390 4391 4392 4393 4394 4395 4396 4397 4398 4399 4400 4401 4402 4403 4404 4405 4406 4407 4408 4409 4410 4411 4412 4413 4414 4415 4416 4417 4418 4419 4420 4421 4422 4423 4424 4425 4426 4427 4428 4429 4430 4431 4432 4433 4434 4435 4436 4437 4438 4439 4440 4441 4442 4443 4444 4445 4446 4447 4448 4449 4450 4451 4452 4453 4454 4455 4456 4457 4458 4459 4460 4461 4462 4463 4464 4465 4466 4467 4468 4469 4470 4471 4472 4473 4474 4475 4476 4477 4478 4479 4480 4481 4482 4483 4484 4485 4486 4487 4488 4489 4490 4491 4492 4493 4494 4495 4496 4497 4498 4499 4500 4501 4502 4503 4504 4505 4506 4507 4508 4509 4510 4511 4512 4513 4514 4515 4516 4517 4518 4519 4520 4521 4522 4523 4524 4525 4526 4527 4528 4529 4530 4531 4532 4533 4534 4535 4536 4537 4538 4539 4540 4541 4542 4543 4544 4545 4546 4547 4548 4549 4550 4551 4552 4553 4554 4555 4556 4557 4558 4559 4560 4561 4562 4563 4564 4565 4566 4567 4568 4569 4570 4571 4572 4573 4574 4575 4576 4577 4578 4579 4580 4581 4582 4583 4584 4585 4586 4587 4588 4589 4590 4591 4592 4593 4594 4595 4596 4597 4598 4599 4600 4601 4602 4603 4604 4605 4606 4607 4608 4609 4610 4611 4612 4613 4614 4615 4616 4617 4618 4619 4620 4621 4622 4623 4624 4625 4626 4627 4628 4629 4630 4631 4632 4633 4634 4635 4636 4637 4638 4639 4640 4641 4642 4643 4644 4645 4646 4647 4648 4649 4650 4651 4652 4653 4654 4655 4656 4657 4658 4659 4660 4661 4662 4663 4664 4665 4666 4667 4668 4669 4670 4671 4672 4673 4674 4675 4676 4677 4678 4679 4680 4681 4682 4683 4684 4685 4686 4687 4688 4689 4690 4691 4692 4693 4694 4695 4696 4697 4698 4699 4700 4701 4702 4703 4704 4705 4706 4707 4708 4709 4710 4711 4712 4713 4714 4715 4716 4717 4718 4719 4720 4721 4722 4723 4724 4725 4726 4727 4728 4729 4730 4731 4732 4733 4734 4735 4736 4737 4738 4739 4740 4741 4742 4743 4744 4745 4746 4747 4748 4749 4750 4751 4752 4753 4754 4755 4756 4757 4758 4759 4760 4761 4762 4763 4764 4765 4766 4767 4768 4769 4770 4771 4772 4773 4774 4775 4776 4777 4778 4779 4780 4781 4782 4783 4784 4785 4786 4787 4788 4789 4790 4791 4792 4793 4794 4795 4796 4797 4798 4799 4800 4801 4802 4803 4804 4805 4806 4807 4808 4809 4810 4811 4812 4813 4814 4815 4816 4817 4818 4819 4820 4821 4822 4823 4824 4825 4826 4827 4828 4829 4830 4831 4832 4833 4834 4835 4836 4837 4838 4839 4840 4841 4842 4843 4844 4845 4846 4847 4848 4849 4850 4851 4852 4853 4854 4855 4856 4857 4858 4859 4860 4861 4862 4863 4864 4865 4866 4867 4868 4869 4870 4871 4872 4873 4874 4875 4876 4877 4878 4879 4880 4881 4882 4883 4884 4885 4886 4887 4888 4889 4890 4891 4892 4893 4894 4895 4896 4897 4898 4899 4900 4901 4902 4903 4904 4905 4906 4907 4908 4909 4910 4911 4912 4913 4914 4915 4916 4917 4918 4919 4920 4921 4922 4923 4924 4925 4926 4927 4928 4929 4930 4931 4932 4933 4934 4935 4936 4937 4938 4939 4940 4941 4942 4943 4944 4945 4946 4947 4948 4949 4950 4951 4952 4953 4954 4955 4956 4957 4958 4959 4960 4961 4962 4963 4964 4965 4966 4967 4968 4969 4970 4971 4972 4973 4974 4975 4976 4977 4978 4979 4980 4981 4982 4983 4984 4985 4986 4987 4988 4989 4990 4991 4992 4993 4994 4995 4996 4997 4998 4999 5000 5001 5002 5003 5004 5005 5006 5007 5008 5009 5010 5011 5012 5013 5014 5015 5016 5017 5018 5019 5020 5021 5022 5023 5024 5025 5026 5027 5028 5029 5030 5031 5032 5033 5034 5035 5036 5037 5038 5039 5040 5041 5042 5043 5044 5045 5046 5047 5048 5049 5050 5051 5052 5053 5054 5055 5056 5057 5058 5059 5060 5061 5062 5063 5064 5065 5066 5067 5068 5069 5070 5071 5072 5073 5074 5075 5076 5077 5078 5079 5080 5081 5082 5083 5084 5085 5086 5087 5088 5089 5090 5091 5092 5093 5094 5095 5096 5097 5098 5099 5100 5101 5102 5103 5104 5105 5106 5107 5108 5109 5110 5111 5112 5113 5114 5115 5116 5117 5118 5119 5120 5121 5122 5123 5124 5125 5126 5127 5128 5129 5130 5131 5132 5133 5134 5135 5136 5137 5138 5139 5140 5141 5142 5143 5144 5145 5146 5147 5148 5149 5150 5151 5152 5153 5154 5155 5156 5157 5158 5159 5160 5161 5162 5163 5164 5165 5166 5167 5168 5169 5170 5171 5172 5173 5174 5175 5176 5177 5178 5179 5180 5181 5182 5183 5184 5185 5186 5187 5188 5189 5190 5191 5192 5193 5194 5195 5196 5197 5198 5199 5200 5201 5202 5203 5204 5205 5206 5207 5208 5209 5210 5211 5212 5213 5214 5215 5216 5217 5218 5219 5220 5221 5222 5223 5224 5225 5226 5227 5228 5229 5230 5231 5232 5233 5234 5235 5236 5237 5238 5239 5240 5241 5242 5243 5244 5245 5246 5247 5248 5249 5250 5251 5252 5253 5254 5255 5256 5257 5258 5259 5260 5261 5262 5263 5264 5265 5266 5267 5268 5269 5270 5271 5272 5273 5274 5275 5276 5277 5278 5279 5280 5281 5282 5283 5284 5285 5286 5287 5288 5289 5290 5291 5292 5293 5294 5295 5296 5297 5298 5299 5300 5301 5302 5303 5304 5305 5306 5307 5308 5309 5310 5311 5312 5313 5314 5315 5316 5317 5318 5319 5320 5321 5322 5323 5324 5325 5326 5327 5328 5329 5330 5331 5332 5333 5334 5335 5336 5337 5338 5339 5340 5341 5342 5343 5344 5345 5346 5347 5348 5349 5350 5351 5352 5353 5354 5355 5356 5357 5358 5359 5360 5361 5362 5363 5364 5365 5366 5367 5368 5369 5370 5371 5372 5373 5374 5375 5376 5377 5378 5379 5380 5381 5382 5383 5384 5385 5386 5387 5388 5389 5390 5391 5392 5393 5394 5395 5396 5397 5398 5399 5400 5401 5402 5403 5404 5405 5406 5407 5408 5409 5410 5411 5412 5413 5414 5415 5416 5417 5418 5419 5420 5421 5422 5423 5424 5425 5426 5427 5428 5429 5430 5431 5432 5433 5434 5435 5436 5437 5438 5439 5440 5441 5442 5443 5444 5445 5446 5447 5448 5449 5450 5451 5452 5453 5454 5455 5456 5457 5458 5459 5460 5461 5462 5463 5464 5465 5466 5467 5468 5469 5470 5471 5472 5473 5474 5475 5476 5477 5478 5479 5480 5481 5482 5483 5484 5485 5486 5487 5488 5489 5490 5491 5492 5493 5494 5495 5496 5497 5498 5499 5500 5501 5502 5503 5504 5505 5506 5507 5508 5509 5510 5511 5512 5513 5514 5515 5516 5517 5518 5519 5520 5521 5522 5523 5524 5525 5526 5527 5528 5529 5530 5531 5532 5533 5534 5535 5536 5537 5538 5539 5540 5541 5542 5543 5544 5545 5546 5547 5548 5549 5550 5551 5552 5553 5554 5555 5556 5557 5558 5559 5560 5561 5562 5563 5564 5565 5566 5567 5568 5569 5570 5571 5572 5573 5574 5575 5576 5577 5578 5579 5580 5581 5582 5583 5584 5585 5586 5587 5588 5589 5590 5591 5592 5593 5594 5595 5596 5597 5598 5599 5600 5601 5602 5603 5604 5605 5606 5607 5608 5609 5610 5611 5612 5613 5614 5615 5616 5617 5618 5619 5620 5621 5622 5623 5624 5625 5626 5627 5628 5629 5630 5631 5632 5633 5634 5635 5636 5637 5638 5639 5640 5641 5642 5643 5644 5645 5646 5647 5648 5649 5650 5651 5652 5653 5654 5655 5656 5657 5658 5659 5660 5661 5662 5663 5664 5665 5666 5667 5668 5669 5670 5671 5672 5673 5674 5675 5676 5677 5678 5679 5680 5681 5682 5683 5684 5685 5686 5687 5688 5689 5690 5691 5692 5693 5694 5695 5696 5697 5698 5699 5700 5701 5702 5703 5704 5705 5706 5707 5708 5709 5710 5711 5712 5713 5714 5715 5716 5717 5718 5719 5720 5721 5722 5723 5724 5725 5726 5727 5728 5729 5730 5731 5732 5733 5734 5735 5736 5737 5738 5739 5740 5741 5742 5743 5744 5745 5746 5747 5748 5749 5750 5751 5752 5753 5754 5755 5756 5757 5758 5759 5760 5761 5762 5763 5764 5765 5766 5767 5768 5769 5770 5771 5772 5773 5774 5775 5776 5777 5778 5779 5780 5781 5782 5783 5784 5785 5786 5787 5788 5789 5790 5791 5792 5793 5794 5795 5796 5797 5798 5799 5800 5801 5802 5803 5804 5805 5806 5807 5808 5809 5810 5811 5812 5813 5814 5815 5816 5817 5818 5819 5820 5821 5822 5823 5824 5825 5826 5827 5828 5829 5830 5831 5832 5833 5834 5835 5836 5837 5838 5839 5840 5841 5842 5843 5844 5845 5846 5847 5848 5849 5850 5851 5852 5853 5854 5855 5856 5857 5858 5859 5860 5861 5862 5863 5864 5865 5866 5867 5868 5869 5870 5871 5872 5873 5874 5875 5876 5877 5878 5879 5880 5881 5882 5883 5884 5885 5886 5887 5888 5889 5890 5891 5892 5893 5894 5895 5896 5897 5898 5899 5900 5901 5902 5903 5904 5905 5906 5907 5908 5909 5910 5911 5912 5913 5914 5915 5916 5917 5918 5919 5920 5921 5922 5923 5924 5925 5926 5927 5928 5929 5930 5931 5932 5933 5934 5935 5936 5937 5938 5939 5940 5941 5942 5943 5944 5945 5946 5947 5948 5949 5950 5951 5952 5953 5954 5955 5956 5957 5958 5959 5960 5961 5962 5963 5964 5965 5966 5967 5968 5969 5970 5971 5972 5973 5974 5975 5976 5977 5978 5979 5980 5981 5982 5983 5984 5985 5986 5987 5988 5989 5990 5991 5992 5993 5994 5995 5996 5997 5998 5999 6000 6001 6002 6003 6004 6005 6006 6007 6008 6009 6010 6011 6012 6013 6014 6015 6016 6017 6018 6019 6020 6021 6022 6023 6024 6025 6026 6027 6028 6029 6030 6031 6032 6033 6034 6035 6036 6037 6038 6039 6040 6041 6042 6043 6044 6045 6046 6047 6048 6049 6050 6051 6052 6053 6054 6055 6056 6057 6058 6059 6060 6061 6062 6063 6064 6065 6066 6067 6068 6069 6070 6071 6072 6073 6074 6075 6076 6077 6078 6079 6080 6081 6082 6083 6084 6085 6086 6087 6088 6089 6090 6091 6092 6093 6094 6095 6096 6097 6098 6099 6100 6101 6102 6103 6104 6105 6106 6107 6108 6109 6110 6111 6112 6113 6114 6115 6116 6117 6118 6119 6120 6121 6122 6123 6124 6125 6126 6127 6128 6129 6130 6131 6132 6133 6134 6135 6136 6137 6138 6139 6140 6141 6142 6143 6144 6145 6146 6147 6148 6149 6150 6151 6152 6153 6154 6155 6156 6157 6158 6159 6160 6161 6162 6163 6164 6165 6166 6167 6168 6169 6170 6171 6172 6173 6174 6175 6176 6177 6178 6179 6180 6181 6182 6183 6184 6185 6186 6187 6188 6189 6190 6191 6192 6193 6194 6195 6196 6197 6198 6199 6200 6201 6202 6203 6204 6205 6206 6207 6208 6209 6210 6211 6212 6213 6214 6215 6216 6217 6218 6219 6220 6221 6222 6223 6224 6225 6226 6227 6228 6229 6230 6231 6232 6233 6234 6235 6236 6237 6238 6239 6240 6241 6242 6243 6244 6245 6246 6247 6248 6249 6250 6251 6252 6253 6254 6255 6256 6257 6258 6259 6260 6261 6262 6263 6264 6265 6266 6267 6268 6269 6270 6271 6272 6273 6274 6275 6276 6277 6278 6279 6280 6281 6282 6283 6284 6285 6286 6287 6288 6289 6290 6291 6292 6293 6294 6295 6296 6297 6298 6299 6300 6301 6302 6303 6304 6305 6306 6307 6308 6309 6310 6311 6312 6313 6314 6315 6316 6317 6318 6319 6320 6321 6322 6323 6324 6325 6326 6327 6328 6329 6330 6331 6332 6333 6334 6335 6336 6337 6338 6339 6340 6341 6342 6343 6344 6345 6346 6347 6348 6349 6350 6351 6352 6353 6354 6355 6356 6357 6358 6359 6360 6361 6362 6363 6364 6365 6366 6367 6368 6369 6370 6371 6372 6373 6374 6375 6376 6377 6378 6379 6380 6381 6382 6383 6384 6385 6386 6387 6388 6389 6390 6391 6392 6393 6394 6395 6396 6397 6398 6399 6400 6401 6402 6403 6404 6405 6406 6407 6408 6409 6410 6411 6412 6413 6414 6415 6416 6417 6418 6419 6420 6421 6422 6423 6424 6425 6426 6427 6428 6429 6430 6431 6432 6433 6434 6435 6436 6437 6438 6439 6440 6441 6442 6443 6444 6445 6446 6447 6448 6449 6450 6451 6452 6453 6454 6455 6456 6457 6458 6459 6460 6461 6462 6463 6464 6465 6466 6467 6468 6469 6470 6471 6472 6473 6474 6475 6476 6477 6478 6479 6480 6481 6482 6483 6484 6485 6486 6487 6488 6489 6490 6491 6492 6493 6494 6495 6496 6497 6498 6499 6500 6501 6502 6503 6504 6505 6506 6507 6508 6509 6510 6511 6512 6513 6514 6515 6516 6517 6518 6519 6520 6521 6522 6523 6524 6525 6526 6527 6528 6529 6530 6531 6532 6533 6534 6535 6536 6537 6538 6539 6540 6541 6542 6543 6544 6545 6546 6547 6548 6549 6550 6551 6552 6553 6554 6555 6556 6557 6558 6559 6560 6561 6562 6563 6564 6565 6566 6567 6568 6569 6570 6571 6572 6573 6574 6575 6576 6577 6578 6579 6580 6581 6582 6583 6584 6585 6586 6587 6588 6589 6590 6591 6592 6593 6594 6595 6596 6597 6598 6599 6600 6601 6602 6603 6604 6605 6606 6607 6608 6609 6610 6611 6612 6613 6614 6615 6616 6617 6618 6619 6620 6621 6622 6623 6624 6625 6626 6627 6628 6629 6630 6631 6632 6633 6634 6635 6636 6637 6638 6639 6640 6641 6642 6643 6644 6645 6646 6647 6648 6649 6650 6651 6652 6653 6654 6655 6656 6657 6658 6659 6660 6661 6662 6663 6664 6665 6666 6667 6668 6669 6670 6671 6672 6673 6674 6675 6676 6677 6678 6679 6680 6681 6682 6683 6684 6685 6686 6687 6688 6689 6690 6691 6692 6693 6694 6695 6696 6697 6698 6699 6700 6701 6702 6703 6704 6705 6706 6707 6708 6709 6710 6711 6712 6713 6714 6715 6716 6717 6718 6719 6720 6721 6722 6723 6724 6725 6726 6727 6728 6729 6730 6731 6732 6733 6734 6735 6736 6737 6738 6739 6740 6741 6742 6743 6744 6745 6746 6747 6748 6749 6750 6751 6752 6753 6754 6755 6756 6757 6758 6759 6760 6761 6762 6763 6764 6765 6766 6767 6768 6769 6770 6771 6772 6773 6774 6775 6776 6777 6778 6779 6780 6781 6782 6783 6784 6785 6786 6787 6788 6789 6790 6791 6792 6793 6794 6795 6796 6797 6798 6799 6800 6801 6802 6803 6804 6805 6806 6807 6808 6809 6810 6811 6812 6813 6814 6815 6816 6817 6818 6819 6820 6821 6822 6823 6824 6825 6826 6827 6828 6829 6830 6831 6832 6833 6834 6835 6836 6837 6838 6839 6840 6841 6842 6843 6844 6845 6846 6847 6848 6849 6850 6851 6852 6853 6854 6855 6856 6857 6858 6859 6860 6861 6862 6863 6864 6865 6866 6867 6868 6869 6870 6871 6872 6873 6874 6875 6876 6877 6878 6879 6880 6881 6882 6883 6884 6885 6886 6887 6888 6889 6890 6891 6892 6893 6894 6895 6896 6897 6898 6899 6900 6901 6902 6903 6904 6905 6906 6907 6908 6909 6910 6911 6912 6913 6914 6915 6916 6917 6918 6919 6920 6921 6922 6923 6924 6925 6926 6927 6928 6929 6930 6931 6932 6933 6934 6935 6936 6937 6938 6939 6940 6941 6942 6943 6944 6945 6946 6947 6948 6949 6950 6951 6952 6953 6954 6955 6956 6957 6958 6959 6960 6961 6962 6963 6964 6965 6966 6967 6968 6969 6970 6971 6972 6973 6974 6975 6976 6977 6978 6979 6980 6981 6982 6983 6984 6985 6986 6987 6988 6989 6990 6991 6992 6993 6994 6995 6996 6997 6998 6999 7000 7001 7002 7003 7004 7005 7006 7007 7008 7009 7010 7011 7012 7013 7014 7015 7016 7017 7018 7019 7020 7021 7022 7023 7024 7025 7026 7027 7028 7029 7030 7031 7032 7033 7034 7035 7036 7037 7038 7039 7040 7041 7042 7043 7044 7045 7046 7047 7048 7049 7050 7051 7052 7053 7054 7055 7056 7057 7058 7059 7060 7061 7062 7063 7064 7065 7066 7067 7068 7069 7070 7071 7072 7073 7074 7075 7076 7077 7078 7079 7080 7081 7082 7083 7084 7085 7086 7087 7088 7089 7090 7091 7092 7093 7094 7095 7096 7097 7098 7099 7100 7101 7102 7103 7104 7105 7106 7107 7108 7109 7110 7111 7112 7113 7114 7115 7116 7117 7118 7119 7120 7121 7122 7123 7124 7125 7126 7127 7128 7129 7130 7131 7132 7133 7134 7135 7136 7137 7138 7139 7140 7141 7142 7143 7144 7145 7146 7147 7148 7149 7150 7151 7152 7153 7154 7155 7156 7157 7158 7159 7160 7161 7162 7163 7164 7165 7166 7167 7168 7169 7170 7171 7172 7173 7174 7175 7176 7177 7178 7179 7180 7181 7182 7183 7184 7185 7186 7187 7188 7189 7190 7191 7192 7193 7194 7195 7196 7197 7198 7199 7200 7201 7202 7203 7204 7205 7206 7207 7208 7209 7210 7211 7212 7213 7214 7215 7216 7217 7218 7219 7220 7221 7222 7223 7224 7225 7226 7227 7228 7229 7230 7231 7232 7233 7234 7235 7236 7237 7238 7239 7240 7241 7242 7243 7244 7245 7246 7247 7248 7249 7250 7251 7252 7253 7254 7255 7256 7257 7258 7259 7260 7261 7262 7263 7264 7265 7266 7267 7268 7269 7270 7271 7272 7273 7274 7275 7276 7277 7278 7279 7280 7281 7282 7283 7284 7285 7286 7287 7288 7289 7290 7291 7292 7293 7294 7295 7296 7297 7298 7299 7300 7301 7302 7303 7304 7305 7306 7307 7308 7309 7310 7311 7312 7313 7314 7315 7316 7317 7318 7319 7320 </DataArray>
        <DataArray type="Float64" Name="heat_flux" format="ascii" NumberOfComponents="3">-1.097101012491057e-14 3.271369017680409e-14 -4.138137553463475e-14 -2.734233508659641e-14 3.568754606877334e-14 -5.092776550460155e-14 8.478655176275469e-15 1.117951478424096e-14 -1.012080921194907e-13 -1.544898345650573e-13 -1.490749571284552e-13 -3.015565219475933e-13 5.144549406876839e-14 1.658665457381806e-14 -2.39189981939586e-14 6.872073031903744e-14 4.271155077673363e-15 -5.012888810300738e-14 9.216113468562779e-15 -1.202898263600055e-14 1.71659100842799e-14 -3.830253656513039e-15 6.532997485421868e-15 -4.092549449995068e-13 5.23572049361412e-14 1.668302118893597e-14 -2.397432735422059e-14 2.051996177646667e-14 -1.401484840639778e-14 -7.067452188851482e-14 1.814288075808487e-15 -5.416163145719207e-15 -5.072202491456821e-14 3.021003094811915e-14 1.01200796066895e-14 -1.576938706376391e-16 1.060584350834386e-14 -6.354283981933848e-15 -3.112980182286595e-14 -1.130871580795106e-13 1.034944092846296e-13 -5.275596577503764e-13 3.296559425546683e-15 7.186991610831187e-15 -4.188530564035011e-13 1.780490821507567e-15 -5.435805283548029e-15 -5.059215525783407e-14 0 0 0 4.8429213784235e-14 8.778302230106371e-14 -6.693278302991237e-13 1.977294313519415e-13 -2.313981482938687e-13 -8.528930032104698e-13 1.068583407823526e-14 -2.510964005574253e-14 -1.853892948394666e-14 0 0 0 0 0 0 3.613123323365663e-13 5.024721981942828e-13 -1.175506676613023e-12 2.149006705143403e-13 4.530425969286888e-14 -1.219099687011305e-12 0 0 0 0 0 0 3.354538972260296e-13 1.40631990375095e-13 -1.482827856526341e-12 1.058976654629488e-13 2.995548595777057e-14 -1.521958568437383e-12 0 0 0 0 0 0 0 0 0 1.890566280494539e-12 2.827052704659238e-14 -3.208623293738538e-12 2.412426067183246e-13 1.125546104035219e-13 -1.631417089211419e-12 -1.321405578429123e-12 -1.916174975945349e-12 -2.8540777927452e-12 0 0 0 0 0 0 0 0 0 1.15617625647035e-12 -1.899905081448617e-13 -4.362499268150578e-12 1.118116301653135e-12 -3.123549398662539e-13 -4.561004340166463e-12 0 0 0 0 0 0 2.070874308078591e-13 2.036581005055408e-12 -1.059258033098997e-11 2.651689023107667e-12 -3.91595375612153e-12 -7.221610553323932e-12 1.867641783752361e-13 1.673695338710433e-12 -1.062641621830001e-11 0 0 0 0 0 0 -9.677511431690824e-13 -9.180511825866707e-13 -7.516709967102807e-12 6.236050578955452e-13 6.212063800096155e-13 -1.237069037867794e-11 0 0 0 0 0 0 -9.794377428671041e-13 -8.774636581509477e-13 -7.46657565113365e-12 -6.365905353478792e-12 -7.075144307544363e-12 -2.012805770123033e-11 0 0 0 0 0 0 0 0 0 -3.025601341745088e-12 -5.909153210527425e-13 -5.088565575972884e-12 -4.533969833246504e-12 -5.217260832500469e-12 -2.209031910590322e-11 0 0 0 0 0 0 -1.01852850396643e-11 -3.903104273492251e-12 -1.349588455097916e-11 -3.390756308912797e-11 6.305261347382715e-12 -5.809769008384465e-11 0 0 0 0 0 0 0 0 0 -4.427106331659889e-12 -2.591412818721608e-11 -2.970852854100519e-11 -2.754045498067459e-11 4.632000706717888e-12 -6.446803091236346e-11 0 0 0 0 0 0 0 0 0 0 0 0 0 0 0 -2.787046125380875e-11 1.744757366303969e-12 -7.070411694173229e-11 6.280655618600137e-11 2.895145967269928e-10 -4.073460851577874e-10 0 0 0 0 0 0 -6.084982472519214e-11 -1.976644572538262e-11 -1.043385966075213e-10 -2.043487774046399e-11 9.870671919096255e-12 -1.61047911125691e-10 4.009516197091441e-11 1.751598025088554e-10 -4.944750434047229e-10 0 0 0 0 0 0 0 0 0 9.455555326396064e-11 -4.385081867967429e-11 -4.611219803285932e-10 2.429178992173407e-10 1.139044736514068e-10 -3.474719859046901e-10 8.199747483864586e-11 1.301367272970738e-10 -5.80753565015742e-10 0 0 0 0 0 0 -1.262378427182929e-10 -8.184559507242232e-10 -7.670020490606128e-10 2.011828768039466e-10 1.657542844607523e-10 -2.362877377215139e-10 4.943535720891033e-10 2.982290288312549e-10 -8.400797718779942e-10 0 0 0 0 0 0 -1.538871771807027e-10 -2.956384991470208e-10 -1.095919291297994e-09 2.203196518999582e-10 2.024708681342285e-10 -1.183604775348025e-09 0 0 0 0 0 0 2.04191396991599e-10 -1.518322694577629e-10 -8.721822995907668e-10 6.802970636015484e-13 -8.222750967267267e-11 -1.774904328934012e-09 1.996277550500969e-10 2.388445142605117e-10 -1.286538572523441e-09 0 0 0 0 0 0 3.102248578222182e-10 -1.004705073255595e-11 -1.314316151267505e-09 1.171479091010531e-09 -2.102414561173224e-09 -3.998381850714948e-09 1.135419161505396e-10 -1.074401112280609e-10 -1.342891616646043e-09 -6.09040261247825e-10 -1.575900249206047e-09 4.051677265422992e-10 0 0 0 0 0 0 -1.461690389570332e-09 -2.628802075180275e-09 -5.978000093497765e-09 3.421122642683679e-10 -1.139035359054767e-09 -4.20640189641361e-09 -7.619431902501342e-10 -2.861386695153716e-09 -7.303192217136973e-10 0 0 0 0 0 0 0 0 0 0 0 0 -2.988029764024779e-09 -2.885311886474774e-09 -4.936341357512025e-09 6.739411686140933e-10 -2.972677270504083e-09 -2.314378568257019e-09 -2.871614517478819e-09 -3.209405215577296e-09 -3.658436679335131e-09 0 0 0 0 0 0 0 0 0 -6.376338511815178e-09 -4.149846718564249e-09 -1.2244998354084e-08 -9.777706216407148e-09 -1.312971265552518e-09 -1.101980813865273e-08 -5.780179945567224e-09 -4.282426991526099e-09 -1.379008618776887e-08 0 0 0 0 0 0 -1.364425680596426e-08 1.436527916167887e-08 -5.50619284722437e-08 -6.470523545153367e-09 -4.588811268411021e-09 -1.290628694113148e-08 -5.475335026109684e-09 -3.825439130834213e-09 -1.354706416319305e-08 0 0 0 0 0 0 -8.524239612984493e-09 2.518872580282226e-08 -6.431220519019528e-08 -1.369500490823114e-08 1.087912488723214e-08 -5.592764618701324e-08 -2.795076003253246e-09 -1.276873375717194e-08 -1.87124698047686e-08 0 0 0 0 0 0 -1.741976311941441e-09 1.296755077519734e-08 -8.409099540609065e-08 -1.401908539657063e-08 1.160569652355192e-08 -5.494213985778636e-08 0 0 0 0 0 0 2.336918238622678e-08 5.160377537954014e-09 -1.177133068459991e-07 2.496241249701905e-09 -1.269703486503314e-09 -1.371583459427087e-07 -2.625937257114432e-09 2.683400969001831e-08 -4.115964298638985e-08 0 0 0 0 0 0 3.266046142753316e-09 -1.240309582841986e-09 -1.37203291356044e-07 6.354646625766828e-08 5.372443482629535e-08 -1.411038809354133e-07 -7.411993472538981e-08 5.976501831650073e-08 -3.887669710582712e-07 0 0 0 0 0 0 0 0 0 -9.485891603219113e-08 5.256470141462825e-08 -3.618982459635686e-07 -1.328103353879095e-07 1.160008789106149e-08 -3.942528209590672e-07 0 0 0 0 0 0 0 0 0 -9.188754122796912e-08 6.174807639804274e-08 -3.715663975039491e-07 -1.229687701421762e-07 1.195530994504966e-07 -1.003237843375362e-07 6.526442458414603e-09 1.631592379597453e-07 -2.720627117279498e-07 0 0 0 0 0 0 0 0 0 -1.13471026953696e-07 1.444393025140143e-07 -1.361665972603112e-07 -1.259537514200123e-07 1.231730362180218e-07 -9.462576985531152e-08 -1.243986047550465e-07 1.190498777033308e-07 -9.134212249024066e-08 0 0 0 0 0 0 -1.484391429847606e-07 1.350685795225843e-07 -8.250082877312512e-08 -4.622381756906327e-08 9.788939168078051e-08 1.154515561137402e-07 1.412528019770309e-08 1.646716396843392e-07 5.890381246813616e-08 0 0 0 0 0 0 -2.317325590131474e-08 1.471700812026994e-08 -8.250082878759102e-08 -1.623459721618101e-08 1.103269846438566e-07 4.524238406789431e-08 -3.723586617950858e-08 8.679092920527222e-08 1.263240198403504e-07 -5.980996094737716e-08 9.306163135192905e-08 1.42824744640427e-07 0 0 0 0 0 0 -6.262909962530296e-08 3.244279234122732e-08 -1.077083438434385e-07 4.024300643765612e-08 1.097449310625908e-07 4.493166641371547e-08 -1.577808968810069e-08 -4.671907931275564e-08 -1.68871528681454e-07 0 0 0 0 0 0 -7.14498956202978e-08 4.272707012610822e-08 -2.382203490183148e-08 4.324992859497429e-08 7.957333784277318e-08 -1.401268717081909e-08 1.742948438104631e-07 3.337858486918976e-08 -1.657807309848974e-08 -7.505443584882436e-08 -7.646823159703196e-08 -1.471443251868158e-07 0 0 0 0 0 0 0 0 0 -2.647883673421178e-08 5.947605067278632e-08 -5.119956583517387e-09 3.359122830872918e-08 6.638753387400725e-08 -7.989763646644948e-08 -1.036550644878402e-07 -1.114217473245367e-07 1.622903104006901e-07 0 0 0 0 0 0 0 0 0 3.219088739903205e-08 3.473894755303912e-08 5.303100253711569e-08 9.838180156977448e-09 6.782503253426729e-08 -2.341978621217604e-08 8.863273074207663e-08 1.454947968878693e-08 1.210406837815685e-09 -7.751834679412423e-08 -1.943970489881701e-07 6.334624409833477e-08 0 0 0 0 0 0 0 0 0 3.838307132859393e-08 -7.881734902299676e-08 1.395460915671506e-07 3.21273680866231e-08 3.469574114117123e-08 5.283081272875784e-08 3.424601765051563e-08 3.647369890973129e-08 4.909886418947169e-08 0 0 0 0 0 0 0 0 0 0 0 0 6.280097601879136e-08 -3.408890277264831e-08 2.005051778244451e-07 2.621182947079151e-08 4.909663075737926e-08 7.031409637055868e-08 3.48768015067435e-08 3.694479774201742e-08 4.978789041700814e-08 0 0 0 0 0 0 0 0 0 4.219593727970165e-08 -3.108809775709923e-08 1.848944199699129e-07 6.377641266191991e-08 -3.695764917176461e-08 1.776204738835536e-07 0 0 0 0 0 0 0 0 0 5.453807021033036e-08 -3.660165565002143e-08 1.620490469709081e-07 7.094723619823343e-08 -3.136270594903646e-08 1.545122482920426e-07 0 0 0 0 0 0 0 0 0 5.661857847438571e-08 -3.465750645327774e-08 1.645032632911039e-07 5.452419143619859e-08 -3.711744920451413e-08 1.651207402746719e-07 8.707013264585239e-08 -1.204964936633583e-08 1.391761456586465e-07 6.204033442994511e-08 -3.120268146761702e-08 1.691419124666982e-07 0 0 0 0 0 0 5.520166193651162e-08 -3.646557768501734e-08 1.6580442121733e-07 8.57704669308525e-08 3.6921272562297e-08 1.691419124936474e-07 5.806036119774669e-08 -3.637734652775138e-08 1.614866188505868e-07 0 0 0 0 0 0 2.306243833094222e-08 1.368073898019384e-08 -2.286061184739871e-08 5.189582188412023e-08 -2.849625302888675e-09 1.868308896540915e-07 2.029342686509997e-08 -4.178504959727454e-08 3.533100951047821e-08 -4.494104021048811e-08 1.270969307831175e-07 -1.35926239916208e-07 0 0 0 0 0 0 0 0 0 8.879671906257368e-08 8.159321071669798e-08 -3.022653286915533e-07 -4.4040849212903e-09 3.047874077735391e-08 5.402144170657163e-08 0 0 0 0 0 0 0 0 0 -1.593927528559144e-07 -1.122277983471046e-07 6.182326285531682e-08 -7.214238116104015e-10 1.319311971299256e-07 -4.780213525766791e-08 -1.572165680131399e-08 4.440225226488488e-08 7.952176144375013e-08 2.280097552639018e-08 1.384592350665949e-07 2.755936972869183e-08 0 0 0 0 0 0 -1.172317780105823e-07 7.725455714538752e-08 1.603013912398111e-07 -1.424733629054889e-07 6.841955500522052e-08 1.270476944347296e-07 -6.499346903263541e-08 -1.040106218310488e-09 2.053890668180562e-07 0 0 0 0 0 0 3.023732538586791e-08 1.743178608112084e-08 5.805708430007824e-08 0.004111684808819488 -0.001974542042134365 -0.003666510458866221 0.002964248029736282 4.743757879418862e-05 -0.009367466388647227 0 0 0 0 0 0 -0.002278957805941683 -0.001313816763027689 -0.004375705978205187 0.005375160935483092 -4.162773265919326e-05 -0.001813591757502463 0.0007539337888576939 -0.003052146283350656 0.0001330296405851016 0 0 0 0 0 0 0 0 0 -0.003721314458083008 -0.002650609369548779 -0.0001845199730844051 0.0009541000338368252 -0.007274174510862931 -0.007798126273647071 0.001732185137690818 -0.002776610228596177 0.001588799057412779 0 0 0 0 0 0 0 0 0 -0.003945165143605461 -0.002578006772075871 0 0.002985929211216083 -0.006123247834179608 -0.01066354892150946 -1.039659007031643 1.666523843418096 -0.9535985585262629 0 0 0 0 0 0 0 0 0 0 0 0 -0.002558105016904957 -0.002391730921196124 0.001284062959481391 -0.3002892506110214 0.2852086977924464 -2.241658607712762 0 0 0 0.6613709278905906 -4.57783200579759 -3.910180051050268 -1.876092843679692 0.07629111580331981 -3.944223869565587 0 0 0 -0.6251511280626465 0.506589504277254 -1.631755272531696 0 0 0 0 0 0 -2.40738554856988 -2.015912301877133 -11.8848396628474 1.150592914942033 -0.9017978288285197 -5.665201694579705 0 0 0 0 0 0 12.52264388033926 25.01697643561904 -30.01730835208097 0 0 0 -2.035554811787737 -2.113816485297622 0.955785988655932 -11.04740606081241 -18.22074905099983 -16.57102252849782 0 0 0 0 0 0 4.863084916257877 12.10613114573595 -37.90216222497671 5.741684877472171 -9.534925435960172 -44.89924402503839 21.36152501726913 9.039669062785368 -41.25854326969232 0 0 0 0 0 0 -27.72544725571488 -1.18322450295068 -0.5563526129419766 -21.72122687328988 -2.228893125556761 -1.144517635220353 -26.16999878949968 -0.3302896632734887 -3.356471353007292 0 0 0 7.221972885562892 9.280594334066594 -34.6435573993063 7.482822785030852 -1.712265014178467 -54.01427925251074 20.39659160420513 4.373275979287529 -30.91785938118805 0 0 0 -33.68709461084552 7.505627246210688 -3.862280228206961 -24.05823249869933 0.825403455665742 -2.266158667193948 -22.46489296557079 -3.072443096869498 -0.7219530493698806 -26.54709803338253 1.275446295396873 -4.529931601934405 -28.32870684992095 5.839561434797964 -1.235921890799567 8.575147342157337 -1.960618026655123 -73.48379598340397 0 0 0 9.290481602396859 -1.529035539603119 -46.35241423937788 79.06882611828513 -3.508221114643225 -112.338887264551 -7.793793402571803 2.650434602654109 -53.87355732096548 10.5543104294176 -1.699882605423676 -87.86960839537464 0 0 0 -33.14571424842206 7.993268966171709 -4.211887078709782 -24.01915486715261 2.083942547718082 -2.914115503909751 -20.42470283001322 -2.705769062674893 -1.76714834754625 -24.615522482353 1.85850244131194 -4.529938921940536 -23.56818541036736 -11.4072146495256 -10.26573594764272 -36.44509230882419 8.363580152066612 3.047190875440291 -28.02833670057605 8.799116369310072 -3.950800698576629 -0.006846231812002105 -0.001145014875083742 -62.1926906606937 -0.00275510147807869 -0.00190467621069653 -51.13390364654605 -0.001222759306361785 15.15645002248457 -53.44561687686981 -48.19044545403198 -5.562831539957086 -9.004394502109323 -18.27882795878316 -2.320098808093522 -0.6927277841848003 -19.34481995700016 -10.22195070583231 -10.30330022277446 -21.66282602760392 -9.895334385632459 -9.870047811425657 -31.18456375515514 10.74945274091218 0.6701939102357597 -0.0008720405035590683 -0.0004029784488482886 -51.13383906751557 -47.45290609549135 -7.305954892339094 -9.635861515716437 -16.95445863793028 -3.066958291139512 -0.1242651417977463 -58.36557595099254 -4.598062313560179 -8.598295217529691 -29.28594301055041 8.257664882320208 -3.156723322003729 -27.978236305932 8.562271027129809 -2.554040695605364 -27.83961857197446 4.541094923257538 -2.874870074620135 -28.83412015556548 4.096392502672021 -3.385000375664865 -24.14206696238597 1.718359964685411 -0.8825031648699374 -21.64030335344748 0.4501158719568876 -2.089648887787719 0 0 0 0 0 0 8.733427145433133 -2.373429686793987 -85.25297374731213 -0.00122486614569513 -18.31696443908692 -53.5377047675614 18.15822637231967 -1.255850054427481 -81.52050539329778 -33.61711382759755 7.89552479160751 -4.074069990308297 -24.15948534470284 2.108271711729353 -0.5954498178431891 -20.73283849898467 -1.001865565407026 -3.233853531993802 -25.25063142016909 1.67829803360862 -4.144067426776576 -39.01078165974928 -7.741748831557958 -15.3171617861859 -36.92889099928301 14.61504528017686 -1.806370676041124 -27.97106658705982 8.598081366971043 -2.529812104812738 5.801308653992217 -12.06569433452716 -83.84190663447382 -48.03610534735778 -8.033916565284192 -9.306459771009711 -20.66146881875487 -14.28383253765819 -9.061896186784633 -18.61213053055405 -0.7555612452107658 -2.071425746259173 -13.99830726383268 -4.632130526074913 -12.7884258435131 -32.05812605205053 11.53799745224917 0.1357374743373312 -6.539748789515013 -3.022081901357146 -14.80430138671407 -17.08819136856102 -3.136300203056912 -0.05192049854207113 -67.8756024432507 17.99071386358006 -14.0766825130054 -36.73465717290806 12.10435718784804 -2.711051235889331 -33.94205642741473 15.93308531979332 0.06657439967748446 -32.04046821365969 7.620152397881922 -0.504006268178137 -28.70246893525945 4.89788656204616 -2.639765705501585 -21.01235220934244 1.010342853236362 -1.750384107560292 -14.27103478426946 -4.821163807991654 0.9895286862734285 0 0 0 0 0 0 6.642569841101882 1.526584093304557 -75.59362764090183 -0.0008743547862749978 0.00349643679412885 -54.85198331334033 4.02692820987134 8.390477407859111 -84.33236810151422 -33.08533467066395 7.489080405579361 -0.7332091518002032 -25.37789337066769 1.737518747801917 -0.7307836104007117 -20.7328673855607 -1.001416547636896 -3.252801639009914 -24.16791532785052 -2.491948173887626 -5.649560281972636 -39.46588292336149 -9.990408669590959 -15.19331914293855 -41.47747933445763 17.96265197153753 -3.992779905411494 -32.04118918413629 7.626009914720945 -0.4987373402838342 -36.4219573215208 14.26349031244039 -1.74537505263922 -0.008677351542885093 0.003773380648459779 -70.00748067047019 -66.05520943070218 29.38818732185584 -17.99027373894328 -17.96418203968378 -3.798025441322753 -3.239714225811876 -17.8344362985297 -0.6500412738262263 -2.22607308264004 -14.40621434173958 0.7661201691099346 -13.96376667417783 -36.22571414438128 15.29446083028447 2.699961627247628 -30.25838166393263 16.66991101157875 -4.060194671996124 -6.539310767266213 21.59518932729708 -32.38748149310963 -17.71019527855269 -3.459752416225842 -0.4031367028957547 -60.71972631503135 28.54557831217829 -18.64664147608324 -47.20444734821233 15.95413577173963 -6.713685109169949 -44.89899111331155 19.10069498256566 -6.218108097835071 -30.92484612049929 14.86399884156836 -1.500189572375386 -28.22998829488275 7.773770074245384 -3.594290634097872 -23.08379820740144 -0.8338324233996736 -0.5438933424678696 -13.73955799975993 -4.022234801514748 0.5752023645174487 0 0 0 -20.43712947385988 -1.187408812132296 -1.819607452585327 -14.70901725937513 -5.478146353182955 -0.1834228566365753 -13.10677722844804 -5.561520172301812 0.4781640265305788 0 0 0 -0.007779105543645192 0.006465884828149432 -62.68612527251865 -0.005102225968286413 0.006867884345839618 -54.85157807612259 -6.539625561841327 26.15115487805663 -6.728754105118565 -32.51447767789293 11.24765052007856 -1.95381932076312 -26.86363982276648 8.094375500625691 -3.406602880664725 -22.78580967268325 -1.323554404533412 -1.165203703435069 -23.41355706062812 -5.572784237633954 -5.375052787901518 -37.8409863162168 9.687538726123289 -28.983774924721 -43.15981843341963 18.23186436446814 3.680122523708865 -39.59204734155043 19.95828203341389 -1.661889273332972 -32.81246757282511 14.00339203703262 -3.046064411659836 -35.49389721852114 14.8888847925182 -2.389008315006774 -65.65103886588928 28.54861398475299 -18.29304015838622 -64.66370276187726 28.54650010142469 -17.96435100258039 -14.64104894233998 2.66198282769315 -1.903602380789775 -17.866997275618 -0.6991914934764788 -0.5040547895101496 -17.76641962173993 -0.5681736711345875 -2.21561993003994 -30.66906194801107 16.51376302886885 0.3441989030025753 -34.86504458380131 20.14437916792319 -0.9159549895480399 -30.38701069882239 16.73172572543944 0.7241401101988174 -6.539305238178786 -5.197639821129652 -39.36659417020311 -24.00088184637109 15.19568703962673 -19.94281666752697 -49.24598743405913 11.63054184575073 -4.57960170117437 -46.83077825234654 13.46306637099867 -5.029450345581926 -32.04845954675407 15.26178370153332 -2.105506232318919 -13.56156868287311 -4.353193736791519 0.8097662364398917 0 0 0 -20.19689662387083 -0.9725960032548951 -1.673380608598673 -15.37937888039011 -4.556551326249531 -1.014202105578976 -12.47295134352768 -4.150206639126209 -0.1625416647492238 -18.77535515765595 1.039110263774597 -1.435789124063469 -17.78536089632136 0.4076854616073328 -1.886836761600859 -29.22557251778121 16.3503348358707 -0.9545965556272105 -12.17184474126942 -4.09930667829511 -0.2988397263006095 -9.967235326612188 -5.001913179582842 0.2897088629424017 -10.14558687947077 -6.661225555978445 0.8920145236933134 -8.598242138360174 -5.996749433929612 0.132298852323545 -7.966410785114321 -5.72545531314729 0.4612646340632308 -15.62564928299133 -2.709633712368065 -1.195014083237223 -16.99215657226392 -4.650655626800308 -2.205344030286402 -13.6680813315257 -4.261165588667801 -0.639424595137814 -13.66788477659054 -4.261228344978724 -0.6397469387849332 -7.569149674007614 -5.609766860048533 -0.5866187357859803 -18.75663568566148 0.08996650855458749 0.2092525272021189 0 0 0 -56.70187269052755 47.12981155742817 -15.31145700833055 -38.15978220447835 51.36522225235836 -18.06210991981444 -11.90635768543064 23.56655402950392 -9.97594513180294 -42.07374209835996 54.48716438918351 -16.43708845261328 -34.78325073210742 13.08779675283161 -3.248676538165594 -32.12872779971129 12.51030630524986 -1.316995750635166 -28.31566796685883 7.755334083940206 -1.859921584396829 -28.41029128881005 13.95459006222003 -0.5207877475365175 -13.34780642575713 1.511704444446113 -1.406930392331319 -28.45784755324232 16.60422700375292 -18.94113239032712 -38.79882155963425 21.079256827733 0.6472257479510892 -34.69603845763005 20.74844477710345 -0.2573527605506696 -41.81574857306551 16.35644795876267 -10.35232384065971 -19.10585943422306 -2.185846121660321 0.318500621417997 -18.44812406280765 -1.38577235388832 -1.813376091252956 -30.84932305745061 16.79815077378187 0.2040713026955837 -37.07860176454078 21.82964574076819 -1.427543684936271 -37.05273454725859 21.8014914568159 -0.315731348153346 -28.0794322811308 13.86687817711484 -9.846958059774371 -60.91077431327005 28.83619695759952 1.753643475187502 -49.66803388879412 32.4932892866839 -1.122232344540715 -34.29788772258925 22.20201879675896 2.459685987495784 -13.64676796550386 -4.307215602806399 -0.6853393417758445 -19.61845048978339 -1.513319178624512 -1.918753343076134 0 0 0 0 0 0 -21.20240723297756 -1.870232305896416 -1.338356986142135 -18.87087867720645 0.2462226734939311 0.4281220255280099 -13.00286625965404 -5.329478356897848 -0.8326957189672493 -19.09895845532239 7.318375875348814 -3.883760624553954 -19.75551171019004 -0.2375288017306581 -0.177598148793267 -30.37489619731434 17.74836525168963 -0.1297424666131744 -12.16519410167765 -4.111678319728349 0.0407278102068872 -12.81289960818074 -5.309058205808772 -0.9284822632078347 -12.0329452556009 -5.369951586841865 -0.534459532798604 -9.586339616016433 -4.901572993925368 -1.083754230833415 -7.996905510675865 -6.336432910866942 0.7215739363817166 -18.88393819712477 -1.600125838801318 0.6844865814533857 -13.69283208928054 -4.315043945959895 -0.6654932447228118 -8.705313040867349 -5.866543555043028 -0.1285541958420607 -7.592028037241448 -5.704774049183766 -0.6287789797326778 -19.18556203553833 -1.418467260029301 -0.6633630391673214 -41.04343575018911 25.28762719549448 -1.209655470612865 -7.187807685984701 -5.925897296511078 0.2916261346419127 -22.97936797501515 3.369140389353909 0.9842159394332961 -6.50420681885248 -5.579045708060397 0.6192622369822463 -10.50418600055543 -4.787322484311356 -0.418752221293555 0 0 0 -50.19453553381354 38.97258187527666 -13.14378973829351 -39.02402466047368 47.57291073741481 -16.766105397345 -11.34527746438156 23.14278157749799 -10.3602334594899 -11.71741674886002 26.87460902220174 -9.026582992061266 -34.6688267772752 13.67455904195078 -3.003752192080173 -27.95423791294226 8.65118932581089 -2.084200395786035 -30.96542731902129 8.589530377968504 1.256437675131421 -11.30413364686843 23.59093925485249 -9.89016559150218 -41.68920459407175 18.6055717326075 -0.143640196055059 -37.13552234463355 23.28326455195462 -0.248158428438477 -43.88714609494883 35.81051493227408 -11.0427583413735 -18.58232219089209 -1.56102655034938 0.616669953907011 -33.99301597343899 21.71439623742559 2.801823955097519 -27.53713164315274 23.62123877074276 -5.270807895283189 -37.38407806070752 26.53091222855272 -3.06447518451226 -56.59725968460074 40.76491303085209 -2.612824616552149 -49.82235976485576 32.60619602211027 -1.133442403868364 -35.8688712072701 27.04647244597835 -1.687743551331717 -27.37936777416843 23.3640167004491 4.222894775844985 -19.36562791392788 -1.64169630958566 0.4750836056467947 0 0 0 -21.27302456881718 2.077299586625879 -2.041081588246828 -19.41698718482126 -1.407333081759847 -0.4666804487289531 -14.92551570948708 -1.625061071662191 0.4553334290272861 -20.35268048813417 8.092738980413541 -4.233076142058493 -23.02336512589151 3.035700645457007 0.8020793804119701 -33.9086144090623 22.04317465911104 -2.684378560815005 -12.69540590123703 -5.193374173457291 0.6047021924635133 -12.93207045684348 -5.545542870373477 -0.8869203253391351 -15.92626534090683 -2.706014278167651 1.526436057314007 -9.751942563209711 -4.920488407946134 0.9693693150003876 -9.629216263982402 -4.954856912992124 -1.089875954165021 -21.18591100423669 2.112004302884114 -2.45992239383839 -14.22772761472464 -5.477294542046814 -0.03972999710079683 -11.07636032513997 -6.402506419599616 -1.168874463095803 -7.763798742901906 -6.422236758714659 -0.2777231181504933 -9.287798264454519 -4.339843284147896 1.054152985690599 -38.61132563094857 31.41684141351642 -1.362121592598677 -9.272847006901882 -4.555930061058466 -1.543700678716597 -22.71068561785823 3.377482417432231 1.046802752272913 -23.02480868483658 2.743175949232151 1.239333914588068 -6.659476648341466 -3.912497420919888 -0.05620205043650676 -36.5602173964852 41.03398251480083 -8.601551968818024 -40.2335892076771 26.50125620151614 4.005008408764229 -29.39517466510113 21.91436535037512 0.8279442786400559 -57.6574396635709 37.83387591048319 -4.932537839283452 -28.17609127935018 12.92393233603629 -1.053119248945305 -26.85485116345873 21.60619983163309 0.452581288748546 -6.301662413942349 -5.900875417797892 -0.9099603141403503 -29.29309072278981 10.75207530781541 -1.181419687191802 0 0 0 -55.60236643524225 26.82814638840204 -8.79774194357023 -40.20296328395207 42.40910901351508 -18.67191830973088 -32.68144923520683 24.87798082361984 -9.864263356421553 -35.67847019583031 8.36667500787728 -4.084158546088006 -37.30012509201468 43.3772763986065 -17.02729813048412 -34.56159845184796 15.96556266111156 -2.209796406194318 -33.68554551108991 18.7349521354934 -5.27937903464624 -28.98048095760977 8.412831799831398 -1.865259806269577 -29.32402975843483 10.040822944837 -0.2831336984086266 -31.50179160521493 12.25061824810449 -0.9146053655274307 -36.09463263404943 7.538390028003732 -4.633328273396865 -43.59959787811548 35.33615397348661 -4.382337394070561 -37.70345647012054 34.22935156548943 2.262918523241562 -21.5984489918067 1.951216873471543 -2.26885902478162 -31.57487604827951 26.12430055913622 -1.064404544258198 -38.12945222148694 40.95543183074907 0.3107658240377128 -57.35885672685112 41.08568876893639 -2.594400189839944 -46.61228707020474 42.8656748310071 -4.811435857823297 -37.01092018081185 36.34667281941663 2.94758577955028 -30.92280336958307 24.90609288695816 1.750414629263857 -30.44667108476844 25.36146977193545 1.595920482331868 -19.0335524032771 -0.07174475642526834 -0.2244891283832298 0 0 0 -19.23876645627174 -0.5281492173891251 -0.924512125079327 -16.29725704354712 -3.107428038522591 1.03635435102202 -27.32434422199417 7.914592225264107 -2.311707564133147 -12.86912438801437 -5.5246930421963 0.4841457434783056 -15.75123771704147 -4.926150553863331 0.702592048159803 -11.99180810132227 -5.358141292627524 0.07698966391674517 -12.36298184661562 -2.64121198598483 0.5114699290033752 -22.20443068039046 -0.6017446596998629 -1.464892521190233 -18.05620015585065 0.09169138383213349 -0.6499167040979517 -9.286265582704626 -4.736441570610389 1.136014030849766 -43.11591031255389 36.52707077047871 2.283874861391343 -35.57960343010539 31.69856680437839 -0.06296248167071307 -9.266846579163525 -6.372642623447261 -0.9140870128436831 -27.23390994102511 8.444662550752362 -2.229505349468561 -29.14859703122973 7.015844971871267 -2.09545695996061 -23.13321375236383 2.64336327038114 1.367444867474665 -6.400965419719144 -3.670757105152347 -0.2215267829340173 -6.573265241655252 -4.838472374995803 -0.4742625654943236 -30.58448543551308 27.93230806407544 -0.1824391410613442 -31.13846123734023 25.71386544558097 -0.9700708077318729 -59.87124715468152 40.6700864548984 -3.56190264274945 -28.33204026531781 11.12407256916593 -1.375182630098021 -26.60093329189567 21.15202910758967 0.2256088878351271 -6.569867574551533 -3.828232942721853 -0.05904794509450534 -30.29630874087805 6.626457472432918 0.2899157051737536 -37.20058442812891 18.02983136956516 -6.37955149538592 -9.274882600945805 -6.367087273355332 0.5769593915286619 -10.24328846827287 -2.881902578778436 0.7200423492485761 -23.66467860612923 24.50063137648744 2.047847459718289 -4.73138606451062 -3.647487142075192 0.1558245962693274 0 0 0 0 0 0 -47.41770492016293 45.18305163785339 -4.918341185620664 -50.21720120694364 31.03561424428376 -10.56376820987914 -29.21794848532229 30.95088069039181 -4.868308078619777 -36.83976226255965 26.25715318541818 -2.064265748655407 -34.14152965461571 15.63875489120038 -2.500695281336435 -36.22360865512669 23.9863351293151 -6.513011952626267 -34.51272332454862 16.78767911738167 -2.659343118705116 -45.65789573299002 30.76975454346206 -1.58484327601731 -29.1593507175711 7.851867312416595 -2.284783761038202 -33.43186701108291 7.759065509723134 -0.5727098547972157 -35.29746537687296 23.67573349902704 -3.071916812449857 -49.44671188336271 30.41582454301478 0.9425404022216171 -38.09832292306481 41.02250013389872 1.835503132968372 -27.4564063872529 7.938090466422404 -1.434239321754547 -31.0700799999918 25.80182927134885 -1.055187560479969 -35.11549925430597 38.82180267545608 2.175169127598509 -38.33801575474528 32.64382352243199 4.195583071341544 -39.85996042422359 39.3933414453548 0.08075435953387056 -36.7580712505381 36.4340958091323 0.1773372278773407 -25.75876446826074 22.37390164756516 1.588455384757807 -19.15377827962179 -0.4651718446085728 -0.3571853457919317 -19.81630221385617 -0.744540364209891 -0.906852401193832 -17.28684616921043 -2.502341763104225 -0.761762721057701 -20.92632354148688 -0.04755442255933735 -1.540400345266858 -14.84137147319675 -2.107214470354867 -1.837268234543957 -12.33301143048532 -3.307392004563024 0.7177238002153117 -26.78554583523843 6.700241552656069 -1.405249082769342 -19.12651826134061 -2.799591533012967 -1.528547812757196 -11.03770352016951 -2.797151998559465 -0.02856217570907185 -49.2961716649503 43.53760727185144 -3.22857160866869 -44.34662449915843 35.38050554996173 0.7151779445367086 -27.44940452701819 7.589377138889481 -1.919031024146909 -29.32102678527167 6.327814041019059 -1.327087580554694 -26.01404503286619 -0.02654244102553158 0.710873117371895 -6.416015178803915 -3.682582378967033 0.04359873154599106 -6.305151206507251 -4.665111942065272 -0.673617232004199 -34.69099539379513 34.11622586435987 1.006330580425245 -24.17169291862564 24.58449271098301 2.268114446857381 -55.11074075956201 51.47566229177765 -1.265027486022281 -29.5783056736064 26.50471257300859 -2.64014114477127 -6.465446653968754 -4.635543840795695 0.3535891201070865 -35.45357321434483 10.45011477081741 -0.6466977747973146 -11.66367604789542 -3.974209686706492 -1.099662861326308 -10.12849074689832 -3.781101491141499 0.9794594663654344 -12.29646345594788 -4.118238734318203 0.355123793273481 -24.3736026484843 27.06419037907522 0.9371513918666026 -4.824766972943739 -3.224090548221955 -0.03524955884098283 -52.14698984220652 51.6359193043991 -1.872168318777404 -44.30403692645968 35.39833679629984 0.02557697523687566 -19.79584410395664 -0.05221656593961214 -0.5864617993223363 -25.63791925827921 25.80042293305969 -0.8522322117320942 -7.38733953101075 25.30592538704588 1.919280446446726 -17.94211690722774 30.36123474574984 -0.05048125499912418 -18.3274779137058 27.6277472377781 0.9751911739474663 -22.59279418890052 28.93764078655091 -0.9032409813780098 -8.935276677946216 26.98129697554518 3.904785226141859 -5.10963652542692 -3.595184359812684 -0.254504563109341 -2.836545658700033 -2.183738056242739 -0.4572331865191295 -2.460953651241541 -1.001577863064853 0.8415710272617929 -4.456432764323296 -2.895089663979069 0.1654266870128899 0 0 0 0 0 0 -51.80104005406579 44.87197677321723 -1.776570206578622 -49.52676840020907 30.71020823135789 -2.425963769134136 -43.15917639826743 45.4925915889299 1.003367072309858 -33.8715040555727 27.90232930174996 -3.450903485269235 -33.35079696096244 10.19634832119777 -0.708069356169811 -36.60324942313942 30.87358900136141 -4.262685855098181 -41.31834294995051 20.86479814230981 -4.617738984073863 -38.29162691846707 14.80337918596559 2.331273776570022 -44.04941027703104 34.47842699416911 0.6634610213824351 -29.65144977063373 6.309883043936975 -1.853880981947146 -33.9093585047241 27.87434031694205 -3.452151290117116 -40.51560101723013 42.87042832018395 2.692907336802512 -27.79343855167934 6.562818607501706 -0.9968175174947763 -24.86512152907918 33.65721494867451 3.240912722639017 -25.84478387904607 22.38147626775362 4.43134301817577 -31.69046108399327 43.80035876229547 -0.4128158269250828 -38.88384087279584 41.75666674717807 4.41072721023601 -45.15679119987594 41.0693285368522 2.009222350802311 -42.70555256877513 42.43642684964559 1.782788630252988 -23.92906240523438 34.28809188038722 -1.063947583222624 -27.64555262128857 29.16839435711958 0.4585050642393289 -20.60010625751434 -0.9832132108731001 0.1345861176616345 -27.51624270737205 4.926400003262936 -2.06987182987971 -19.82756239256351 -0.6622253839376955 0.6741605687502519 -20.90083496917251 0.2940810884723474 -1.640131065420017 -15.32755488413749 -3.371759259971676 -1.791567576581059 -14.01316228913974 -1.624987190502857 -0.04033930003182278 -46.37941570558443 50.91435004944118 1.359238204338983 -26.78037627500464 9.442871488835552 -3.880753875699696 -30.8661554414518 0.1314710342952159 -1.030294480305017 -30.74986851354628 6.977965604029498 -2.890242086810219 -25.98121816605867 -0.1276190522323749 0.7360510414522143 -6.377237661151151 -4.567854285237445 0.4184572331454345 -6.311339267371952 -4.540534928637042 -0.7145764064707238 -29.71952796438698 45.01401431572985 -2.040470018850793 -58.71484197806443 56.87134642798386 -2.378513503925411 -11.47602551681829 -3.620782816414542 -1.229418002561022 -40.0684097134496 13.87153315616583 1.555905708239534 -14.01598317176474 -1.622270687226495 -0.0806689238079501 -13.94967539499939 -1.404217390301391 -0.854147478719279 -9.508191639256276 -3.237165903895421 0.4677353329867086 -14.5435163290727 -2.241262217749362 -0.8414166346421724 -26.04060059571133 33.08458466654763 3.765033408756397 -18.52337378792849 33.25920751733036 -5.752654554562516 -4.465005454629976 -2.937707781270143 -0.2411541638309947 -4.763260029559918 -3.503084846839235 -0.2203263175610658 -56.26442953028209 43.8897116206577 1.463580963004474 -19.7458400309833 1.321086217214074 -1.031186065769414 -27.56391921348298 30.46327630613164 1.463367568775212 -6.893057757606282 26.90903405862384 2.61599844626748 -4.034789021585111 23.54927746377376 3.489755352174531 -17.6167726187416 28.19383756018928 0.9195248754388766 -18.33476933047155 27.67393981909104 0.9963472819995322 -18.16374635929057 33.10509092708291 4.080732322009166 -18.86368800513937 30.59691035660033 -0.3744825310566137 -9.081500256246542 31.31799555616612 5.75177464419933 -5.123264523663554 -3.491814726633514 -0.2106173314361875 -2.780645559813836 -2.29982278885362 -0.5094000552368813 -4.437693365498453 -3.369084752241616 0.4159310828667587 -2.434045302524193 -1.051906405959099 0.8900859849674391 -3.185684609244166 -1.963028308143319 0.53908269000426 -53.01703570731608 50.78155546121203 7.109582433000495 -3.343820849774694 23.35149114186673 0.2324112872817482 -3.722594288087798 26.12894765011328 2.332217000190589 -3.10759939815129 -2.183715414363034 0.4794206480869861 -3.185125543838237 -1.964553689006055 0.3896848769149053 0.389879467616275 28.03864972717587 3.16234184221292 -0.06023422406502128 23.94467391374539 4.915172857532678 -2.173735785874279 -1.06536068110259 -1.830453311891961 -0.5482443624599649 0.5601361708136066 -1.428489455241108 -0.6604557198798803 0.858896221986246 -1.540698740349122 -4.756127218533989 -1.740329340592466 0.1209868016319198 0 0 0 0 0 0 -51.66357418211737 44.03232739695912 -1.828537276432177 -48.28930359248423 24.67765701183435 0.6741456345813959 -49.25447502225319 33.89215684325084 -2.210482237933923 -37.77720438633834 16.3154451823876 3.5334290094704 -43.4841161583121 11.62150791031338 -16.41374988631342 -47.22203011402962 24.40148233174088 -0.3012641069806515 -46.25921598508544 19.59334710104611 0.01459178264495137 -37.54370941163332 16.34960783976127 -0.2503411058195927 -41.1945343289858 15.8748507596605 1.273656795776957 -39.05986731441183 41.81664737689625 3.213571603829035 -27.45756997417197 9.468762003470353 0.5070040222405555 -27.54902114562548 43.8621095665055 -1.154892278472073 -29.15675970390572 34.6674725410922 -0.9361105663232157 -35.81452182255455 49.00006248953268 1.888181337582765 -28.95649223469285 43.13946739131782 5.91428665756486 -47.88301972540163 62.31808828559765 1.961986450316733 -38.70072982263126 53.23772307607748 4.062473870586182 -29.28200713254251 34.63762284811348 3.539289916927743 -23.61549662878332 2.733155041911223 -1.44592174348604 -28.73306295818095 1.968420332095906 -0.2856227286260834 -30.44682339247019 7.571408866517281 0.8605864794557742 -19.76535104210131 1.252116651002707 0.9164805927473511 -21.07342816257261 -2.036892041681105 -3.398012718144878 -25.23564778087865 -3.637420875571243 -1.090090800788354 -17.99335380409646 0.04963308168773577 -0.07391598413960387 -20.13356835710719 -1.675058960282903 -0.9301211902583068 -41.46184078346023 63.33542789459349 1.380410736462372 -47.63014874120303 58.63422590507694 5.51177930994282 -32.4705768757431 2.000377893788283 -3.113064326690941 -24.29847319362183 1.557964467140266 -0.15025266757596 -6.383491988974283 -4.500698822857276 0.4449432060035131 -28.41323474700982 43.74225493586177 -1.29130428991492 -62.01597543657198 52.46918361962447 -0.3030388360350967 -49.43882491708644 56.75145433705489 1.116159187358662 -12.45037160194347 -1.889118948504035 -0.8748901861250241 -40.46425918991032 6.156420336775659 0.4080486926873279 -14.32211259419736 -2.084607421124979 0.1204050990803593 -18.71461094154147 -1.607661412688176 -1.532213771702181 -14.41998379347194 -1.111588594264891 -0.490208625427993 -13.97373594298591 -1.443438728227031 -0.8185749746247948 -8.690799614783264 -2.520436706814486 0.8367221136138452 -16.76986954793431 -0.3813729289294098 1.057010174096616 -22.01091700190877 36.8083097663212 -0.906589525189436 -4.460781223406833 -3.208189131860525 -0.3687225866075002 -60.53814712324507 52.09787233437342 -0.4559491454514463 -24.69161139765571 33.98280312561038 5.744523324430075 -0.7961205872062165 27.82654731363349 6.499325990402745 -8.904802095109364 26.1027101407824 7.316589573495154 -3.448865441298056 29.24485043617431 5.263749600701941 -18.86893575318651 36.56928181111676 4.898740555981997 -15.12764897954771 29.9809574557999 -1.685845098572009 -15.08014252230981 30.05698508005102 4.285810556245837 -13.38254649658453 35.32106396199055 4.984343864218983 -5.077122064238042 -3.842459947481838 0.007023684164970615 -3.085703565878385 -1.666608691647271 -0.9010852825934585 -4.479551699337486 -1.572779954417857 0.6902070999910769 -2.964879703697815 -0.0593958269884856 0.890082879717872 -4.47312346117323 -1.463448680724718 -0.9547574539173064 -4.566161807795023 -1.744932331231692 -0.9251257979484402 4.149412125978951 15.84146729452598 4.632535384202526 4.169595977571121 25.22217493902564 5.85767884601715 -3.737201447214551 26.18173132228454 3.181141175486185 -4.52138592922354 -1.453190334912591 -0.6732790079458074 -3.294036198575002 30.59547121799851 5.005810231065008 0.1228779247373165 25.60830938901989 5.729376743737109 3.741853740855732 25.51924030599421 1.551214890352272 -4.279269600001504 -0.2745172828256978 -2.621266155609789 -1.561975967191994 -0.4535995786732063 -2.442217768323791 -0.8080868640542362 0.6397669085941612 -1.45839308511245 -4.45698006596002 0.7834549581920353 -5.337207634054836 -4.589114364559901 -1.084873813062421 0.3236767156346316 -4.476689160272438 -1.496500603652388 0.895431759024638 -37.77150417754702 51.46726598687667 0.3876024070993335 -50.92825413924206 55.4690721549612 0.49429133469127 -8.864030200149269 31.29315661994913 -0.2604220773795959 -2.67235561036971 -1.054107142264384 -1.338579879099233 -4.174911113790852 -0.3137103783025086 -2.680227274253459 -0.989212594065632 -1.026355868339284 -3.014967069267468 -1.28648776461796 -0.07031109879651232 -1.936794974456154 -3.682509950749848 -0.03571471545057065 -2.958427282420915 9.728033725939282 -4.256360341131543 4.624020799293096 -47.32164778747024 15.39993507275323 -0.9219235270843947 0 0 0 0 0 0 -56.00724632534183 43.90466467386207 -3.203917510597309 -49.79489154477488 34.70225430269317 2.438513681517323 -46.60257093197503 28.57869486219431 -1.738093233052217 -49.50834869754819 32.27354884710685 1.006036524530156 -47.81880896027109 28.41151063226884 -1.446642853491182 -43.81277903120847 11.46404342331036 -0.9669327649685862 -47.23963024997138 22.88444378873876 0.07973058023238699 -39.56585263086817 10.9845168004373 -3.583535571351116 -24.58035535896741 69.11588827944158 10.73428757428034 -28.12158788356393 46.04383293396197 1.239254421297019 -19.25455394667173 44.55884207413032 6.412757654513352 -33.89841613583442 52.21935475263795 3.988554358629482 -27.41259752078729 40.42232949491034 7.429735124135162 -18.27506454696264 45.33914827984086 -2.357894339906529 -47.48217154175266 58.55707226330419 3.332543453303069 -48.68222134923182 65.67441921467592 0.7974076740350498 -24.0562114521569 1.604976394717962 -1.852977959266351 -31.20392637979452 5.284489112873966 2.033286010173814 -21.64684763175844 -0.4644302873954709 1.543652221490338 -25.06767634307731 0.7883004377686684 -0.6214234395256699 -23.0612490555924 -1.644360163026281 -2.147349958942378 -49.13044772993139 43.93598509360991 12.68270953243229 -68.7276241773139 41.0417599653378 2.733943301778156 -37.08596604839502 7.373493248033588 -0.5839169854680911 -32.42415877862121 2.14796308971961 -3.222235350846454 -12.52060390033405 -2.032332270373445 -0.9649291063130917 -29.88333228386056 45.16974982340324 0.2708934814659105 -59.89597700808593 48.37118883104315 3.533534184341848 -50.34782833753778 56.75671509631574 1.42074304168159 -51.45396211092142 13.94622200704826 -2.633011777996658 -19.14122893408707 -2.587941557163248 -1.037638143855159 -13.85942345534397 -1.478376148202097 0.3965968396714224 -23.2071141775691 -1.856889963374283 0.8941255195276836 -16.64366908246953 -2.057480008240426 0.3675396544025866 -14.59286371124635 -2.133937515014559 0.002456267326023282 -13.61412988194949 -2.50119914760386 -0.8316872548858234 -9.098494127715282 -1.656371800426793 0.8087398359117018 -16.89589074871036 41.5387733642099 2.487603098873228 -4.515399671358876 -1.447255626770263 -0.66976118357929 -69.51358434090963 47.0747451883538 8.796516582112032 -20.41867777228025 39.21954218477136 2.466201577861487 9.102976590096933 29.31755105487706 3.009784735260908 6.239419675812923 37.00874890688069 2.429102785460066 -3.456910459219989 29.24298774613646 5.594593538227106 24.17976788851407 36.61792223941217 -8.313369746032064 -15.78694042863699 38.61977105952408 1.626181238521818 -15.68289420306016 37.33047909695907 1.729274589039494 -8.988836496759371 39.11001162028872 3.376800176158134 -8.119137971195663 -1.764122327914863 -1.22479139311424 -4.50477785188407 -1.749286802790103 0.934218163529402 -4.545601373270816 -1.488985052356434 0.6698145719618188 -2.450656816002295 0.915332842615085 0.890086156006395 -4.897266089533946 -0.08612895784727077 -0.6995728883670383 -8.739882212814992 -1.085555177280549 1.003368607213554 6.190226855436868 20.74317163585716 6.727536607366592 -8.851455245688372 30.83287653095002 -0.05952593927657131 -8.948276560202812 34.51891755772482 1.032367956822491 6.40853857825975 18.98380493082607 1.490258027484599 3.370154030310124 26.53164138194473 2.597358364865851 -3.806785712371591 2.038504405461913 -4.934244441865278 -3.99697450820401 1.981436141105253 -4.877200072631404 -4.614659297112446 0.5641298136130954 -5.264954102239506 -3.94768668121625 0.7935696241130681 -5.570631511921986 -4.465375498235465 -1.485493932999715 0.9263820685265997 -20.48582601446612 53.57398722151122 3.137676886483774 -35.78266831811577 56.30621142415336 2.736554628837332 -3.033013653498736 -0.4421741809799605 -0.7676984607055847 -3.698679257566304 2.006984483418994 -5.002783946525084 -1.918989992532312 -0.09656027500354868 -5.490456131498636 -0.8217567351290996 -0.7604338892195195 -1.472063125461381 -2.648010750917135 -0.6197846664995823 -2.373858619941317 2.658776002790453 -13.28710058633431 -0.2115348648934961 11.43469881016327 -7.748787925938744 6.312980328093523 -46.99941674139138 15.12924392811959 -0.6207882994857256 -57.69559108557803 42.68195119355705 1.952790149230952 -9.36290550323948 41.60398698300858 2.656744924806532 -2.460116474679754 0.8973846261300858 0.8727765757540448 9.525450213985177 12.46693542207613 2.5619519286357 -0.6028392318224725 -1.085530437851485 -1.594169591753445 14.63650692223256 0.1949978667716161 2.333870473356634 -0.3916525823159 -0.5232537774057147 -1.382985328800412 10.3717194136213 6.351064402267693 5.609916527734282 0 0 0 0 0 0 -58.95955871824551 32.53318702529079 0.2779512091073736 -49.80546169163775 34.70220606972349 2.30670059912663 -51.8096335537108 18.16804372010285 -5.301376503079916 -45.2709711123577 16.39284729124374 -1.296009008168344 -45.25235135918493 16.12075323603825 1.321524740240063 -40.33623652432315 8.938838158688506 -2.559178730443047 -23.33310223071347 69.28828164775763 10.1803444091715 -31.77932101142624 51.28447006352242 18.97575094531812 -18.74357471166022 42.27999771511041 3.849559121012708 -18.39734627422161 38.87301058392115 3.492746019691286 -51.06579522387354 60.22100975882369 3.224076171131597 -25.05192162965249 -0.9435636383117956 0.09265773571677699 -32.36931966019874 1.999461823768614 0.8125641391529311 -34.51371040888337 9.725848969490491 -1.500583834100409 -24.35904723314837 -7.046634188027437 -2.056884073893799 -21.80806982865917 -5.724883176238323 -3.428645133664905 -59.98689169491956 57.62904257922072 9.959592273255399 -65.13212919228408 44.20857123657086 5.041474294481148 -37.24399313652202 6.219855847621084 0.04756134895468061 -33.53724195634761 4.668606117219948 -3.109523488633746 -12.96080676672041 -2.933231373140144 -0.3939977448792867 -75.52702048145926 78.66075238728089 12.52969743231701 -65.2788582699758 44.54501560570849 10.01341843261438 -77.34723453492151 94.19708927336633 15.08724564587951 -51.22801160182703 12.34863094930825 -1.80362546326307 -21.26988468620869 0.1448490711941599 -0.6755925099840829 -13.54117817160331 -2.467255697105822 0.1708707144485588 -23.6617987177581 -0.2120843148896355 0.6784543908670586 -15.82186809972285 -2.623659010760139 0.4618531328334495 -14.48190943201547 -1.475807567566698 0.3953970694667017 -16.80870696576647 -1.405135744285451 0.106793452160822 -13.01693429289828 -1.524965366539469 -0.5042371936214399 -8.976426390208969 -1.462024255815852 0.7352267572264353 -20.35630396346132 55.88937309995087 7.306800751611466 -76.39425143425309 43.22669716012948 5.741712949507569 -21.00152646264107 40.50634981916161 2.158364026423206 9.190490738211182 29.4538422281824 2.937067598469657 12.39348653795509 20.48744587879116 12.993883846573 2.375720932428077 47.37057721471955 8.568154318482227 23.63318692487114 36.52987523361942 12.08739962135596 -1.581566833287939 48.06853144205547 9.557584211864215 -15.6796718182518 37.34456784306405 2.128460603621306 -13.83723451031787 39.67317466099918 0.2830915294140343 -7.987619197811592 -1.411108803203918 -1.098559081263099 -8.193814213958049 -1.964220119589504 -0.6810229155399482 -3.919094318528328 1.217656791242496 -0.4589604216692825 -8.343501534186519 -0.1338050821766317 0.8660349424067024 -4.898684314019479 -0.08147846755129617 -0.7027920369887275 -8.838347571204846 -0.9156368684602896 1.055854899320106 3.711115182668701 14.78830879873578 9.447807260018465 11.96941041738873 45.52110845976372 3.46008067264239 6.481557316554427 19.23040670084806 1.370489340421883 33.20023037636533 35.02084598885645 10.22059312177097 -3.438245150901466 1.422596996922668 -6.738382174025248 -3.937169488981954 1.921646733295251 -5.07627698211729 -4.573247004773378 0.5623325211207341 -5.355195225538358 -4.614811425908819 -0.6850395162182122 -5.26510632757446 -2.894606081184048 -0.5047678863838775 -6.05355362951733 -4.91284454998729 -0.03340792549436775 0.5885176183584486 -30.38368161611588 63.96333659601858 6.692811480648435 -33.63824128079538 61.52074465530823 -0.3296291531396697 -38.24836303320892 62.79889040715943 5.350472360067574 -3.356212766985048 0.1062466246593036 -0.7676945107729924 -3.180021075721992 1.973179581983593 -4.968925916644667 -2.395525629438475 -0.8129357343507768 -6.759207776808574 -5.125762300902683 -1.55041413363159 -3.773950124147227 4.989965262143484 -10.3092303752542 -1.961464668435401 8.832219416354684 -14.14419280566554 4.815058107111187 7.356180556648509 0.5958539969840571 10.58260932330506 -64.59725234803551 29.96591727205172 5.102821876899675 -58.75618021370366 40.04117950334859 -0.3871702963678063 -7.450491148128719 42.57811553877085 3.642768477255736 -3.116696320088605 1.78337154000011 0.5944802703198151 9.62028438077812 12.64748888293599 5.078200549467167 8.134659468448364 9.184573325796929 4.08971604147571 -4.381029945901205 -1.010425795222047 -5.372342792487571 14.61598268597011 0.08800566497429752 6.665610770888785 10.96639782445807 7.486666576926519 6.185351824808826 -1.614615998740834 0.6997133428769553 -2.605944731967133 -59.48134822441352 30.51625430553358 -1.066928647898502 -9.164622716979004 -0.3674103513556563 -13.79284702157238 -2.77263336180304 -0.5047644383096409 -6.041996816719424 -3.009391805166303 -0.2982203932310563 -5.847519213538947 -2.032694402179005 -0.3886805530389379 -4.935673064138351 -1.019961785963131 1.29435822111313 -3.200581921670935 -2.32417202619275 1.409270736100473 -1.896382404039471 17.67916640986861 8.349054891271553 2.573186433599296 8.403357677920301 -19.0040581179043 6.758502757541985 14.95975388183299 -4.74092163862257 4.241301276430889 10.54879539122417 -14.3054008426191 9.288010166487371 -4.377095435491736 -0.6811910067617865 -7.280000803497632 -3.008382897345379 0.5870283837195299 -6.0118923134473 -6.888232375018137 0.003588175218631029 -1.846193598429688 -4.534937269372123 -2.349734715409035 -8.111822497928243 -2.709380822053404 -29.74147798438841 5.095140493917061 0 0 0 0 0 0 -68.75919021899082 30.12821761369742 3.046394351643281 -62.55437200616457 31.59211217874666 4.721567558103167 -48.67144101360616 18.63616797250645 -3.214548188099148 -40.91603243910289 19.79081911903588 -4.979322705153685 -48.17366984851144 18.71381620488526 -0.02497295110870118 -22.14263686183487 67.70062743518618 10.17635662173379 -37.68002789348876 64.68625407975712 17.31547039974987 -20.36728977436584 55.88037324422087 7.312419880000308 -20.52072535000586 64.48679958716612 2.189488802537984 -35.27060839001545 96.29607086796146 28.99857680765815 -28.74684730471371 3.740764962706231 -1.548037231571594 -33.5952441026907 4.783967838413407 -0.5023740119344352 -36.12765151503809 5.671208554653318 -3.195975945903819 -29.29679663679596 -4.00814730837649 -3.33719510921735 -22.79178270919916 -1.636483971404928 -6.132473562673536 -61.24318148003128 54.43619226651214 8.769671823976482 -72.52975345240533 72.13087026190158 6.581481970353089 -39.30173452746682 -8.75308946326575 -7.591317614108119 -51.89966794925265 11.85318668531648 -1.471218229223227 -38.4183633287994 -8.333575308611131 -7.877108249318736 -13.43996529099699 -2.285126377203538 0.04207120941040048 -83.93692453415801 79.53708279376836 15.43400798200287 -74.59264179392622 79.71063777511623 11.30847617263057 -49.56006392658298 0.4711207006144382 -6.566076931966051 -21.32023768210013 0.01840638055764562 -0.7234010498366571 -30.73938687468117 -1.268022745032756 -2.33633028671471 -23.22951315278366 -1.466245192435628 -0.406926687918265 -15.82186834002382 -0.4187642399819408 -0.5280748271470431 -14.38602215681476 -1.593409886475931 0.3415079348175954 -16.99704852848824 -1.593351873814437 -0.0276709651805157 -21.19785698316352 -0.2069114192870953 -3.951891309189096 -12.94286611576669 -1.395659130784938 -0.5553961793429729 -75.06876430981363 34.94319190203665 5.113133173731659 -15.12268740903827 49.9713949656424 5.050209169108669 18.06298233856986 16.71093172550184 4.467754211595295 19.65013794923294 30.69811644303069 8.098128937233779 -4.683788916093363 50.93004502827215 9.647152509955221 26.47028875815692 40.72910894404045 16.27196841315385 12.12111446403689 42.49310543915126 4.970633183677839 -2.735349891184073 54.2640146003229 6.613803857612941 -9.845861963845348 44.88782325086725 1.718098361023784 -12.91427485577548 -1.422385013085754 0.2926536860814002 -9.253964796634591 -0.5785658611958938 -1.284204813074628 -4.033347362041201 1.045967762114702 0.1078795472934958 -3.926444372044024 1.6683334461726 -0.2713627455425356 -8.663282956112294 0.362036404180657 0.5964383348055272 -4.889085185930397 -0.1105801518490084 0.5322205127902793 -13.74357080193494 -0.3762921007458397 -0.3104802351235489 -2.507783688822605 53.03707531786964 6.243958910708976 7.673681513355159 23.25507873435737 2.585659277662415 38.40551412052676 51.4440539166259 15.24205013409034 -4.519887157330428 0.9678220017086939 -6.716896713802099 -4.758497253122766 0.06422318685365072 -4.951150692221212 -4.482012344276305 -0.6792788176260577 -5.55470692091703 -3.322154968465405 -1.031465663476724 -5.857701579740572 -9.176706791753373 -0.4159414306650241 -1.265532037919808 -16.73008177839687 49.62202441736606 16.80004985088688 -37.36057959982579 66.08727869884184 3.999065409721447 -3.129475832495892 0.5665534136648475 -0.7676979090580717 -2.691988077840512 -0.4053488454794174 -5.989763550906305 -5.763447743791819 1.572005217705678 -6.896320863729275 6.38479409737995 -19.05116387582573 2.338552916328398 10.09309360831671 -13.30911146322572 4.72544532428712 8.920572200283802 -14.00540536935457 10.89126745692801 19.00994489700102 0.2293438261875254 6.840663128024485 -74.74535544860528 4.873834771788601 -5.158418854534853 -68.62068467735584 29.52377927230989 2.504128740301912 -60.95104875245165 34.56845516219365 2.905535516985971 -3.139920352548307 1.717474372440722 0.6123010808796371 11.64081082248927 17.34495201450309 7.200535952234565 9.07037191177715 11.36084781271144 5.03037172900658 -4.088152010422943 -1.773865481360349 -5.079462405154653 13.61866383274026 -2.352665504560034 5.416971015428572 14.33338909789444 0.6688574996014757 6.367588794530141 -13.62587234241165 -2.709569958357319 -8.292216685933706 -13.76893742472491 0.02978801878187385 -13.79235855296512 -1.708177355550392 -1.81610660678777 -5.353265459873562 -2.148727179330349 -1.01945601638971 -4.570038117816469 -3.058653115619835 0.6373044699983106 -5.961600235088481 -2.111503726983807 0.2027874823297433 -6.106759557250373 -4.906224543543581 0.4394435946497852 -2.866171076545551 3.841236514292445 -23.41289335692101 9.388831248040054 8.391781115220775 -18.98190921722132 6.767498498087124 -1.26872340990387 2.427098026431589 -15.55548303523014 -3.376017876039447 -0.3917550765911709 -5.644287685597668 -11.14401128632334 4.25950996115399 -6.102077145414605 -6.956468047961445 0.07182599472747067 -8.159896434304178 -2.627273312385384 -30.4346069071968 4.771114605728851 -2.05643952468511 -30.10355315208072 4.45197429182008 -64.52008514096494 34.05237523558838 3.377643934635179 -8.628807437028367 66.15811830792892 15.11106868628269 -102.7435269970305 48.51220404515703 -3.272289490824336 -15.82186480517943 -0.4187641464236839 -10.78006833283366 -16.9969971824461 -1.5933470604898 -0.2492355397190271 18.73400774418994 30.58856499398657 8.39368969305213 -2.945883956141245 0.9392238190898572 -1.112026474959853 -2.848964158478284 2.543173163912286 0.9497896822419594 -9.089452902400849 2.368323503906014 -13.79213015853434 -2.344168533234214 0.3324988261544295 -5.761379910833297 -3.714053184229482 0.8872134972568394 -3.539273857614411 -7.557267151645149 1.14393225156118 -15.68022982446002 -4.043441705361396 1.073351638157736 -3.353248373888882 -4.68354278253353 0.05712460045274369 -7.674154917682832 -1.508608316110772 3.232088593036334 -5.736957308586741 -0.7363523420267744 2.942053732625375 -6.027056093301298 -3.174867576941727 -0.6903075801288464 -5.60141011946841 -3.963167449183559 -1.860906276371926 -4.813167205538224 0 0 0 0 0 0 -68.4831927541765 30.24130636009366 0.2460878412132065 -50.43353250157612 12.96168452152904 -2.426202743534351 -23.18586665567706 65.53034951168493 11.24427567531497 -23.65326013619509 115.9012517591299 45.89481471206169 -20.63321391786638 64.59960203951009 3.054955358142927 -5.685072695774862 52.00256955523257 9.809949005466507 -49.22634817005669 114.4066525165639 21.04734865558701 -34.38478649615233 2.909334213614023 0.9485032707803749 -37.40639075390467 2.463484398610754 -0.6643400989269133 -52.10976134242584 11.87870205994858 -3.04397344583875 -29.29553553705213 14.2349011257543 -16.1630576510308 -35.48427841023071 -0.4822238942558002 -4.744255389375335 -19.5847647354431 0.9947763969405666 -4.483590234803482 -75.18903043982591 72.02622479237615 25.23917638345414 -35.92675599392869 58.18110723646726 21.62640443343929 -81.86547662194053 60.94109624025811 18.0802679642111 -72.48964395346445 71.56839360020548 16.79803945373308 -51.89648071098704 -1.044838009521768 -7.545854461784416 -49.91993984122696 0.238916672358401 -6.379287458308409 -14.99947201557284 -0.1761642810763718 -1.191332341995804 -118.5655813525291 123.1938043276174 -4.052284976096959 -21.83379594698584 -1.288129714796424 0.180069285843818 -21.28916535373347 0.006951526724833648 -0.7507120243723354 -31.10036485533305 -0.8066824877822488 -1.994180525930847 -13.64009286132551 -0.1808402060817992 -0.1778089571415038 -20.31139085460989 7.232588368240978 -4.400106503091783 -69.80817802455563 38.12580436169345 3.087718183913602 15.88885781328568 11.95480816928025 2.467260155881569 23.07728694216955 35.6885335231793 10.73546623744578 -4.009936695003142 52.95978255877607 8.895467312024786 -5.170515505363158 51.18960963498748 9.183903909788357 11.57046608450488 53.36899615461087 9.169640614379224 34.58013255329134 52.37145352879779 17.60267903104068 -5.296481539898832 51.26134841376241 8.463119007147316 -5.145962693423358 51.19302579582452 8.320355984958123 -13.11398371349421 -1.081748792108457 0.1272765015242045 -4.002548110320202 1.320974363540604 0.02990855050924288 -3.964698208403805 1.132806040742155 0.2479029235408155 -9.096987539505017 0.933814718269224 0.9603153980745023 -3.985591557992215 1.280027061345262 -0.07578674115931408 -9.065999678170169 0.9865156661378364 0.9728159718118335 -12.47803393659536 0.8659527589425555 -0.4992505367542971 -9.840979255926674 0.5392896341606765 -0.7018493670287121 -13.68635631138796 -0.4725752693809706 -0.2593087747588617 52.08579124031372 27.80728695507419 11.93810870254947 -4.398999893765113 0.8667598673866355 -4.957039304400058 -4.788446442154181 0.06422239569216039 -5.268883377359417 -4.219347130535639 -1.24061911532141 -5.440003816883832 -3.266247822197087 -1.305033372276271 -5.729655541594058 -9.414570393291218 65.74836839680538 10.89263696200726 -33.65248321998883 61.53178547676532 7.051794836106174 -28.5654668074478 98.2676860655716 17.87123425641181 -2.897524810536474 -0.4012590726845371 -6.122735988608107 -8.10057163012184 -1.93133806414727 -18.3399535410984 -3.20207110904696 0.4938646838893713 -5.818129055036079 -1.727259652294824 -29.27606692690283 -3.61060513655867 13.84891649524229 -15.51680588035004 2.766137823783309 17.07817880178658 -8.591470291671131 11.12378298603353 -1.316237715897205 -20.76691405945628 13.0582365504853 13.84202266789732 7.47672203158039 5.224194161311531 -92.70758095333879 24.33211477461321 -13.42186151504939 9.049435664777084 11.22719704406226 10.15571549583597 -3.78962637788768 -1.47536619800559 -6.073337674471318 -4.475915549845921 -1.657391395615475 -4.962957137455537 13.27959823878369 -1.749410427597483 5.055241206145938 -14.54314275782251 -0.4127976137497453 -12.7647447213567 -0.9319418051305633 1.984372023526392 -6.984662733864497 -2.749248137067285 -1.836770849164266 -6.027033327793465 -1.173233211010282 -22.00808351215354 12.85178609262563 -2.222775403616088 2.959180972887029 -16.97189560552183 -3.291100600947137 0.4046310898992284 -15.59529729569164 -3.219316897781937 -0.6242902298905835 -5.55689237756743 -7.587301919969756 0.7028103047114781 -9.658762187859006 -2.052336567546766 -30.05931164393222 4.466467365358767 21.29252967197682 -43.01517960835119 12.02686341044363 -70.15375116046893 19.79409852453697 -1.533235209612122 -8.987811943565486 67.68753149015753 14.02749465472176 -101.0061209422044 40.25052436577809 1.907207208110266 -20.0113732665403 1.155057242962727 -9.20580428090218 -17.15875591763045 -1.161884054542001 -0.08718696860937809 21.13372108374795 35.90102717176173 11.72573629489921 -3.458280317796329 1.723682325040769 -0.5954302379404538 -3.709905432158783 3.377246642358384 0.4402232183586389 -20.26290553817785 -2.470973803571967 -27.5678445077681 -1.736159991608396 0.8424168093864044 -6.66371008166561 -5.566179041343066 0.2128543147568866 -4.212978559573896 -5.245435465935369 1.553227601844026 -7.112174826547673 -4.064667275116233 0.6759764944717319 -8.292968871058388 -2.865847461233096 -20.62972082231318 0.345211075713121 17.10859788009477 -8.691984177706972 1.913749972777479 -15.28009341944176 -0.586938882191664 -16.35879711651499 -8.211573924463679 -2.062271833431108 -25.86464099431658 -106.3094647023447 34.05843055198954 5.832240221050276 -14.25601710696482 4.404525796044286 -11.36743031873713 17.01149535019432 26.77764123867359 15.79604692136361 -3.487014903439891 1.642101703098241 -0.6428273979737004 -3.797309538395219 3.461925214636102 0.4942867040300384 -3.050536265611417 -0.3380966943403898 -7.278765714714861 -2.221301417955917 -25.52788638439268 2.426302779989799 32.32622836943237 8.916130209931204 11.32033561029825 -3.180717711903289 2.511918275628984 -1.044608678189654 1.096535720912549 54.13430604710538 43.48362520364555 24.14835263968216 -8.79829955677971 43.82413503773936 20.85998118938986 -16.6872016650271 8.342732691003055 -6.883941275349372 7.109278290772404 -27.83182921753919 0 0 0 0 0 0 -67.20514338654118 20.23317320376793 0.6892909746829738 -52.16371701512509 8.556155898093742 -1.734159470333305 1.886232675634122 117.3849209273596 35.19085225292397 -28.34814067822919 98.5058125768896 48.62240066842119 -4.86056462685813 51.25621880002078 8.264611199307064 -4.839922684717441 51.26369453076114 9.354208301067411 -62.66218425881551 79.05892665860645 22.72244640601176 -35.63494113795855 -0.3502927831275806 0.4123735052853267 -43.20938081535811 9.864469600140822 -4.110161023808067 -51.14757066597564 8.705806522811031 -1.148640322266186 -29.2957652461334 -7.453036664137604 -9.804586929893212 -20.01078691566162 1.155023398767212 -4.353663355119404 -66.74182267387283 61.37916012536072 31.20617040555442 -75.13701442922967 72.05410200435826 25.29029387047594 -75.0783707538591 52.39364123237618 27.05522326011222 -106.0221411979259 34.05913075629 11.44954013375476 -122.7845255429178 89.2033396549448 24.45839474264857 -51.89326477295957 7.602371066684501 -10.08059456195783 -52.03380498955705 7.461001249638461 -10.15246823229306 -15.53490797393625 -1.397342742854482 -1.410221675677986 -2.66211504879941 112.9365835487885 37.10935769347608 -21.5162231139053 -1.705390291055452 -0.01836560036453804 -33.61280367073528 2.403209376748046 -3.84888272235959 -13.55881757141462 -0.3190367619687082 -0.1052101988137999 -17.1581165514427 -1.161840760646913 -5.193019544048822 -21.42567463958389 -1.184375785390977 -0.8346732992083926 -69.44769575059486 32.82614683604107 6.414757945613144 32.40548657022018 13.02912519118313 10.43340372732341 24.17509489244559 37.85653876900948 28.331538613524 30.25041053153711 60.87485821015559 26.49255154389028 70.99978288494981 95.11341446573509 24.89086100198362 82.12364127660494 40.83470860533355 36.32593374463068 37.12212668378094 78.19243670402565 18.57983474839244 -13.56906479383867 -0.2839896428299398 0.5576241157642289 -4.03960281536473 1.359203368507465 -0.09654426271657748 -3.920064346238424 1.660747328739923 0.05769123972139087 -9.615166440347339 1.767101764482182 0.650511688184959 -5.189156571311236 3.020820372686603 -0.7023686832659273 -12.33879467476455 0.6205795112400413 -0.6547944406632414 -12.55168757245396 0.8527547724542313 0.4947057490507663 -10.15326249809301 0.988503421353626 -0.9336537154508013 -14.30038172318552 0.5638669782672122 0.412439420325857 52.38761350364734 28.65028417679181 11.51426799492775 -4.542196323064291 0.5330857185654894 -4.888562928165028 -5.136827884067551 0.7276109214177668 -5.807335935247357 -4.458671760445783 -1.441920831270424 -8.931758920808024 -5.912707167635149 -1.477624709833242 -5.902032781826204 -23.83995968830247 81.65380627309256 18.35222941729719 -22.54294371353519 89.59647737506485 22.63654854998235 -2.749341018859162 -0.6336238756056468 -6.026824704877625 -6.747067295858218 -3.051274405298857 -19.05281607730855 12.88010416455978 -29.43750488994366 12.89983970984188 22.48082250481676 -12.8753614806945 7.04466946384678 26.16176769360496 -15.7121729065303 14.10264807579683 29.76306012760155 8.716692950728291 12.72693253898688 -92.57074319922346 9.355831450393612 -4.935683428111619 60.59790342238733 14.91641316383897 21.96500713167041 -4.249908499358044 -1.281715306054792 -6.064135199129087 72.80034793072174 -5.510141579985676 15.02512860984637 -15.11708691554612 -1.314218931169093 -11.67544420444557 -13.1518845956111 -3.1611369891571 -12.12987489744729 -3.746195150987578 1.583012462936139 -8.611340246045827 -1.372117124782069 -21.20616793169697 1.693936282186977 10.33091426356238 -42.38338852979071 3.336493309646113 -5.898103484000728 -0.1218099923802688 -17.60363982520171 -8.160854896964675 -0.983118552053024 -9.085019946092133 -1.89037310801096 -27.82800397560727 3.369858640643117 -7.884213197309751 -33.87562852894361 0.7246038278055038 23.5435982309173 -41.56849824626435 13.4643527190303 21.23855037173359 -39.78893121262881 15.0283422995519 -80.78074249954828 33.2059525928511 6.182271728304212 -18.0293043561746 106.2766008942075 28.0871236144703 -106.2876084107363 65.68975634343246 13.69256553278131 -21.91160672699185 -8.106658862096877 -18.46745608682577 -16.08938089068065 0.4258395304745705 0.5091575091539675 44.16764193007282 36.05883789660813 21.27922087720692 -5.20157558381804 2.989678833862103 -0.7161684871184112 -21.91665465661887 -3.733772172451352 -19.50489619641925 -17.07910453287019 -3.085648841292791 -27.62975276691108 -3.247321953041497 -0.4256814431499076 -8.907710181438363 -1.784113489189605 -1.604489286669439 -10.57320172740242 -1.108775965136525 3.889800856502159 -36.40484136665847 -111.7657422609511 62.46653519638488 18.53424933827518 -29.29788395087285 -4.089006576072157 -19.85992226492071 12.97201446887919 26.28934816314768 14.41190434626501 -3.753858896368941 3.657224068959643 0.577259900502633 -5.241570893815009 3.075385448857033 -0.6381572121803053 -1.029150432814603 -2.359413268176171 -12.66030415554912 -1.676891163645535 -25.11050090588792 2.715480091637887 40.62088837381894 26.89663114949577 22.53769869428959 -3.724121897592841 3.130306796503397 -0.6318927528991225 -2.358921287456043 46.70099235196938 46.17818315977545 23.70176675801003 -8.863047520306994 43.95969317933381 49.25963626582995 -36.61110681406338 19.90236694774112 67.75315050262789 -51.97057123233335 34.6424185417321 -21.4813268597439 -7.49001666248102 -66.69544640467701 -31.65113118638049 66.56342180152839 32.57433350845618 -23.84134248800148 1.358810279461417 -1.776887453726969 -11.27239701550995 1.401042441300405 -9.066911321229025 26.67356014675828 -11.59222362968161 4.145266849981754 -92.67526748915392 22.81552351505467 1.15949466886264 -0.8950506395844589 9.970193115626307 -11.46225123559972 -5.81153644021702 -0.8666311406889081 -17.75673716654921 -20.86616622718935 -8.849033866816061 -24.61952042950644 -139.2802066637074 46.21398747300187 10.31705542245675 -3.6189243478029 3.478480420365552 -0.4611937234164503 -14.57051018146707 45.01901921820145 42.20825010149901 6.794712758513243 12.98730762374908 37.37025034297977 -3.504245036321044 3.857876953145686 -0.6124712471526399 -51.90028275662758 -5.567595437067232 -36.27270820142723 0 0 0 0 0 0 -62.02542418665306 21.00130231444437 -0.490148864896452 -70.05885709988156 32.85955044863732 12.2200454841377 4.649019646127736 113.9030183851921 34.18895805479343 -129.9229441884584 246.6817463063778 84.26243787634196 11.60304861051433 91.1858106321888 43.36658600160085 10.89653453072385 91.30416113016031 -3.821832597894236 -48.22917478556656 116.9420868841235 49.82964297772921 -37.53911163569295 1.817617414501891 -0.7075311486694996 -46.95466365524329 0.4137878989805579 -5.730337510229377 -51.05708273857852 8.196511374036151 -1.357757717388975 -29.29745518561158 -4.088946734754741 -7.503379581598307 -36.19573708041158 0.3757962332200724 -10.83662574577394 -20.49995572079273 -1.228196281922963 -4.14603222287723 -70.30387089703585 52.37157733730524 26.4475234266382 -76.842811332257 71.18934843626445 52.94533439693609 -82.83919737439498 32.76340289569514 29.78989764386568 -104.8822492941286 29.50933588401854 14.32772554128545 -104.6871053864475 234.5143198257732 92.2960561324151 -51.89391317960873 -5.566912141600192 -16.62670985745264 -73.40642988505856 -13.64610831624712 0.0829698004866718 -88.04827211685534 13.40910466743789 -7.941313040907209 -16.4813572321682 -0.07099171409223044 -0.7944440800883572 -21.45882912761221 -1.171128577713943 0.1211156419915587 -34.69223705047852 -0.2751138581011791 -2.822091853337371 -19.82765824526205 0.2310003312183014 -1.234751360077788 -17.45430201690936 -1.601750832730943 -4.763754438928353 35.28523031104816 12.63505994100375 34.40747161918455 76.8345187303177 36.79416237272648 38.87377391913586 31.17399594442607 20.78966980672672 27.89391884144368 29.72901639986955 112.2443237895051 31.76186257415911 -5.114017086925339 3.100500715392632 0.6474326187970848 -10.25324162390374 0.7977389418948942 -0.881661780782123 -13.24326496318208 1.663941746096274 -1.171472142415426 -9.71758673285291 1.553357348425598 0.770068036874372 -14.40387965565051 0.389656004756949 0.4137797901110847 -12.99828116020822 1.964228683745539 -1.06562602404667 -12.43171457058115 0.594369609656378 0.6606472472648225 -15.99650662997797 0.5638455056761741 -0.01178380532357232 -6.958419089776405 0.6072423853157537 -8.621742821790951 -5.137878985600605 0.7301473998432795 -5.806771280011278 -6.883826653093508 0.673947974819136 -8.506518691839496 -7.565906443756169 0.9858573280904909 -13.9599327008337 -18.29872993527686 83.36515135184231 19.6271094063282 -7.829640286097937 -0.8953738333706408 -19.20288077626413 9.542813552799473 -29.40002102453179 15.26826967525435 10.34298083141868 -42.35985169948553 2.169856350139081 51.03421053104574 -35.24628712290613 17.8678356792049 67.294533468624 -47.88196361411784 36.48651708304816 42.59745396838358 26.02386186654934 20.52078415457127 -9.446150387165099 0.3419070602806743 -12.4706084278559 63.67142923839997 -15.63271924489415 19.10185888389386 -15.13033697438744 -1.12155448718031 -11.77205685688208 -6.139948683416808 1.706346897363321 -14.81960052398482 -14.01120237975416 -6.925075173791164 -34.18639896982375 -1.9455746699758 -27.93626726619289 1.44085170598492 -7.849342628599722 -32.53830192129616 0.004207850106839322 22.88769342474857 -51.52951447858733 10.54059240804976 21.23993832900851 -39.78841239326782 15.02869071328834 -80.68932982460143 33.09806257881699 6.234485794118352 -258.8159684099513 141.1668256499915 47.15347687620014 -20.50003262817643 -1.22820088960914 -19.26753765709245 -15.99639700946316 0.5638416417678825 0.416181311607551 27.97927312087681 6.308577405110761 33.40417981495415 43.88926418590615 39.35640803847626 47.33563166678766 -5.19806334360876 2.881792054199221 0.6485270752739202 -36.97780078189166 1.205779394143827 -29.50400490376007 -16.20620793210825 -2.21373103673282 -32.92272146820383 -4.463698707090687 1.404344149715718 -5.669087418684269 -3.908732719574559 0.5202177818988672 -12.71733123068048 -105.2112825349853 35.31447912054066 31.7632349259701 18.68013238672656 38.58143606945448 22.09118871371331 -4.402388587859756 4.09228232182226 0.2308414219371573 -9.539339283570531 1.925219911034181 0.9189073640120896 -5.4546901953376 3.563718079757657 -0.660025592824404 -2.473259440817142 -3.164441385121653 -14.80351083230641 -8.716904173464414 -30.51334611211539 6.634806458241798 -5.15096016965109 3.000269942261566 0.6952653151889839 13.07520224124442 -32.96931689267814 35.69638292609281 28.18883346361544 -51.59664242630957 20.33290196836963 83.75575528337971 -43.62859745431712 37.83461406492069 -35.72940943830591 -21.73865423662333 -52.443866103689 -26.68265619800989 60.29325052151276 28.95366478637445 -24.81724462114429 -0.8867585336484375 -3.070868811464722 -11.67116986032843 1.961814814264194 -9.074686879896442 -11.0749660729497 0.6507215004876723 -10.17285828600538 14.68570766738731 -37.28034348773697 11.16489778757339 -88.71069784603259 27.01743717755692 -1.189422854427729 -5.877151796385412 -0.7743204276411687 -17.83123818466724 -36.75409741048382 0.1227598779794458 -30.58578306144429 -141.5864564016463 28.73559172321307 15.48706988934894 -15.47842509919006 42.78712989571884 40.84034395955253 14.5581485725524 14.20580607054351 41.61864858437733 -4.121448608327648 4.23888292985116 -0.3079643312686666 -36.10133440023174 0.3665679843606209 -10.85027170832425 -53.86851345811157 93.89406342054005 20.65698880441143 -19.61117013755125 -4.802087423443108 -5.18872082626555 -16.00275641185456 0.8551731670605217 0.6123641519487196 -7.271766683020662 1.725845702456809 -15.8023063452561 -7.762197862045189 -29.22088983048871 1.414427822008391 80.59542918052718 -85.60996378894821 48.64732825669929 -129.0817201376882 12.40383636794993 27.83731385928771 -21.70891085679327 27.54012639283942 50.80570493196822 -74.92785813936136 40.6494307352676 55.29184228144853 67.41163953927654 -233.8718609769028 87.56331991432026 0 0 0 0 0 0 0 0 0 -66.39611295210669 9.943719512479323 -8.178025806287303 -88.08683754641208 14.55052625912706 3.268059150539793 41.53870805003154 231.0311956273946 13.57422006146285 -128.7789756997821 246.5548068289966 84.70197580185426 -19.87130899285245 88.31833378358074 167.1340698561332 12.53067218588837 93.51884548215676 43.01603264110404 -36.16003257556367 0.2637486391766455 -1.694368796199516 -52.2131728275971 7.070810213600555 -1.253300877804954 -36.38930977109593 -0.08345807979798453 -11.32869017469116 -20.43107777999932 -1.312802607569658 -4.100836306039592 -76.08116799868567 72.47665386317777 37.63993137697539 -120.6938704655825 239.2356329654734 81.77962819181813 -87.60900038254074 38.79366868223727 29.84130466325177 -105.8709929120471 34.6481071621882 16.30019261771974 -55.36371679430518 -2.092551374462746 -14.97082243672473 -57.18935780115037 2.550831818378539 -14.72310887137967 -16.65242815908901 0.1689940623985781 -0.9744770540916903 -19.81876811857517 0.3007500324334038 0.1385076790266344 -35.81124699744614 1.132530671395865 -2.028539241241513 43.15239425527959 24.81512707231762 31.03425276831672 179.5323729070462 115.2723296553319 68.17326056771576 171.1335571274193 72.64585815655855 61.84678157269811 13.52498173437568 91.63430834822319 41.77113435777003 -10.46223811642445 1.243677983290537 -0.6856309219052409 -13.02588812779343 0.4054140688073615 -0.03663916121572186 -14.35569891778778 0.2991739881128745 0.4398466531851123 -12.43982603648283 0.626818610027883 0.5559232930115906 -16.8127639511115 -0.1634617986251923 -0.8966763804207857 -12.45052861747548 0.628170197516976 0.6776277549119526 -20.15963079131133 6.746828953081069 -2.016473798523218 -6.958296527375585 0.4931500975053112 -8.621563545399413 -6.455073144658656 -0.5871941937253644 -8.935151794435535 -7.324826645988184 -0.4687542327996086 -12.78532176442166 -7.525051319690702 -2.807395967199112 -18.41367762072176 2.92491665199179 -44.33983716359005 5.437857425228396 52.0189847550696 -35.81760118212736 42.38480043043224 -9.180598387869647 -0.172279451794007 -12.14319266585422 47.33723922369326 -6.166727302859552 27.60419831217235 -17.18937133828056 3.870068319719751 -12.56657138164185 -14.66379991366268 -5.094835563536401 -34.56038692104993 -8.885812569410284 -33.15611315762067 5.362528717917606 -11.90134341336616 -35.60921875210521 1.61481688550442 -4.244995450172306 -65.44703289531448 17.75222357101614 26.16362492864496 -38.48115764315779 13.32598682739856 -92.97541274645695 2.048436167428208 1.294801253239525 -245.4733352337197 74.2996495745267 81.19540260547623 -20.9130717436294 -0.718337766889643 -19.6301939349961 -16.07043029773476 0.6742396751602294 0.4905227314570899 37.41156451354828 26.55763048846074 46.09204648956575 116.0257476235098 192.2038933162184 130.8523494960512 -5.486691677351255 3.537913784140338 0.6903792953189484 -35.79166773289702 -4.569839783735601 -27.44152083747697 -15.29815667752377 -4.976850044011198 -32.01418485364177 -6.537529592446234 -0.6695261758066042 -0.1474835225951169 -7.207018154105782 0.8067836703456029 -15.6143870227686 -5.649241413855657 4.928728111119414 0.9142825926388637 -10.4345734147288 2.67966552220581 1.062653355405913 -7.002953692472498 4.199814185068849 -0.2899547537830687 -7.96412474117697 1.441063575911215 -22.95305397396116 4.522272183087602 -40.74067951096441 3.997142710504514 -9.919181262787863 2.56573867062817 -1.290429827234155 -0.2588685236572674 -34.85851515120816 28.41555792576777 16.38347337437004 -37.04989675526502 11.51613729598503 28.75155860905317 -51.22822650952483 20.96660874312785 180.8139574866738 -94.30549428244566 11.91667176065214 -55.36961612071653 -2.092774347996772 -72.08242274687112 -25.34945137198544 64.17130120568741 31.01135913376467 -24.95630081107037 -1.205181511880219 -2.886452787336303 -36.19936180172975 0.1963560233356151 -2.567925917545844 -12.10355140541298 1.670749354331109 -11.19272527338335 -16.94184023962369 -12.87869610722779 -18.90578010503341 -116.3089556280666 -2.092127684724222 -16.23436610092259 -87.32659525026668 -0.4503131484836989 5.31701435174236 -13.63219937763653 -0.7742747862369153 -31.0574070317596 -8.671505371200002 -2.589276937978996 -19.30454799191489 -36.75261530043269 0.1227549276837822 -11.08699887089511 -134.8613156651948 29.25189953126586 13.17582159789386 -9.843662002871815 30.76279522802212 36.16818335668238 -8.314190574114363 10.61333897060758 56.20372308795513 20.00275922965196 -47.43651259467516 37.79018228777383 14.05949104620266 19.4047381108894 36.49857166167902 -5.877361723358907 5.322860590478038 -1.189222942022586 -111.2188361675437 35.28490112499534 33.10892521924296 -16.21158358265173 0.2991609550509213 0.8211979847573085 -13.18305004882813 -32.08057610774412 4.124119500705859 38.72167437757705 -103.1980766491517 68.82516223405618 -135.5968784020008 20.95573950305595 32.94923570896182 -120.8738231026655 20.28834193913932 18.03064252722474 -60.02950248582209 21.87339460604725 62.52714048100988 -18.56254752526471 23.56408298837706 47.73420785246289 82.24211610566229 -215.6190829201274 103.1001942166241 25.65450828250879 -61.17614230730713 170.0984909037122 -113.2288129715984 27.61542964357148 16.91288888947495 -8.56805207343479 -28.1675383167881 3.134671251153171 9.860600047746924 -74.27403663809147 8.827598841099817 0 0 0 0 0 0 -68.68959060022328 4.141605477581753 -6.225771260263956 -87.33254151882873 -0.4261963474484526 4.624600081688131 112.5485901058984 124.664891417806 70.6576054515342 -131.1612784471501 242.253395749816 84.90444457893142 -27.62988164506795 66.58453898146604 169.9866388855132 -57.10445605828403 2.458430450173393 -7.661891296036932 -51.86008081155862 6.627874568904479 -0.9004249086941418 -36.31023748323634 0.1143619665241136 -11.3288292032014 -20.9131076405537 -0.7183389999039395 -3.848183578712067 -85.89974245997675 75.95417465088497 166.099363547965 -90.63839492395766 31.12342013025593 24.050945803547 -54.93099361003117 -0.9314736839505151 -15.52853456170319 -19.78023263916247 -0.3486489916222755 0.7933743033232675 -36.92998515066275 2.539725236640358 -2.965979084412218 171.1272139170687 -51.95527918318696 132.8366510131359 174.3253847654022 69.73633129816903 62.17191841372338 104.0549847121884 206.7053198932895 127.1085506565656 -10.62097290747647 1.582572547360271 -0.9825386398126357 -13.11795385225141 0.9399976114809354 0.1334674841565736 -16.21171148386712 0.2991633152799238 -0.02434414470224971 -14.66010296224423 1.455880574165595 -0.9179948595985319 -17.5881975510038 0.897507716546591 -0.4091134121685371 -14.63767988257568 1.416249323049036 0.6450681413200428 -16.06992796868875 0.6742185997959425 -4.432477644936034 -19.39210438118667 -8.169836258230344 0.5003342132952656 -19.72486500984071 0.7468491744332051 -13.54381325131134 -10.89009574865349 -5.022201703229195 -4.500168780148283 -7.845534560193358 -0.9055912858319355 -12.14294342364266 -10.02277041336901 -3.081056393719558 -15.75841144103821 26.20609485313691 -38.44383586643595 11.91333044994619 152.8236513225118 34.33260038172271 70.38354380013932 171.1153538504514 -77.92272769279457 126.6611692788701 -15.21104330643558 -5.143337299674345 -32.10259299530857 -11.85510027090599 -35.50068608804956 3.768384419306267 -11.31324464267578 -33.37612663680328 2.175913449715162 -1.877426079866742 -52.8772053466731 11.01025555115379 8.097747610784376 -70.91688484977148 10.66434092720735 -91.47569939619113 2.272523349878255 2.128773831964564 -248.8098502384857 91.44368661250374 89.14521853132466 -115.1915966305316 44.99600716241188 162.8486481103986 -32.66921467200635 -0.7182913554783635 -26.52258886401783 26.7046578151537 22.40761630225484 159.5071935283826 -7.315643028983163 4.317590852036202 0.153478489117002 -35.78947263351024 -4.569559515920706 -12.63541148443537 -56.1517554539339 -4.164575028223705 -72.86578245609708 -12.66079907387941 5.380449644708416 -29.75622314178932 -5.702430055553546 4.467913733718231 0.7223917740810608 -10.48283491935 2.326007860731499 1.142064460776975 -7.31337707285159 4.334566927549423 -0.4651916688956312 -2.171772384371835 -3.419169878615112 -31.55280891021822 -7.465470322938581 -43.70813931173324 0.6226478156933597 -9.904151674267791 2.508344374525074 -1.298157317714788 -12.28858438464838 -36.56723418009041 32.27775420679266 22.5760475250855 -23.64144062842292 20.37128771442125 -26.16127867277522 0.2776358023679135 -3.569126563119968 -37.2092517797008 1.842793660190258 -3.357132154287579 -12.48694092210246 3.548174067492349 -13.0700989497206 -20.37776678421308 3.945586351738995 -20.2903800571546 -112.1117884622778 -12.76413129290473 -10.94544970609824 -13.36252192726458 -0.3153695611604724 -31.43001987340273 -128.7602262997874 29.71846431243534 15.30689213670796 -11.64272619433049 31.35790233623381 218.9474305477602 -22.07181207006877 -24.28542415151913 64.78914647109575 2.602129187158289 -55.24427138725671 48.85960711122762 21.97825305462626 -59.01473049992253 169.9898432222219 15.47854336256916 18.4658890146092 222.9210444877185 -5.85417130950829 4.424535779202757 -0.8008172196707902 -109.9794234859702 36.66575908764926 33.96831586573089 -19.64543991361097 -35.48841243913291 0.7609502572063098 3.311511057524422 -118.0745473098353 33.68215762797818 -300.0049641515383 42.40627363567371 80.76637757101307 -125.6392881609683 56.68287087379676 16.3424863062359 -120.63491851308 20.49371838625888 7.184127742365237 -74.06664817533508 -13.60019789160013 50.99151634819381 -69.520030446665 -19.31216720442669 46.56930732720874 80.81476312946457 -215.5603146340231 102.5831233134023 -96.00868258106641 5.912560638363613 34.50418836804687 -17.99295396698349 -34.69562887056191 -2.387931996007295 11.98917813212348 -75.59930723995187 8.83912125446502 -56.15040011006805 -4.164474507212877 -17.01480255499649 16.70455942155547 -60.78219721222681 167.0818790834083 -19.07917181069579 -31.69447632124882 2.440643573430319 -17.74654353832355 -28.65705821674105 0.2872946778380449 -18.86932258544641 -76.26874597099362 184.5633980873629 -17.66390143580104 -26.60812710332479 -0.5332685088882529 11.09535837267054 -100.4311210886711 201.5447083264851 -83.02799759768139 -28.65117338135446 222.2151619603675 0 0 0 0 0 0 0 0 0 -69.75080536444503 5.49013500388421 -5.793317969760706 -78.95672647292403 4.126971773726012 -0.543171696442304 57.92171461787045 206.3497786196449 124.0941877203519 -60.50668065524206 71.682569901959 156.3842711289257 -54.09542940255449 122.936837927589 198.2161480600577 -54.87829648134434 -0.9568815367673486 -5.502871393014555 -35.81376409167982 -0.7182844795651572 -11.77791696926074 -19.72430770381006 0.746828072968193 -3.693610532647423 -100.9082721725141 5.182295326075756 32.91376643163331 -63.85239238283115 12.79966157883779 -22.40273850624619 -19.82659034961494 0.5951544517829497 0.8589435330832523 -54.52685571150148 -0.06190661408369375 -5.848843148609793 42.5110578943533 15.13714102989713 146.401347878565 -14.62640950793933 1.210436351428094 0.856221062754582 -14.6631353856017 1.542836365789658 -0.8803222932778906 -16.68290391563751 0.7705022500842664 -0.6644624522358659 -17.82130431778999 0.3930712562559262 -0.7883889954947317 -19.82299897696773 -0.2042499570925069 -3.218279275499297 -17.55621404592595 1.644351465571395 -11.16646170948213 -19.66542090355644 1.953446617802938 -26.70418560066502 -33.31548664781132 0.07700310489108059 -26.05571061273197 8.314873879363843 -70.20887048482157 22.98119318672655 176.2427449996611 -73.54772733535609 127.755197572023 -56.0408432554707 -4.331515391015687 -72.930370811194 -13.61503127912814 -0.4492782922872151 -30.50737767754739 -12.0362840246072 -36.19878122969872 3.951789474735834 -11.3130290816672 -33.49197287425566 5.865409139029632 -16.33744205303664 -37.68831156851203 -2.567309400465494 -0.9442207768739598 -47.92446999719801 11.9034833306286 13.50186538476318 -68.16750544348351 15.73741233976744 -113.2109170214344 35.27901958642011 158.2864892391095 -32.66721116574131 -0.7182473047950129 -13.46246913834699 143.1377158498933 58.40689625655728 159.8066741022098 -7.312781929944025 4.316407116628613 0.1522796305981764 -13.20803693375528 -0.8182586795345542 -31.02086520151271 -14.05321962460058 3.67566171882825 -26.81455623554408 -7.451843395228411 5.452880050304499 -0.1894566833846438 -10.87025133670732 2.551876558838172 0.8655023870970889 -5.244426678709628 -5.132901534589179 -26.98901665371205 -7.642988537471289 -43.75261559717617 0.769476011057206 -12.46793565739551 3.628152760260982 -0.100053632687329 -21.58710642238321 -60.58486991955768 37.32234098164842 5.459351628281202 -60.70535813978307 29.005289558474 -26.39656482789766 -0.2920525126737945 -3.791024246749618 -38.54185185138742 -1.502044210781248 -1.430728581737653 -38.57687056662551 4.137664572374057 -2.265855028577549 -19.74003070482537 0.8236760009522641 -17.16838209685843 -33.97256775675498 9.922542183343836 -26.26621853100146 -145.1527227050181 -0.9423821248835494 9.635710411378225 -21.13392805938264 23.26091695957551 210.5050633636089 -16.03144159716249 40.90507621581438 212.1624032266867 -61.01135819280118 -30.04946778055455 53.5989113893981 -23.50507184435423 -64.37030374376785 37.85218798897234 27.09882763754936 -114.2086019176945 201.5728450693381 18.81562085300784 -20.85495525852261 202.4605533672876 -7.403453189824146 5.058717894390787 -0.1242738854486531 -99.91516836669388 -17.42504419201557 35.19761786388205 -302.4214843401802 57.34688811178842 76.05332358077878 -164.8614188185657 -83.4877019568102 2.800690355295359 -115.3355027437198 -26.14325684534312 43.51580801591555 -113.0253006107308 -37.06928518435037 8.600270903408058 -75.28705443727999 -24.25760212290735 38.44001284741594 65.85500056865772 -238.0783079376538 107.0712489416307 -9.243863757703853 -86.43386775435485 4.856615054554091 -64.81214495338789 8.705423197588619 -23.73885360402973 34.60060651896167 -103.978235135355 201.7309360852202 -25.41332791220104 -33.82505788325334 5.393868909806097 -58.39592587419296 -249.6234009123649 175.6336964314081 -20.63952688574266 -27.4229944128592 -1.824105293814993 -60.78194415497401 -89.45951859311879 163.6631384889838 -54.62229476410146 -49.45459335002516 201.2729231614777 -103.0517494914912 -29.07439201901206 222.7037055175584 -46.53028117235615 1.797893489612945 201.8008440389504 -124.9928774944232 101.7989084053236 136.7430374275602 -7.402041459027539 5.045154889053904 -0.002816894119049063 -22.74844331920308 -60.75535698932815 36.7304949453063 -175.1367486604013 -86.02740512277684 171.8208711629807 0 0 0 0 0 0 0 0 0 -67.99305582197314 9.934543394286962 -3.098804618245714 21.85739804861381 119.2529715271559 139.3662015273457 -84.71059246298837 130.1507700111061 187.3993225060574 3.738731388887957 109.2250309730882 151.8354605120575 -63.41451796269613 12.24476213678268 -0.8140464763987477 -37.84462301442272 2.57272110221692 -13.93326683576088 -21.01214623348622 7.056307027240971 -6.438542667209189 -84.74445390811725 -15.18112682397651 26.59597621353883 -19.79126554722014 -0.287187950741343 -0.1200505181389639 -53.95580897434807 -0.7795685111371932 -6.177722428521312 144.8321077638797 57.52101766323528 158.2518673164897 -17.56998646721156 0.9369396939556348 -1.130909375525902 -14.68485075278904 2.656297499505012 0.9057368600856976 -16.40873640282993 2.223901540183598 -0.1223065053969269 -14.62743144205472 0.755346876606345 -0.6261368380627411 -17.55619051461851 1.644349261580273 -0.05924599703921759 -27.33465247031464 2.880328306243399 -3.103614137805603 -18.65692089765141 0.1693088892466419 -31.63333401269758 -35.44493106885236 2.7025699730213 -26.97738490206465 11.71498977297994 -68.81380651563956 19.52148160140169 109.2459114797799 -45.79652301635545 133.0780981582711 -58.31914219623173 -0.9427915804336034 -75.20730127440882 -15.1811742696718 3.105209795956942 -32.07260461202087 -15.80678002249244 -35.24843041974959 6.973176524943119 -24.34124920723985 -44.98375435419056 3.562697803602226 -24.35106123404225 -44.84332799200532 -1.235607112847347 -20.33780116673435 -55.98832235264997 8.559418596533618 -21.76501682605037 -84.68539756097029 10.59153573548034 -142.9132047253063 47.58816426204424 172.4777654243977 -35.64566253165623 2.954032168196245 -15.48608444961392 -12.41248282703697 1.872627913116282 -1.693151395702626 -12.31545874537071 -0.8655481332482911 -33.40104109177184 -12.0148315408133 1.637997243375983 -33.1006722905537 -8.314386829089408 5.938503640572978 0.3063416407087187 -12.94729416678663 3.762563687021131 2.06712913990784 -20.23592770379258 9.859991654949523 -66.90149859967326 -9.682864920431165 -47.83658181176088 2.643923808483022 -19.01594518198468 -63.74106346196412 36.81911669758769 -28.37983981093538 2.173049633263723 -2.102120247779442 -39.6597767506839 -0.08798866526063638 -0.4662407591861134 -29.37466840673753 6.268489789369644 -22.61227607792387 -19.73921899578873 0.8236421314379142 -10.08861928407714 -35.41433348256763 2.854318551290519 -19.19714324000287 -124.9977787224161 -29.10468964572801 16.65001140109614 -58.3086384989339 -0.9426217768836385 -30.96797160194294 -24.66666933194767 11.01100553417847 202.2030595660303 -62.81384075559789 -34.60428598049379 50.22874143939688 68.79763677888388 -57.47995116331276 153.4814822110286 -7.401089325036875 5.040223572650175 -0.1323686723687854 -8.43413271351524 5.480602052945165 -0.7813390629825565 -98.37939695571906 -24.48888843746117 27.92513776411346 -283.7971327724763 -59.40119982797506 5.4472616922677 -79.01829386560684 -36.77945006958412 190.3597031329566 -149.4483481908923 -28.4047402981327 38.60315937542969 -116.4445201470662 -29.33693769432416 19.60994699755741 -114.3720466911274 -27.66575462505337 13.01494599703924 -105.8806059457133 -18.97589871239077 6.193080919726546 20.92083519020104 -96.36031700134077 30.45098636526674 -5.241305387454814 -69.16681183463734 8.048072008520986 -20.93087386834305 -82.50162992026483 12.50880939867048 -68.12315981541818 -6.640008833360515 -18.55055711857257 34.56814916885452 -103.8806975971196 665.0936702252172 -22.96423266097978 -24.98212752243019 1.283629385073189 -22.69094376107163 -36.34340441586714 2.273286616078073 -149.8377499828031 -258.1279114427654 128.9992508969371 -27.08080952632219 -81.46619794583572 43.48647127624787 -26.31571519896201 -28.97508021147724 0.8844031377755548 -20.95166030976589 -27.12191924989419 -2.122864303397548 -60.71536835239063 -89.36153161142771 657.3748669811703 -111.0587628026805 -117.1986683938478 139.5870365721698 -46.68438943300128 1.89222932402504 201.8446162981985 -134.1409642857286 50.09631404794548 170.7156351841148 -185.5586690373192 -80.90728517516582 158.0552762062236 -8.289384714521681 5.594105832213784 0.4792514926945788 -33.85251197045563 -62.40651840529532 42.35718279302004 -28.23355016989638 -82.12773395958428 23.37602693472424 -101.7748297977872 -27.77324882110947 162.8864982075391 -17.55620293444526 1.44342057936297 -0.1443858400588442 -16.44341572926598 1.699088922913822 0.3189599155013789 -23.11955730687533 -25.53812346241505 1.038277703069536 -25.40521300107777 -26.14963403539349 -0.4579785851493798 -110.9371460533055 -117.070328038513 684.9682733241759 -8.253165114445904 5.094842436375903 0.2755063562606683 -8.377921436685863 5.12921519106027 -0.4729280430632704 0 0 0 0 0 0 -73.21741483128176 -3.273791642593033 -1.341328911986035 21.83311585234914 119.1204889666374 661.0986148131102 -84.62143306596174 130.0137840234115 695.6679050621234 3.734577471667274 109.1036765108669 651.6705899793658 -66.72823008186046 -2.959668609918026 3.115389493734869 -39.53610809814835 -4.614857821592406 -12.48720727158726 -93.33915843093482 -36.87470174838052 13.5254553810334 -27.30529438181807 2.815789166313533 -0.7780811680379411 -54.20507963487919 -0.4596661879102426 -6.456073074760698 144.6771941241112 57.45949269928235 670.3724746563273 -18.09285237086754 1.619525671497085 -1.439271875939099 -18.27606390525026 1.081908693599158 -1.594806831334643 -14.62995253725044 0.7595727703748251 -0.8112917471320572 -16.45556158718961 1.516030773143152 0.1511696091991488 -25.00746647438486 -1.154796167916267 -6.677817737850662 -19.34059113252807 -3.182782490006611 -28.27960304946835 -35.44157157801089 2.702313821893368 -15.62021884676372 -21.76728895163569 -84.1925405601457 20.73697310431483 109.1383295684783 -45.7514240519152 661.0046108503288 -56.14550050584403 2.290675271039396 -73.03476566111338 -22.87144035848591 -45.5214661158172 2.240800080904138 -18.25802999751607 -47.36220855312027 3.402955278353727 -142.7761910628107 47.542540565553 701.5354481561415 -12.43136892398324 2.479294067641787 -1.891048958325064 -54.64523115279666 -1.706702348139992 -75.72811074953275 -33.02531602040464 22.64981647099396 -54.10844454756115 -13.13058481368063 2.882371051475704 1.987132035143221 -22.54603665694836 -49.53264211913361 0.6970153746316803 -26.30876991139009 -82.68240272684424 23.9326379958166 -26.2275091804996 -0.4996285361119521 -0.1156054457128518 -40.64024152106661 -5.665462441062279 -2.957996185106917 -38.96296486250557 -0.9633375442507537 0.2968508438899516 -29.37346045390242 6.268232014884902 -6.579394145074266 -35.41287707932556 2.854201168344595 -8.325086390070371 -114.1861208803056 1.575821557133699 -6.305507095517124 -65.62602829028174 -11.80595077169766 -21.21388727981412 -24.63175700934202 10.99542095029126 577.3569590197084 -60.52035958624958 -28.77792703973773 47.90905747624483 68.72987811125024 -57.42333926370659 638.2680245428761 -8.462366078305253 5.657978825194037 -0.7088374598556128 -106.2094450598526 -30.68195561884801 27.93380186500179 -225.2750018085882 -97.36084911254227 25.52900204936654 -158.3296896232543 -18.64858745316473 43.73446434089988 -91.03273186252855 -2.891997367424214 5.029669668995044 -101.2988481443254 -7.403183503347582 -1.376906179710462 -94.03364882930093 -6.327042311205386 3.100966626321113 20.99585532874795 -96.60085041450571 30.35734702084627 -16.13013715983441 -70.4061285698014 13.64808137405297 -19.03653957973526 -95.64298382661289 630.6134877483343 63.41450470457693 -64.55902594514959 631.5786004727323 -20.93894865144478 -27.09617565758426 -1.009809715469045 -16.89401263590975 -41.70425506154459 5.962895930777203 -161.4922786852889 -238.8948123628465 121.6678036186847 -45.18035897042196 -92.07719105186609 42.25759971882304 -25.1760561396189 -30.39148339165028 2.339988966919617 -49.38229933952552 -16.23894003472248 570.9236735718555 -46.6183179450638 1.889551289494106 577.1402981485599 -134.012334947172 50.0482761068555 698.4557200599571 -185.3433154899047 -80.81338672803567 739.9436617385517 -10.81544392301548 7.087794060679636 -0.2006830368274423 -45.71399662329915 -92.38755997995898 26.21452955297907 -103.7418653744036 -35.28400230107383 161.3768117378436 -22.2368717186026 3.891670500813329 -2.519632200440286 -19.1405870605144 2.722042046759747 -1.069532290403408 -26.46055759395188 -26.08114680587536 2.456068415350052 -30.08086755055886 -26.65847281285319 -2.429694435035654 -87.74075814416662 -128.2558262920002 700.4158174800909 -10.61167827080546 5.674885773053241 -0.7232353376100029 -10.64643084442182 5.77429722879267 0.5455792533993093 -73.22917434564452 -3.247672161524334 -1.338307195213108 -102.8793368333604 100.2598345748037 674.6940307653447 -18.31938039940885 -38.90403699935333 -2.998595094993898 0 0 0 0 0 0 0 0 0 -67.13948992975673 -2.373735657439654 2.580137472611127 72.68484906859781 93.48439411978559 627.0548296504717 -1.459770876888559 110.2593695564381 648.0853924044214 -17.7899443651944 34.57817675512996 570.1007472682822 -37.40594864671318 -6.911610178658363 -13.8940093761688 -88.48585618350698 -24.585478748835 5.485382255431563 -25.88861897318891 0.3413599188193525 0.409546132062139 -55.36441743126949 -3.375904058931544 -5.388831770299242 122.6470827962073 -6.230245129383142 633.8768471768427 -25.95946753785751 0.1685774472510826 0.5169350702931961 -19.83693068818461 2.955188398346978 -0.3444770092447736 -22.2039148976856 3.993993669146954 -2.551263931335556 -24.10583513057873 -2.724593733813212 -6.686071507145895 -48.06657705425647 7.607870004856634 -39.06611078536585 -56.14242723279628 2.290549884846234 -14.77190513972297 -12.74329979910591 -62.08371511546444 10.11221673627735 -21.38016238921139 -46.10347645004331 2.161190124215466 -8.223207487269779 -51.21355817032763 0.6738879076776627 -150.8110878309649 22.80317203269736 675.5576017607084 -15.22651442418399 3.252856058241679 -1.50531208531489 -55.38734877345112 0.2821941787424739 -76.46836064693851 -14.36943828513646 4.245322392662444 1.335749921996366 -16.51470890121307 -57.24995745078468 12.15682796482524 -39.56415796973762 -2.473203773819172 -4.019027420167352 -40.75423299009112 -5.487918503798845 -3.080200809329524 -29.37331869128501 -1.410970053914133 -4.265568903269714 -37.96737190003485 3.814474517666265 -9.788373429025746 -114.6531578966385 0.282095312869078 -6.760546117469632 -67.44461959454908 -8.823143667784594 -22.09638128873193 18.76294326302545 -20.79939573839261 560.4851583101248 -110.6605393725658 -36.20002017051314 29.08814428836658 -10.81854305535387 7.094167317805836 -0.06657481059181998 -108.5901648843187 -40.46050410234261 32.53243202562012 -227.8905533582713 -131.7404625335189 26.11307643706934 -159.7825438538422 -49.294183572605 44.51562959629376 -88.81979638322032 -17.52513843173911 3.738629447564999 -91.04068026443358 -2.884129009011729 5.212253328640684 -87.74356520508054 -24.47852724198958 5.251731566845394 -0.546875403438505 -123.6141479003099 23.45578772679897 -25.74468100785548 -71.50060480414876 9.841353308933519 -12.80967426292282 -33.61000016231759 559.8625156301928 18.50611031592989 -21.53901809443533 559.9298699881898 -23.88362054712851 -29.41909108363986 -0.842731775778982 -28.46171176178472 -46.34564521531674 4.807102681388097 -35.38124873152476 -197.7786206937833 88.74961755882416 -60.35180645310908 -116.1524804843541 35.48569968977986 -88.20718086453847 -117.3246802740679 58.54086122164576 -26.33569999990462 -31.30775754602118 2.350709860768293 -14.00663779528877 -25.09572131991763 585.0170423774365 -46.7998880722901 2.00312648059352 576.7440707523079 -160.1590419748881 -5.394610704297953 675.543376093212 -37.81697821912852 -72.41999879484581 16.99744127970688 -2.731128785941968 -67.22132623074191 50.16194194296732 -23.17047675277512 4.380282741958855 -1.908723726473888 -20.77850837559389 1.667286142210724 -3.355847282183951 -18.50400757392791 -0.2824920525681753 -0.7002111827570053 -31.78199683283042 -26.94410364155265 -0.04141096240394889 -28.48957255894838 -23.081719388315 -0.7160497573766574 -10.36845342913079 3.823294531277206 0.02797434023135499 -11.36593050557842 5.860348332031384 -0.1795188048170012 -10.36718717795694 3.849365948340346 -0.2651685496541456 -11.21794180048025 5.936779240575565 0.1173715654909346 -74.59004951759115 -6.676409509467326 -4.009001204003803 -41.7562790331646 12.97941396984229 573.4204841541983 -27.8604594578348 -39.1274695238742 -0.1433584187428224 -82.55402220009 -32.04597523399408 9.588378055533541 -229.1134459965497 -148.6604000370703 13.86626180072665 -103.9134378767366 -220.2037382762641 35.13093325384278 -11.20577115933781 5.901746096593099 -1.222837112737424 -11.31494610110655 5.730232186403704 1.069049290460525 0 0 0 0 0 0 0 0 0 -63.7850282550589 -8.780968973984596 0.8954553975766621 8.81503863509645 26.32754465604152 557.8961051023339 -5.382547757730672 27.64953179147199 573.8850947717328 -40.55418457186122 -2.829506043618998 -14.47658734355559 -88.08355706532366 -25.09091494759376 5.092656230995767 -24.30209771051427 -2.415237379152638 -0.7368155388257898 -52.93744659482184 -6.430408728081882 -6.755581129496293 23.38297397520999 -13.21911893762912 556.7003621068561 -24.17749370924511 -2.047274457707982 -0.9409968159518549 -17.63391196673233 0.3117359412821938 0.02994277709646884 -22.36996951079591 4.006487953480025 0.8914376247299916 -48.06316797567785 7.607330423545632 -5.006592982209793 -58.99243700820837 9.896846582462581 -15.97084050757999 -8.612595543116244 -51.47256195380724 15.18479398082135 -21.71955611649434 -47.09922131840581 2.846845981496648 -26.61479819104199 -59.17994912714774 -1.442315882718678 -27.75416780337937 24.10589436403103 590.6808181714816 -15.24090361495848 3.335718015941773 -1.471382015448405 -55.37935496390286 0.2821534509125551 -21.03285114492378 -13.46132378857467 3.246710527203541 0.4677344920510256 -18.31338185003155 0.8462867342517076 -0.6201755835401889 -47.47032648061633 -60.25633565518783 9.343282197603408 -40.80732691089818 -0.9017019239329456 -3.438179684259114 -42.25438565529857 -3.794307096987407 -2.362518784243419 -29.37348312475938 0.6191266043407507 -2.825073875605653 -39.45444276812921 0.6636134438634617 -9.521645368648176 -95.29625859217738 -20.41898907898596 -0.1153094942297249 -91.6880083653715 -80.38736499837266 16.75163190117161 -141.5364510162692 -65.42068371683595 50.94599470017485 -88.16255082783786 -22.74939636896271 7.199271001909095 -88.14334680732894 -22.44938981461935 5.21222592883491 -86.87763538794511 -22.26033156356145 5.979214360557559 -58.8777173832231 -120.0706987310217 33.78588953409922 -23.92338590326463 -69.08524929604114 8.613229205481604 -18.06114240766007 -9.95774359776585 626.3338735433645 3.344767252065923 -4.965991983958571 617.9826511099203 -24.09657249290114 -29.50322414806298 4.94733428748559 -29.87655684220553 -29.37259792342298 -2.433470562785162 -25.36807239690355 -35.12217582460541 1.075857213283155 -30.36081806941832 -45.39866594429846 5.426804778062778 -73.29663634539317 -116.7028756289616 56.55837267438458 -34.25094565325217 -85.66928551991597 17.42341751823973 -25.52479442247985 -32.31588994872499 1.7189428798666 -1.969545339805183 -16.55435146151675 624.9882318841434 -27.17355437274975 -7.232148937430586 583.1395398729984 -34.2711811989591 -85.68872227459076 18.86153253248097 -23.58535977621191 -0.1401497724661418 -1.258546667877043 -18.76153906252438 -1.874041323977961 -1.276833532259737 -18.66375553867275 0.4754448438108075 -0.3579722048043482 -29.73424437890394 -22.59624730868471 2.058636424764426 -27.95639324139882 -21.88076731611955 -1.259553368524851 -10.6234640109973 3.958875285152733 0.1742123452069031 -10.54176524339437 3.960229088821285 -0.362230387223466 -15.16784691160644 2.922416575640715 -1.267579058387423 -75.83778518260686 -9.818708603353384 -3.019170316009685 -20.27520754361694 -3.025414417419654 642.2668351934166 -88.07001098720323 -45.95648443440186 13.6341948546793 -108.2128953424297 -94.90358038882088 19.53332739898618 -117.7512796828831 -118.5962044430483 21.43810476052547 -13.83628215694999 5.876727964323504 -0.2463124894597345 -13.03526856680029 5.845392303069479 0.3253395881138891 1.049000939082245 -6.697819048043888 615.2138229307424 0 0 0 0 0 0 -63.5160623338058 -7.99557675460317 0.6340732484142974 -8.525965895808945 12.03663614873944 626.3551378185255 -2.769391936326431 7.168746972684637 633.5268445815293 -65.09691291563249 -6.563041745888025 -12.91255672325521 -85.93101071774326 -23.43459783802491 5.064156472181315 -40.00632411733918 1.115786764613939 -2.181114364523712 -52.41460988409651 -5.101896479387198 -5.764102602979955 0.3042660309101031 -8.388842935298639 621.7066026564158 -25.0152418279211 -1.003494379664142 -1.48353343584936 -18.45054723110889 0.2357174409692285 0.7763618098220858 -18.88496755607115 -1.998919113558838 3.011610314237759 -48.06191170818478 0.9716018627703061 -5.786740824389183 -63.83096244043682 -8.167813146227642 -14.38809550908547 -31.14404003045408 -61.21517035240282 9.668105286822023 -31.98226183954515 -47.68270613187695 -3.170360981975116 -31.18225575323466 -61.18768622439507 2.14455524414047 -19.13867591907803 -1.392460471002131 642.5888718530551 -18.33409115313926 0.9260703937753936 0.8359108632143819 -16.64758278874581 2.942601994711715 0.6950975057820395 -18.33276842727156 0.8806989337829177 -0.591801687207742 -47.29598023476111 -59.80962686125597 9.562489596774286 -37.70693852138611 -4.808838671549462 0.08213835785564379 -42.92604810486495 7.093291056833697 -7.275621069134431 -95.3444433534624 -25.21916962810405 2.513535412178932 -63.99885344887088 -76.30921439515795 -2.460976559366556 -92.78011694973013 -77.48557155424166 20.68359563102591 -86.31715508284101 -23.69776484812845 7.381161613248508 -88.0881078289711 -22.78670452810619 4.859787301606453 -68.1570852120168 -19.49414947005713 -6.637571202715095 -33.72593193339355 -86.71003683613546 16.86067402508321 -44.07439685373691 -66.20905653957925 11.59052592460237 -8.89933878297046 -11.70018947406575 631.2723726799857 0.2783824885101206 -8.474894552328244 621.3421515980024 -33.01142671202934 -29.41773681486673 1.498658487356379 -33.02590861331525 -29.37910324717208 -1.178383186410459 -32.64952875903452 -35.4864567514427 4.302491221379628 -31.9784296655519 -47.00822146508478 6.46769759213318 -93.27280402925197 -77.33185533367704 12.78077287567592 -32.77432719437257 -33.86461987345535 -2.615489196949261 -23.1927312324585 9.080172925042175 617.0531471087771 -25.47162468839186 1.56506321532916 -2.012133264110976 -26.0483619775427 -1.672900844891742 0.5422042820381227 -25.75739476757458 -0.03689553415968475 1.128805402528655 -34.44736261630938 -22.36840434777261 4.096363658794582 -32.9340686752739 -21.62171438615587 -3.316667867062844 -13.2661472196332 5.519059582292744 -0.0109574559462705 -13.83743199372185 5.873994652679619 -0.2443556668313513 -14.96640197094093 2.814420691844878 -1.272197229424479 -9.040190944529297 5.766674584368482 629.8045945034664 -70.1673373631499 -43.3153270891312 17.91065782063096 -98.28731402986831 -50.52133895704204 15.1607266169559 -76.01375690574393 -66.39436598128508 19.32074589857636 -12.17683201523568 3.721454263041976 -1.502090525802632 -12.22976448228376 3.950888840823044 1.26892918503487 -0.8237791409335282 -10.54048840077058 626.6136519327437 -95.36968335827811 -28.42499759290098 0.4512678229509408 -29.63756670099027 -16.35443636953965 0.4588903261139322 -29.70568429198813 -16.23380680602978 -0.6554190709099483 0 0 0 0 0 0 -63.0647780480764 -7.093244817611965 1.224114749999713 -0.2835621492135008 6.563707805182345 631.3413193537716 -0.7223070132644461 -1.092727042131369 616.2425873016033 -86.2920759102858 -23.7083496501138 4.605398985505959 -37.40904320776848 -4.050761860901135 0.5522415461105741 -53.20660253798304 -7.102246150662362 -4.934163100070663 -37.05191923152308 -3.142192454325817 0.04666769527955008 -25.2898375512987 -1.630872528317618 -1.73829371999025 -24.72948864594251 -0.3483154051011493 -2.810688462720108 -46.22637001473748 -0.2219774611469159 -5.052684793084796 -40.18014148615433 5.7826836415484 -8.606608324451908 -58.74749589943139 -13.65872802676509 -12.61023677308173 -50.63994261445791 -53.33195353964547 12.38694531847138 -40.67672977933355 -48.17512396426787 1.972024430471297 -50.4019862935856 -53.40453135133689 -0.5438733901547881 -18.98986327235158 -0.714903402081887 642.8804988441622 -18.72475826797786 1.572729188103551 0.6052694315324562 -16.08531758408124 1.531313670013027 0.9570515198268706 -19.06970454523582 2.10119995809227 -0.9862931760537986 -41.98425227791601 -46.45795480590455 3.708523461220085 -36.00228046758979 -6.415062015083419 -3.302221531316874 -57.812690314431 -60.65530382316363 8.513522020495753 -60.10124734688816 -60.25716320959204 10.86274654649606 -79.00616899436399 -41.05684375558679 -0.539586402201924 -66.81004441319688 -16.07941112590328 -4.485071726319604 -38.33757483776331 -92.83359167361786 12.18058810296548 -50.38660433084388 -65.31531597823687 6.601609028607782 -8.561170596830779 -9.988329796395591 624.8970007107887 3.03530437953472 -7.039938581503104 626.9588235570207 -34.4496010888328 -30.52681712124903 1.639489498620504 -34.54526142234684 -30.54475198186294 -1.352602206801059 -37.9932609432628 -35.75512509619465 0.4330685026738458 -32.9000829647876 -47.92559288168935 5.928481605578841 -60.40938640540315 -61.31671009193439 28.58394639462204 -36.51093631473032 -34.6648666754045 -0.410928410691417 -18.73322750495789 -5.696979067151841 642.8910157076585 -31.73663559258157 0.9951417856310418 -3.47577230538871 -31.16024399870654 -1.43959390101784 -1.241588148754182 -23.3589879386159 -1.824405732274113 1.471615991310196 -32.93355645623333 -25.78760439624358 1.196311084815022 -32.10597473705006 -22.90883787686099 -2.201644002533678 -11.85462573397839 4.527462521181692 1.819252857809391 -11.39694267247247 4.669358884812309 -2.654574643504985 -8.760883048156142 3.603238516495544 623.3649644992116 -75.3769094617105 -56.4723331174697 8.699167600923056 -97.34426413807708 -51.63226188595126 15.39039733282162 -47.957996829755 -63.86489789274802 21.84150563285496 -81.24839425881872 -54.94306244165092 7.062397386252995 -13.02732875189047 4.826573514880545 -2.172555695247497 -12.27634585767424 4.06124832195963 1.318113027356028 -7.155700827945129 -2.884878503644615 637.8948351578935 -73.78004683621792 -5.039310617123847 2.269665775837827 -76.46167380008734 -39.80821160748447 1.376067800103402 -30.78905316868512 -17.79219481560592 -0.3945200566619362 -29.79888028898506 -16.03596944577374 0.7517651332741634 -29.79151680490158 -16.37434967411814 -0.5881097324793004 -29.83176035077033 -15.99024536901164 -0.831814295300653 -35.34079409653089 -36.32037530576746 -1.113932560470072 -2.410380266762711 -0.1550184431146035 636.8489324820113 0 0 0 0 0 0 -57.96464463671202 -13.09428353505783 -0.9484584394211245 -1.072636682393334 4.313551930505982 624.7568978322214 3.67515929069652 0.2051677639588305 626.1296736782251 -72.29622786769637 -57.42906878040645 11.96169595955964 -36.00336234955495 -6.640911604145838 -0.4558213603457915 -48.33275623226775 -13.24311487373796 -6.943385335148421 -35.55041402720589 -4.948478569322011 -1.181322247111697 -34.5248809055732 -1.370486729790524 0.3876328331894856 -23.21409006491212 -2.088014787985706 -1.926177785193211 -52.79284465700476 -1.370451046679872 -8.322987692174086 -47.48745158131115 -9.290130082884135 0.3838835202731514 -38.35837728140579 -7.14124215680948 -0.8253702958695682 -40.31947378170781 -48.64110822788277 2.238286378887597 -34.93790875635295 -46.06578883071433 5.972011497093677 -6.726256504387278 6.224619841749123 623.2707161883025 -22.37961190416211 0.3650877598687394 -1.473829537760823 -19.05675098001878 2.146147671164946 1.17642024532381 -19.17097499358743 1.219396382267515 -1.123885695597427 -23.23102762083726 -2.435256526349214 1.712165672766728 -49.21910691730309 -47.13216724809888 4.612382985785499 -35.03606375646837 -2.909126671948608 -3.646061458265695 -51.38777422615566 -44.40219792878439 1.057076408203173 -53.28411750295331 -42.00883197173493 2.902123492469061 -72.40392930892196 -57.03335727520647 6.269040231421235 -66.76883061632435 -15.96930232778737 -4.538787546797224 -64.46356102890246 -91.77556055927633 8.448898147538038 -1.702219514454919 0.5465594494521231 645.8090006762292 -7.034767838857849 -11.8002472082078 625.1264690068056 -34.91077392310292 -30.38630424439324 2.123034422883534 -34.35182583871239 -30.59828082063046 -1.15876477594659 -42.98852836174226 -45.93005693992669 3.850429489922 -68.56191997701498 -82.7969421246119 13.49475094047097 -29.98168976308839 -6.411254213106555 -2.276878517159942 -34.58447724829484 -1.222973946073998 -4.437276430042702 -32.17068306545338 -27.50958169179272 1.689209277865937 -32.1098859922467 -22.90480234472831 -2.199158417297765 -18.95739303957155 3.130810219428796 -2.444087426722975 -18.94756820293609 3.087983491578787 1.658455828338828 -3.986697338001675 -2.152491577310446 637.0315130601438 -65.49272460964242 -31.46057403434537 -2.774662852315462 -84.1590394932944 -67.14927731077009 6.199873172145541 -17.54200803068055 4.58976868065097 -0.2323458163867425 -14.11656518088971 4.155474142265039 0.5083800156571248 -4.790858778122855 -1.511797216547332 640.4538565822797 -64.5338688359778 -27.90055411411971 2.360927210716943 -76.55525796533155 -40.35916047325426 1.359292983021531 -32.20316693793684 -17.47699123581524 0.2073095286168138 -30.23844503984507 -16.24039667917395 -0.7662899409203499 -40.6780532136492 -36.91655839358295 -2.255180944998057 -0.8848357825326174 0.7121278153311105 633.3072996712956 -40.40904304314066 -52.88325746112837 2.320193131496799 -2.171598055767171 -0.03782036082334577 630.5486822922255 0 0 0 0 0 0 -58.72426362106259 -14.77992896838972 -0.1925988309705647 -2.812860009857712 -0.02514509323733237 632.6134853992692 -1.027789274228252 -1.963150779035649 633.9491633168536 -62.43148561054999 -31.01108705318275 -0.6264673876658032 -46.54572341469579 -8.7199473779886 -4.139403267479461 -33.3757751361764 -7.566992981341899 1.258902869911289 -32.41857425700783 -5.19667770284912 2.640026008210906 -31.77962284908242 -3.612799737011189 1.328650283422276 -57.18243903859094 -11.09383998298908 -4.369284429672658 -48.13018738978778 -13.92091536549552 -1.038964164819524 -38.39573772944745 -6.884695218244119 -0.7313024576038859 -43.87569903768331 -50.3174819170986 1.957396587838223 -47.0245708659693 -51.74651139899842 5.126466207897552 -4.835308112769755 -2.802529269508435 636.116210602007 -21.3801008007417 -0.4561623432739625 -2.186694399124533 -18.96977331288863 1.239573299236532 -1.305842668716922 -22.59907236362886 -5.454498150494706 0.3261229176671295 -27.56247829428565 -7.225769694717274 -0.308952968657135 -48.55227703048406 -45.37102418522447 5.451118935309959 -54.82366702060381 -44.91655242570002 1.643578279115136 -52.91807058929633 -41.02765173755239 3.368601794397804 -67.66402497465998 -45.35831228814389 8.917929351594713 -55.62997056109369 -30.00932934292661 -3.211640467073654 -44.24707517540103 -63.56639300133468 7.194148545770635 -3.146306079336986 2.730764009530573 645.537096780949 1.785194153087888 -2.923637526449573 639.9089182926414 -38.52510193121106 -29.33730041992831 2.125681875008766 -40.41848995933012 -28.85757147186953 -2.624063803925718 -37.17918234164281 -39.19080126296355 1.903876964770895 -61.39090844069168 -63.73871051127796 16.0010815609127 -29.85281769384599 -9.791381730933027 -3.627734182847911 -41.23417438278261 -26.26221090807681 -1.345678248548787 -34.59210737528313 -23.51224127272526 -1.50704144515285 -16.32049985813446 0.3265877865551222 -3.01014153428378 -18.35615600394361 2.455959850423671 2.001916767496692 -4.568983869842884 -2.445057438992464 635.8899094118598 0.6386595549585655 -0.3568254519714492 634.2344652738431 -77.16006414232119 -53.67117736189276 8.813263676222803 -15.16112995422189 2.433765981056504 -1.820665144537077 -16.6261094568962 4.283990897344726 1.727863839673522 -60.54803375204576 -28.32889412906531 2.596708081036802 -53.55423687073288 -18.63340705857033 -4.609799600399408 -29.24730870197756 -15.6070196399328 -1.484533589700073 -39.23343198791265 -15.90718608771688 -2.235235267537815 -29.158508933693 -15.60730019605954 -0.1755292243454053 -34.28714205311197 -15.02069983856609 1.060031914039652 -41.40199129308083 -36.07496853730325 -2.756242787843759 -1.583352116535617 0.3009259380524958 630.5040393510201 -1.271200428221528 -1.487423173247767 633.8373816391353 2.633048742477521 -2.678500164523791 636.5556231991878 -15.93037460653285 3.130869446463346 -2.292432898257949 0 0 0 0 0 0 0 0 0 0 0 0 -57.13497711979034 -11.55297917249911 1.559921950833283 -1.912135038904724 -0.3852110636775019 631.8087732487326 -61.0763565020758 -27.76662113681919 0.942948364751101 -46.8808938259962 -9.564899727493465 -3.826482114132653 -29.8900137953541 -9.761998945944789 1.331372462250893 -27.92637555227333 -7.645618786881784 -1.710786071998427 -38.28674741370392 -6.922170452744687 -0.7664652686041268 -48.01661349345834 -13.95867645268265 -0.9995090247787041 -43.82791791570125 -50.26838783502467 3.905207701202343 -49.72065491823044 -51.28457262126572 4.691085747736327 -3.579545718915222 0.9723721527445293 642.1574913221123 -19.92422322499768 -1.653165609007608 -1.1976232900105 -18.25700595570014 -0.3343202373023622 -0.9723173306157905 -23.38018030387504 -5.455745811967124 0.3515360152620686 -28.45163893239114 -6.925338533086797 -0.1435758318079512 -43.90355456153692 -33.16205525773005 -0.9334330763489538 -53.32344431445183 -41.11571496993113 3.423722359169855 -52.9427378795104 -41.075555199218 1.931686645114627 -60.41072022306489 -49.43720417560267 5.399340529512412 -61.08751226541352 -27.9313895007142 2.081090580512341 -54.05977024076536 -26.03239322702727 -1.244076405010491 -3.476314017772069 4.056357241799917 642.1470843173637 1.939000681176112 -2.551731962235272 637.0113592353655 -36.40620474553141 -21.87463742352985 -2.083815537107625 -40.04073950445085 -28.91917704056001 0.6909438171518655 -40.11597045168275 -28.94940262016491 -2.738945332788604 -41.65783657061792 -38.23079408643759 3.815973438583932 -69.64915211806003 -63.82552683995738 12.41391644995881 -30.2314695630552 -9.622229098551349 -3.51176350900201 -37.5716519864863 -22.53557861142142 -0.7394116113227982 -16.15517565974004 0.1213303256741438 0.7347494714328985 -17.89054490226346 0.7035061948474297 -1.901822537383844 -4.631383336976688 -2.447289136515183 635.1449290045507 1.41897289456615 0.1773616803865268 635.8496153895915 -15.78286512027595 2.657637990031405 0.9719657098185955 -60.66870135608661 -27.874933384611 2.267530185773913 -50.39440529359481 -25.51740871999371 0.3458989024366064 -36.13021545250291 -13.60206297987757 -4.378660946592163 -33.39892669766368 -14.29751385508919 1.773577620366698 -0.6677225465160944 -4.862083408833302 636.9996231409406 -0.7437715709284726 -2.357048125336638 635.3499975648551 4.521120982469388 0.01001808924632565 640.2849906513321 -20.15509003181943 2.513281482754276 -0.5044693727061523 -48.54225286296016 -29.01832399986785 -2.907735738423439 3.42105111858413 0.2984296475344138 640.9548306605677 -31.56176293417223 -10.20869591930118 -1.845740296569716 -29.43961719424494 -11.07623927304878 -0.6795452752925462 -23.300885461238 -0.5797217859540815 -1.635692289328457 -18.62262171200951 1.190186835763372 -2.190231116480189 0 0 0 0 0 0 -50.3818746198771 -25.56869925634747 0.7204710091817234 -2.663076451798846 1.217324712765844 635.6831171596131 -53.03131586711418 -41.05034844222354 3.637159380052442 -40.68509551961785 -17.37433428177262 -5.487988380541792 -29.93833778733928 -9.738891474500226 1.325847579966484 -27.49246591369173 -8.097854730393328 -1.378851415251652 -38.02969899148999 -11.92128624915045 0.849591254029748 -47.94358150009526 -20.66729613833445 1.101496060128878 -46.66172425267416 -47.50435040914607 1.499627400921563 -1.573093405363547 2.575371837308189 637.6000811083371 -25.47803572852225 -2.556623552273533 -2.829042261294862 -22.31859724815651 -1.263127346183199 -0.6316954099871569 -27.57558117197046 -11.25013562606011 -2.127911822790009 -21.88687734896114 -7.577565326445609 0.7840541151879309 -30.63817713648134 -8.645081755410088 -2.493502520540139 -45.15679001419482 -33.29626070650379 -0.8282048158315012 -54.70454102818782 -41.46511526679523 1.457452220024281 -54.50705630159549 -38.1000120274589 0.003569663800903007 -51.25517614585097 -18.93597176693927 -4.297627149810594 -1.573675399960868 2.453771655172083 637.5832009565769 -38.88147952704411 -22.25464179032259 -3.605556372653459 -39.97603446833043 -28.87537166626963 0.705556781575486 -39.985929236121 -28.86099630320925 -2.735662635043735 -50.1179771643579 -36.41662898036095 -2.485416117061036 -45.39748477746262 -20.5904601504805 2.053474776132705 -20.52790468536555 1.300824100424907 0.7939199451108354 -20.52756722934243 1.461963546401772 -2.963342338197165 -3.43255344249212 0.1279785542027983 637.7446857600279 0.2978252531104198 1.022184002639428 637.0657949892519 -17.3568047758272 2.882604306681935 0.1581604918451565 -57.1871085846292 -41.24875323866404 -2.397069789079674 -37.3673889186394 -13.22352557782374 -3.961635620279782 -37.34179380487526 -13.15483898522391 -0.1607790494329402 -3.676941785232124 -5.624537477006117 640.5881185775926 0.359883977974681 -0.833877601640133 636.99343563395 0.5787935351028122 0.9145285370849352 651.3768182826369 -17.9675470034898 0.6235026340858427 -1.794409030080981 -20.58453056814614 1.370706606144699 0.7409848996457596 -47.21113119611083 -28.82491629507146 -1.847743778282185 0.3097369949564994 1.154856146354784 637.4495516890215 -39.27424007790885 -7.019377363454566 1.458274637416973 -33.56922396989941 -9.906230369214034 -2.678733898422046 -24.09277950293205 0.05021128601829296 -2.054533244385554 -24.46834030394595 -0.9739783443991072 -1.072865907802789 -21.48948475964565 0.5927445651484489 -0.8255026499788327 -19.9135981845661 2.298943280748395 -1.515237856162712 -30.72326577961415 -7.656629599543798 -0.9873334604473935 -27.01493880834013 -4.725522059586273 -2.917591143598803 -16.90372488888246 3.51681845003155 0.02908062980096296 0 0 0 0 0 0 0 0 0 0 0 0 -47.13021466254699 -18.32688555702208 -2.154567298349976 -0.7332881072326369 1.361004516764568 637.2870415168729 -53.05496161694823 -41.05018617838721 3.843332764555661 -38.53248593506061 -11.92891394838429 -2.33083682002885 -30.50249146837202 -8.637112776573421 0.3349957197952511 -37.90526944900206 -14.35924690360038 -1.0052571833762 -44.66120293897558 -13.6809569825168 -0.2520124839843935 -47.88149221979523 -26.43118177670543 -0.5463723108036082 -46.65283811690274 -47.49213485978127 1.507783373599512 -0.181395054120617 -1.540485311195321 642.4147645327057 -24.1508628507173 -3.826622819594883 -3.495325907214639 -20.54413329291328 -0.8575160842660473 -2.084717025496527 -29.83198813010014 -10.42971796837896 -3.038682171275994 -28.92942252931915 -10.86542165269465 -2.685730432539968 -43.05670244894357 -28.2537418820982 1.444700446841941 -55.9173282539206 -43.2761382588803 0.7108914013766874 -50.93426253082237 -40.69133183749691 0.7637925557810227 -56.16526330276024 -41.27566550041134 -2.030104510350172 -53.33324947314407 -40.10082852052342 0.741491564550154 -43.80285203021168 -28.3267976655057 -2.79379838927356 -1.345404955505493 3.136071320542162 637.7037403706225 -37.97121770217573 -22.11672126173097 -4.017107125262595 -41.92958417699515 -28.46128669905287 -4.169651062262285 -41.15522400295758 -35.75630085829606 -5.283732862775074 -37.72191002592307 -15.35306086505926 -3.089874542997502 -18.39353195100754 -1.03649832215913 -3.596054612277127 1.166413001736667 0.08582755895531623 642.3618708872184 -2.662148278382451 -0.3816066423086844 640.4458333495947 -16.44023211577149 2.751573547385014 -0.2923419004232894 -54.47709672502634 -37.23080346608113 -1.942438246015652 -39.25801399173304 -14.16602852958814 -4.61686992115515 -33.01933001048661 -11.03936638280471 -1.429311919753065 -1.701616053962872 1.533165816016307 640.3739086289997 0.2431304488520041 0.6810008164528901 651.2439948127355 -0.9687380634626552 1.348831756979457 648.3210480724091 -18.59083070544926 -0.9551849996995071 -0.03918938413640714 -22.96620697166978 -4.960472169642602 -2.368136193241407 -46.27913208745122 -26.37256713819578 -0.8104845846273221 -2.726679639205166 1.817974049407521 648.4661004737668 -31.07558114175284 -4.794829613908162 -2.577616591075968 -24.36925865318414 -1.004202195758633 -1.06411838877967 -23.9741574098744 -1.118653063125068 -1.316559986916934 -29.96717047044524 -2.830258370706469 -2.322240798835616 -21.78211764920838 -1.818343444054208 1.679677471646807 -30.48498768839185 -9.759518427007499 0.5030739051306916 -28.49157032426763 -3.777794084993308 -3.639474050769848 -21.11313180423467 3.226000865308917 -1.979043704189911 -37.74456521262902 -9.934762983566651 -3.076985522940484 -29.34425912575591 -11.46379356644142 -2.933947045500803 -27.3051732385618 0.6680426209242565 -0.4051379206759487 -23.96953080860078 -1.124354001219916 -2.09865596477953 -22.36976546162419 2.896857975701292 -1.36253647334173 0 0 0 0 0 0 -44.62627400496324 -13.68602902240923 0.1075522772420227 -0.3457865703687985 -1.465498612516695 640.5107137218139 -45.53482998311362 -27.98494069246057 -13.9220504095896 -29.2320958718 -11.41621035389351 -0.2119139877435652 -32.41234561970802 -17.03009132714078 -3.227709857007363 -40.50289361427204 -21.94699728415073 -6.674088318399863 -36.90933056116288 -33.02043129032559 -5.176712247918879 -54.64489231319043 -46.17117283911737 0.1900138440186892 0.6853084550364792 0.4589334703613159 645.0687038480534 -15.84985688508299 -5.183399093342445 -3.913411345497076 -22.44308076020641 -13.11204326807124 -5.885436844062977 -30.06965860210438 -11.39787270623073 -2.586490137527188 -39.66323133418859 -20.11076091913141 -4.595250172425825 -45.69812751312542 -27.71298995616698 -0.5307056309876657 -47.46655900409339 -43.72502726796662 -2.201972392886986 -56.11238934048497 -41.38217577160128 -1.997006963880772 -43.00040693508028 -26.29332495549416 -1.944391394469311 0.699803086718111 -1.381432708262414 645.0750743396222 -32.99594482025698 -11.09004953906268 -1.465593573330541 -42.9261920529104 -29.42870799761261 -5.180399996677103 -52.06181449223946 -26.397199575074 -5.966800587748828 -39.25326184573505 -16.39699227948995 -3.477504369651397 -18.26187179420364 -1.072558395638463 -3.678572749587949 -0.3738102020382423 -0.8734693758255114 644.8026592900205 0.5098344465986847 -0.6854286374521316 644.7544901959395 -53.35737777756272 -39.35260567499459 -1.271850775160325 -29.9854118847281 -9.630508601228454 -7.467695577681001 -1.531629122002779 -1.51766421952728 644.923471467639 0.2484727844951705 1.532642640336285 648.9207838976472 -1.079245169964403 0.2277769961681164 648.8699362083369 -23.40301779604084 0.347239668202639 -0.06899417492324218 -29.09680101827673 -6.08717943616968 -3.641853747236367 -1.855309276213735 0.3262909355761163 649.4592899795824 -31.20039487175284 -4.82847500987763 -2.640093670381787 -26.39390041483553 -8.706559878983475 -3.055762488861812 -23.96960937014148 -1.109342193576833 -2.090312499176418 -31.98036391538198 -10.99121269029449 -4.41225685605998 -22.01633644767187 -1.647063347304343 -5.68434409194024 -36.6632705350114 -8.651230097962241 -0.5035937976357248 -22.58408532874524 3.124287823458296 -1.241120626210059 -32.71488325833534 -15.83017488553445 -3.297573496544129 -27.50651040043072 0.7748404903309517 -3.940418753650982 -17.14909890266662 1.262408684800701 -5.366565100305831 -22.30921184675108 -7.774977184441943 -7.777449637594398 -39.34323470153413 -17.04874522870028 -6.453730840439309 -32.92199365001566 -9.896940152311634 -4.317937471568054 -37.11470090729141 -19.74395867845123 -6.247289595674227 0 0 0 0 0 0 0 0 0 -37.77636910908782 -25.5935407600148 0.7520454197124546 -2.600577635165731 0.8024627954908001 644.852547876444 -45.67065713024956 -27.67194375770578 -13.91811778746981 -41.00010474853284 -26.80466055280149 -7.061747777337573 -31.02731275697983 -11.28469406924245 -0.8858173652723168 -32.20193997705128 -20.7591028529309 -3.883180144484965 -36.67356539382809 -28.67582715569423 -6.793702647588876 -49.74924603637162 -39.90574727198398 -1.308899661125131 -1.176225159827159 -0.9135365054868879 647.4138075400807 -12.70540907867151 -1.915375627166388 -3.793562415171138 -15.70071879693208 -12.61669307784764 -5.562370933850261 -40.49654250442078 -20.23257972851449 -4.934781731817872 -55.07502401017061 -43.32708495641025 -4.32133031885344 -2.399511402527199 0.9836080476975546 649.5969104262092 -35.35693327609611 -11.32316544979266 -2.423871676717883 -53.38827712015524 -27.47967265100226 -7.166189047745115 -69.82966003430792 -2.737741285236625 -8.698246584600312 -23.45756994262911 0.3237700285809482 -4.962528837786169 0.7912363578175141 1.463998481143496 647.4293081784679 -2.018402311114907 1.645836419444959 648.7941030475097 -46.39430082607835 -52.56307887087626 -17.0190875681506 -36.4904019164157 -8.486592567376588 -7.679120550201896 0.2348957274262915 1.483542349023089 648.9219108087947 0.8446945646446363 1.538831199561364 648.6441943704557 -1.806450925497429 1.307852375398403 649.8293607604048 -1.81325919281383 0.3579294967304981 648.5236088373696 -27.41703611392473 -7.715193197893819 -4.152124813496298 -30.81111947953969 -5.159739783765177 -2.905732029308913 -27.70205125291201 0.04326402038327293 -4.51006793694703 -23.38521655167239 -1.251347187392995 -4.573675856145047 -32.74060603689784 -15.83429029577499 -3.286960573010139 -8.250756028141568 -1.545206201368085 -2.85691626639248 -33.94586962791091 -12.30206121269942 -2.823715805873996 -12.31289654536263 -15.09937057284006 -6.742933730072323 0 0 0 0 0 0 0 0 0 -37.88930712426151 -26.63831450420871 -7.42343534145077 0.7294916894022583 0.3714675886457902 648.8956661006176 -48.40937259736889 -31.60242544399857 -19.98174464298523 -41.12350746990852 -47.08050421071817 -19.40945673512157 -30.61250006169382 -11.32214732974287 -1.122410762166761 -19.98875228798848 -25.96543496834386 -1.122767267860032 -37.12412008888366 -36.85562171251761 -8.512742096238931 -58.72094831716583 -51.38145076728118 -8.741492721726885 -2.373184413610945 0.8463643242939519 648.6794069120942 -8.650834627271445 -4.279324431132618 -2.454744435419041 -9.441577560409847 -13.10738189151157 -4.92359959679678 -34.93685168362838 -12.23892025201387 -2.301170736208433 -61.07833981922821 -51.51075670293305 -9.501563917855222 -2.373908127579925 1.015871014900578 648.6739620844804 -68.36613680069924 -24.68722671435686 -23.23583101987678 -63.91542926224498 -32.76587017328001 -9.695169624782896 -42.869604594001 5.788923712267584 -14.60496367254747 -18.04105418795223 11.43982010419658 -12.99309495864383 -1.195072575493901 2.232203932528932 648.6633194764146 -1.513694776417859 2.162407002860163 648.6576593215847 0.7386338602350571 1.172301877495217 648.6472764122125 0.8471516787519844 3.082860791638184 649.5509427991368 -1.046810325511601 1.603135363796171 650.0895899578022 -2.21063272227443 1.814097055809193 650.4454846566415 -29.8407785143631 -12.68192070844009 -1.169309793435019 -45.23176436133487 7.06017110760412 -16.81877166523994 -24.46563537107483 12.15200899436293 -10.11306605321334 -20.46932856536806 14.66063532080391 -11.74686923609065 0 0 0 0 0 0 0 0 0 -41.92618936095015 -35.243144441579 -12.06994796569697 0.8293110208198272 0.9706413770557915 648.6476660491339 -34.45587866005913 -11.54249132404082 -25.54246772351496 -43.82164154220298 -37.91788253044769 -17.55728019217415 -61.21992502990039 -31.99840789080548 -10.28689782927182 -32.71358338534492 -38.33261378604052 -15.32666153781314 -30.1180410625884 -11.63526441368326 -14.26643343016425 -20.3462170882415 -20.67153840782782 -3.035980828297101 -61.31189134850174 -50.99378872209881 -9.357041829808374 0.3983083465445608 2.623805880609453 652.0429333824821 -31.17620589048903 -15.1269673037011 -15.59220534661323 0.4000557968966452 -0.7962424684684534 652.0385313259187 -65.95494148851699 -22.41432277318386 -23.94035717352589 -45.90219919065784 4.831260384182127 -17.22275797633434 -42.94751266021948 5.950896962778808 -14.59099817941961 -2.368462316671145 -0.352748350846685 651.2104888638233 0.6097856789323605 0.2026866476856169 651.3353568342313 -0.8703030193032867 -1.376148863181492 651.5854492893925 -1.66395324418125 -0.177466928649966 655.9337811178555 -0.8440497559414628 -0.1147244208513617 657.6353527494451 0.905715209350336 0.06919055087928111 655.5726445501138 -29.75556337675959 -12.27522544858378 -14.24864071122714 -26.41490961037377 13.82517035601469 -10.54732053970967 0 0 0 0 0 0 -31.93389041442973 -15.08965072001165 -12.15848545682463 -2.159606595277381 1.568772250242483 651.5221212750001 -1.812123334702491 -14.24466436616592 -22.20039411610873 -32.20426690883149 -40.57296626130247 -15.81111987558692 -49.79810967282933 -36.55299179101416 -14.4485866572028 -56.60633431077454 -22.41632618566461 -22.40393413718755 -0.6914220555991663 -0.4950113690809445 656.6845936714601 -25.77704885178952 -12.52686350913599 -16.2888113658306 -0.4791667847814847 1.694376140493796 655.5684579780803 -44.3989859775463 2.943287551184791 -16.94251597185984 1.06750676581012 1.571216575781669 656.6639908387104 -2.48131603288854 0.6533924008979727 655.2370167562985 -1.076642628800793 1.833843213126034 655.871319322477 0.04017994772332451 0.4204904609337026 657.5177799877201 -1.231234804781828 1.556375617556042 659.2239855149197 -0.9525096452772444 -0.08908192939645151 657.2343631710055 -28.04676034965195 6.676273335159602 -11.6872981320229 0 0 0 0 0 0 0 0 0 -12.17828080744948 -24.6036483344525 -19.5675589648838 -0.1597384451966502 -0.5538458040914496 655.3410574066527 -12.17857062777164 -5.978183671939513 -25.70377042482055 -0.004409660507522329 -0.005555568381730108 -62.16861670473592 -0.006935571387934425 -0.00509087364310803 -71.62792607657212 -0.008048855957278826 -0.003187377927863637 -69.86755443475674 -0.9682608521541423 0.5226619942420426 657.2278621149509 -0.9674756522792743 -0.06802135208307913 657.2314674779649 -0.006465588930712278 0.0004286153611811682 -65.86035577289996 -0.1536230959950685 1.693217409636995 657.4459400278088 -0.5370673043231464 1.604418267771445 657.3533592629316 0.06572221362466614 0.4899642559316505 657.5035850390428 0.05724764403126203 2.089213558490513 658.8822929410105 -0.2081464881224335 1.773423883245217 659.3839701468886 -1.89924977038999 2.425891570612006 659.6936356693097 -0.003861503278776345 0.0009191953385106672 -63.65633634480003 -1.503196672927932 3.095676857207815 -92.35434305852158 0 0 0 0 0 0 -0.001784806148794845 -0.003605824461138664 -60.59043236370155 -0.4272123132166135 1.563388974295863 657.3766148978344 -0.001784841211284975 -0.0008761380060461938 -60.59156896076486 8.916792035327303 -2.043780752046075 -86.62803684061336 10.59585156262379 8.447142602670883 -76.46959239720861 3.129580480933578 6.516692825107869 -89.31120596663821 0.450700904893697 1.794110674432616 659.1741953640325 0.4615917391168419 -1.293065517105603 659.1804052525905 -1.73061170805561 -0.3925731023110062 -84.79827187012965 -1.030538356026756 -0.6681623624328634 659.8418191836225 1.245367033072768 0.2250789738939528 659.8662077713229 -0.4967052356772225 -0.1427654599849174 657.6858251833876 -1.862681615583581 0.4032624399540563 662.1350758794871 -1.227853222544538 -0.009957978049307653 664.7671546950977 0.5077687760317379 0.1602636124520862 662.76389482531 12.26576146019852 -9.784544576951294 -77.08583670224019 14.25799118090848 9.594353939181492 -93.81061835173141 0 0 0 0 0 0 0 0 0 -12.9142986996572 6.213537084699469 -89.7034073804695 -1.432555929635933 1.587675595027825 657.6477429678503 -15.11743729506463 -7.280195231921559 -92.47449175329838 12.93938027302473 10.21319553081693 -92.04211245123429 14.31172133327983 0.5518350430536638 -96.11736395233548 -0.3778472398006765 -1.115196008275919 663.3595135913381 -0.3104075625684594 1.380713373481545 662.8879207575886 1.624031041205281 -8.835964606934464 -95.0246773725554 1.009770277015723 0.9973950002667263 663.3675328736384 -0.8460696521268887 0.04423152741094672 662.1650516991821 -0.7645553390744902 3.12877798888818 662.062503185796 0.5337135014364859 0.8217837501646313 664.0523261703485 -2.15829977654789 1.495701418185434 666.6970143349412 -0.7427639964331278 -0.1504158015408779 664.2447910578852 -1.631904632965962 -5.20322665262831 -35.42436423540971 0 0 0 0 0 0 0 0 0 29.4565548988486 6.519881537811204 -66.74399657556276 1.24696744432897 -0.5927912171311011 662.1197371157152 29.81258251715574 -7.803178462652888 -66.91612540180289 5.444852281713009 -12.00631756326122 -31.53131297484516 -4.448784503964994 -3.834947779608385 -24.31976170263762 -0.6854199496115699 0.183588714875669 664.3470141239111 -0.6839608160319882 -0.2241320344138487 664.3497908553078 15.12178469172448 11.67395359983057 -17.38498687685229 -0.1389024053229909 0.8781023775238516 664.2060850639291 1.064924166249626 1.287724094917815 663.8748843932383 0.8095253929374079 1.622273013929106 663.9568939035161 0.5731285940408751 3.320430575817911 666.4252670623578 -2.512405207838052 1.34013860295781 665.4911677532533 -1.145068490149276 1.119989521254547 665.834610414231 -3.527780675788067 4.367188872770314 -27.39494923018609 2.486685599998007 -10.72033265840253 -30.7818000765419 0 0 0 0 0 0 0 0 0 7.856780538681915 -12.07492922662866 -31.62954364151963 0.9484554527426559 1.343277985536975 663.8988798228743 7.339055570692772 10.05396784364603 -31.49407274869658 3.319549312611235 3.150689991297077 -15.68627295410496 0.5279857242518151 0.9794099722064574 665.4253677330939 0.5355486111494521 -1.002527323802964 665.4283070482217 -1.236447381543641 12.77025499460282 -29.06550709304282 -0.7161439648585766 -0.4163471401448228 665.1828536344501 2.273725648462505 0.14210394068773 665.0998015850265 -0.4409579456939596 -0.08653769439562381 666.0274196997251 -0.6913534874958152 1.834122428295234 668.6583226605876 -2.508320688902537 -0.05528238563740451 671.3984818804349 0.9300520122532721 0.004906979346453224 668.900868999639 6.390701335814689 -3.614294916636632 -7.117476474504438 1.757532924498446 6.747371601441253 -6.367672682730967 0 0 0 0 0 0 0 0 0 -3.850988986199122 3.250205642690739 -12.6031750683621 -1.197568947542637 1.81863275670702 665.96945817951 -3.45813840008643 1.161907768199206 -13.18879900057109 6.982522711139472 -3.162987972460195 -6.485255241997583 -0.3019855467980803 -1.370179783545369 668.5889973175433 -0.3728926955916097 1.51971066356072 668.8909837519826 0.5138750089034012 -2.339170838410544 -11.45332625680003 1.699058962867139 0.998632170148304 668.5800782856772 -1.326924388495633 0.711923739135556 669.9867075757202 -0.5934341120194153 2.133993232888709 668.6359002779444 1.720500096495466 2.760169084639242 671.0396429649206 -2.937023964358646 1.582647154803889 672.5722250501816 -1.409043051654882 -0.2338673529461806 670.9870323893747 0 0 0 0 0 0 0 0 0 0 0 0 0.01786965340358885 -0.1942448384739811 -0.1568275473172468 0.678463269323445 -0.3791454388784787 670.0540481801909 -0.6777196881436521 1.283364948299076 -1.481493862076062 -0.206108324823996 0.04864158201238378 -0.04161210899827791 -1.003879444636606 1.043501965017136 670.9851060468551 -0.9985294551627641 -0.7124120320249185 670.9847524729355 1.278457278488416 -0.5841998749251517 -1.213861258847088 -0.8241715699421968 1.255833697000088 670.9755924110774 -0.007745215529070029 1.413184070643251 670.9791810586775 0.8612227761440091 0.1921208340455407 671.0302260228679 2.134244656531628 0.421878653185816 667.7248565928137 -1.839424981403632 1.633066124421819 672.4388466144028 -0.2832059145456534 3.407661696748573 669.0479037176547 0 0 0 0 0 0 0 0 0 0.004565296129296856 -0.000542821557986887 -0.006169402930261963 0.4885033453019582 1.137362204628542 671.0042016033443 0.0009433311316467424 -0.0002226262264952808 0.000190453238145881 1.310193192287353 1.938926259375108 672.9002849902477 1.3096572372446 -1.623346783671244 672.892948059944 -1.240469135046893 -0.7665525822129289 672.4262599071275 1.084675435090896 -0.3497208555833619 672.4710705552345 -0.4340303638724878 -0.9464790053244787 672.0833789400833 1.154794872070014 1.056465420508001 669.3575973783408 -0.2677394345556065 2.747771648065247 675.9184594779545 0 0 0 0 0 0 0.003428475945391186 -0.000405914911278802 -0.006932725366574609 0.0006975311967241871 0.000371585388370936 -0.000628726804224027 -1.244420110136265 1.171072959070165 672.0237612807923 1.32606837778829 -0.2846084323591358 675.249708868919 1.327985009775765 0.7579770582314923 675.580297503178 1.23302413488247 -0.3939578506818706 675.2623406046189 -1.685918788572922 -0.9273588705107955 675.7923143819741 -1.37334961575882 1.15124467068405 674.5007751250554 -2.479712794863255 -2.091475598660899 674.3862045910712 4.990847199373162 2.414592296513176 674.3461209769424 -0.3225762527640781 2.778443167571029 675.2468619290761 0 0 0 0 0 0 0.0005444755748534333 0.0003171478545150529 -0.002053347767081591 -4.160126392746162e-08 -2.216162070715253e-08 3.74977203078927e-08 -0.3384479351367821 -1.685931020906208 675.8357218707633 1.336164894675098 1.141589775806017 676.3890054357541 1.335918707959734 -0.5306052811430315 676.3883451208849 -1.829021916284125 -1.030978023819124 678.9449678571311 0.8947763621372866 -0.542717430205217 679.0224063630903 -0.4248193672950527 -1.863365750256576 678.6658093398324 1.315670532855704 -1.388723777942817 682.9174166950476 1.064258138634132 -1.542722070326392 682.7883333819464 -1.081919408862145 0.1978796471525564 679.3975731718114 0 0 0 0 0 0 0 0 0 0.0005224019315775303 0.0009857012911491843 -0.0008013852598296546 -1.936435754149751e-08 -1.127941221238714e-08 7.302762907134433e-08 -1.376605391939994 0.6203923819668913 678.6328841068863 -1.591997274777656 -0.04626214386136784 679.0802675938484 -1.613254455039022 0.8672695709025683 679.1065307318722 -1.626685255261285 -0.08754415132406705 679.1026158690065 0.3457720004939487 0.2475934018717704 679.1424363312774 0.4610577601687139 -0.795136670201944 679.0434383848251 1.055482874141015 0.8610133446464892 679.2222166434213 -0.3102882476571712 0.07615903389170008 679.0613014899055 -0.2495276272555922 1.123031409748984 680.2841419445135 0 0 0 0 0 0 -2.124466854070366e-06 7.695970686082803e-06 2.333399845360237e-05 -2.693918795083028e-08 1.054335980315337e-08 3.612111871549442e-08 0.02959638786671209 0.4301835698513302 679.0581481212736 -0.6780136992455295 -2.899955586825533 681.997342472164 -1.252079128215491 2.271910805714935 679.8882757230522 1.270794702259143 -0.5873596186308532 682.1032038411431 -2.458638735447997 -1.225530108648889 682.0497866987429 -0.938221492011636 1.759203992826559 681.3389820666034 -1.445966384100077 0.4650994653710312 681.4920299909003 0.6343753112440927 1.620413391546926 681.0103179442295 -1.186282157095775 1.84335328199635 680.4237271932404 0 0 0 0 0 0 0 0 0 1.944042074065772e-05 -1.643267489025856e-06 -2.825963788127456e-06 -3.450639629274357e-06 1.157576063508229e-05 1.807937988617939e-05 0.6182592006484736 -3.044405893180937 681.9678970212386 0.4094074021772036 -0.01319361690444097 686.566537716978 0.4657715564572896 -1.941448153374371 686.5473945505775 -0.7870692164338789 -1.892684571547655 684.9229710329975 0.3620976516685784 -1.696526567100966 684.8519418733581 -1.02250644363769 -1.084971658039636 687.2118742420477 -0.1481422891612972 2.355536002956084 683.9823863465679 -3.258404270023929 0.5585543276694936 683.640456225642 -0.3075853253346608 -2.137191204564834 689.2088541752859 4.233202468393685e-09 -3.021805022005724e-08 1.783326876050963e-08 0 0 0 0 0 0 2.156517720378687e-05 -8.852021591970995e-06 7.65398329573626e-06 -2.125436571183773e-05 1.82550428404464e-05 0 6.815933899275729e-06 1.177189777508628e-05 -4.014068445776346e-06 -1.434612793537212 0.09843496756343757 687.098514268976 -1.186734795586248 -1.129658092377263 688.0311109293325 -1.776275564118367 -0.4951280758142961 689.0111473807165 0.564617066622453 0.9299038925178407 688.0758567201295 -1.352946867668637 0.6824758415095046 688.1108007886551 -0.889988373699123 -0.8577999887165836 686.681226554787 0.2999715133461154 -2.255117603293165 688.443778066539 -0.475953644702896 -2.177331811416753 688.1056298167798 0 0 0 0 0 0 1.135904224390906e-05 -9.669750702782549e-06 -3.940221987003642e-05 3.079446373354916e-06 1.40249498956262e-05 -1.464729902277159e-05 9.049428455838948e-09 4.189072219678e-08 -1.318355834541133e-08 0.2091991541144944 -0.2413627899393972 687.9989769915784 -1.841131799824179 -0.1935187702445271 687.8052123261591 -1.834710102805458 -0.5824295558724615 687.8548225234471 -0.4795007216144722 1.345741105348908 687.8101652078757 -0.5758827580819157 1.32975350383247 687.7926926849756 -5.962448351852708 0.8612779135561565 687.781427626949 1.3659389832345 -1.604763056237647 688.1333413963922 0.75481073731115 -0.04111467830044774 689.4155547099682 -1.232102021196368 0.1795516947949607 689.0988168421586 1.636885154209806e-05 1.61985495513896e-05 -1.866333751449256e-05 0 0 0 0 0 0 -2.453798929794994e-08 -1.855778605487856e-08 6.672121122604632e-09 -1.784519756444385e-08 1.467821695144838e-08 -2.561737698425741e-08 0.5248417339343466 0.6908005338165004 687.6895313935914 1.265510835840114 1.078060237785526 690.1538822281348 1.264903715198499 -1.761777589987143 690.1956070941417 -1.43507429417255 -1.549099151437888 689.4928509972033 1.300177305494224 -1.085380553310585 689.4493539497121 -0.5976439918505367 -0.9333203470975092 689.0685059149477 -1.525929846408279 0.8486461701464278 690.9170426717068 0.9042883212849764 1.319663392184397 693.1994364892322 -7.959296264228986e-08 1.228060800639989e-08 5.948524975783094e-08 -0.5168255999109129 1.488308278860642 690.9396976101488 0 0 0 0 0 0 -1.06380867824494e-08 6.168559761396731e-09 -5.000536970581242e-08 -2.810354842258202 0.8680586873713868 690.2225004828308 1.338467633235707 -1.459440178766844 693.4330461226069 1.330548092398218 0.8163598384721539 692.9643006833205 1.793269292190748 -0.9397669448166049 693.3827624330964 -2.307111203377748 -1.624469405137355 694.2793139412423 -1.556908993807791 -2.333988558162648 690.065711614351 0.02701945173530777 1.661347898987604 693.6630208417396 0.1102921101162522 1.651465356763944 693.2937662671679 -8.071214374131624e-08 1.509756018258417e-08 5.763918858061803e-08 -2.638673334582296 -0.1154565731674743 695.7031248982618 0 0 0 -6.682802554429644e-08 2.134323357203927e-08 5.037072673575627e-08 0 0 0 0 0 0 1.569825500444893e-09 -2.950672461934975e-08 1.1380183331463e-07 -1.054100792802496 -2.336559547006667 694.1744712056654 1.380120392345577 0.1353653377339815 694.8029662217148 1.379827592459414 -1.088846781549839 694.803920842807 -0.8280956825879486 -1.330493234092028 696.659722648528 -0.07068526222295961 -1.20208179727253 696.6222570167876 -2.244545587096449 1.093942807659304 695.6582918324702 -2.65822321340045 -0.2585278212102859 697.5641900804231 -0.2620996283858271 0.5493157828318759 694.5690095043789 -8.503828460669053e-08 2.004321583589146e-08 4.077215655590021e-08 -0.9944887263510857 0.7959440331573288 697.6041473180203 0 0 0 1.442678369701651e-07 -2.685320198638963e-07 3.114433707637856e-07 0 0 0 0 0 0 1.84836471224617e-07 -3.263246586376073e-08 5.914160051092592e-07 -1.597299340029628 0.2410866036409149 697.7756126398363 0.9969818582085092 -0.02353769052437482 694.2021010402744 0.9971019801560681 -0.9285634705978981 694.2026265069695 -1.128758641437686 -2.517762856787652 694.1806422398657 0.5572529366584889 -2.205416546877549 694.164165399505 -1.317165020927138 -0.4743654457767464 697.7541749057054 -4.398326037823939 1.004890316006702 694.072263776441 1.250360889539696 2.778374548792272 697.5292826905269 -9.498955227635094e-08 -7.345963748745343e-11 -4.95924480088737e-08 -1.39398374470136 2.936705148255476 694.1055005135748 0 0 0 0 0 0 0 0 0 -3.719396053299342e-08 -1.097212187075747e-07 3.13760472547716e-07 2.191432962120133e-07 -2.086703832705331e-07 1.235782997496051e-07 -3.935741428035443 0.3012426715247367 694.118268336071 1.805551381822981 -2.634441530938151 696.679116872102 1.902043355763802 1.998417469004408 697.1434906364224 1.658556033800838 -2.808577719150438 696.6732320661794 -4.553969571846373 -4.918602580898388 701.0434506603888 -2.996882132631272 -2.038834311420261 694.1083037499571 -1.324827027660269 4.407671847456735 699.3663841103117 -0.5828146010459454 4.319520615836527 698.9738286938373 -2.411394061880726e-07 2.68996581785087e-08 3.744468004899009e-08 -8.183279903908511 0.7332074937631664 702.7245184748875 0 0 0 0 0 0 2.202115585685759e-07 -2.085871769434893e-07 1.241324053884462e-07 1.327106432438423e-07 -2.688598109005275e-07 3.571622401682413e-07 -3.309887846280223 -5.595682213985183 701.0079705574148 3.313985466009767 1.194360191639289 702.3883841156085 3.314669753626645 -1.51080677134034 702.3994774679499 -3.764528263997482 -6.13304982158348 706.2895470029878 -0.8403531492507436 -5.593864217287217 706.3184091350088 -7.327948224676403 3.447448247562127 702.7778788415512 -10.17892197476199 2.074346369982501 713.689095490736 -0.7815569063641098 3.518297130523161 701.0190632344681 -3.950480324167403 6.098159933797956 713.8317612889242 0 0 0 0 0 0 0 0 0 0 0 0 1.259893308092388e-07 -2.664165338022213e-07 3.382242236152329e-07 1.822484806805506e-07 -1.937686734792706e-07 2.994531047313814e-07 -8.157025710175276 -0.3011146922949984 712.463407915611 4.778301413945849 2.202045882407995 698.5277490512192 3.538959749232917 -1.67429559167549 700.6780798519175 -4.446275429846383 -8.757700855529544 698.6820031128125 -1.977612037437341 -4.07382866211305 709.4921435537253 -7.058058744985098 -3.018559872629634 712.4093216355748 -13.26386903382981 4.269102097506458 704.0018121941921 -5.398112958296412 3.225136757434224 703.9751575985225 -3.766808265624412 4.83184513735637 715.4288396728098 0 0 0 0 0 0 0 0 0 1.884861492443818e-07 9.707260563129226e-08 -3.04103913928009e-07 1.25728899865302e-07 -2.637827686990224e-07 3.491430543503575e-07 -2.851172659834202e-07 -4.653410250853028e-07 -8.188222861028475e-08 -9.958339260125506 0.1413667170060285 708.755618884274 16.22492300700231 -14.20003720695849 677.6123528600547 15.62441078272378 15.64728639457772 678.634834063322 17.51672426488421 -12.66280908135763 677.8246755475774 -21.78058817871451 -19.3899394350196 678.9217709110895 -5.690398884964847 -0.9927644302567453 714.738045390376 0.5897707748838092 25.02756850865783 679.599399668713 7.162271058281409 24.77227010274289 678.8124664609272 -33.42686491404334 2.592468385374138 679.9271228680801 0 0 0 0 0 0 0 0 0 0 0 0 1.851362957878911e-07 1.586009071909108e-07 -1.087210485547408e-07 -5.628979756913262e-08 -7.082959380558069e-08 4.181480925993247e-07 -3.753376795458688e-07 -3.547941364574455e-07 6.045082103356257e-07 -19.54432658679046 -20.79695297539072 678.602346748355 47.62977952258067 2.311955297920843 721.7402489595634 47.7311870863401 0.02015190486250521 721.7378089525849 3.170407687809813 -45.22553430245772 709.5170051112077 -9.395787427844311 -44.89923412691356 707.3218999236476 -31.36258901967188 9.977103052264733 679.9435286807438 -33.86744105689056 37.91109973134942 715.4590072937137 11.97434800836058 43.70157365856002 735.8745672967868 -40.67926614625976 31.1131035015982 713.2266354209071 0 0 0 0 0 0 0 0 0 2.029424007097003e-07 1.546237632876778e-07 -8.607196993628323e-08 -7.587640369082557e-08 -2.09817238052083e-08 3.994861850452162e-07 1.147037109628338e-06 1.539579629328986e-07 9.388362182854379e-08 -2.253768973476901e-07 6.785411209329028e-08 -2.319479554077998e-07 -41.53490497112139 -25.40831291696155 710.0003822045198 47.49237089419206 1.950461314694291 721.1512706296185 55.14814628595303 -29.09318890391252 668.7786839982094 0.1815211804973513 -42.15820220635275 694.0645421670387 -62.7212380612321 -66.43961061501068 803.0314484964539 -49.41805698644934 -3.289407888032151 710.1068179765073 -34.22813996727233 35.22538305786868 706.0205779352324 -25.79417915932287 68.34899656920659 698.2563020223078 11.90177389201182 43.66740919407822 735.136805336321 -93.77840914096994 12.06361331183748 817.2782909823986 0 0 0 0 0 0 36.17917741176164 -13.76262213993052 725.4119185243092 -615.9259860836421 349.2744997698142 512.1304366871399 -776.7546398506946 -2.644320529801438 359.0233028963226 -538.9600538260117 -250.4368616809676 341.5074690285333 0 0 0 -7.050865662795328e-09 8.921436338989336e-08 4.35157018304058e-08 -1.213820250404655e-07 1.192674011390134e-07 -1.178631631494944e-07 -2.753069132735449e-07 -3.89324615406394e-07 -1.123205532429608e-07 -15.64630593806432 -91.49889875250852 792.3018349955919 80.97057246579065 -111.6194139579026 482.0455323217952 77.97876214255113 78.39214245940894 436.7809877058522 -108.6025165499663 -57.60125787496546 758.2605793317121 -72.12519813156999 67.79774751240434 804.9059771392848 -121.6169084719028 -24.93930620912719 773.8668487712946 44.21197117384621 123.869975352311 440.978366608673 -5.93249734061254 155.3455398363298 396.2943732051783 0 0 0 0 0 0 101.6676394262496 -117.845601632057 424.331242040531 -378.2680046370598 440.8116130320018 719.2498706355686 -704.2482769827976 182.5894372736569 633.8178069570888 -652.2764737108661 331.530592453171 500.3479169633256 -636.1184295206185 -364.8798277929111 764.5512306371536 -375.2679682669067 -294.1924952468582 378.1362149251469 -456.2583135374493 2.838131594458454 513.7585029501807 247.5281022720709 536.4503616824528 476.2195703005607 353.9208647528814 421.1883428966203 559.138334474953 542.6749068480472 303.7050211657713 438.2580349265494 -257.5646998328475 551.2532889358871 650.9616817955798 -548.265874953609 193.6711662823985 375.3477208850806 -540.6838564196171 -542.1089734999603 382.3415002522461 -265.8144546833759 -550.2150325390402 368.1424121400206 0 0 0 -3.177213207969697e-08 9.785433946068339e-08 7.877888207316617e-08 -5.893128966129149e-09 8.92468633929624e-08 4.39601788985578e-08 -9.984828474624793e-08 7.041306020744508e-08 -2.127334440752117e-07 11.84164289555434 -190.3783607804267 496.3668894008948 633.2276552469325 -105.1239125074543 858.7503601162852 132.8947947781973 -51.82243681406344 443.1387686839461 691.2550982547319 69.7241307165752 858.804634215873 -53.82771483471765 -181.0250086537451 422.7126665259945 -114.6577365614015 163.5836217859702 487.3022564680761 -173.9487227894759 87.25585696824362 393.5360330875529 550.6969138411736 817.0047913011977 1218.364120615777 85.53365807085875 114.6205413388909 424.0820092375269 8.164467823951451 393.1339799795434 663.4122789262113 0 0 0 328.2745436528639 -354.4200056234299 771.3829785304611 -294.4672204790248 417.6844591705925 641.9205445325498 -177.3624691057658 339.7938367913484 948.169571824126 -411.7526654335525 235.268666164123 420.8566314093168 -687.44031179535 131.8363137987307 697.480024869377 -505.387659186134 139.9883344459377 378.6638467484196 -518.1566915021798 391.5727942748742 681.3286622609685 -685.3864778236302 -346.1380263334746 691.9219178081355 -533.8353448400959 -218.8409209581344 574.2601054386881 -724.3431806173774 -226.2342699562273 608.590521518574 -302.5063591814144 -229.8118280841211 457.2699592159483 -339.1677237193077 -65.71045541572728 369.3564369757244 262.7245775157324 578.1113153203746 516.1241802143447 206.9819804004032 254.1930662507512 794.8567487699178 517.3605571940723 275.158445073116 425.7513512609066 -121.2845553008427 458.0546464439291 659.8320983512053 -248.6487549889895 -648.7274861752823 583.6983057239269 -307.1152034478656 -420.4859643164201 413.592561905637 -73.34101900026783 -430.499338753052 466.5678411872822 -765.2578015550615 -738.0080825322975 1029.142315287699 -1085.455928442971 -5.533933674673368 1041.604030269538 -636.3232325462435 457.7191580112816 1027.854324790913 -613.7735155699829 487.1679592656374 1051.414913383163 -842.7067825973534 342.7262469873772 869.5619089939044 588.0119449551507 258.3798397493832 463.248380827824 -73.6807240646834 503.2962338147774 734.062074347886 -321.3771044837246 -614.5318039023796 646.0995275687316 -981.6073797904611 289.2933624537691 1222.479840999097 503.221941896154 287.0701960759511 458.3972836431425 242.0055545020744 549.4333446923619 511.9253037824964 -37.54605216699586 -663.8594554523032 503.672980426968 178.5451525907045 -510.1485599233902 522.8121218802562 212.5421063490062 -546.1045408178031 544.9774494332236 548.6681867961099 -225.7571493430503 420.0317335071587 519.6397682341092 -185.3742279562292 414.6557543201887 579.5888635658062 -234.659253249325 473.274740874704 506.9472613920174 -253.3991443169626 461.7317231601008 -172.152951439839 362.3560222460919 1003.236782943955 0 0 0 -3.56694701792374e-08 9.356854881913014e-08 9.881785174225048e-08 7.691181230306939e-10 9.590652093636336e-08 7.755273116127843e-08 2.107886414058213e-07 -6.364634042970469e-08 6.842308453649652e-08 -107.3627158553145 -150.7148409455316 440.1653365679106 616.9467659399635 -151.3886279547269 904.969099249538 417.9255445718826 -208.9816356117521 838.5115526396313 65.56354318095278 -14.71225869349132 464.8402284337333 883.4543140602837 653.3877578021971 1349.893271459704 -142.5312763476516 -737.8301759839983 968.1279021720439 -203.1329819054206 8.09051063715464 415.7843351462549 749.7151837566356 718.8677217802381 1071.804764814855 125.5940904538104 375.1105160051212 736.0592712850126 0 0 0 61.3687013671608 -785.2172669757099 1106.748907061534 -224.7101736267953 250.5868409326695 714.0559251436458 -205.7511003446146 351.6561026935748 942.0692155188316 -327.8157837750817 176.8201562966705 490.7141071492283 -369.0168953017843 87.82898404903011 487.0297100087594 -457.833089363849 -36.61102935518446 849.5127639810128 -872.3930504923242 -359.9501430423877 826.1465082271383 -342.7282482637777 -71.63797122129165 372.5660783404783 -711.6287069122335 -171.2687942060766 679.3034620685551 -242.3082738522298 -190.0307518971928 323.0479563746028 -295.6162829334672 -54.19335567048248 317.2859415116964 212.3673934169462 523.4892070844776 468.9018863971547 147.6184360290328 302.3039285371045 916.1287002226782 113.9961404362486 146.7380841547933 434.060652330684 271.0022121061149 145.0381087389828 783.2670902217448 -107.8143307840569 389.4901884973922 765.177857984523 -116.5385293630858 -580.8441729499 733.9612176887043 -192.6861532359889 -285.3516410705788 550.8602333210895 -96.53312366834129 -309.3798589538253 549.0506636096636 -532.1231232663268 -852.8022648921348 1179.502350707162 -1251.180591443524 -492.0982741562751 1234.746444949747 -699.0882934072705 371.8425225873215 1090.382045795473 -33.83090074049569 26.85246341813916 916.0781392944646 -56.43509421692887 16.63220805236378 981.8316147372326 305.5842032420142 140.8784098340631 890.4834789088388 -366.4578565748407 -510.546005109857 734.1704506921444 468.6931732119646 32.56957976862513 652.0416295349017 69.6603195788625 -554.8365320149419 546.5610768853504 299.9492564211057 -391.568149423979 598.9709659083161 92.69310417876657 -254.4977773793775 873.4129818455099 269.7615859608806 -78.63981594708537 768.4398922476657 297.4169075201149 -118.03834930474 883.0397975693417 470.3207463628491 0.6516829616047572 654.3058943250568 -199.2440683668628 224.6212725951646 832.5066197518235 -325.2873694424275 -762.1151171548745 913.4875245414536 0 0 0 0 0 0 -1.126417980258634e-07 4.740407209203004e-08 -1.414300224666934e-07 6.616165750195066e-10 9.501911004501668e-08 8.149132363199672e-08 1.511548037163469e-07 6.066405499331806e-08 -2.497054998334121e-07 -268.3774544692627 -707.7808646853641 1044.354972941386 -86.18411007657147 -77.56566400021912 462.8160238449246 34.45654793906417 -8.455072308554431 1019.885013246986 23.39148881476404 -11.69680019657807 1028.584022555723 3.607731646152458 -0.8095639542908379 935.2028082283555 49.77000899450361 36.80905063812379 1024.40134636013 42.26428691879578 40.5252985510341 1026.366548620157 6.944134408407501 20.73997137711368 918.4341947883106 3.36329963121224 -43.03367817155866 923.0511333878376 -127.0542165441295 190.2746861481863 406.9143487020905 -126.6657882728226 222.7250012203275 736.1670565235662 -54.78176130733223 -8.534010264335038 841.0928429993659 -273.8477609027328 146.0682658426107 385.7920171303693 -289.0348151809883 79.12862654267292 328.054614171109 -78.48644616235393 -64.66782066579347 931.2460170598117 -307.4564860437476 -14.1258300721448 421.9849688680932 -71.84899086175844 -28.25872191811189 1057.541244618311 -259.9017750594563 -294.0981923981102 829.8004784945605 -162.1050930149615 -231.2650647454248 418.5247981630662 -165.6518796121741 38.6310840104838 491.0658578696084 159.9933385294666 250.8180866149465 767.8059086329312 146.3956443734384 93.94536637799935 436.0125939816244 89.43299752455775 135.9183163303945 398.9680076160119 161.8442611021893 90.9379705099268 464.1272653891891 -67.9489924979672 258.7962098032534 762.085220155171 -164.0627565260657 -195.021528943001 349.472011288791 -39.51479766218841 -232.4821373393847 363.3194672892669 -30.23260422099579 -48.45200711255063 1025.712548324941 -40.33819128698018 21.45573734564359 993.1694308590241 271.3978663189405 88.96182820695149 802.8942780232977 28.33097634032782 -259.8251407378933 814.0311457586249 264.71065117557 82.48284685859545 773.9894917496348 172.9363251494632 -188.1770873313993 798.496770924622 17.79939160573633 -280.9847860550406 814.6137348373271 151.1266265542282 -24.86584824160921 455.4230265838027 199.9448165911619 -127.9732672149725 794.2725247832205 285.7707760960508 -46.72888518271198 756.8212047701936 72.28594676599188 74.39966724225285 816.3604595481669 -185.8358052218628 164.5562243886487 408.7710545517445 40.08011025971978 -104.7057151598022 496.5129810204763 0 0 0 0 0 0 1.266235570410685e-07 5.714335847097393e-08 -2.543395797670198e-07 5.302741576547006e-08 2.001101441441407e-07 4.25202418912997e-08 1.511627375915237e-07 6.138562957347199e-08 -2.450736106903958e-07 6.977684244487242e-08 1.667955460695122e-08 -1.113818857620454e-07 -15.30032067567492 -40.35090883177309 1036.482436903084 -4.741681457019594 -4.267511381906497 935.871239111507 39.93832101976489 20.88249342182189 907.81311552052 150.489616169216 -81.92480936881515 783.0606109410986 1.231635477464401 -12.9499099617013 801.2490009392839 119.8712772079793 81.05677634720692 834.7478660961797 -106.5206872494222 -12.63057531502782 847.7425408011651 -51.17013124797462 166.6935879713395 478.2477508076384 -61.69014300816035 38.17551790736503 830.9228953806444 -246.8675713112865 137.7791883080719 346.84261660748 -252.0489102820422 -47.07215863101667 335.7131707485597 -131.547411046637 -46.83766598263282 731.0519854236754 -196.9965472620846 -33.49858620463524 603.7244560888078 -61.57177527282901 -26.65078672125587 947.7018342436171 -194.0223844075296 -29.64472099691365 199.6703128594322 -87.92429007945744 -90.38843375490676 571.0229876240451 -50.05860786084529 -33.37689108074463 48.00246310342551 89.08499390174241 145.9855921956557 426.1520892586849 119.8898581206969 231.9980415605181 781.1642810991113 229.6355096578764 90.75539842365802 152.9768815971069 46.77566063286513 186.0375923673345 193.7811272515895 157.6149828022056 37.47589144053369 468.5402626107561 -78.13622592552683 134.2687798650469 420.4721561610637 -92.45384978550669 -242.6606662806128 190.5348510481701 -44.13794938888807 -213.0650290008749 306.8449221501905 19.50205578609608 -217.0863930195614 648.2318568292943 192.3854916422284 -2.721346040883819 456.7807403818174 96.41881288264452 -125.4171881495412 542.6734367976134 185.9714666804066 38.45607885117226 446.8815871728743 132.4352920516131 -89.54507457110662 574.8141376023693 -171.2539248140602 121.9257389193422 436.7878858000344 154.3188985175312 -99.8152696777622 115.9474462810893 11.0312382252363 121.28679226977 416.6103402263153 -30.2712300082159 -22.84326942344108 88.99844606172431 0 0 0 0 0 0 8.528572263468594e-08 2.27898080626588e-08 -2.114540505559575e-07 8.942736939630019e-08 1.880729789286543e-08 -1.997885098878269e-07 1.113165673455125e-07 2.513220978552176e-08 -1.444749876689093e-07 7.007262752959701e-08 6.110258484777862e-09 -1.813701539693031e-07 -36.15168044459145 -114.1501826167975 824.5970417338644 6.378588972400168 -11.37103201655218 800.1649814672344 110.3089934721312 36.43214056290059 739.6134443899439 94.72744262351505 18.39521251498524 717.6912266651391 -168.731516035443 11.62098068047134 184.5273731282063 -42.94902837407324 163.9239193114397 432.5963574822097 -52.56528717511833 -5.643483249250507 709.9062538690855 -160.8021508626446 131.7070610815256 432.2244224628957 -152.0222165756853 -85.13122509314056 456.4392059836982 -94.65873420241641 -95.17117544580974 726.404271618782 -153.4145880027914 57.35901181356383 267.6818273753388 -59.96740276266769 -13.55393582744538 11.15760193525422 -52.08687878645748 17.61135533663455 47.11610590305759 38.35135032611183 122.8746712917221 446.0823812711757 155.1502914866069 -53.91949056036119 307.6048579456017 13.14302244935256 156.6125410911281 222.6731152152353 151.1321976066484 34.15777932454687 395.3624478115644 108.0795878581073 135.0178034469355 155.790660640993 53.2883281517249 -218.6324952246021 309.5429973536678 -52.70390365347844 -177.2544905508565 320.7849809945469 109.0991689936235 -134.042797027248 345.0673043907872 -28.13564775243845 -133.7898047739719 407.2991597946408 118.7855742868497 109.0217846740734 224.0275688454675 112.6762040132136 -72.3283932198118 430.9938432450428 152.5062277841667 -60.30529209694551 228.9036720245551 21.84857257047314 -128.2520691642964 140.0647146906177 14.95595316886206 57.89997555843541 106.8509926468883 139.2430339463838 -119.6069857486969 82.34190621094467 32.65562330665586 121.4771071951524 189.2967224240978 -16.42984039642033 13.52442774776431 9.992613902763269 -39.09984917159426 -41.15996711097748 11.47778697451144 4.549676044106629 -3.745831130593772 8.986269734093757 24.76668704336275 0.7430777382159174 27.5803164982584 -9.174242189215121 -2.052481639258791 37.5560229706355 -4.510885227633311 -5.274242657948213 10.37123323852062 0 0 0 0 0 0 3.11389845719141e-08 8.860899788457576e-10 -9.570655719991411e-08 8.930291020259034e-08 2.35619379831598e-08 -2.101041073539007e-07 5.101738743018062e-08 -1.506309870398648e-08 -2.194045993163805e-07 6.675475376757568e-08 3.536584047196871e-08 -2.158594470366487e-07 -49.1656498666529 -76.04513051639466 693.9308727442861 -30.74813083727759 -19.955812969951 672.0372313730898 29.72415413819264 -4.220901384447837 412.7720499601237 29.69629029003105 -2.236896163542661 395.1853387195358 -147.0929835161199 23.42304834672745 155.3272499123754 -11.78881424082639 -38.47541577714406 499.9406512526274 -134.1345713743225 -50.17603314853484 483.019788359773 -99.17882688248699 47.48687112847135 312.6507189334059 -46.22435543725452 22.92150206393761 63.49427203532976 -46.98094300052042 26.94675484299962 62.504631866735 -28.90924870795477 177.5896284446179 224.8245578191448 1.295925346224068 16.80384582240096 23.84233473592835 105.6123401742693 -30.63632310074616 317.4179710596904 55.17140286531728 123.1672800940769 267.5935546454261 115.9044802661667 122.3799462819057 156.2537375140182 -25.01717821199066 5.922201672965588 83.09149189140585 55.03603278160368 -20.67091647396869 69.31751668789147 105.2024111611457 -125.969433450552 313.558162868375 35.48933664033542 -105.4292451912615 291.4239814066702 2.852194846394659 -132.8545614424024 128.2836879048392 238.6926302396874 0.8595179450664461 81.70944670667849 2.686875030782226 26.32709587918689 335.9571294509115 -18.24957288253389 10.21181146768577 9.619178319559028 -128.4728722893172 -19.61896866828294 292.4081292980046 -19.84667999924807 8.540047217616392 0.02795052544202838 -10.09894652312899 -15.89809218342429 10.8855778111896 7.570548711539635 -45.2922783060906 67.40616533483036 0.4006965726699669 0.5462478854484339 0.0006101500285697431 -0.7435319520762264 0.03027624829989232 10.54472523019136 -0.04108866468400046 0.673772079796942 -0.002440509726532869 5.490284557173163e-06 6.419381463826268e-06 -1.262302603920729e-05 -3.958852754792152 14.88266901749044 9.461631606265563 9.109977705498641e-06 -4.517410157562062e-06 -1.251356340606825e-05 -9.823412156220263 -13.15311510174418 13.99265199149743 8.186352825190218 -4.017045608270024 14.04854096254082 0 0 0 0 0 0 0 0 0 0 0 0 2.844088691993002e-08 6.065507949499522e-09 -7.376296356713748e-08 5.547117879630781e-08 5.07712201297448e-09 -8.187018728604763e-08 4.869306889281359e-08 -1.401891079506188e-08 -2.271120332468092e-07 -24.01331002282236 105.7931617060453 326.4887627269803 -86.55979156359707 -40.80819623731083 187.4492640879668 11.3162077289782 -104.8950261610781 319.6635960341737 114.59706011377 22.5989986056807 216.8650921601347 -75.07074415035966 -25.08223381739275 284.1137619531927 -130.3335356258263 11.28551101859326 201.9928948575586 -38.01925833796924 44.2084837914616 62.07875673739357 10.97417435097141 -18.49911966629918 97.64955559858369 15.27964521834786 9.984686962923536 -0.01874762745254074 15.06842730397424 -11.58688929401476 24.95347312806387 -6.328074851458507 20.25463436848381 0.1022502038387807 58.51091505457683 137.7900376884811 256.400016134296 -1.679402762153632 -3.154173917046328 -0.0003151615120240486 -0.5403199629537774 -3.526456865766482 0.149953744149145 29.92359852103128 -103.4107593341012 222.0890457109167 16.22287886492313 -124.119194861813 104.7029915871875 120.0175269199621 42.22655063368936 139.0498937972139 -16.00735229106443 15.64415754630716 -0.02889324631251646 5.509915447765291 -8.203464016108125 13.0947496367839 -7.695529613649284 -8.478991097723046 19.25768659155596 -2.362490010347166 -1.956655570538751 0.0002404298708206603 0.3913273109148499 0.5512012581846365 0.0165823179326888 0.2109239542793215 0.6910006470783435 -0.01507160807393952 -0.03908525316370264 0.6737114468551382 0.0009260692198665491 -0.7005857002164028 0.1060905869686254 0.01284768876736403 4.630374966088279e-06 2.591040558308662e-06 -1.915821246976488e-05 1.081510276488032 11.02372811900572 20.20332772280504 1.036628999167071e-05 -5.656399404662806e-06 -9.784481813683338e-06 0.8163774422741951 -3.1135951087814 0.1486602333423239 -5.906544271943635 -8.455470008575627 14.01623928482922 -4.552813691947276e-06 2.234066944956463e-06 -7.813050696926422e-06 -3.284584491065415e-06 4.890269358171419e-06 -7.806074699169692e-06 7.677056570792472e-06 8.458637363309119e-06 -1.921145870503106e-05 1.144592062758764e-05 -6.364615068858665e-06 -9.775225395550972e-06 0 0 0 0 0 0 0 0 0 0 0 0 2.742676058264519e-08 3.14470876380141e-09 -7.807119926212489e-08 2.632427036585909e-08 6.917445501715749e-09 -9.036752852736843e-08 3.993779312894905e-08 1.095481941489031e-08 -5.512454925002375e-08 1.011228414118937e-08 -3.759024478727695e-08 -1.085481511264735e-07 -79.21627519935167 -41.53068521355858 171.5199020186805 104.2800221393109 22.04201272356944 197.9452257053607 60.81612899487435 69.13924285406847 154.5980923982097 7.21823005816118 9.584521234729035 19.16903734108601 -98.27476414100595 98.92165794333715 245.2972792262015 -3.070614767613908 43.22553357405059 75.31008343007699 -2.188493353613736 1.216932934423354 1.869051560315453 -3.807281964266088 -31.56064018828988 95.75917473003898 14.05480671572755 -2.306728520041633 16.30191692565454 18.39180861140434 3.675656029647568 0.1168028227153619 -7.671045912131465 16.74434560199396 5.366572905807758 16.61423930428207 -3.312092000680816 0.1168028227153619 -1.719013102189071 -3.142226007836897 -0.05797129089785398 -0.4655433105504871 -3.552516801677324 0.05116985693136047 -79.75939645885464 -159.0857991806586 107.8123005166554 3.905574278396891 12.32772851270788 19.40992551109346 5.912127582618189 -7.061075792389802 14.97283731162006 -1.799883516034618 -6.595228509987486 23.60492961881909 -2.085011492221119 -0.0319435426761405 2.419371675404716 0.233855247501856 0.07123631494454526 0.6820461278789898 0.1940838066756062 0.6890838151464006 -0.0007947848012739037 -0.3637595529895666 0.06044003244533361 0.6466482015901287 -5.691375038855463e-07 -5.801162727308802e-06 -1.063186523541659e-05 1.377741685848929e-05 -7.861112572372527e-06 -1.475227951352125e-06 1.054035709183149e-05 -4.595572920872423e-06 -8.172045935048238e-06 1.967758917778093 -1.057046452185426 3.571429351798662 -5.425152840832413e-06 6.377177223380952e-07 -5.003644003764813e-06 -2.619632735315586e-06 6.526210928459071e-06 -4.834986442820176e-06 1.926178024469915e-06 7.058003536963894e-06 -2.526124401711216e-05 8.473963794686898e-06 1.298258667261789e-07 -9.832880087116714e-06 -2.74244943239912e-06 1.473196953460504e-06 -4.977471737113649e-06 0 0 0 0 0 0 0 0 0 2.773775567471972e-08 1.076329808505391e-08 -8.411604257192957e-08 3.522261963890818e-08 1.279290008329392e-08 -9.166500766239635e-08 -6.050585032700276e-08 -5.273409312498763e-08 -6.027230850947763e-08 -103.6517366751625 -26.68124289517079 147.8263633445213 -20.09076738024353 6.970817263619598 4.735333654546095 -8.73952250655057 -1.059511354733268 17.83436994033883 9.189635430211013 2.048219738872893 19.95934519885492 -0.93503210430671 -7.050447866931513 23.49794720545322 -0.08664354935383153 3.096104680160808 2.072547837614966 -1.003637855749377e-05 1.647208753899021e-06 -1.16410145502463e-05 2.990272853625779 13.93526897752393 22.6886369502528 7.010572108089667 0.1160854339396619 17.51073786073411 3.800636731524237 -9.296049638536051 14.26655267934064 -1.888695984452272 -0.2136167967915988 2.582251381292847 2.154872507464379 -1.129934589912076 3.310659046242474 -2.102028540840401e-06 -6.634936460120403e-06 -1.044666276751797e-05 -1.915218775083954e-06 2.28741764126255e-06 -4.85041277184228e-06 -8.051883958544974e-06 -2.452741803723216e-06 -2.3483570861556e-05 0.2454301867844779 0.06623717988906618 0.6795056232938089 9.012533495923815e-06 -7.156549052429583e-06 6.175684060903301e-07 -0.305446557754308 -0.01288825676335205 0.7301003449048595 -6.79372549737893e-07 -5.783101378007536e-06 -1.046651989638611e-05 2.061956250362824e-05 -3.079085581355601e-06 -1.038213707472012e-05 1.397447308368043e-05 -7.424460782536036e-06 -1.514996172611516e-06 9.858046539924337e-06 2.243712598864511e-06 -3.353529253792524e-06 8.201340159635466e-06 -5.05124321869589e-07 -3.322363527471383e-07 -4.377277015202556e-06 3.171944626750818e-06 -8.55915394659554e-07 -3.77082610307269e-06 4.442865560816867e-06 -8.433198712299544e-07 1.294459049834558e-05 4.165622773512004e-05 3.593627990802096e-05 8.299207936263483e-06 6.199962767272485e-07 -1.067267812886071e-05 -2.698179514383694e-06 1.455783655892115e-06 -5.035508344988557e-06 2.038095356394983e-05 -2.672689337453055e-06 -1.038302090876744e-05 2.406874995256878e-05 8.360919448658018e-06 -8.324965248939898e-06 -6.866464070274599e-06 -1.180351486448247e-06 -1.870145292764696e-05 0 0 0 0 0 0 0 0 0 0 0 0 3.824699915430747e-08 8.59967786460934e-09 -7.398905255650957e-08 -1.41891539401184e-08 2.914848351330702e-09 -3.40245820754026e-08 -8.466829568260565e-09 8.964351844079053e-09 -2.982349296583405e-08 3.073898944039948e-08 1.097804022107667e-08 -9.962470161492645e-08 2.12427330110077 1.999351904697142 3.524554902424316 -8.350937950736274 -8.246692145667689 15.22224365810736 -0.2724055738965938 -0.3913686811315059 0.6420748071365363 5.893314687073864e-07 7.144593795932171e-08 -1.202623532639555e-06 0 0 0 -5.426242140224646e-06 -3.124883976254692e-06 -1.164372383278679e-05 -6.870095083848854e-06 -1.137593275868392e-07 -1.715985974279873e-05 -4.310915226472423e-06 -1.052433689810084e-06 -4.867253070270213e-06 7.806487200519956e-06 8.829355299621169e-07 -1.067313772175651e-05 1.615036453968769 -0.03568448664342273 4.111560129044944 -3.277244223830511e-06 1.718464361705105e-06 -5.035025598399461e-06 -2.541264886234358e-06 -8.15221094756007e-06 -7.969663940970947e-06 -2.513664787163994e-06 2.080141357948957e-06 -3.160853445905629e-06 -4.401027276663962e-06 -6.04388679825277e-06 -1.967316966231187e-05 -8.432685628779564e-06 -2.275829726813135e-06 -2.334699483913279e-05 7.031874737467561e-06 -6.856743832855231e-06 6.36592588447475e-07 3.382814455220598e-06 1.427371832316777e-07 -8.085846567281762e-06 1.815750027773905e-05 1.872120410677876e-06 -2.33921979236362e-06 4.761222514638588e-06 -1.604926537400303e-06 -3.382614150884448e-06 6.534551914713552e-06 4.872763468893752e-06 -1.377001523857924e-05 -2.493077575543971e-06 2.651336231420565e-06 -2.912780460601902e-06 -8.523227080731156e-07 -2.583524989797186e-06 -8.038767424059183e-06 9.225335368557119e-06 -1.000060318684143e-06 -1.377331678252708e-05 -1.71738296345934e-06 2.948158914705558e-06 -2.801682314499502e-06 1.91873137172676e-05 -9.585975202476499e-07 -1.377576954084687e-05 2.002846171563202e-05 6.476063384120558e-06 -2.384608629052429e-06 -7.562075267132657e-06 -1.33622200881918e-05 -5.116210362575568e-06 0 0 0 0 0 0 0 0 0 2.066178928918638e-08 1.823551690857432e-09 -8.234887863758943e-08 -3.069924599996274e-09 -6.527278481955192e-10 -1.629022989753313e-08 -4.605034022327187e-09 -2.041099285579794e-09 -4.040983559420822e-08 -7.856045875750604e-07 -7.394058135989821e-07 -1.303460575939029e-06 5.052778095993212e-07 4.989703633752324e-07 -9.210297068579601e-07 3.238286995955438e-07 4.65248964110214e-07 -7.632819213787905e-07 -2.831638923393908e-06 2.133107488707875e-06 -2.830103650501438e-06 -6.356688930795091e-07 -2.871909925298185e-07 -8.377109013051234e-07 -4.842747283011404e-06 -4.359594683191404e-06 -9.349608185868046e-06 -7.376963115973315e-06 -4.07010264984139e-06 -8.582653171099587e-07 -4.926838337775145e-06 -3.568827684155955e-06 -9.349608147712317e-06 8.698073262364576e-06 8.951780852941338e-07 -9.327838669619391e-06 -5.90922680669934e-07 1.305653036737558e-08 -1.504371079191653e-06 -3.940898100260896e-06 3.321087040418166e-06 -3.533127753586679e-06 8.755241968719858e-07 -8.172718676140913e-06 -3.946719971290334e-06 -2.487498518195974e-06 2.18401502909261e-06 -2.978615373607035e-06 -1.084078067267391e-05 -8.731423260805028e-06 -2.019829827666087e-06 -1.815085871619e-05 -2.939757665387536e-06 -5.870103437541168e-06 8.410721426908249e-06 -3.743768831241967e-06 -3.888674570198278e-06 4.203485407146099e-06 3.24981521683175e-07 -6.702804609412462e-06 9.525223897516272e-07 -3.683460714072227e-06 -2.365484842610665e-06 1.908559464952242e-05 5.162138420035346e-07 5.285297949143407e-08 5.729699512741526e-06 -1.314593551611959e-06 -2.484830741164287e-06 1.416006691601877e-05 5.596571625713538e-06 -3.540183149612347e-06 -2.143742278386161e-07 6.033416988167855e-06 -9.190068257045402e-06 5.141747570097808e-06 -6.710365635177654e-08 -1.922737042627673e-06 1.742752196086498e-05 -1.702709497034875e-06 -3.643141473003503e-06 -5.73415844755799e-06 3.642396439252994e-06 -9.247026839999822e-06 1.56421063681201e-05 6.376572692765663e-06 -8.318948112306856e-09 1.860993964066256e-05 5.888872542694759e-06 -4.276330726074477e-06 -1.029355468868724e-05 -1.249044556824295e-05 -8.001127479743133e-06 0 0 0 0 0 0 -2.542526994422315e-09 -2.110392688859819e-09 -3.530290416239657e-08 -2.927857327228181e-09 1.654745130838565e-09 -1.753345538519809e-08 -3.08491098900668e-09 -2.470085406776407e-09 -3.730855084137977e-08 -8.27911010048297e-07 -1.629783443779958e-07 -9.438439277004647e-07 2.48992951580878e-07 5.512992406381818e-07 -8.17103146433885e-07 4.367160703745883e-07 4.785242350290948e-07 -1.006351010664801e-06 -2.916105832552605e-06 1.99978072337438e-06 -3.027491422514457e-06 -9.711322062985404e-06 -1.226265743949048e-06 -2.411970990179587e-06 -7.412582381545113e-06 -5.50362430176708e-06 -5.232504914573087e-06 2.422441174760625e-06 4.838586979089497e-07 -9.38634187965714e-06 6.650318093325751e-06 4.048081360947524e-06 -3.654404718318886e-06 -5.299904832408209e-07 2.777117856873466e-06 -9.421905873383086e-06 1.436614237672612e-06 -6.298883628124715e-06 -1.037588692580927e-06 -4.09356980124405e-06 2.40008555286175e-06 -4.237926993163651e-06 -9.395240515291164e-06 -3.849965022215693e-06 9.284062483239673e-06 -3.47654377150465e-05 1.280323767618445e-06 9.541133022159918e-06 -1.185747458326334e-05 -1.230014190867075e-05 9.2624661434466e-06 6.538588812423693e-06 -3.364324998028354e-06 -1.119104284943741e-06 1.552740667326002e-06 -3.526178615974813e-06 -1.425624290486398e-06 1.709278448807415e-05 -7.922985021663474e-07 -2.283912179373636e-06 5.851938266881919e-06 -5.9553736639598e-07 -3.75230500131873e-06 1.314836326819518e-05 6.715040663082619e-06 -1.964975341002948e-06 4.850400984053378e-07 7.147405082195634e-06 -7.01546222796435e-06 4.877946006910973e-06 -2.029642732678874e-07 -8.525367266046634e-07 1.7433123156969e-05 4.471061796613726e-06 -1.200647038990199e-05 -9.899502791679735e-06 4.309210022782529e-06 -2.686116523076136e-06 1.881384055155682e-05 5.473085897636825e-06 -4.786745632797929e-06 -1.296221468695023e-05 -5.158626113837933e-06 -8.004553454333627e-06 -1.161221662132112e-05 -7.92968767825563e-06 -1.818009384763887e-06 1.368470492988754e-05 6.49931953027516e-06 -1.204840243303564e-05 8.348192572228831e-06 -5.278521723493005e-06 -1.393615886639444e-05 -9.91648251108935e-06 4.268146968273795e-06 -2.642519663993056e-06 3.424057308749814e-06 -5.415835213684767e-06 -4.636860872032212e-06 -2.454444578041901e-06 1.072068964865018e-05 4.79452027874771e-06 3.441326115737298e-06 2.856930102490199e-06 -2.49955409947954e-06 3.034621382560987e-06 1.298804022119503e-05 4.663397775196743e-06 0 0 0 0 0 0 -1.091317183277241e-09 6.861214016362976e-09 -1.589270308849259e-08 -3.292137443760741e-09 -6.744602078390932e-09 -1.934375829208779e-08 -3.265647265286416e-09 -4.82124248503348e-09 -2.78744624685161e-08 4.358150639003751e-07 1.13313904946974e-06 -3.780202241014833e-06 1.913380970227265e-07 5.267367029340897e-07 -9.130524751567934e-07 -3.435325402645528e-06 2.950815726021013e-06 -2.729992883455093e-06 -9.427575201014042e-06 1.032857197000595e-06 -3.21349598647707e-06 -6.305763833952972e-06 -6.305230175760083e-06 -4.238976527327219e-06 8.176450046215413e-07 3.654915234896123e-06 -3.727618939997683e-06 3.787994052336124e-06 2.027584874855228e-06 -1.68607506718868e-06 2.567015924563687e-06 -5.178521431463658e-06 -3.862580391170123e-06 -5.165639486020193e-06 1.245483319207867e-05 -1.684483883526843e-05 -2.017825805908246e-05 -8.296520893987014e-08 -1.50900979217523e-06 -2.513360096711474e-06 -3.60282401507562e-06 -2.047314865570031e-06 9.503961763427346e-07 -4.95699622065178e-06 -1.071039698059281e-05 -7.670685113864684e-06 1.87972951088281e-06 -1.117713850229336e-05 1.468796736794588e-05 2.782743620615214e-06 3.490527628738887e-06 1.26946835392332e-05 4.898702228166456e-06 -3.240466938320998e-06 4.44954780069505e-06 1.365070454332469e-06 -1.218051821905639e-06 1.276604234890338e-05 2.456859529337038e-06 4.958268176439647e-06 -8.648689650891381e-06 1.06594689184382e-05 -1.688799252055007e-05 -5.520778449156135e-06 6.629239019740266e-06 -1.509738033989727e-06 9.189153592251217e-06 1.058891599563684e-05 4.879657179992042e-06 1.463060801247241e-05 2.153390698077791e-06 3.49626902533833e-06 -1.299223353949561e-05 -5.094255958285683e-06 -8.123968039551348e-06 -9.186039189941627e-06 -1.359230817295144e-05 4.799290429217801e-06 1.812468121396517e-05 4.89468676763826e-06 -3.824198570608554e-06 -5.082817367057904e-06 2.536163182492075e-06 5.103541968508067e-06 9.866885248816634e-06 -1.405824351216679e-06 7.863958282716646e-06 -3.918020981590374e-06 9.522454393014683e-06 2.249613523317903e-06 4.338482867938747e-06 2.995375160579227e-06 -3.959286140122699e-06 1.134272506946785e-06 1.292688533532774e-05 7.85417225198878e-06 1.169737956625647e-05 -1.922824755873243e-07 -4.572581390254154e-06 -7.358298229468523e-07 8.443159809480723e-06 2.219035070789241e-06 1.0783325665677e-05 8.153846494356952e-06 9.619063669765859e-06 0 0 0 0 0 0 -2.352744264701078e-09 -9.371260818356639e-10 -7.666291925475137e-09 -1.210077189137983e-09 -4.069425299784492e-09 -1.750524296409662e-08 -8.008635341651193e-09 -8.363536229556607e-09 -1.76332120044871e-08 3.562568695486632e-06 2.620557853435255e-06 4.107543461770498e-07 -4.160696469316317e-07 -1.508028460361858e-07 8.05918048443166e-07 1.134677054784938e-06 -1.127736614879805e-05 -6.662722177156886e-06 -3.846647569563521e-06 2.913253984998676e-06 -2.352549109686032e-06 -1.185851165777874e-05 -8.254503325991294e-07 -8.123967971322964e-06 -7.938393723263993e-06 -8.331999255281642e-06 -8.123968010461682e-06 2.299571859510995e-06 3.245189373410961e-06 -1.522577562664952e-06 -1.405191377684599e-06 -6.677291919305131e-06 -8.491302114578665e-06 -3.750402103008034e-07 1.649443822942641e-05 -3.760451923634376e-06 -2.507056566382371e-05 -5.019538962381249e-07 8.218365931606578e-06 3.835768181008802e-06 -3.276068297803309e-06 -1.318007569517762e-05 1.509557250274062e-05 2.308134365824299e-06 4.297148933106858e-06 1.324477824675072e-05 4.790347172936035e-06 5.081897121751893e-06 5.11430449533086e-06 1.611826811281729e-06 -4.437403833466421e-07 1.301396971556509e-05 3.280016473655462e-06 6.15215597317543e-06 -1.111956303962707e-05 9.9278195873677e-06 -1.242295321031486e-05 1.105401503755005e-05 9.876857442551478e-06 7.94371703643478e-06 1.563081846311175e-05 2.787687872491539e-06 5.167451124334331e-06 -1.496615231663546e-05 2.346956516572119e-06 5.18163412167584e-06 -6.520226384193448e-06 -1.433221497821928e-05 6.951350409596754e-06 3.341700849588572e-06 3.889565332521662e-06 -3.972704565508359e-06 1.292117469653668e-05 8.773206685255379e-06 7.008278897870789e-06 -1.352046209410093e-05 -3.331173486503608e-06 4.934349743264317e-06 -3.351290276531718e-06 2.822396158431619e-06 2.166334873531222e-06 1.528617481441907e-05 2.963194668354787e-06 -4.433606634700745e-06 -7.863632920223216e-06 -1.510517092226587e-06 8.026563272567983e-06 -2.707272290517982e-06 9.534451723052324e-06 9.952966389641799e-08 7.715358766276398e-06 1.636894144964544e-06 2.387721239688402e-06 1.104235939049609e-05 2.197395987627492e-05 2.914696820468896e-05 -8.545542556093487e-07 8.528326784165552e-06 1.992997648537282e-06 1.260106404500142e-05 6.76181015017706e-06 1.36859149149752e-05 1.064678202161201e-05 8.321098785317558e-06 9.61670524650851e-06 -6.324640855111941e-06 3.913383981660848e-06 -2.368742970074671e-06 1.447866589756955e-05 1.783173592616423e-06 5.281295566496261e-06 1.390847972915165e-05 3.026260151984374e-06 5.267453957161997e-06 5.952696676714477e-06 -4.061234907090726e-06 5.290182285792776e-06 0 0 0 0 0 0 5.658172656344333e-10 -1.146084794183721e-09 -3.903028741055777e-09 -1.188397999127405e-09 -6.071845043586298e-10 -9.387795384072361e-09 -4.246088399520227e-09 -6.083590606043853e-09 -1.573723771711298e-08 3.004655913978953e-06 5.187076136102438e-06 -8.927528186777099e-07 7.652391405998253e-08 -1.439520109769053e-05 -4.132307517243409e-06 -3.417781716610047e-06 3.535813176214544e-06 -2.000458138507539e-07 -1.531998385510845e-05 1.221921954313719e-06 5.367034170706911e-06 -7.346724189109097e-06 -1.094777850902203e-05 -3.757053218395011e-06 2.253245512530084e-06 -1.468497909652028e-05 -4.953818115117723e-06 -1.607918855279981e-06 1.604928901377995e-05 -2.196823396483646e-06 -2.504380080887104e-05 -3.781856746049077e-06 2.117480539079443e-06 9.013596905665769e-06 -6.124930423410473e-06 -8.504785428384152e-07 1.531654111017977e-05 3.333585889858839e-06 4.514691741868713e-06 1.003201884885392e-06 -3.386344656033032e-07 5.198926654172545e-06 1.194464359524152e-05 4.383009848137348e-06 4.99051984609243e-06 -8.95281774853361e-06 1.219286861129192e-05 -2.872089494821662e-06 -1.303297603965557e-05 4.12357341033223e-06 7.556910074036969e-06 -7.852126751121277e-06 -8.906099900691847e-06 1.533625909222118e-05 1.627031385081198e-06 8.980084551973586e-06 9.401796743163206e-06 -1.203415631273297e-05 -9.487403764711761e-07 9.331857593835995e-06 -1.881463996902394e-06 4.919274653727141e-06 5.675993483685692e-06 7.021020480046655e-06 3.561571230483254e-06 5.214268214006625e-06 -7.938447509849257e-06 -2.711465622763738e-06 1.14175139281123e-05 -1.908555128466158e-05 2.717618432461051e-06 2.669291161908509e-07 4.058876529988369e-06 5.011893730237364e-06 1.130602062324913e-05 3.183555665580837e-06 8.16987340048337e-06 1.163326360517194e-05 2.888931889356255e-06 -2.649431122492026e-06 7.347828646552457e-08 -1.030810903726799e-05 8.647345975055364e-06 1.770473175132961e-05 8.639630950206746e-06 -4.655404216016606e-06 1.868174047198866e-06 1.983576832063086e-06 7.69371335313351e-06 1.351978697456803e-05 1.262436688644923e-05 6.718699489219151e-06 1.361587618122996e-05 9.767929201193377e-06 1.006371549821422e-05 1.2822645564043e-05 1.111103429960295e-05 9.324755273443697e-06 1.773818057851942e-05 1.578029064495875e-05 -9.332368641218622e-07 1.293120302224522e-05 6.155190535328719e-06 -2.552213958894341e-06 4.120196076762819e-06 -1.839966644441523e-06 4.37052006507411e-06 1.366096027905439e-06 -1.035169990921966e-05 -1.562292179458713e-06 1.110861260125617e-05 -7.58881363331996e-06 8.311034637965114e-06 -3.269065525190208e-06 1.106198436974177e-07 -4.235901090713028e-07 4.242301275891923e-06 -5.49890458518856e-06 -8.092592569516027e-07 4.265724778476999e-06 -6.17727002171564e-06 9.351276919195234e-06 -3.19928285871082e-06 0 0 0 0 0 0 9.63647399632991e-10 -1.061163172225229e-09 -4.274357830033732e-09 -4.597901711490139e-09 8.554367957864512e-10 -6.423203422035299e-09 -2.463262884231351e-10 -1.147078323979527e-09 -4.48906704803502e-09 -9.151173842638812e-07 1.241798106267685e-06 6.011615287376201e-06 5.045308348460694e-06 -1.200772111467323e-05 7.094908358043178e-07 -4.478574251714654e-06 4.215036286073317e-06 -2.18615526493073e-06 -1.725688135784926e-05 7.989116699922018e-06 -3.639693312374741e-06 -8.185078390073343e-06 -9.869722795562861e-06 -2.204162263805273e-06 -6.144449365393361e-06 -6.707399450847399e-06 1.332776573193652e-05 -3.81310116700129e-07 4.710430602645676e-06 1.090069495151678e-05 -1.259187065184969e-05 -5.851316612719871e-06 1.47639256741385e-05 7.694631480638069e-06 -1.516959005941775e-06 1.778710697814425e-05 1.008731527235764e-06 -3.982907962493031e-08 4.974864594524263e-06 9.996204943569117e-07 -3.55299728647999e-07 5.195390160778912e-06 9.903797196994383e-06 2.847188828285491e-06 1.287807171428496e-05 -9.115434705029368e-06 -4.108372709426414e-06 2.154417106461133e-05 -8.806473757528613e-06 -6.768092465429271e-06 1.259218114212335e-05 -8.723338434005983e-06 4.159539244293885e-08 5.150230231604246e-06 -1.142153800203893e-06 4.774985122470748e-06 5.590294073369508e-06 6.833417734576357e-06 2.318362476223124e-06 3.509667401174606e-06 -4.376485182682453e-06 -7.452077628149798e-07 1.484344407196432e-05 4.572254155183886e-07 -2.024603255114212e-06 3.598877961370446e-06 3.979140959704395e-06 -5.787400375831595e-06 1.104061740212476e-05 -1.960905790261823e-06 4.521862418478866e-06 7.426629239639571e-06 1.010953419577746e-05 9.797674679196311e-06 1.356546590302091e-05 -0.04802914141043639 -0.02556115255239506 -0.05180131791299841 1.101869043768248e-05 9.520760224507449e-06 1.740202109026914e-05 1.469202286846317e-05 1.511546915009437e-06 1.743914431316502e-05 6.184769451101447e-06 -2.522144093656262e-06 7.377480247229385e-06 -2.923781637170978e-06 6.967403591794056e-06 -2.094690022813926e-06 -7.55843290518441e-06 -5.066898277043274e-07 6.811792686209928e-06 -1.296916580906639e-05 7.387563679589727e-06 5.677794061586852e-06 1.280139055545176e-06 -1.305182466054276e-07 2.144898731863433e-06 -4.25449335266019e-06 -9.432287350068713e-07 6.420561581264061e-06 -3.463727568942073e-06 1.668072741150108e-05 1.307824171990926e-05 -7.999796731722271e-06 -9.023433805807736e-06 1.267028944123243e-05 -7.193515929032952e-07 -1.749904785170826e-06 2.172978662407558e-06 0 0 0 0 0 0 -1.797838824970522e-10 -2.913696498011648e-10 -1.940768490139902e-09 -1.047663860675745e-09 -8.111952281798474e-10 -3.460513503901642e-09 -1.658060954078898e-06 1.569046154932398e-06 4.948184328507267e-06 3.00981695768638e-06 -7.22125609918428e-06 1.142563023391758e-05 -8.699025144957093e-06 1.476019372917062e-08 5.142722709150353e-06 -2.475625279446623e-06 1.251610211277539e-05 2.154417100296364e-05 2.278140226580723e-06 2.050565351327771e-06 2.154417117100877e-05 -4.615496494161596e-06 -5.979557913437529e-06 1.480263199009811e-05 4.814092868812766e-07 5.593712137983595e-06 1.293944089763535e-05 -2.279393384718619e-06 -4.378358176736565e-06 1.993689407989473e-06 1.704652299987737e-06 -5.399589227220076e-06 7.434725878203303e-06 -0.01374768985350687 0.0005428182019200382 -0.06780089018941383 -0.2145326908714828 0.07625234504800715 -1.115004181698148 -0.02819025065504372 -0.005800269998195154 -0.06224557857506909 0.3166466329815778 0.02656838098338519 -0.3599115681272888 6.48070735488269e-06 -4.104784074929752e-07 7.355347628615372e-06 -5.661271482489447e-07 -1.78733160753088e-06 2.171258876351273e-06 -2.74906610441356e-06 5.062559678968542e-06 5.886396956105396e-06 0.0174104171431647 -0.04014854327050806 -0.06593927850683971 -0.02227647204650376 -0.05652263936039209 -0.05094271377221991 -8.901510310270803 8.410596818989708 -21.49358438326521 -11.32313389293537 -9.783816270575386 -17.88283425577808 -14.87272311506012 3.878924037594651 -14.86559388642725 -0.7366628871169393 0.3004105431006603 -0.8787257053865315 0.04814653413354669 -0.1121580396036373 -0.4544480296482568 -7.02235711822467e-06 5.555252467372868e-07 1.117937980538703e-05 -14.464371598627 -21.46800557213848 -33.45331579178982 -14.75195881941469 1.504055196789152 -24.71720367190025 -3.32122819960524e-06 -1.633277131322526e-06 6.60096036885601e-06 13.38221473587369 2.966860782381066 -20.19543261282868 33.77845545431337 8.251025809333685 -48.73829802902392 0.208134833553046 0.2347673267498623 -0.3296494488994451 0.3134801466351403 0.7625762062177418 -0.9469439929607919 2.854181956369906 -9.206487769653862 -34.1160149207665 0 0 0 0 0 0 0 0 0 0 0 0 -5.695804654626975e-11 4.7407769854911e-10 -1.132116061616666e-09 -1.887618532275257e-10 -3.473201250088976e-10 -1.446288327220273e-09 -1.311724181713176e-09 -1.034569467205878e-09 -3.265018012913804e-09 0.02418748749423505 -0.02288895601632936 -0.07218320066612238 -0.1037967753192579 0.249032784181673 -0.3940251486862803 0.01023658827793365 -0.1631575058785326 -0.4193583587004666 0.1074937406741291 -0.115013085829999 -0.4422366115665647 9.337569590305758e-07 7.376681895296597e-06 1.293964119430795e-05 0.3419917678271072 0.4430638359768781 -1.096822040530512 8.09342123461783e-07 5.719193032766921e-06 1.244436311843134e-05 -0.07864624473150518 0.2674957964977316 -0.3837530561674202 -0.3692888943140128 1.169744900754424 -1.610628571650199 -0.2549325426665895 -0.7026289041594266 -0.6582481200207264 6.389515247061071 -11.38014724561092 -18.76674055193707 0.3161971905521396 0.03166105460298529 -0.3485725435151145 -0.8460183174342852 0.05358554747710887 -0.9601974729220089 0.241898254115365 0.763701929370837 -0.9277487098903516 0.02485553549687038 -0.04577286504809977 -0.05322154613024797 0.5594159531131215 -0.945432148458714 -1.846971575548376 13.11597385929269 2.087618485683148 -21.13744821651441 56.17177878457321 -88.85306054124347 -201.5554841476842 -22.08587079961489 1.050839826755989 -0.1923590110494491 0.4969344448765068 19.10961630797159 -12.10593139497252 -20.25651371133309 -5.443555576211091 -1.940228238844253 13.09340315109566 -24.53406798396679 -31.67785777755007 -22.29509260003281 -13.2482165646612 -24.99053560606723 -14.94876087236629 1.200043142703159 -24.44647169122533 -0.08174326142278264 0.2782578258824859 -0.4016298457720499 -30.52523131107936 89.81209245855743 -125.0089336892258 30.23734766782136 -4.776511934435294 -33.90186125240841 -1.715107383083491 2.247097584910809 -4.391033939162465 -17.82644714636336 8.126999746674835 -0.1675510217777412 40.33980372659269 -52.18427357046382 -107.9599856546246 59.2840617337457 86.22381104853348 -142.6394150966479 0 0 0 0 0 0 0 0 0 -1.341044818048044e-10 -6.696837577340555e-12 -8.690035867967843e-11 4.073716176992995e-11 -6.614358328021783e-10 -6.887639948554045e-10 -0.2259207810618734 -0.1501065437948959 -0.2476972068826133 0.5594559331969065 0.2428819288798628 -0.8808150409598294 -42.40747113872484 30.27404017198844 -32.21809480439453 0.1469533043491241 -0.2291895049813603 -0.3429524739570107 12.72697155378077 -24.86980116360872 -31.83295440683628 -0.07533233408463351 0.2588585057618232 -0.3995532876695945 3.597813814219229 11.01568196393388 -20.27803896593871 0.1951716314510737 -0.6686245494032804 -0.4838780954844445 20.65663174735921 1.731376571552866 -16.42435210851583 5.327975429776385 -29.38494964721324 -1.571628185255788 -49.92303916798374 49.17620554979217 -115.8014275483905 -1.280818556412331 -0.872793327882231 -2.587980154217718 1.23437799411076 0.7583981973276862 -2.539422372425697 -28.50143729069823 -10.48711546997296 -23.31028789352168 -74.63650656896077 70.69898717982339 -184.0219224822278 -104.6567763865029 -49.61157979749757 -219.8345039116832 -18.60867871178602 -120.1269602390941 -122.6115103941805 24.52524723443083 60.59259342995193 -108.977021329324 86.94220295152094 2.86746047586373 -217.454976356872 189.7610029946932 -0.3668539389536288 -311.3444304886781 -124.9697456053663 87.68938756999457 -143.1987037867275 65.29955557763117 17.00294255776583 -103.0194361729536 -40.10252435416116 90.43923485055652 -141.6067206650804 -94.17308003439996 -26.62234649598901 -270.1947154722411 -2.225469506071753 -2.128902190623386 -4.391033939162465 10.57095389312646 -61.01681504279014 -116.5948331979064 -62.95265484025949 -101.7733702963769 -216.5177453969342 -55.53112616059028 63.38604220763627 -393.5879364862918 -89.64550356668039 2.293079141339462 -141.4470364297067 -217.7605842950251 -51.34945728163687 -597.060197320129 -28.7632798002983 -34.69865351775333 -108.2137943728368 -103.7225887790113 3.087373393292031 -123.3501802935431 -111.9257820368157 -57.8180504064163 -235.0683561909175 64.58713883347947 -2.672188708983554 -129.566141587314 -130.2617128687387 -18.87569275050866 -129.0327286068787 -47.70061009656333 151.635454882085 -124.0845673097918 68.49610411791055 31.75211574706337 -494.1270591864258 181.8373102918299 29.40486528423522 -120.3587034591231 0 0 0 0 0 0 0 0 0 0 0 0 -6.712962632449004e-11 -2.522799161718137e-11 -2.246790065595419e-10 -1.327793945440171e-10 -7.852076695992005e-12 -8.065801269895996e-11 -17.30330828829402 23.1641149823891 -37.71429777352203 -38.35331199800087 -95.27134080634548 -119.6603888475058 18.38133623462149 26.88011389290198 -19.32881353509912 80.12572998587929 -26.28060625629387 -98.8867421153475 -48.2140263169434 -98.9180967095415 -228.2425422688802 3.528201884360466 11.47393705955261 -335.0236874025923 -207.2116589962357 -10.04320245414607 -263.4552776746514 -74.86844496208002 62.74018289728118 -188.4650985611063 75.7101423346826 15.51464767238708 -313.2109424552316 50.98633452626702 127.1702458573042 -209.7055918986963 -84.07862894230317 3.210721975576035 -131.9741664651576 59.98002798205159 2.63927347025224 -181.2531532732589 -133.1460480445452 35.99495097937716 -471.5356768475217 -45.51305489440316 -109.0164511671583 -446.3691866064831 -131.5068538538612 -36.66242922924946 -713.5376908542964 49.02064395354375 23.41048769521066 -235.2416473947398 32.32390496139574 -76.65267653337622 -619.0881770112543 72.45762065943305 -3.710007571241489 -712.9135380356395 -12.80193522077232 70.76656363035684 -282.6649070237046 59.84816913708229 139.0210745671017 -264.502531408531 54.50745181246479 39.96174606135047 -300.6537025324677 2.32751063419159 -30.56436748620572 -465.971232869396 -118.7896686940484 -81.61511784550135 -707.0963684081316 -18.01885504353855 28.7408989242852 -409.168699652962 -4.58131238240726 58.00679347781765 -361.6793539370759 -86.92894055368517 39.39220251749925 -962.6174876056618 -27.72716577739936 -208.4180147814882 -122.5840636629126 -18.6282310665959 -128.9410087526716 -421.3410409191464 16.83620728464274 6.687023359911635 -486.500847820914 -99.45336893406819 72.02810400809001 -466.4010843467594 -37.07113826330922 134.5802612804984 -474.2211878479865 -111.662061222638 -27.14084134432386 -483.6307607217933 -151.3179896450658 79.05295820316401 -932.3863999127752 -65.1952513894941 -152.1495611650119 -556.3927038589608 -31.2130665880605 -32.53459637849711 -962.6275693340777 0 0 0 0 0 0 0 0 0 -5.04052960693095e-11 -3.425846580565551e-11 -2.09010750591328e-10 -7.548670583651745e-11 1.11985625815868e-11 1.188745458164568e-11 109.0702398661153 -123.541883655277 -289.9050783145236 49.02257784519806 124.1956091161619 -303.0093105367382 -109.4593610754068 -70.87776755176931 -255.8999804688963 -14.66028352040866 59.42648626972453 -278.4687008693857 -210.7106617925884 -49.67287318721231 -326.7070435849732 -232.4763264282808 -33.64321639107537 -271.279895148352 120.9792515591996 -52.09275695435751 -488.0391935459603 -7.431626725807163 105.7404175819135 -247.4151259058064 80.61630028823593 -206.2875550791517 -260.5103091299184 -94.89329175513588 -35.82760613172521 -786.019310420141 -134.5591857566128 29.44363846718444 -719.4584800621263 -102.1234526512485 -113.5265622601336 -1035.388029051859 -149.8833123148728 -78.34835376332309 -939.806476485408 -164.3694031048172 42.07622676958258 -954.481797571547 76.62220612886912 -63.47585557539305 -1008.727435234941 26.44987708741431 -19.50678832428675 -596.7382565784949 -81.86292677364892 138.7336564645363 -558.6267488955641 -144.5788238711766 129.353832427496 -872.4957048524096 -218.7260039021678 -96.6842113505985 -951.9107675472123 -130.1534385605694 -177.5265380795729 -894.9434446966566 -56.15472041282409 48.76642541270159 -877.0840045717978 -137.2681280218596 121.8077953311227 -1310.555011545501 -108.1216678511803 -17.30083465512311 -785.1732217429428 -125.3714036485874 -66.03493138453764 -970.373598740642 -82.3528235101921 -28.33908006481244 -900.8051091457162 -83.82391996696634 0.8075104386487348 -498.3401410581563 -101.3773646480662 -21.34121235331542 -829.5119712987839 -50.94363793954587 76.24762301687234 -824.1555721590356 -175.0254392466959 126.89425005729 -1226.46758307109 -13.31935915372418 -12.01944762954 -1032.776638761113 -10.48890429907078 -32.62796905760426 -1193.734815224551 1.642219147419545 -31.45533157847518 -1250.078376504831 -241.6973729653793 -217.8636278208895 -698.6503935858397 0 0 0 0 0 0 -6.111177804123965e-11 -4.425635819459707e-11 -1.999137544280393e-10 1.725443307494378e-11 -7.014031717344689e-12 -7.665438912401055e-11 54.46525853285755 -156.6259860844674 -380.6551361306446 -18.25104442501403 150.5953822098834 -291.8776826884395 58.52468784769688 137.8970131555633 -333.537696803549 -84.10149315874661 118.3085085233704 -862.0472484230708 -48.54587517711358 -130.977067723876 -903.2384030472524 -9.974877746575668 -20.41675577240488 -1082.221221424309 -158.8629638391911 -69.9731575898618 -985.8018375954226 -154.9399944116756 -55.90623724592773 -1073.441192228167 -227.5544768651818 29.45283159481532 -954.3373053674618 -107.0703586583146 -118.3824913016512 -1236.771453844861 -156.6201575380663 -82.29151814876276 -1141.683477103437 -162.9246942239019 132.0884723337913 -1339.914900658634 -19.01529173716348 -63.61625221806798 -1342.984196330614 112.1942840090672 -4.741749971525151 -917.9838776811957 3.37973121453754 -34.71316878037782 -1126.464781041113 -202.6164038990618 101.4702686863688 -1198.929561378966 -272.774194934512 -122.9346159693198 -1176.027798770926 -173.6628222190603 -87.39472647008553 -1102.824301959648 -102.0763153263598 117.5732382983504 -1202.561807167434 -111.1286105879803 213.2862735667052 -1333.389986777966 -202.0247197161011 -49.50900789336166 -1122.208060062389 -134.3721582141561 75.87579393221212 -1244.269480321826 -99.53262275791616 1.928537170518282 -1191.494698893418 -176.5388768156186 11.64908153466236 -1144.510577482738 -182.8823489673345 120.7298861839649 -1208.742946802103 -236.5998929563327 162.8138674385406 -1367.026674365947 3.314732956115553 -57.96901924653945 -1356.317051746165 -6.662047960878684 -44.72420765662607 -1425.387813559063 -207.0042421114152 -245.960143483087 -652.9768430070694 -289.2309049756511 -239.990642083298 -667.2681541098019 -173.7413772598879 4.930009739219944 -1332.467287869973 -196.247008576596 254.6195438097568 -1357.522747802833 -176.3958409289107 3.499282959950097 -1399.187048975105 -248.0762582730681 21.85167777199856 -1296.541839112718 -248.4707875855724 296.4955609581228 -534.1216575159714 -390.5276456101224 95.02898859578895 -585.2962918728656 -399.0768077009859 -134.9289140481225 -642.2647795445504 0 0 0 0 0 0 1.459066700356413e-11 -1.050308220739206e-11 -6.910004717301504e-11 1.540802847212739e-11 9.642070005175412e-12 -6.145054443187057e-11 21.50718803599219 63.47350037054615 -972.1272291538515 -97.22063458099532 115.3604323538722 -1127.090587259653 2.254329223627635 97.12960195838356 -1215.017902167038 -233.692552803707 20.36145337135709 -1262.759822889439 -173.3452730269893 -95.67559440402776 -1233.538068958155 -4.878307530085342 -27.28246970668516 -1351.826545238478 -111.0675390465521 -156.8781579393175 -1225.062412915767 -292.6359376907677 40.88391761178417 -1180.692756391532 -53.44177720037693 -216.9142191243492 -1262.821559869577 -286.1787439806587 -76.36390424226123 -1285.432011879305 -121.6810719921471 77.58955541116123 -1470.068143465217 -81.12653253118467 -234.8415305726518 -1312.312469967196 3.838976122920228 -43.83038764705429 -1387.901252937088 -395.8164472299429 81.50666226955867 -1393.184800310217 -304.1889226240418 -132.0968109006643 -1302.824908764268 -324.7024185427175 -65.54428653169282 -1287.883285687546 -271.2729410467507 -120.7989462711569 -1174.960413340788 -273.6606771873972 259.1628281783343 -1328.959914812239 -14.23562768947635 104.926562021589 -1412.800428154757 -309.8431902732186 -107.5034438110953 -1337.248656642052 -213.5748327939466 181.2252939759847 -1346.273065821257 -98.68892061637797 272.7639455117945 -1253.941444396601 91.25673153886187 -11.92503844214014 -1504.771116493931 -10.1841864788559 -79.99596400338835 -1515.940862896845 70.56147081010204 -37.98111230055033 -1278.608237838002 -229.741108003755 -245.5325116913399 -682.8238740072486 -174.0128276687175 -170.909348638781 -680.1116075639891 -137.5498928217561 -170.7671141292464 -601.2043618253947 -260.8772127475893 -150.2915729319946 -693.7231662624491 -300.1934613966232 15.80099414934729 -1408.322423911251 -87.07174380943655 179.5942458757254 -1363.440513885092 -46.6109515861251 -78.39729727940114 -1391.572505621029 -278.9866291436534 2.524713202127483 -1391.669203563246 -259.9152029480949 51.8041393966024 -1424.355474461333 -177.9018175582884 259.2908059715991 -566.7483906902295 -317.1560315425299 162.0554403018568 -602.7600803568432 -244.6671592321215 150.1104144165348 -637.0869745226818 -347.1571313969998 4.608012577257242 -608.0011415314882 -371.3286686040622 -88.04488147490467 -641.424698003762 -354.444301128499 -145.8431113351965 -641.9423279866385 -265.7764977815426 34.86030412879623 -1245.555279664568 76.6649102623348 -20.95951253511025 -1361.008238847813 -313.0977976748939 -221.5013359059057 -623.1430400691006 -50.46624946307905 -191.4839516695243 -546.4978135860756 -71.5366761517823 193.3698618436245 -515.1237079226734 -83.93277808942108 201.2023296038322 -499.6761041630205 -271.5966788311722 223.6323477566329 -642.3997282855886 -427.3325987910423 -10.3699066014913 -618.7785644084208 -91.5828673090956 144.3668670107479 -505.2475241316552 43.21590379865421 -64.43463676545382 -449.2584707101907 0 0 0 0 0 0 1.488567180694103e-11 -1.315879320673994e-11 -6.613707096201903e-11 6.128341932106076e-12 -8.560142877291714e-12 -3.829385310178147e-11 14.37401287590616 -82.00292458779461 -1378.314144425282 -86.74410768137389 136.189376358049 -1336.861196321255 -49.69935643298643 -92.271046249207 -1335.723246462572 -118.9930616483353 109.8427456814735 -1337.997391921438 -257.588815968564 -255.8170593759143 -1360.109058374698 -47.65313462073123 132.9737762239374 -1451.548214994923 -199.6414535539365 -188.8285359909778 -1363.188113904368 -311.9438496881502 81.33213683523689 -1391.264446452504 -67.78278168178858 -238.3555644675978 -1388.519193154658 -217.4607828940353 -187.0506220587501 -1302.205670433598 -91.21143783882597 183.4747225780803 -1337.162305606561 37.49739084256343 -108.2048678751949 -1320.74002330802 67.20864727892253 -127.4449932049375 -1533.160348767782 -208.1655878515238 -42.42179073223067 -1147.206353970785 -138.7610334321871 5.428978086753604 -776.0583289481318 -120.3341531521598 -32.73658649049592 -773.0038999263039 -176.4480184518325 14.05369849035431 -740.8154355677869 -205.4611560270025 202.1593008724586 -1373.759679705682 -341.8771944878125 40.60600056559082 -1347.811284462418 -181.198485660273 11.82578308144648 -723.1064414816775 -44.36352361534515 -284.2582155692216 -1306.230680490634 85.39511141613622 -129.9986063131055 -1298.586527316891 -170.5480758929031 -215.2493581050657 -735.4634937902405 -179.3075656737642 -88.28064010206204 -694.2460229266069 -149.4468698372067 -2.936137485788199 -739.8171129137562 -244.3152205949798 -16.16853044364071 -664.2080000967593 -183.9092760657329 97.60655087828337 -671.8178268278923 -45.46706031975919 199.9313170054127 -499.4863736336297 -291.9646819469083 223.9787314000073 -647.9308665326696 -316.7773857185275 132.9748610813381 -710.9496858165454 -390.47024599523 77.42957332798832 -680.8043512747671 -393.1789371154075 -91.86965569449069 -679.1624313126524 -340.1826337982208 -170.0841644641973 -660.2033422966931 -179.0782944262531 25.44368789595567 -737.5766491532776 -94.31840248986109 -223.5169863696444 -510.9906628886719 -18.79151202101262 155.1606766516136 -468.7613369109105 -30.91540586493496 95.1063726492776 -538.9413252664305 -28.64018789074657 -118.7011637323377 -492.7414195338113 40.95735949025677 -129.012776442031 -408.5839846174139 -3.556929576052928 75.55513880244766 -540.5906430095635 -51.74178397237687 -138.064630980105 -481.9687334500937 -27.88892784007264 -89.71170674768138 -412.3598728085389 -27.18466852584491 97.10996949838527 -578.8743484236165 0 0 0 0 0 0 -5.097844608100141e-12 -7.789847049558009e-11 -5.152976025965922e-11 7.337503310928413e-12 -3.778011712859371e-12 -5.058823385367075e-11 -2.241732799228445e-12 -9.473728704257763e-12 -3.035790098804459e-11 -309.0087048440459 24.03184286276656 -1359.985434056431 -226.1436527513505 -177.1504886566493 -1358.645986120312 -197.5985068945307 -46.41533452310184 -1182.588938643278 116.286025505382 -67.72352049604943 -1375.243927201057 -293.2897614740583 58.90287143969342 -839.3998752905953 -187.5003832080045 -178.2248595757297 -851.0528553010623 -169.6516816773014 19.67747059161367 -797.1442985376731 -12.3004922878658 18.07722649967889 -731.6545369658862 -148.0954999911334 -20.92998512367647 -676.6953662765068 -165.1727174654155 59.88574656035592 -734.2665574671922 44.93434253704314 99.54863287523966 -1342.172025253967 -296.7785133160974 -253.0645196251955 -794.1933622362271 -106.3489607489635 219.5509547365309 -677.6946538305174 -264.6313675595547 40.96405470821237 -874.0879889654243 -190.2273443740578 -167.753263517956 -884.3109876178896 -156.7482339504006 -1.348115418910869 -754.7633293553789 -181.0390396373987 -17.0267269765883 -699.9226650520436 -111.9206291203814 106.8832210568792 -786.4432104022907 -97.05001320055645 130.2692113531078 -812.4886290903861 -126.4487270196628 61.16397633068842 -650.1541073139128 -162.6191910740187 -43.69073625910681 -717.1332132590732 -121.2471201227869 -199.7661744606331 -756.2487406502389 -107.467737876158 -68.42036937150458 -757.9144549864847 -314.4221749236027 105.7699692390611 -754.8952739664743 -297.0455312007479 86.62164312206811 -744.7283109829832 9.88002668490549 -147.5574659412768 -451.9873737015031 44.67523472474417 -25.73281030456617 -378.8983931839927 -6.696620885377305 194.0331523542771 -475.9884965341224 -27.16595891153344 -157.2716141406401 -578.4759431319153 -393.2909043137031 28.46750617170549 -802.3857946931836 -27.98160645577961 2.208977205900451 -446.4706412168757 0 0 0 0 0 0 3.234762641239303e-12 7.889746837276291e-12 -4.018920990370566e-11 1.789237499878626e-11 8.204081688769324e-13 -1.494130101568192e-11 -4.601323913710098e-12 -8.232165376165017e-12 -3.171454994294644e-11 67.83184683310731 -127.9237435975075 -781.0442354244037 -65.28690395163426 203.6375958970156 -774.8785259056133 69.78060883655979 -177.6318309723856 -667.3580517781097 -198.6051552764756 -3.03129597885384 -714.1678180165401 -266.2391304797507 93.87368208114434 -877.0983163773326 -110.5132533872525 -167.8021715272854 -888.9071700219897 -90.71670256874576 101.0238537769564 -777.9196132008504 -4.559168839687372 -20.82943931113219 -765.8036194036868 -162.7814273414695 -135.1362997476749 -686.1071119583299 -165.6279827254 99.04986753439793 -671.9132249309895 -422.2149309191252 74.69505341419548 -707.7918377100142 -54.87389584405037 -9.235424126218291 -798.3354554355715 -327.8707248688783 -123.1957311316596 -985.0029060234789 -84.68336224791409 129.4342735596458 -851.0248645691094 -139.5021881394388 50.88235099762405 -670.1076638124445 -46.71367801565341 -19.18721040955641 -785.8622739842683 13.81670774771252 223.5306065720986 -900.8984773981895 -320.8153053958598 116.8512527595964 -795.0407503715941 -0.9863433462623884 -21.54062299602741 -438.3508729997799 -69.02567295909198 -125.6544573512363 -656.1218648226454 0 0 0 0 0 0 0 0 0 8.045664768467388e-12 2.802133051057157e-12 -1.100554018949148e-11 1.322404514119155e-11 2.619668938077629e-12 -1.829056626474695e-11 4.782244345944731e-12 -4.228940218786705e-12 -6.748925449104549e-12 -231.4063812403471 -315.5004324991762 -708.9504952523611 72.01934736523893 -36.62617344983026 -737.3350290276754 140.9319790416122 -125.159945613022 -663.702992350386 -188.2736730670194 -98.0835248460304 -692.4311519296797 -59.0386633703701 -11.68065540894769 -964.9902757129556 -54.29400069184374 6.265075832532555 -851.143707648117 -45.15615045147851 -12.18983522951725 -810.9370824217392 -37.7642898476589 -14.22083353648977 -792.2121207574106 -33.61483417870587 1.314489610812657 -628.9685608125197 -44.01069767108249 9.299682019495275 -858.9031301647777 -38.08135806766828 16.51044382761336 -827.7795817530598 -32.65062112874865 15.99937926746592 -635.5654455853405 -632.9762156329168 -259.9891155974447 -354.6319877388134 -89.76988321434243 -15.38835414798025 -595.3594825567087 21.10745818034552 149.5235091989814 -678.9389634892136 0 0 0 0 0 0 0 0 0 -2.268006110990683e-12 -4.113506865932445e-12 -3.666823765413601e-12 5.163464782867845e-12 -1.106728194900849e-12 -1.252586578813752e-11 5.323758650322363e-12 -7.078617133106389e-13 -1.285773454504384e-11 -1.108744873638649e-12 2.304872509000008e-12 -2.618900296037039e-12 -37.39452836689625 2.013002598569132 -630.6041687090598 -28.39473152781672 4.626315752048558 -637.6720985080193 -41.98183109467285 -37.81691003645498 -729.8989151090176 -824.6157258571355 -163.1482081176408 -844.6631202405642 -739.1152932224373 85.28775374843083 -626.9793474431298 -619.2049276789221 -167.153443467723 126.6008310173569 -510.8218767311508 -192.3593136557108 -295.7230024115976 -450.2253738076454 17.60581573147534 33.82202534470213 -35.04192224732179 0.7534817186745721 -630.2555543952848 -598.0814597894001 126.3776238987345 -560.7536846311373 -524.0510674436921 227.206070131618 -437.388092454337 -437.1454441110247 214.2089649014026 -99.26136649483851 -363.3308791458026 -395.2420914178794 -489.8884050196058 -1199.464232454568 -205.6121689807124 417.3106109670078 -244.0105164497766 184.7196743096818 -250.8828291321006 0 0 0 0 0 0 0 0 0 4.224860082846969e-13 2.181288974934701e-13 -1.013832709743331e-12 -6.543351179813699e-13 -3.2135998434635e-13 8.226221974015921e-14 -6.860990235985868e-13 -3.684926889223172e-13 1.492026751565623e-13 -499.7615751618276 26.90290246731259 482.68841713255 -379.0844580432187 61.76372535461616 441.8319786326692 -570.0474560102616 -513.4943569239781 821.3917660117606 -729.6725045191062 113.7896992244395 -644.9591684932377 -206.413004939311 -264.441205524553 -119.5450056059268 -381.6259083545605 217.9010585024251 393.0308181237888 -419.6885421223921 123.0456290947805 -4.362756927436326 -468.768635526225 10.07960107508165 35.08865174879746 -234.1545860150091 -140.5782825630596 -65.28756323751028 -500.6178363210815 259.0149265140017 -463.3904137750212 -454.6898137979862 101.3737829239387 63.25441943655551 -154.0927272616755 -10.39984728610678 -137.7470551935918 -671.2293769941078 -463.6366222761347 860.7623755354939 -229.6016728655941 -5.391581293635434 -20.21307571487406 -3.855352151447564e-13 3.344823125801194e-13 -7.690996390432364e-13 0 0 0 0 0 0 0 0 0 3.143686900124739e-15 3.006540024518595e-14 -2.576730640390144e-12 -5.203090917874782e-13 -8.645214657476311e-13 -1.714046099417141e-12 -230.8182836105964 -121.1863993542232 108.3026494677504 -394.6090619518845 14.39962799521685 393.2816725807158 -401.5276822714882 -6.479885082777399 393.2760637494185 -159.4782968591413 4.202377132677395 -137.2518803589376 -161.325330136775 -30.83000115755209 79.54943265785491 -189.4876299094539 -40.91291368672714 80.89227803670207 -177.5788653012775 18.44668925415504 -22.94755508664047 -146.4990863092541 44.51878094820001 185.2823342806731 -128.8277930324904 -17.77293335882216 -198.213173588864 -229.4778119496894 -4.605694809811268 -18.00899191305615 -2.404576980598175e-13 3.273597787477049e-13 -7.193903646677635e-13 -8.415162166461736e-13 5.922942075477696e-13 -7.498312534921771e-13 -103.3300384270376 21.9798884276705 -120.9457305149269 0 0 0 0 0 0 0 0 0 3.551458105473952e-14 -5.045970622726891e-13 -1.160111323696441e-12 -1.457419150510831e-13 -5.45639788240498e-14 4.450043652301143e-14 -106.6878481034277 18.64435539654076 196.596233190072 -106.3684631205342 -8.664894299264276 190.1611831637836 -140.0915727724191 18.28746330441281 -202.5563861860585 -175.7693806574131 -14.41198051477499 5.254955182692651 -172.8872019215232 -53.93721856517035 145.9599940582428 -167.1456637576964 -12.98425762465835 -134.8679981545061 -153.3009287823981 28.5291421622705 136.9544785166362 -79.20749840023805 -56.46588107770233 -100.8320939504386 -88.66255844391546 -12.15039027339307 86.4811628139627 -2.128818905323941e-13 1.550139207916991e-13 -4.637198035423389e-13 4.877710652609228e-14 -5.07509517510677e-13 -4.610956992111122e-14 -55.57745958196457 6.647462863023284 -10.22049373403752 -93.45389687467595 -48.16019582158822 -103.9938754645825 0 0 0 0 0 0 0 0 0 3.879925110618023e-13 -9.099048024101142e-13 -9.210404416747457e-13 -1.723426976722499e-13 1.909727658479599e-13 -2.452647577447491e-13 -109.6580892869607 35.22074839754938 160.854659178389 -108.6748113222676 -26.59040414186215 149.992735765267 -132.9300726908857 57.94935075626681 -158.9827574730058 -63.20578034214879 13.46774969410653 43.34281779749389 -154.0715740891523 5.90504988938654 -160.3565685706294 -59.20243422912138 5.700159761744984 -10.89099018521672 -55.22208155390792 6.692485073508119 -10.32733302783216 7.880946417605405e-14 3.108451451831575e-13 -6.087868315479262e-13 5.114167472957306e-15 2.404697650158832e-13 -1.089445249168985e-12 -55.3684514338028 6.977340951286946 -10.69295800813582 -43.64591274775935 -5.175547629676316 -9.5218842851045 0 0 0 0 0 0 0 0 0 0 0 0 -4.520208398880696e-14 8.782401411999122e-14 -5.947915911857498e-14 -113.0352735053209 -15.23544971081094 92.78386674457504 -113.7846103467185 11.16904759040616 92.78417390724491 -50.89794772024021 -23.39471503545857 -9.342159735693617 -49.88563971618667 -6.03182439478014 -9.888955366293477 -34.5449052693462 19.8989309972694 -9.823297475168795 -25.67358752628051 -0.3323972699607676 -70.18194358688336 -55.28857426203587 6.965687792953604 -10.688404425384 -2.184797166806165e-13 1.368511637766268e-13 -7.140805530119074e-13 5.425601779014929e-14 8.889056948766676e-14 -3.804652678199404e-13 -34.38763355456724 -2.527963490292285 -44.35213780499076 -44.65958076732821 -3.633196747215052 -12.59603647865886 0 0 0 0 0 0 0 0 0 -2.635305056074251e-13 7.848740564779601e-14 -1.696188525324348e-13 3.519040395087835e-14 9.650464791306691e-14 -3.635289281412429e-13 -33.11555686272542 15.1527962229814 -9.567757919287551 -33.09461765547045 -18.08064354341646 -8.399974219248733 -28.2410145498435 7.739180097943496 -70.11478032833422 -41.783016465999 -20.45082324393766 18.43093890116705 -37.42358760236564 -4.317741320018591 -44.32837839101774 -20.79367438500703 -11.35495723647601 -42.53536371324552 -32.12345590360837 9.757714270837562 24.11613324953515 6.684078054290763e-14 9.242535612201577e-14 -3.911637204316913e-13 6.268075441473322e-14 1.06152183359732e-13 -2.880714918678827e-13 -16.55681392559295 0.3436703841278135 -13.64865080152398 -30.39481723040678 -5.092464239953669 -41.78542735895761 -18.49293545100862 -1.953494854171592 -7.633446797708993 0 0 0 0 0 0 0 0 0 0 0 0 8.418061620293643e-14 9.808034031824617e-14 -3.046794390307742e-13 -27.34260857142893 -3.441321391613937 20.11560026247454 -26.45428413877864 3.074047456435139 24.38284444302215 -28.7536015327486 10.76020130900037 -61.00076168034567 -31.59361918269126 3.22560335758476 -60.95893136823732 -22.30639084840807 -5.345886811605725 -34.41380136612026 -13.32818490904041 -0.1643087723139777 -13.65701658829441 -2.029704307657174e-13 -3.552146442457607e-13 -1.826801043748644e-13 7.309803321968092e-14 1.07692074996724e-13 -3.061915995348566e-13 6.606399862170438e-14 1.338212897004626e-13 -2.649456388857389e-13 -14.4964661189944 3.802498617615622 -22.72841579147758 -8.925487033283821 -2.129027196176096 -16.4242886236865 -17.07614672416436 -2.370865710585855 -14.19109564204923 0 0 0 0 0 0 0 0 0 0 0 0 3.775216957031158e-13 -2.148493053188162e-13 -1.565119705614377e-13 -28.00166620180597 -5.208336020711697 16.84811917838734 -27.92311165877061 7.16822864946795 16.84807991734404 -22.54150089767922 -4.613210130962762 -34.45451773777832 -13.87155371380799 4.157789967278844 -22.68141818399396 -8.097497917486113 -1.33749562369098 -14.3670272895888 -13.39818888066893 0.1370020925350205 -14.35382648949272 0 0 0 5.675489143422964e-14 1.242441754416312e-13 -2.575100931891241e-13 -8.764143433932082 -0.5938696220312877 -14.36044504838994 -8.8879530662931 -0.8579669572484104 -14.36279172977961 -14.34950131772533 3.384437679858299 -5.679347044195629 -1.024506868900913e-13 2.077211200638812e-13 -1.562324725373553e-13 0 0 0 0 0 0 0 0 0 0 0 0 -14.19261420989692 3.561609441472716 -5.686593582896603 -8.92813560567517 -5.050646396967311 -14.40193167282314 -9.790323598849753 4.902236441002183 -14.3093033278171 -12.90853850173302 -3.226060174570381 -14.38434869237107 -6.146093290592173 2.301900806083307 -20.69250641055444 -7.583139994470351 5.558477725670123 -6.388183552250415 0 0 0 -8.140686597817616 0.4416804547909667 -12.93517969941265 -8.348728184640288 0.9607388767309135 -17.17542311329321 -6.52757218506834 -0.3888798416001594 -14.35891236361596 0 0 0 -4.499998529303571 0.5197884186344438 -19.67676509641977 0 0 0 0 0 0 0 0 0 0 0 0 -8.926977743883123 -3.30009634005981 -14.3859473200857 -4.17095408232037 1.627621444089577 -6.405725410582871 -3.97133110848892 -0.2558979976173757 -23.91963940846145 -4.840910822716989 -2.392469582486255 -23.87832440394924 -6.293907423447967 2.4058240081799 -20.43377467891899 -4.649875990944581 0.4025639814107768 -12.29704663452341 -6.267908815194595 -0.03272141376417766 -16.6247939498709 -3.982379894146925 -0.7025096525062439 -13.0077508806671 -6.982442996165626 -1.64418597350903 -12.4454532310248 0 0 0 -4.464310502250333 -0.2026288199835977 -15.37340685772049 0 0 0 0 0 0 0 0 0 0 0 0 0 0 0 0 0 0 -3.93437805841897 -0.2870635834011505 -6.026089423499044 -3.942863504066452 1.479643630606451 -6.026082376393627 -4.605965757708481 -2.51593090886483 -21.24223158183953 -2.369287128178999 1.989992467746896 -17.61000571784411 -3.385297940352446 -1.094843812168126 -16.43591485298939 -4.477603099763633 0.5118575116322567 -11.27696925163087 -2.06629924736089 0.2745438437515161 -12.70597541740882 -2.805896928433168 -0.6747750072065773 -14.75187764316918 -3.991010835140199 0.3985843281598358 -8.083999298959558 0 0 0 0 0 0 0.001904073827797881 3.917748634730535 -2.821062146883778 -0.2066945097617089 -3.586471067577536 -2.047536058903278 2.124432759607451 2.921906828795312 -2.047536058903278 1.64832847636627 -0.8122689995937419 -2.628472712225277 0 0 0 0 0 0 0 0 0 -3.47780877559489 1.078103121655754 -8.233212117102635 -3.21117221388766 -0.4003410616146416 -9.469875306589801 -2.279807145770462 0.6223354497255177 -11.61741766292223 -2.714149947775584 -0.5109674057866671 -11.34706535630005 -2.144783789267326 0.2882936841598626 -11.61755625897411 -2.708267713476264 -1.034721627071209 -9.655006709187246 -2.293557579866247 -0.3338030780373004 -11.3443035253477 -1.992391205678926 0.4403598732601953 -11.07039059871728 -2.698699707436734 0.1910207582056843 -11.06132891809545 0 0 0 0 0 0 -0.7764738086972374 1.874548750950296 -2.821062146883777 1.32700938611867 0.4394187889669126 -7.734822876896561 -1.590059516054926 0.04478732701446243 -2.047536058903278 2.106811969448414 0.2883568082517708 -7.734831957088961 1.917703315602493 -0.8234128822824982 -2.359097872989055 1.648328476366195 0.7549101206201494 -2.628472712225277 0.9108003614863726 -0.05666913553666031 -13.72674172923522 -0.8128329934765965 1.572236627832611 -12.95638147120392 -2.029953800090331 0.7125476237870889 -11.27611177465261 0.7784509468894096 1.879355051857547 -7.734822876896561 -2.055562865842278 -2.935677305589852 -2.274901137554895 1.995689832839517 -0.8266391397973366 -2.359097872989055 1.64832847636619 0.8551654358880358 -2.274901137554895 -0.02362545064990185 1.176141152438524 -12.43080835410733 2.009529497573324 -2.895073586538865 -2.359097872989055 0 0 0 0 0 0 0 0 0 -2.955289492183247 0.06262569315030889 -10.70026915851031 -2.949167335687193 0.2257461839908136 -10.73319163388574 -2.268364787097901 0.6477871565622815 -11.6077048383879 -1.333470151392638 -1.279636299324001 -12.68109921895508 -1.34197097817718 0.06935138361808911 -11.29267027961565 -2.398717866620297 -0.556455678493441 -10.82869342742403 -2.258385073035539 -0.5334084653912796 -11.55765913593249 -1.585003806016876 -0.7169526783762231 -11.1545283445041 -2.441184514184743 -0.3446711425224084 -10.61273802895855 -2.532200079187772 0.5153371058167995 -10.96917950986071 0 0 0 -1.671559878479162 2.567852006422182 -2.821062146883777 0.6040460281017899 -1.458320962175035 -7.73482287689656 -0.8193896186475724 -1.978179512314882 -7.734831957088964 2.110732415501176 0.8742948217918943 -7.734831957088963 -3.458029573913346 0.9232686152082215 -7.73483076250481 -3.458029573913257 -0.9042461859331182 -7.73483076250481 1.135125146763559 0.594541053120504 -14.07961236638488 0.9342744702602348 0.01143794323423331 -13.69660307629083 -1.818963668222764 0.6626889642788525 -11.18928468931225 -1.211862606600502 0.5192139372260874 -11.79356136378026 -1.574464505526449e-07 7.838125627874243e-06 -7.734822876896563 -2.031217250606547 0.7029447383441768 -2.274901137554895 -2.092601311242761 0.866786499011391 -7.734847931742951 1.661259261771702 -2.625315295781358 -2.815935968841825 -2.022940302802773 2.840019343527547 -2.360144309336005 0.8163586236713374 -1.970883970436328 -2.815935968841824 0.2502198283735886 -3.456967718092945 -2.815935968841824 0.29899311389948 3.634969870038223 -2.635074679653756 0 0 0 0 0 0 0 0 0 -2.449613696199841 0.03645275039259281 -10.34755975506737 -2.389330323382167 0.2182351027025641 -10.34756599860143 -0.7396211617722517 -0.4724866352562125 -13.11732930823247 -1.36596125434601 -0.0135121717913342 -11.31899388051445 -0.9329222244623783 -0.7352102285903371 -12.30478902565926 -2.424533383803311 -0.5835192269278449 -10.86349687568971 -1.572829723358725 -0.637794730848496 -11.04577522371808 -1.484087986439926 -0.06244053854552947 -11.32006681557876 -2.068053831958866 0.2594561825920767 -10.36987313960821 0 0 0 2.089639456290039 -2.608994757242305 -7.734787285801798 0.6040508509536059 -1.458308302449613 -7.734787285801799 -1.212202525989783e-05 4.416323703866299e-06 -7.73482287689656 1.968776785029264e-06 6.770939391858119e-06 -7.734831957088963 7.564811142819381e-06 3.962198173772274e-06 -7.734831957088963 -2.092601278660206 0.8667816293213687 -7.734830762504808 -2.041578715160084 -0.8456484258413048 -7.73483076250481 6.2263256382766e-06 7.62263783025374e-08 -7.734847931742948 -8.076179954224811e-06 3.460182011509002e-06 -7.734822876896561 -2.10391031519935 2.556996037469675 -7.734847931742951 -2.009507274818071 0.8323595958359271 -2.360144309336005 -0.5656000755822751 1.365459463941269 -7.734818121696033 -1.076266589955312 0.02498745639566419 -7.734818121696033 0.8770932608900553 2.117488220491953 -2.635074679653756 -1.920290483156625 -0.8294078302977966 -11.2698694832872 -1.919710978782268 0.8286447745417597 -2.360144309336005 1.005664311280508 2.217074987401262 -2.635074679653755 -1.637004204422063 0.8169493573390268 -2.642851083696209 -2.89789136424629 -3.155708469946472 -7.734777712324698 -0.5556838476724795 -1.341514113612672 -7.7347777123247 0 0 0 0 0 0 0 0 0 0 0 0 0 0 0 -2.40817142682015 0.1615232871973404 -10.46996156348606 -2.623144433856413 -0.4866973666178188 -10.9427885375951 -4.929089642024179e-06 -3.148813338785174e-06 -7.734847931742951 -9.103205254401116e-06 -9.004945993738039e-08 -7.734848945116767 -6.217248910549839e-06 -4.899642084700604e-06 -7.734818121696033 -1.04816844251164e-05 -4.250404857863476e-06 -7.734818121696031 -9.890416023634755e-06 -4.161228369668406e-07 -7.734848945116767 -1.378192997662067e-05 1.729068598014802e-06 -7.734820445035527 0 0 0 2.077941926341878 -0.860717298795603 -7.734787285801798 -6.096161880542606e-06 1.417172229485546e-05 -7.734787285801799 -2.214293082886511e-06 -3.327884615190376e-06 -7.734863481747901 7.700557659371835e-06 4.356305643892883e-06 -7.73483076250481 4.762502825139506e-06 -4.173632246352539e-06 -7.73483076250481 -9.300130424708498e-06 -7.707823851624749e-07 -7.734837267510562 -0.5655960361044261 1.365470067352358 -7.734847931742951 -0.5556783719091963 -1.34152848719542 -7.734818121696031 -1.279719788911023e-05 -5.527338820973944e-06 -7.7347777123247 3.454907844999715 -0.9176747410491296 -7.734763133117982 1.625577820794898 2.697238927794221 -1.821912720440929 -1.637004204422064 -0.9105109060217328 -2.642851083696208 -2.884771864019303 -1.194907632960107 -7.734777712324698 0 0 0 -1.637004204422064 -1.143288200125168 -1.82191272044093 0 0 0 0 0 0 0 0 0 0 0 0 -1.604848800977323e-05 1.076420270175089e-06 -7.73482044503553 -1.748109087079351e-05 -3.243435924690566e-06 -7.7347777123247 -8.227356144915442e-07 2.432424050483682e-06 -7.734847931742951 -5.150110544151121e-06 -2.986850706804214e-06 -7.734848945116767 -1.03176911393741e-05 -4.288296582032042e-06 -7.734837267510562 2.01602219834564e-06 2.641693286431302e-06 -7.734818121696031 -9.211470475776966e-06 3.986731595706117e-06 -7.734848945116767 -5.494051076383974e-07 -5.565341586300719e-06 -7.734820445035527 -1.938584509090221e-05 -7.343228958080521e-06 -7.734787285801799 0 0 0 2.077941880506641 -0.8607104483994215 -7.734763133117983 -5.426033179932186e-06 -3.323544586127712e-06 -7.734787285801799 1.112517942016887e-06 -3.23157029968742e-06 -7.734837267510562 -0.9044103342391282 -1.359247906551339 -10.82400995947494 -6.119115433033974e-06 -1.367990378479704e-06 -7.734863481747903 -1.096015417348603e-06 -2.709634668364512e-06 -7.734863481747903 -5.606173333519529e-06 1.212140423362599e-07 -7.734863481747904 3.454907844999715 0.7439516103210699 -7.734763133117982 1.600777493355635 -1.009343027242117 -1.821912720440929 0 0 0 -2.122353223745545e-06 1.128389296875855e-06 -7.734863481747901 -3.594467720795054e-07 -1.634567078350226e-07 -7.734863481747903 0 0 0 0 0 0 0 0 0 0 0 0 0 0 0 -1.283448707218211e-05 1.076788623032474e-05 -7.73482044503553 -9.45269595727819e-07 2.728247250536683e-06 -7.734848945116767 3.274730989310813e-07 1.210748195078412e-07 -7.734837267510561 2.320992150777744e-06 3.377955881626627e-06 -7.734820445035527 6.910971530631443e-07 2.479119269432248e-06 -7.734820445035528 2.457984187014088e-06 -1.053366334607359e-06 -7.734837267510561 0 0 0 4.303097274621801e-06 -5.220717662889753e-07 -7.734763133117983 0.4543991015263044 -1.319909176507253 -10.69026150288707 -1.209549677907128 -1.206096582582932 -10.58954947140371 -0.4476588616914443 -1.106728931034665 -10.54807020324611 -2.49930411699191 -0.5587448092003421 -11.33310537793499 -2.28979628854751 0.04950889809308843 -11.07542398259165 1.611998478637485 0.6677115062230667 -7.734763133117982 0 0 0 -0.8668583521336477 0.460881664434624 -10.22564223393278 -0.1468133639042444 -0.06676267794261731 -9.566409558598188 0 0 0 0 0 0 0 0 0 0 0 0 5.140533635197848e-06 2.00312537555101e-06 -7.734763133117983 -0.3860881045719212 1.114331630079981 -10.37697142618566 0.1337539547428043 0.04945211058613519 -9.57193500420318 0.947990838890416 1.379699293364189 -10.71910540141528 0.2822732250160401 1.012576868940039 -10.35273824030498 1.003944301602554 -0.4302391915417584 -10.39470497850025 0 0 0 1.757565755228596 -0.2132360482791677 -10.6472442905583 -0.1117690935920427 -1.186110210488459 -10.30936739287772 0.8091839423918572 -0.7455434647223317 -10.2494258130349 -0.1232821649683652 -0.3033993174618749 -9.54013276968036 -0.2083171747289844 -0.279369115350676 -9.499044393460141 -2.308379497465436 -0.004431617564448217 -11.03302894571691 0 0 0 -0.7868838666918024 0.569583828073162 -10.12451016354165 -0.4194851475228168 0.13304917456247 -9.454820850938086 0 0 0 0 0 0 0 0 0 0 0 0 0 0 0 2.099609820177936 0.8181605272956538 -11.24221440066499 -2.791955426503936e-05 1.055557723394234 -10.1729702728338 0.1705365781122908 0.2879804566421004 -9.496830048129954 0.3605443486360722 -0.07556560843018664 -9.498994181155568 0.887330255667647 1.409280608735104 -10.76126774382111 1.772165665861227 -0.1692226171919267 -10.60200964211602 -0.08868784928425513 -0.352048555548419 -9.458193492935866 0.3031294459890061 -0.1949917897083278 -9.464057414709401 -0.03008577859017283 -0.1006333702709102 -10.16655704578434 -0.3315365064644076 0.2685490290357285 -9.523581011320001 0 0 0 -0.4842472713372696 -0.06665320818777083 -9.512282700355691 0 0 0 0 0 0 0 0 0 0 0 0 0 0 0 0 0 0 0 0 0 0 0 0 0 0 0 1.849489971897985 0.06394022066342961 -10.60200982179521 0.1868982704117815 0.2805183179990054 -9.50200719457197 0.09463500067453244 0.3061824228210503 -9.527038721518919 0.2771949051601661 -0.1703443374386575 -9.560235199436304 -0.1068888012645272 -0.08282077792139995 -10.11957868004575 0.163605802636822 0.008255122735011293 -10.08211698514247 -0.06615706841323288 -0.05186231725389718 -10.09585202909878 -0.05161873815341176 -0.08951788344196149 -10.16893339217127 -0.07318181661672807 0.1263809282476219 -10.30974592182274 -0.1015905499332849 0.04764337906990374 -10.32536118492942 0 0 0 0 0 0 0 0 0 0 0 0 0 0 0 0 0 0 0 0 0 0.2744623972018903 0.06537213241796215 -9.503842161998818 0.03864589760109315 0.1381114135940701 -10.14771539052303 -0.02609901400716575 0.2200821620101588 -9.954409079845316 0.2020473427598978 0.06165468012822709 -10.06768605654528 0.08688476300363161 -0.05256288045441886 -10.00904670617119 -0.06977413670965542 -0.0419670379073359 -10.09551024834895 -0.003204931762181821 -0.05481500762344797 -10.01577325451807 0.001975960553368121 -0.05807252771214367 -10.01663503535328 -0.03002174135719691 0.1056910060507752 -10.1184422016866 0 0 0 0 0 0 0 0 0 -0.01197209954567166 0.001733656744358111 -10.09813185656319 0 0 0 0 0 0 0 0 0 0 0 0 0.2348400030980936 -0.09562977496353559 -9.864716618913464 0.007489239737419045 0.1258973655487089 -10.11001196140442 0.1178774324928819 0.123567860495803 -10.10151163863079 0.1896603132877659 -0.00680223927909934 -10.18649251480473 0.09152951738463688 -0.05631712108205539 -10.03006075974343 -0.02818188031591381 0.02066514017007613 -10.00979210921036 -0.01035359024660988 -0.009930668916437055 -10.08094014132588 -0.02884597755532716 0.0184889213492057 -10.00975516657649 0 0 0 0 0 0 -0.02265615787049251 -0.0009026334389577414 -10.08098427846689 0.0695560479768894 0.007497378967394889 -10.11614855966377 0 0 0 0 0 0 0 0 0 0 0 0 0.185803458304093 0.08418898498528518 -10.18649238633169 0.06757515965572866 0.09784835348287454 -10.02193631756373 0.1128484554710638 0.1001733876543967 -10.02867149948623 0.0840134071841723 -0.06509846553524766 -10.02919971615157 -0.01574722658246659 -0.004718011953513733 -10.04781264199067 -0.01331225009304206 -0.004369558676206865 -10.07055655155124 -0.004963859391945219 0.03187698315219819 -10.04768544616712 0 0 0 0 0 0 -0.00993084827010121 -0.003139311917509809 -10.05913166052454 0.04950406926844798 0.009551853256522981 -10.1390769692718 0 0 0 0 0 0 0 0 0 0.06943430825393181 0.1437148849818988 -10.02086487881156 0.01977500599973713 0.03709677661906 -10.13507778690839 0.03195265899479528 -0.02384978094058502 -10.26387340917772 0.05327222892175286 0.0135248514109356 -10.1390874911339 -0.01766468895280049 0.009158132492812469 -10.07059112402852 -0.005215686543104282 -0.006346848136859479 -10.05836256623563 -0.01356825946217435 0.02092605815311582 -10.06815201679398 0 0 0 0 0 0 0.01072421066946675 -0.002235017734274871 -10.0593179109027 -0.009786637725003707 -0.0033425878545493 -10.05945491805738 -0.0258753417156548 0.03985471034754758 -10.05571152693644 0 0 0 0 0 0 0 0 0 0.02806343055905082 -0.0205341437061232 -10.26389395246867 -0.07507885706426433 0.02827601337721651 -10.12909876573691 0.05379127830485163 0.01512707122996359 -10.13623126640353 -0.01365634979142249 0.01443573909828568 -10.06128680977242 -0.006403676467277577 0.00194410374786794 -10.0702028380083 -0.01212517038156501 0.01965154617134256 -10.06127951040371 0 0 0 0.0120792301472304 0.0006649403734939892 -10.05531900452762 -0.003215751728895247 0.0003522489342843431 -10.07021323648027 -0.01663205016930087 0.0274158045117577 -10.04937243943673 0 0 0 0 0 0 0 0 0 0 0 0 0 0 0 0.06177027957511964 -0.08620833151445587 -10.13623127140986 -0.08021314302250261 0.01689784735627361 -10.07472964453862 -0.0007699232817594264 -0.0135286047143282 -10.05704361045384 -0.003386613275019159 0.002272893261254489 -10.08564208578343 -0.002054321095930361 -0.00287014557313071 -10.08125183920131 -0.00237048597270241 0.001245689539642718 -10.07360110811595 -0.003288406569414316 0.0003603944764686539 -10.07035672934093 0.008533411165647948 0.04283956221705873 -10.08569610245264 -0.0373248988548095 0.0126813670816762 -10.07589017733719 -0.07554262409661157 0.02559539120322686 -10.06010188020429 0 0 0 0 0 0 0 0 0 0 0 0 0 0 0 0 0 0 0.0006312932572123305 -0.05791958570800379 -10.0541241137215 -0.004926582606908966 -0.001926623452511805 -10.07359933804703 -0.003197775444849372 -0.0002367618293546579 -10.08126085128622 -0.00750870202032753 -0.002012166524041915 -10.08903087608635 -0.003827389798601018 0.0002383627666214816 -10.07034538030579 0.003234903222834385 -0.007362615710646813 -10.08900476832648 -0.001640879098016725 0.03472058179136135 -10.12277178685831 -0.03819980031826017 0.01104788023318282 -10.10479591490234 0.003558032675549929 0.006008052160350905 -9.98453727103241 0 0 0 0 0 0 0 0 0 0 0 0 0.01658940546741841 -0.009313237958240015 -9.984580568140693 -0.002757981969842655 0.003044538734535961 -10.06428230995366 -0.0008915140009248215 0.00338683342038762 -10.07539150007595 -0.003937748070215877 0.01033443720406642 -10.07547900911735 -0.001068461493701727 0.006333018980888823 -10.05942486947639 0.01323000210590862 0.001715932002775622 -10.07550512093782 -0.02563127346520542 0.01874156558914929 -10.12320448791215 -0.001473926483005126 0.001383215193726824 -10.07535876385213 0.03946898375055451 -0.01204757432722762 -10.0891256466787 0 0 0 0 0 0 0 0 0 0 0 0 0 0 0 -0.003220987217314715 0.03243218295822562 -10.06428224986318 -0.005376653580219676 0.0009856269669158955 -10.05942782168946 0.0003812767004785948 0.002558782173181896 -10.07699788937356 -0.004596325578737627 0.01041699425915733 -10.0744271074323 0.01498671934801129 0.002119378737598986 -10.0755262719245 0.01426887555488958 0.0007950216194338782 -10.07379407718269 -0.0167946550111621 -0.009207856731956083 -10.07509000610687 6.290428801159819e-05 0.001423019087910787 -10.07699166894823 0.03582881861299449 -0.005116689533743327 -10.10059343669525 0 0 0 0 0 0 0 0 0 0 0 0 0 0 0 0.01669814903187499 0.01738733168880869 -10.10057365967068 0.003392525936358704 -0.01182875095589987 -10.07523635469173 -0.0004324288305344208 0.0009836628214762687 -10.07438313420019 0.001826003532372429 0.004176641998909111 -10.0612682699541 0.01431040196639545 0.0008028248348527895 -10.07379242414919 0.00505745475553751 0.00254890804794798 -10.06124988672236 -0.01743464127109963 -0.003887901308130515 -10.06620803010971 0.01319557251087148 -0.01472034689561546 -10.07528104283459 -0.0002005081239097692 -0.002208792961039867 -10.08234791079664 0 0 0 0 0 0 0 0 0 0 0 0 0.003318833584923572 -0.002977815946505201 -10.07535760019594 0.00229923382287336 -0.01259181852580957 -10.07716652922527 -0.0004684400667791267 2.654735365641299e-05 -10.07605299994595 0.002455038361622079 -0.004759896954354116 -10.07315051727838 0.007228083933682256 -0.003917540329236385 -10.0868850427691 -0.002964881596034713 -0.002023448441019047 -10.0731730616621 -0.001712161091782061 -0.003263246370134982 -10.08234395596536 0.01046433382430378 -0.008896595817531107 -10.06618182166636 -0.002066512398893156 -0.005676142900862978 -10.07602663429098 0 0 0 0 0 0 0 0 0 0 0 0 0 0 0 0.002294762872802373 -0.002257718178355909 -10.07716663046787 0.00437221618606079 -0.007330162967865356 -10.08689228750564 0.00104170412835287 -0.001551951262543119 -10.07315644115178 0.001794567320467806 -0.004750744776801877 -10.07238413972323 -0.002917426041302065 -0.002015132304771345 -10.07317295589257 -0.002459075623240615 -0.002673968918863114 -10.07222829190869 -0.0003581881254253437 -0.005478456969271312 -10.07315156064225 0.00608699410522675 -0.006200588235197571 -10.07515711762232 -4.257097052236271e-06 -0.005233091042757329 -10.07316116254021 0 0 0 0 0 0 0 0 0 0 0 0 0 0 0 0.001858679702675128 -0.001165520127061866 -10.07516156974762 0.001420392834423551 0.003172990618043529 -10.07315423169931 0.0006047350828374551 -0.002034625627623036 -10.07239737723295 0.0005972191593695577 -0.002294379439513714 -10.07696086941874 -0.003109357424480862 -0.002799105755629479 -10.07221637876377 0.0005070949967526983 -0.002248924446603023 -10.07696127924084 -0.0006011840988132387 -0.003046849806233392 -10.07025210830168 0.004602810171563635 -0.006372130099885717 -10.07313940764568 -0.0004354027142049653 -0.00313602705963793 -10.0704936009416 0 0 0 0 0 0 0 0 0 0 0 0 0 0 0 0.001422803986606939 -0.002575966068929995 -10.07315272657082 0.001005555154936717 0.002968147752338724 -10.07369816209419 0.0005475998870117703 -0.001888349533578637 -10.07216822406449 -0.0002196205243708188 -0.0002136762419085639 -10.07346254525529 0.001476928009032837 -0.001670918103086044 -10.06449521702025 0.00677550934317194 -0.0007279082011938091 -10.06706744392937 0.004075421276673205 -0.003888554367915286 -10.07024021939343 -0.000371439379321104 -0.003092260765942359 -10.07050284868516 0.0003715531658802876 -0.002503252450786063 -10.07216583745642 0 0 0 0 0 0 0 0 0 0 0 0 0.001007544547315009 -0.002407894289536896 -10.073697011616 0.001124041424966329 -0.002093353187303281 -10.06449487589335 0.0002054042314958046 -0.001183905851563584 -10.07345754963242 0.00271757370165151 -8.12189302393517e-05 -10.07006477933565 0.002961942808524374 -0.001466213622991597 -10.06713784390421 0.008326155292678128 -0.002908389625005674 -10.07004592916804 0.002392304679906833 -0.003634390291466846 -10.07304765172855 -0.0002875455394430449 -0.003088278943767184 -10.06945579837642 0.001153972878697634 -0.002041912743667517 -10.07069518698029 0 0 0 0 0 0 0 0 0 0 0 0 0 0 0 0.001015969258476418 -0.001987737786481104 -10.07304775676634 0.001040202137293271 -0.006258870958648702 -10.07128441750319 0.002286964425553877 0.000907940017619433 -10.07006648853018 0.00327855782987996 -0.004646463335271983 -10.06348481113864 0.002305378995352781 -0.003995866916251486 -10.07006364562378 0.003846243533461445 -0.00493796498705076 -10.06347500380372 0.0002261213271795132 -0.003180801639983886 -10.06946612367519 0.0007564716571297843 -0.002313889604218889 -10.07070242610587 0.00127752063331392 -0.002591495386721961 -10.07006805144947 0 0 0 0 0 0 0 0 0 0 0 0 0 0 0 0.001039024626615603 -0.003077041698784117 -10.07128428352535 7.822096488381153e-05 -0.006662585722511377 -10.07006834728895 0.001615865547836491 0.001713428895444923 -10.06861525584327 0.003694199124447757 -0.005084086438443483 -10.06455515625631 -0.00230331056691916 -0.003710177492777913 -10.07616888771612 -0.0006245919825958923 -0.004301491650654458 -10.07134468538878 0.0001146705879626281 -0.002705190960801703 -10.07007002932957 0.0008956847974849168 -0.002849965570951022 -10.07007823042465 0.0002653146350999824 -0.002920341252918741 -10.06859452271321 0 0 0 0 0 0 0 0 0 0 0 0 0 0 0 7.824849769049574e-05 -0.002661534154578738 -10.07007015979039 -0.001284720733752535 -0.002484556910089051 -10.0761714092063 0.00176815371116605 -0.0006526007246160346 -10.06457807434128 0.001365655052899358 -0.004596775285355714 -10.06793491877035 -0.004685661170153672 -0.005046769853123428 -10.07129377024143 -0.00286611980274514 -0.00219451596805042 -10.06693810519761 0.0009130771073320355 -0.002602297551417735 -10.0690014094515 0.0008769219216071052 -0.002351219093917483 -10.06795499819721 0.0004042559980752305 -0.002731128797254439 -10.06822134064798 0 0 0 0 0 0 0 0 0 0 0 0 0 0 0 0.0003249363325252848 -0.001895188364785114 -10.06900140419056 0.0002567460864209353 0.001516562372090929 -10.06933762234794 0.0005331313851138745 -0.002561899268676358 -10.06786339053026 0.001340040526124211 -0.00441748062959792 -10.0682163456143 -0.00351712717454014 -0.002213334511584666 -10.06675420592909 -0.00209266294734524 -0.001947746561871754 -10.06824029672779 0.0003963408421302125 -0.002261669068028642 -10.06796373019437 0.001117919665342904 -0.002249459039999047 -10.06823436386652 0.0004044927852267194 -0.003055342394140499 -10.06778828536915 0 0 0 0 0 0 0 0 0 0 0 0 0 0 0 0 0 0 0 0 0 0.0002563688326821187 -0.00173244866107094 -10.06933682257078 -0.0006063600622763625 0.0009582401694066667 -10.06782325919615 0.000270799285465913 -0.002207108728445721 -10.06722882591813 -0.0003231057919925154 -0.002374009600715236 -10.06360795600487 -0.00261429530393575 -0.002493587589982981 -10.06558794965521 -0.002255742903267485 -0.00188220671774677 -10.06855517041408 0.0004373830322269925 -0.002347009210143706 -10.0678523481315 0.001150472505506441 -0.002367717833100686 -10.06806140019722 7.88622740773904e-05 -0.003234170610822722 -10.06722470622279 0 0 0 0 0 0 0 0 0 0 0 0 0 0 0 0 0 0 -0.0007114250216257912 -0.001022880982030049 -10.06763540531647 -8.342844474820235e-05 -0.0005114428489437486 -10.06558366401573 0.0004792612585757385 -0.004370732403341409 -10.06359870797881 -0.001885986985953762 -0.001708242720855336 -10.06616249226804 -0.0009660129898673996 -0.001922463090787807 -10.06855408773663 -0.003350941993906226 -0.0007118473222743772 -10.06648875631394 0.001419302862486053 -0.002016799330299791 -10.06668690212773 0.001130958179501078 -0.001953133717908118 -10.06640121885125 0.0002789631099716114 -0.002839104426003402 -10.0665038889339 0 0 0 0 0 0 0 0 0 0 0 0 0 0 0 0 0 0 -0.0003772666144586876 -0.0003009028870106623 -10.06668133057014 0.0002506229946654436 3.728696052568226e-06 -10.06457661882076 -0.0001881110802870122 -0.005780946893996977 -10.06602343152238 -0.001357965508205501 -0.005774675443303017 -10.06071600258543 0.0001715927032840718 -0.0002708986222103625 -10.06547107624288 -0.007205915339007236 -0.002727552892942924 -10.06067600107427 0.001253843376200166 -0.001948307359358933 -10.0664104299561 0.001210653230097424 -0.001895953828225608 -10.06651349354732 0.0003035070265852462 -0.00345337822809701 -10.06569603881165 0 0 0 0 0 0 0 0 0 0 0 0 0 0 0 0 0 0 0 0 0 0.0001371976559868207 -0.001418871049591581 -10.06457654668304 0.000750445373661257 0.0002317809941792383 -10.06526858039645 -0.0003170835033253227 -0.005624751581923869 -10.06576190544622 0.001488050569722607 -0.008852561000964087 -10.06778002080909 -0.001451619116960638 -8.436607383051571e-05 -10.06773148287175 -0.006936252478719697 -0.002770686728953642 -10.06028010981808 0.001602381945386601 -0.002625150147635409 -10.06526442793778 0.001433745039737066 -0.00260507920560595 -10.06532038586007 0.0003377886474230555 -0.003442295011904795 -10.06577137888171 0 0 0 0 0 0 0 0 0 0 0 0 0 0 0 0 0 0 0 0 0 0 0 0 0.0007168894049290065 -0.001727772808302607 -10.06543828451202 0.0002176907453620869 0.00192042282850486 -10.06772783598607 -0.0003749194803534108 -0.00445106797701219 -10.06780285460492 0.003359139464582059 -0.009214247204903126 -10.06512043497234 -0.005151415942157229 -0.002424993180135416 -10.06031833523941 -0.003937961743676827 -0.005611263439155426 -10.06594746521623 0.00177942823037578 -0.002596218439970429 -10.06503662254925 0.001418845026455239 -0.002936498002122347 -10.06672077837524 -0.0003905021544090925 -0.004427662323066716 -10.06791359686859 0 0 0 0 0 0 0 0 0 0 0 0 0 0 0 0 0 0 0 0 0 0 0 0 0 0 0 0 0 0 0.0008081902716778654 -0.001433135255293625 -10.06504065699824 0.001226378962892585 0.004444870791913025 -10.0631022553659 0.001001286747324197 -0.002296698761305031 -10.06426626833438 0.003493424112492296 -0.0009169076451961308 -10.07566263191595 -0.007342341719289914 -0.006908624062694034 -10.06691307815198 0.002604965063648367 -0.000553330147366517 -10.07566897869977 0.002631577131485586 -0.00316080227638024 -10.06673089935563 0.002559231540325352 -0.002455167677357089 -10.06794600594631 -0.0004110654716559678 -0.006263904177263147 -10.06533517553455 0 0 0 0 0 0 0 0 0 0 0 0 0 0 0 0 0 0 0 0 0 0 0 0 0 0 0 0 0 0 0 0 0 0 0 0 0 0 0 0.001238363137755133 -0.00248605786986678 -10.06310212844532 0.001120529806614334 0.004370424200412903 -10.06294115061377 0.003132703571026714 -0.005075688809386005 -10.06924772822102 7.545335061285458e-05 0.002878653820451602 -10.06694748454755 0.003188702496407153 -0.005618773014506629 -10.05168056529315 0.01082915806497564 -5.287797050652881e-05 -10.06149984588741 0.003381403791934706 -0.004745122111423466 -10.0642436604718 0.003100386457193063 -0.004667850152711549 -10.06429781097726 0.002719513704389911 -0.005814769832015712 -10.06924441285995 0 0 0 0 0 0 0 0 0 0 0 0 0 0 0 0 0 0 0 0 0 0 0 0 0 0 0 0 0 0 0 0 0 0 0 0 0 0 0 0 0 0 0 0 0 0 0 0 0 0 0 0 0 0 0 0 0 0 0 0 0 0 0 0 0 0 0 0 0 0.001854240082982462 -0.002927168689802806 -10.06420941727444 0.004241848064134097 -0.00359610360693121 -10.05168667682209 0.002946531994006287 -0.006447848112621402 -10.06689933291664 0.003009709274300454 0.002686598410792731 -10.06326206311144 0.007566847198014115 -0.001477589600851283 -10.06160824199997 0.01237401823626649 -0.001480859297578337 -10.06442489203291 0.006126184752473279 -0.004790135166747749 -10.06010931199367 0.002957581992476662 -0.003025622681467854 -10.05592893576237 0.003627350692100027 -0.005057604045283434 -10.06729842956132 0 0 0 0 0 0 0 0 0 0 0 0 0 0 0 0 0 0 0 0 0 0 0 0 0 0 0 0 0 0 0 0 0 0 0 0 0 0 0 0 0 0 0 0 0 0 0 0 0 0 0 0 0 0 0 0 0 0 0 0 0 0 0 0 0 0 0 0 0 0 0 0 0 0 0 0 0 0 0 0 0 0 0 0 0 0 0 0 0 0 0 0 0 0 0 0 0 0 0 0 0 0 0 0 0 0 0 0 0 0 0 0 0 0 0 0 0 0 0 0 0.002251400577972659 -0.000274808528947209 -10.0601497244592 0.003337765215268694 -0.009228580649792432 -10.06072059633044 0.005530579866821378 -0.003753706960972084 -10.06253434631487 0.004035105160343449 -0.006378956038150695 -10.05036880820481 0.007290832684323306 -0.00265256173700877 -10.06312209131579 0.003124990099030053 -0.005893694568612664 -10.05037745208967 0.004072076469066829 -0.00336419418613444 -10.05593351106331 0.01460665606252809 -0.0007268760145164399 -10.06729907314496 0.002994442206342556 -0.008961289519287837 -10.06097923754353 0 0 0 0 0 0 0 0 0 0 0 0 0 0 0 0 0 0 0 0 0 0 0 0 0 0 0 0 0 0 0 0 0 0 0 0 0 0 0 0 0 0 0 0 0 0 0 0 0 0 0 0 0 0 0 0 0 0 0 0 0 0 0 0 0 0 0 0 0 0 0 0 0 0 0 0 0 0 0 0 0 0 0 0 0 0 0 0 0 0 0 0 0 0 0 0 0 0 0 0 0 0 0 0 0 0 0 0 0 0 0 0 0 0 0 0 0 0 0 0 0 0 0 0 0 0 0 0 0 0 0 0 0 0 0 0 0 0 0 0 0 0 0 0 0 0 0 0.002115029448618522 7.491146443569987e-06 -10.06071992882911 0.003472340578157482 -0.009102631356749784 -10.06105302954055 0.009008013222838772 -0.008136965077972444 -10.07036869261362 0.007279140234040946 -0.009969571097422913 -10.05865985045516 0.003867021633584026 -0.002297603486629976 -10.06813870122626 -0.0006154158046754883 -0.005324406596637992 -10.0567919760414 0.001878276227879273 0.0007158569773928106 -10.06263691581394 0.01483508446895226 -0.002067775331784791 -10.06483905916004 0.009301386291195786 -0.007177172691924967 -10.0703719608382 0 0 0 0 0 0 0 0 0 0 0 0 0 0 0 0 0 0 0 0 0 0 0 0 0 0 0 0 0 0 0 0 0 0 0 0 0 0 0 0 0 0 0 0 0 0 0 0 0 0 0 0 0 0 0 0 0 0 0 0 0 0 0 0 0 0 0 0 0 0 0 0 0 0 0 0 0 0 0 0 0 0 0 0 0 0 0 0 0 0 0 0 0 0 0 0 0 0 0 0 0 0 0 0 0 0 0 0 0 0 0 0 0 0 0 0 0 0 0 0 0 0 0 0 0 0 0 0 0 0 0 0 0 0 0 0 0 0 0 0 0 0 0 0 0.003136137015791262 -0.0007518540307390219 -10.06261523016314 0.001991848483641098 -0.004549462332399346 -10.06814372987963 0.009305756568982216 -0.01486261386459384 -10.05863200418204 0.006616546426332355 -0.00982973338211866 -10.05964177353249 -0.001538655336067107 -0.005493707634099948 -10.05677821386 0.001173191794268033 -0.007060259447941671 -10.06028501485656 0.006377758454253374 0.001165917176868568 -10.0564403998205 0.01735469189549827 -0.01038081871972555 -10.10360289724934 -0.002346966087332289 -0.02349210648656396 -10.10356834416953 0 0 0 0 0 0 0 0 0 0 0 0 0 0 0 0 0 0 0 0 0 0 0 0 0 0 0 0 0 0 0 0 0 0 0 0 0 0 0 0 0 0 0 0 0 0 0 0 0 0 0 0 0 0 0 0 0 0 0 0 0 0 0 0 0 0 0 0 0 0 0 0 0 0 0 0 0 0 0 0 0 0 0 0 0 0 0 0 0 0 0 0 0 0 0 0 0 0 0 0 0 0 0 0 0 0 0 0 0 0 0 0 0 0 0 0 0 0 0 0 0 0 0 0 0 0 0 0 0 0 0 0 0 0 0 0 0 0 0 0 0 0 0 0 0 0 0 0 0 0 0 0 0 0 0 0 0 0 0 0 0 0 0 0 0 0 0 0 0 0 0 0.004429551893739333 0.003489193232133169 -10.05641945171055 0.004550617901449361 0.002073741268416878 -10.05587739967349 0.008643021897301522 -0.01589920192030166 -10.0603782124858 0.006452716775528299 -0.01603043363666836 -10.05182419848359 -0.002979212786780918 -0.008573177633821011 -10.06147763683645 -0.00448129926393244 -0.01145067003275522 -10.05188611092395 0.004406374894651667 0.00234911640540812 -10.05239267141823 0.07171103178700336 -0.009857963882556164 -10.05268930262922 -0.002932122695100291 -0.04796712806890283 -10.06909852876823 0 0 0 0 0 0 0 0 0 0 0 0 0 0 0 0 0 0 0 0 0 0 0 0 0 0 0 0 0 0 0 0 0 0 0 0 0 0 0 0 0 0 0 0 0 0 0 0 0 0 0 0 0 0 0 0 0 0 0 0 0 0 0 0 0 0 0 0 0 0 0 0 0 0 0 0 0 0 0 0 0 0 0 0 0 0 0 0 0 0 0 0 0 0 0 0 0 0 0 0 0 0 0 0 0 0 0 0 0 0 0 0 0 0 0 0 0 0 0 0 0 0 0 0 0 0 0 0 0 0 0 0 0 0 0 0 0 0 0 0 0 0 0 0 0 0 0 0 0 0 0 0 0 0 0 0 0 0 0 0 0 0 0 0 0 0 0 0 0 0 0 0.004549297197657216 0.003181450131245698 -10.05587739121451 0.005453658070712029 0.002705907131268136 -10.05746505508374 0.007390077485903666 -0.01425833256729788 -10.0574911388567 0.006406359835443467 -0.01597910299626481 -10.05173204656198 0.002175539428071899 -0.008152162640877869 -10.05373828180792 0.0002846840637456696 -0.01127642018104466 -10.04381003149856 0.002898235333018055 0.005603144571191041 -10.05745769063997 0.07254485764949783 -0.01388779336610816 -10.04615019654066 -0.01249584260104043 -0.0493326848777315 -10.0573750314112 0 0 0 0 0 0 0 0 0 0 0 0 0 0 0 0 0 0 0 0 0 0 0 0 0 0 0 0 0 0 0 0 0 0 0 0 0 0 0 0 0 0 0 0 0 0 0 0 0 0 0 0 0 0 0 0 0 0 0 0 0 0 0 0 0 0 0 0 0 0 0 0 0 0 0 0 0 0 0 0 0 0 0 0 0 0 0 0 0 0 0 0 0 0 0 0 0 0 0 0 0 0 0 0 0 0 0 0 0 0 0 0 0 0 0 0 0 0 0 0 0 0 0 0 0 0 0 0 0 0 0 0 0 0 0 0 0 0 0 0 0 0 0 0 0 0 0 0 0 0 0 0 0 0 0 0 0 0 0 0 0 0 0 0 0 0 0 0 0 0 0 0 0 0 0 0 0 0 0 0 0 0 0 0 0 0 0 0 0 0.005470532791684087 0.002538190635224656 -10.05749387765408 0.00644185910246285 5.877475451271929e-05 -10.05376316098564 0.006895300541543361 -0.01759962856378667 -10.05172812396759 0.0052135726064861 -0.01599957852043588 -10.05369899821846 -0.002038369064186209 -0.01227724581463697 -10.04381152391804 0.005363222202443155 -0.01606788019730607 -10.05372202278302 0.01742547053713186 0.004982611956646508 -10.03545467474215 0.07266772385838789 -0.01449654285926085 -10.04943850141163 0.01119662730613487 -0.02966734248126943 -10.00568399697496 0 0 0 0 0 0 0 0 0 0 0 0 0 0 0 0 0 0 0 0 0 0 0 0 0 0 0 0 0 0 0 0 0 0 0 0 0 0 0 0 0 0 0 0 0 0 0 0 0 0 0 0 0 0 0 0 0 0 0 0 0 0 0 0 0 0 0 0 0 0 0 0 0 0 0 0 0 0 0 0 0 0 0 0 0 0 0 0 0 0 0 0 0 0 0 0 0 0 0 0 0 0 0 0 0 0 0 0 0 0 0 0 0 0 0 0 0 0 0 0 0 0 0 0 0 0 0 0 0 0 0 0 0 0 0 0 0 0 0 0 0 0 0 0 0 0 0 0 0 0 0 0 0 0 0 0 0 0 0 0 0 0 0 0 0 0 0 0 0 0 0 0 0 0 0 0 0 0 0 0 0 0 0 0 0 0 0 0 0 0 0 0 0 0 0 0 0 0 0 0 0 0 0 0 0 0 0 0 0 0 0 0 0 0 0 0 0 0 0 0.007418128351848782 0.01677129369276258 -10.03549378459676 0.005881710063616798 -0.00335713653408754 -10.05961613548337 0.006071803897545642 -0.01832954912720237 -10.05344189667657 0.001486388126884341 -0.04266560307268994 -10.01066389873651 -0.003562740494017079 -0.01822168616277078 -10.05133035962589 -0.0220512197172574 -0.02975604931520052 -10.01076402218922 0.03093460648249411 -0.004117787411661013 -10.06365403357583 0.02902703966954797 -0.02272080630702907 -10.00574634925383 0.01974085768321684 0.009300323762802203 -10.06177900481122 0 0 0 0 0 0 0 0 0 0 0 0 0 0 0 0 0 0 0 0 0 0 0 0 0 0 0 0 0 0 0 0 0 0 0 0 0 0 0 0 0 0 0 0 0 0 0 0 0 0 0 0 0 0 0 0 0 0 0 0 0 0 0 0 0 0 0 0 0 0 0 0 0 0 0 0 0 0 0 0 0 0 0 0 0 0 0 0 0 0 0 0 0 0 0 0 0 0 0 0 0 0 0 0 0 0 0 0 0 0 0 0 0 0 0 0 0 0 0 0 0 0 0 0 0 0 0 0 0 0 0 0 0 0 0 0 0 0 0 0 0 0 0 0 0 0 0 0 0 0 0 0 0 0 0 0 0 0 0 0 0 0 0 0 0 0 0 0 0 0 0 0 0 0 0 0 0 0 0 0 0 0 0 0 0 0 0 0 0 0 0 0 0 0 0 0 0 0 0 0 0 0 0 0 0 0 0 0 0 0 0 0 0 0 0 0 0.001610936524357489 0.02942197501515014 -10.05961600200315 0.004058702280354422 -0.00521499894566091 -10.05551616985876 0.03820294644077885 -0.04348919753120636 -10.11838692854593 0.0145961530643008 -0.05509044974796286 -10.03458385525377 -0.009443856912478442 -0.01768287086732622 -10.05964409747132 -0.01826782035671347 -0.03037230158471052 -10.00409801120127 0.0311050611299197 -0.004824962269642983 -10.06157985694012 -9.661350078681099e-05 -0.002640793474756621 -10.05509498770121 0.05963678319258018 0.02539909797590459 -10.11859710268608 0 0 0 0 0 0 0 0 0 0 0 0 0 0 0 0 0 0 0 0 0 0 0 0 0 0 0 0 0 0 0 0 0 0 0 0 0 0 0 0 0 0 0 0 0 0 0 0 0 0 0 0 0 0 0 0 0 0 0 0 0 0 0 0 0 0 0 0 0 0 0 0 0 0 0 0 0 0 0 0 0 0 0 0 0 0 0 0 0 0 0 0 0 0 0 0 0 0 0 0 0 0 0 0 0 0 0 0 0 0 0 0 0 0 0 0 0 0 0 0 0 0 0 0 0 0 0 0 0 0 0 0 0 0 0 0 0 0 0 0 0 0 0 0 0 0 0 0 0 0 0 0 0 0 0 0 0 0 0 0 0 0 0 0 0 0 0 0 0 0 0 0 0 0 0 0 0 0 0 0 0 0 0 0 0 0 0 0 0 0 0 0 0 0 0 0 0 0 0 0 0 0 0 0 0 0 0 0 0 0 0.002759465797565197 0.0285703876726513 -10.06171323898984 0.003261769961448075 -0.002457126790120343 -10.05958851626576 0.03526436436170167 -0.1056159960564362 -10.03510198450291 -0.01531464826704046 -0.05262639393454368 -10.09851960135361 -0.03750530658806397 -0.03396510243875418 -10.00422966564953 0.003532390491527561 -0.06164623488788532 -10.09241500811233 0.01746352914870864 -0.01798902844782767 -10.09374636697372 -0.01164885733754711 -0.01650813133852324 -10.08907650448186 0.05236172040103763 0.01642439860459359 -10.14132713335434 0 0 0 0 0 0 0 0 0 0 0 0 0 0 0 0 0 0 0 0 0 0 0 0 0 0 0 0 0 0 0 0 0 0 0 0 0 0 0 0 0 0 0 0 0 0 0 0 0 0 0 0 0 0 0 0 0 0 0 0 0 0 0 0 0 0 0 0 0 0 0 0 0 0 0 0 0 0 0 0 0 0 0 0 0 0 0 0 0 0 0 0 0 0 0 0 0 0 0 0 0 0 0 0 0 0 0 0 0 0 0 0 0 0 0 0 0 0 0 0 0 0 0 0 0 0 0 0 0 0 0 0 0 0 0 0 0 0 0 0 0 0 0 0 0 0 0 0 0 0 0 0 0 0 0 0 0 0 0 0 0 0 0 0 0 0 0 0 0 0 0 0 0 0 0 0 0 0 0 0 0 0 0 0 0 0 0 0 0 0 0 0 0 0 0 -0.003388907234605501 0.006842106368163745 -10.09355493898993 -0.00456999736539159 -0.024459326313775 -10.10006881935347 0.06357538205496537 -0.07318348758396984 -9.942832015053209 -0.01761302545223382 0.01952839942366727 -10.03760346208296 -0.04426833301351336 -0.0665065110698437 -10.0825682751587 0.04104206281936956 -0.03410314332769158 -10.04079718343546 0.01758426404163222 -0.01802892882162063 -10.0936488426048 0.01843293155902772 -0.006030068205678062 -10.1410089284571 0.07228089685725174 -0.05403842479302745 -9.928948727699559 0 0 0 0 0 0 0 0 0 0 0 0 0 0 0 0 0 0 0 0 0 0 0 0 0 0 0 0 0 0 0 0 0 0 0 0 0 0 0 0 0 0 0 0 0 0 0 0 0 0 0 0 0 0 0 0 0 0 0 0 0 0 0 0 0 0 0 0 0 0 0 0 0 0 0 0 0 0 0 0 0 0 0 0 0 0 0 0 0 0 0 0 0 0 0 0 0 0 0 0 0 0 0 0 0 0 0 0 0 0 0 0 0 0 0 0 0 0 0 0 0 0 0 0 0 0 0 0 0 0 0 0 0 0 0 0 0 0 0 0 0 0 0 0 0 0 0 0 0 0 0 0 0 0 0 0 0 0 0 0 0 0 0 0 0 0 0 0 0 0 0 0 0 0 0 0 0 -0.02280946119131779 0.02178094335377659 -10.03262160216037 -0.0117004372628513 0.09390457211441022 -10.18868969448959 0 0 0 0 0 0 0 0 0 0 0 0 0 0 0 0 0 0 0 0 0 0 0 0 -0.004663124274259436 0.01036203807698627 -10.10006884208739 -0.01497849464813916 -0.0314471626653192 -10.08257356465847 0.07377644690588035 -0.04787102377988534 -9.931128568040448 -0.02097089255930557 0.02801835752424172 -10.03726216666687 -0.09502565153021157 -0.05791680139334626 -10.03772963086162 0.01495939842701761 -0.03123963412499391 -10.04095041170427 0.03712216618943902 -0.03358569440656255 -10.03973977690376 -0.08835475192630335 -0.1162205834980869 -10.03961871031249 0 0 0 0 0 0 0 0 0 0 0 0 0 0 0 0 0 0 0 0 0 0 0 0 0 0 0 0 0 0 0 0 0 0 0 0 0 0 0 0 0 0 0 0 0 0 0 0 0 0 0 0 0 0 0 0 0 0 0 0 0 0 0 0 0 0 0 0 0 0 0 0 0 0 0 0 0 0 0 0 0 0 0 0 0 0 0 0 0 0 0 0 0 0 0 0 0 0 0 0 0 0 0 0 0 0 0 0 0 0 0 0 0 0 0 0 0 0 0 0 0 0 0 0 0 0 0 0 0 0 0 0 0 0 0 0 0 0 0 0 0 0 0 0 0 0 0 -0.01935488539046831 0.02357378658283436 -10.04219306807397 -0.02705955398375449 0.09470584949538562 -10.1921357136479 -0.1087075500453991 0.06286724524243947 -9.957213206796114 0 0 0 0 0 0 0 0 0 0 0 0 0 0 0 0 0 0 0 0 0 0 0 0 0 0 0 0 0 0 0 0 0 0 0 0 0 0 0 0.01751355922708382 -0.00444434091436375 -10.13730457382766 -0.04201624254052419 0.006165882105748119 -10.03732636144964 -0.02168852702616623 -0.01221972269932497 -10.03843343304734 -0.03312723353257568 0.05498755184071074 -10.13510866234406 0.0377443809136746 -0.03282133151469144 -10.04066734582109 -0.04400562293500993 -0.002144391581949747 -9.960262925838752 0 0 0 0 0 0 0 0 0 0 0 0 0 0 0 0 0 0 0 0 0 0 0 0 0 0 0 0 0 0 0 0 0 0 0 0 0 0 0 0 0 0 0 0 0 0 0 0 0 0 0 0 0 0 0 0 0 0 0 0 0 0 0 0 0 0 0 0 0 0 0 0 0 0 0 0 0 0 0 0 0 0 0 0 0 0 0 0 0 0 0 0 0 0 0 0 0 0 0 0 0 0 0 0 0 0 0 0 0 0 0 0 0 0 0 0 0 0 0 0 0 0 0 0 0 0 -0.02631327180253424 0.06127564741675891 -10.01973191860559 0.001646442530188564 -0.01172573003378762 -10.01294163557811 0.02945050645087733 0.06177475548906002 -9.969146246977784 -0.05676333967822191 0.05489238110271136 -9.90864923585484 0 0 0 0 0 0 0 0 0 0 0 0 0 0 0 0 0 0 0 0 0 0 0 0 0 0 0 0 0 0 0 0 0 0 0 0 -0.08651159055966946 0.08271577544590571 -9.938487798121376 0 0 0 0 0 0 0 0 0 0 0 0 0 0 0 0 0 0 0 0 0 0.006637479296792142 -0.003331459475298954 -9.968495934298252 -2.165388073940972e-15 1.082694036970486e-15 -9.964511321759456 0 0 0 0 0 0 0 0 0 -0.04024158567696326 -0.08069036974306225 -10.03991790608028 -0.05289607319944822 0.0002670752852113814 -10.05339173567742 -0.0455272250581343 -0.01092876191280735 -9.971541517022121 -0.08541525962431029 -0.02889195934098427 -10.03715778708743 -0.05175955439998733 0.01869947347353278 -9.902762514465438 0 0 0 0 0 0 0 0 0 0 0 0 0 0 0 0 0 0 0 0 0 0 0 0 0 0 0 0 0 0 0 0 0 0 0 0 0 0 0 0 0 0 0 0 0 0 0 0 0 0 0 0 0 0 0 0 0 0 0 0 0 0 0 0 0 0 0 0 0 0 0 0 0 0 0 0 0 0 0 0 0 0 0 0 0 0 0 0 0 0 0 0 0 0 0 0 0 0 0 0 0 0 0 0 0 0 0 0 0 0 0 0 0 0 0 0 0 -0.01356483547592187 0.06296051216347881 -9.973401973818666 0.009620634101042759 -0.0006293764922273077 -9.971549861651301 0.0176475313781447 0.052404898931513 -9.980018441836451 -0.05246291678786355 0.0350214256080972 -9.957613329968472 0 0 0 0 0 0 0 0 0 0 0 0 0 0 0 0 0 0 0 0 0 0 0 0 0 0 0 0 0 0 0 0 0 0 0 0 0 0 0 0 0 0 0 0 0 0 0 0 0 0 -9.973226313080303 0.02135672113257439 0.06200412009187033 -9.999512718340336 0 0 0 0 0 0 0 0 0 0 0 0 0 0 0 0 0 0 0 0 0 -0.04974607397255705 -0.07630092345833175 -10.05339098220146 -0.06338837716841882 -0.05964385106282698 -9.949670764882139 -0.02496105238775547 0.02831332280597219 -9.95864852922354 -0.07843635758038101 -0.002782660122369929 -9.964139167739926 -0.08381078696910159 -0.001616291252760078 -9.961223259381146 0 0 0 0 0 0 0 0 0 0 0 0 0 0 0 0 0 0 0 0 0 0 0 0 0 0 0 0 0 0 0 0 0 0 0 0 0 0 0 0 0 0 0 0 0 0 0 0 0 0 0 0 0 0 0 0 0 0 0 0 0 0 0 0 0 0 0 0 0 0 0 0 0 0 0 0 0 0 0 0 0 0 0 0 0 0 0 0 0 0 0 0 0 0 0 0 0 0 0 0 0 0 0 0 0 0 0 0 -0.03460392128274811 0.02535752104525228 -9.990921022591314 0.0006432015016618054 0.002223425472858236 -9.97589711956444 0.01291178511036005 0.06094750098450077 -9.956459566804917 -0.05469856739322145 0.01292673763960892 -9.934722460060957 0 0 0 0 0 0 0 0 0 0 0 0 0 0 0 0 0 0 0 0 0 0 0 0 0 0 0 0 0 0 0 0 0 0 0 0 0 0 -9.973226313080298 0 0 -10.03803397208683 0 0 0 0 0 0 0 0 0 0 0 0 0 0 0 0 0 0 0 0 0 0 0 0 0 0 0 0 0 0 0 0 0 0 0 0 -0.0744279089386598 0.02721050901734865 -9.889886579321939 -0.06565621566450805 -0.05244661791883816 -9.933913718349997 -0.03644300419351629 0.02034022918767678 -9.989495103544529 -0.02157034578293552 -0.03859524070895828 -9.904322145291756 -0.07314212847955213 0.001806784290885749 -9.989242123850854 0 0 0 0 0 0 0 0 0 0 0 0 0 0 0 0 0 0 0 0 0 0 0 0 0 0 0 0 0 0 0 0 0 0 0 0 0 0 0 0 0 0 0 0 0 0 0 0 0 0 0 0 0 0 0 0 0 0 0 0 0 0 0 0 0 0 0 0 0 0 0 0 0 0 0 0 0 0 0 0 0 0 0 0 0 0 0 0 0 0 0 0 0 0 0 0 0 0 0 0 0 0 0 0 0 0 0 0 0 0 -10.03803397208683 0 0 -9.976625112520999 0.02822695444136025 0.04569721785001926 -9.933133431869548 -0.01309731040743198 0.007219873408009629 -9.972414872237788 -5.413471745758407e-16 -1.082694349151681e-15 -9.89630439545598 0 0 0 0 0 0 0 0 0 0 0 0 0 0 0 0 0 0 0 0 0 0 0 0 0 0 0 0 0 0 0 0 0 0 0 0 0 0 0 0 0 0 0 0 0 0 0 0 0 0 0 0 0 0 0 0 0 0 0 0 0 0 0 0 0 0 0 0 0 0 0 0 0 0 0 -0.06690387336086119 0.05808855853415813 -9.960334780677975 -0.01738101184636702 -0.05241052753733138 -9.900294622951961 -0.01497251924235279 -0.02035021423886816 -10.02305343771436 -0.001240786545073779 -0.02916899870949562 -9.968908129594668 -0.07628100486788703 0.01161337013811281 -9.981862572981967 -0.004374273514216233 -0.02836647152541864 -9.967692518633138 0 0 0 0 0 0 0 0 0 0 0 0 0 0 0 0 0 0 0 0 0 0 0 0 0 0 0 0 0 0 0 0 0 0 0 0 0 0 0 0 0 0 0 0 0 0 0 0 0 0 0 0 0 0 0 0 0 0 0 0 0 0 0 0 0 0 0 0 0 0 0 0 0 0 0 0 0 0 0 0 0 0 0 0 0 0 0 0 0 0 0 0 0 0 0 0 0 0 0 0 0 0 0 0 -9.976625112520999 0 0 -9.954203489451436 0 0 0 0 0 0 0 0 0 0 0 0 0 0 0 0 0 0 0 0 0 0 0 0 0 0 0 0 0 0 0 0 0 0 0 0 0 0 0 0 0 0 0 0 0 0 0 0 0 0 0 0 0 0 0 0 0 0 0 0 0 0 0 0 0 -9.954203489451436 0 0 0 0 0 0 0 0 0 0 0 0 0 0 0 0 0 0 0 0 0 0 0 0 0 0 0 0 0 0 0 0 0 0 0 0 0 0 0 0 0 0 0.01944192184128214 0.05862497471654215 -9.900294561718688 0 -2.165386199163265e-15 -10.01488749082748 0.01325342294952701 -0.006462472814486852 -9.944853656995825 0 0 -9.936209990419043 0 0 0 0 0 0 0 0 0 0 0 0 0 0 0 0 0 0 0 0 0 0 0 0 0 0 0 0 0 0 0 0 0 0 0 0 0 0 0 0 0 0 0 0 0 0 0 0 0 0 0 0 0 0 0 0 0 0 0 0 0 0 0 0 0 0 0 0 0 0 0 0 0 0 0 0 0 0 0 0 0 0 0 0 0 0 0 0 0 0 0 0 0 0 0 0 0 0 0 0 0 0 0 0 0 0 0 0 0 0 0 0 0 0 0 0 0 0 0 0 0 0 0 0 0 0 0 0 0 0 0 0 0 0 0 0 0 0 0 0 0 0 0 0 0 0 0 0 0 0 0 0 0 0 0 0 0 0 0 0 0 0 0 0 0 0 0 0 0 0 0 0 0 0 0 0 0 0 0 0 0 0 0 0 0 0 0 0 0 0 0 0 0 0 0 0 1.082694203331806e-15 -9.950039260125374 0 0 0 0 0 -9.936209990419043 0 0 0 0 0 0 0 0 0 0 0 0 0 0 0 0 0 0 0 0 0 0 0 0 0 0 0 0 0 0 0 0 0 0 0 0 0 0 0 0 0 0 0 0 0 0 0 0 0 0 0 0 0 0 0 0 0 0 0 0 0 0 0 0 0 0 0 0 0 0 0 0 0 0 0 0 0 0 0 0 0 0 0 0 0 0 0 0 0 0 0 0 0 0 0 0 0 0 0 0 0 0 0 0 0 0 0 0 0 0 0 0 0 0 0 0 0 0 0 0 0 0 0 0 0 0 0 0 0 0 0 0 0 0 0 0 0 0 0 0 0 0 0 0 0 0 0 0 0 0 0 0 0 0 0 0 0 0 0 0 0 0 0 0 0 0 0 0 0 0 0 0 0 0 0 0 0 0 0 0 0 0 0 0 0 0 0 0 0 0 0 0 0 0 0 0 0 0 0 0 0 0 0 0 0 0 0 0 0 0 0 0 0 0 0 0 0 0 0 0 0 0 0 0 0 0 0 0 0 0 0 0 0 0 0 0 0 0 0 0 0 0 0 0 0 0 0 0 0 0 0 0 0 0 0 0 0 0 0 0 0 0 0 0 0 0 0 0 0 0 0 0 0 0 0 0 0 0 0 0 0 0 0 0 0 0 0 0 0 0 0 0 0 0 0 0 0 0 0 0 0 0 0 0 0 0 0 0 0 0 0 0 0 0 0 0 0 0 0 0 0 0 0 0 0 0 0 0 0 0 0 0 0 0 0 0 0 0 0 0 0 0 0 0 0 0 0 0 0 0 0 0 0 0 0 0 0 0 0 0 0 0 0 0 0 0 0 0 0 0 0 0 0 0 0 0 0 0 0 0 0 0 0 0 0 0 0 0 0 0 0 0 0 0 0 0 0 0 0 0 0 0 0 0 0 0 0 0 0 0 0 0 0 0 0 0 0 0 0 0 0 0 0 0 0 0 0 0 0 0 0 0 0 0 0 0 0 0 0 0 0 0 0 0 0 0 0 0 0 0 0 0 0 0 0 0 0 0 0 0 0 0 0 0 0 0 0 0 0 0 0 0 0 0 0 0 0 0 0 0 0 0 0 0 0 0 0 0 0 0 0 0 0 0 0 0 0 0 0 0 0 0 0 0 0 0 0 0 0 0 0 0 0 0 0 0 0 0 0 0 0 0 0 0 0 0 0 0 0 0 0 0 0 0 0 0 0 0 0 0 0 0 0 0 0 0 0 0 0 0 0 0 0 0 0 0 0 0 0 0 0 0 0 0 0 0 0 0 0 0 0 0 0 0 0 0 0 0 0 0 0 0 0 0 0 0 0 0 0 0 0 0 0 0 0 0 0 0 0 0 0 0 0 0 0 0 0 0 0 0 0 0 0 0 0 0 0 0 0 0 0 0 0 0 0 0 0 0 0 0 0 0 0 0 0 0 0 0 0 0 0 0 0 0 0 0 0 0 0 0 0 0 0 0 0 0 0 0 0 0 0 0 0 0 0 0 0 0 0 0 0 0 0 0 0 0 0 0 0 0 0 0 0 0 0 0 0 0 0 0 0 0 0 0 0 0 0 0 0 0 0 0 0 0 0 0 0 0 0 0 0 0 0 0 0 0 0 0 0 0 0 0 0 0 0 0 0 0 0 0 0 0 0 0 0 0 0 0 0 0 0 0 0 0 0 0 0 0 0 0 0 0 0 0 0 0 0 0 0 0 0 0 0 0 0 0 0 0 0 0 0 0 0 0 0 0 0 0 0 0 0 0 0 0 0 0 0 0 0 0 0 0 0 0 0 0 0 0 0 0 0 0 0 0 0 0 0 0 0 0 0 0 0 0 0 0 0 0 0 0 0 0 0 0 0 0 0 0 0 0 0 0 0 0 0 0 0 0 0 0 0 0 0 0 0 0 0 0 0 0 0 0 0 0 0 0 0 0 0 0 0 0 0 0 0 0 0 0 0 0 0 0 0 0 0 0 0 0 0 0 0 0 0 0 0 0 0 0 0 0 0 0 0 0 0 0 0 0 0 0 0 0 0 0 0 0 0 0 0 0 0 0 0 0 0 0 0 0 0 0 0 0 0 0 0 0 0 0 0 0 0 0 0 0 0 0 0 0 0 0 0 0 0 0 0 0 0 0 0 0 0 0 0 0 0 0 0 0 0 0 0 0 0 0 0 0 0 0 0 0 0 0 0 0 0 0 0 0 0 0 0 0 0 0 0 0 0 0 0 0 0 0 0 0 0 0 0 0 0 0 0 0 0 0 0 0 0 0 0 0 0 0 0 0 0 0 0 0 0 0 0 0 0 0 0 0 0 0 0 0 0 0 0 0 0 0 0 0 0 0 0 0 0 0 0 0 0 0 0 0 0 0 0 0 0 0 0 0 0 0 0 0 0 0 0 0 0 0 0 0 0 0 0 0 0 0 0 0 0 0 0 0 0 0 0 0 0 0 0 0 0 0 0 0 0 0 0 0 0 0 0 0 0 0 0 0 0 0 0 0 0 0 0 0 0 0 0 0 0 0 0 0 0 0 0 0 0 0 0 0 0 0 0 0 0 0 0 0 0 0 0 0 0 0 0 0 0 0 0 0 0 0 0 0 0 0 0 0 0 0 0 0 0 0 0 0 0 0 0 0 0 0 0 0 0 0 0 0 0 0 0 0 0 0 0 0 0 0 0 0 0 0 0 0 0 0 0 0 0 0 0 0 0 0 0 0 0 0 0 0 0 0 0 0 0 0 0 0 0 0 0 0 0 0 0 0 0 0 0 0 0 0 0 0 0 0 0 0 0 0 0 0 0 0 0 0 0 0 0 0 0 0 0 0 0 0 0 0 0 0 0 0 0 0 0 0 0 0 0 0 0 0 0 0 0 0 0 0 0 0 0 0 0 0 0 0 0 0 0 0 0 0 0 0 0 0 0 0 0 0 0 0 0 0 0 0 0 0 0 0 0 0 0 0 0 0 0 0 0 0 0 0 0 0 0 0 0 0 0 0 0 0 0 0 0 0 0 0 0 0 0 0 0 0 0 0 0 0 0 0 0 0 0 0 0 0 0 0 0 0 0 0 0 0 0 0 0 0 0 0 0 0 0 0 0 0 0 0 0 0 0 0 0 0 0 0 0 0 0 0 0 0 0 0 0 0 0 0 0 0 0 0 0 0 0 0 0 0 0 0 0 0 0 0 0 0 0 0 0 0 0 0 0 0 0 0 0 0 0 0 0 0 0 0 0 0 0 0 0 0 0 0 0 0 0 0 0 0 0 0 0 0 0 0 0 0 0 0 0 0 0 0 0 0 0 0 0 0 0 0 0 0 0 0 0 0 0 0 0 0 0 0 0 0 0 0 0 0 0 0 0 0 0 0 0 0 0 0 0 0 0 0 0 0 0 0 0 0 0 0 0 0 0 0 0 0 0 0 0 0 0 0 0 0 0 0 0 0 0 0 0 0 0 0 0 0 0 0 0 0 0 0 0 0 0 0 0 0 0 0 0 0 0 0 0 0 0 0 0 0 0 0 0 0 0 0 0 0 0 0 0 0 0 0 0 0 0 0 0 0 0 0 0 0 0 0 0 0 0 0 0 0 0 0 0 0 0 0 0 0 0 0 0 0 0 0 0 0 0 0 0 0 0 0 0 0 0 0 0 0 0 0 0 0 0 0 0 0 0 0 0 0 0 0 0 0 0 0 0 0 0 0 0 0 0 0 0 0 0 0 0 0 0 0 0 0 0 0 0 0 0 0 0 0 0 0 0 0 0 0 0 0 0 0 0 0 0 0 0 0 0 0 0 0 0 0 0 0 0 0 0 0 0 0 0 0 0 0 0 0 0 0 0 0 0 0 0 0 0 0 0 0 0 0 0 0 0 0 0 0 0 0 0 0 0 0 0 0 0 0 0 0 0 0 0 0 0 0 0 0 0 0 0 0 0 0 0 0 0 0 0 0 0 0 0 0 0 0 0 0 0 0 0 0 0 0 0 0 0 0 0 0 0 0 0 0 0 0 0 0 0 0 0 0 0 0 0 0 0 0 0 0 0 0 0 0 0 0 0 0 0 0 0 0 0 0 0 0 0 0 0 0 0 0 0 0 0 0 0 0 0 0 0 0 0 0 0 0 0 0 0 0 0 0 0 0 0 0 0 0 0 0 0 0 0 0 0 0 0 0 0 0 0 0 0 0 0 0 0 0 0 0 0 0 0 0 0 0 0 0 0 0 0 0 0 0 0 0 0 0 0 0 0 0 0 0 0 0 0 0 0 0 0 0 0 0 0 0 0 0 0 0 0 0 0 0 0 0 0 0 0 0 0 0 0 0 0 0 0 0 0 0 0 0 0 0 0 0 0 0 0 0 0 0 0 0 0 0 0 0 0 0 0 0 0 0 0 0 0 0 0 0 0 0 0 0 0 0 0 0 0 0 0 0 0 0 0 0 0 0 0 0 0 0 0 0 0 0 0 0 0 0 0 0 0 0 0 0 0 0 0 0 0 0 0 0 0 0 0 0 0 0 0 0 0 0 0 0 0 0 0 0 0 0 0 0 0 0 0 0 0 0 0 0 0 0 0 0 0 0 0 0 0 0 0 0 0 0 0 0 0 0 0 0 0 0 0 0 0 0 0 0 0 0 0 0 0 0 0 0 0 0 0 0 0 0 0 0 0 0 0 0 0 0 0 0 0 0 0 0 0 0 0 0 0 0 0 0 0 0 0 0 0 0 0 0 0 0 0 0 0 0 0 0 0 0 0 0 0 0 0 0 0 0 0 0 0 0 0 0 0 0 0 0 0 0 0 0 0 0 0 0 0 0 0 0 0 0 0 0 0 0 0 0 0 0 0 0 0 0 0 0 0 0 0 0 0 0 0 0 0 0 0 0 0 0 0 0 0 0 0 0 0 0 0 0 0 0 0 0 0 0 0 0 0 0 0 0 0 0 0 0 0 0 0 0 0 0 0 0 0 0 0 0 0 0 0 0 0 0 0 0 0 0 0 0 0 0 0 0 0 0 0 0 0 0 0 0 0 0 0 0 0 0 0 0 0 0 0 0 0 0 0 0 0 0 0 0 0 0 0 0 0 0 0 0 0 0 0 0 0 0 0 0 0 0 0 0 0 0 0 0 0 0 0 0 0 0 0 0 0 0 0 0 0 0 0 0 0 0 0 0 0 0 0 0 0 0 0 0 0 0 0 0 0 0 0 0 0 0 0 0 0 0 0 0 0 0 0 0 0 0 0 0 0 0 0 0 0 0 0 0 0 0 0 0 0 0 0 0 0 0 0 0 0 0 0 0 0 0 0 0 0 0 0 0 0 0 0 0 0 0 0 0 0 0 0 0 0 0 0 0 0 0 0 0 0 0 0 0 0 0 0 0 0 0 0 0 0 0 0 0 0 0 0 0 0 0 0 0 0 0 0 0 0 0 0 0 0 0 0 0 0 0 0 0 0 0 0 0 0 0 0 0 0 0 0 0 0 0 0 0 0 0 0 0 0 0 0 0 0 0 0 0 0 0 0 0 0 0 0 0 0 0 0 0 0 0 0 0 0 0 0 0 0 0 0 0 0 0 0 0 0 0 0 0 0 0 0 0 0 0 0 0 0 0 0 0 0 0 0 0 0 0 0 0 0 0 0 0 0 0 0 0 0 0 0 0 0 0 0 0 0 0 0 0 0 0 0 0 0 0 0 0 0 0 0 0 0 0 0 0 0 0 0 0 0 0 0 0 0 0 0 0 0 0 0 0 0 0 0 0 0 0 0 0 0 0 0 0 0 0 0 0 0 0 0 0 0 0 0 0 0 0 0 0 0 0 0 0 0 0 0 0 0 0 0 0 0 0 0 0 0 0 0 0 0 0 0 0 0 0 0 0 0 0 0 0 0 0 0 0 0 0 0 0 0 0 0 0 0 0 0 0 0 0 0 0 0 0 0 0 0 0 0 0 0 0 0 0 0 0 0 0 0 0 0 0 0 0 0 0 0 0 0 0 0 0 0 0 0 0 0 0 0 0 0 0 0 0 0 0 0 0 0 0 0 0 0 0 0 0 0 0 0 0 0 0 0 0 0 0 0 0 0 0 0 0 0 0 0 0 0 0 0 0 0 0 0 0 0 0 0 0 0 0 0 0 0 0 0 0 0 0 0 0 0 0 0 0 0 0 0 0 0 0 0 0 0 0 0 0 0 0 0 0 0 0 0 0 0 0 0 0 0 0 0 0 0 0 0 0 0 0 0 0 0 0 0 0 0 0 0 0 0 0 0 0 0 0 0 0 0 0 0 0 0 0 0 0 0 0 0 0 0 0 0 0 0 0 0 0 0 0 0 0 0 0 0 0 0 0 0 0 0 0 0 0 0 0 0 0 0 0 0 0 0 0 0 0 0 0 0 0 0 0 0 0 0 0 0 0 0 0 0 0 0 0 0 0 0 0 0 0 0 0 0 0 0 0 0 0 0 0 0 0 0 0 0 0 0 0 0 0 0 0 0 0 0 0 0 0 0 0 0 0 0 0 0 0 0 0 0 0 0 0 0 0 0 0 0 0 0 0 0 0 0 0 0 0 0 0 0 0 0 0 0 0 0 0 0 0 0 0 0 0 0 0 0 0 0 0 0 0 0 0 0 0 0 0 0 0 0 0 0 0 0 0 0 0 0 0 0 0 0 0 0 0 0 0 0 0 0 0 0 0 0 0 0 0 0 0 0 0 0 0 0 0 0 0 0 0 0 0 0 0 0 0 0 0 0 0 0 0 0 0 0 0 0 0 0 0 0 0 0 0 0 0 0 0 0 0 0 0 0 0 0 0 0 0 0 0 0 0 0 0 0 0 0 0 0 0 0 0 0 0 0 0 0 0 0 0 0 0 0 0 0 0 0 0 0 0 0 0 0 0 0 0 0 0 0 0 0 0 0 0 0 0 0 0 0 0 0 0 0 0 0 0 0 0 0 0 0 0 0 0 0 0 0 0 0 0 0 0 0 0 0 0 0 0 0 0 0 0 0 0 0 0 0 0 0 0 0 0 0 0 0 0 0 0 0 0 0 0 0 0 0 0 0 0 0 0 0 0 0 0 0 0 0 0 0 0 0 0 0 0 0 0 0 0 0 0 0 0 0 0 0 0 0 0 0 0 0 0 0 0 0 0 0 0 0 0 0 0 0 0 0 0 0 0 0 0 0 0 0 0 0 0 0 0 0 0 0 0 0 0 0 0 0 0 0 0 0 0 0 0 0 0 0 0 0 0 0 0 0 0 0 0 0 0 0 0 0 0 0 0 0 0 0 0 0 0 0 0 0 0 0 0 0 0 0 0 0 0 0 0 0 0 0 0 0 0 0 0 0 0 0 0 0 0 0 0 0 0 0 0 0 0 0 0 0 0 0 0 0 0 0 0 0 0 0 0 0 0 0 0 0 0 0 0 0 0 0 0 0 0 0 0 0 0 0 0 0 0 0 0 0 0 0 0 0 0 0 0 0 0 0 0 0 0 0 0 0 0 0 0 0 0 0 0 0 0 0 0 0 0 0 0 0 0 0 0 0 0 0 0 0 0 0 0 0 0 0 0 0 0 0 0 0 0 0 0 0 0 0 0 0 0 0 0 0 0 0 0 0 0 0 0 0 0 0 0 0 0 0 0 0 0 0 0 0 0 0 0 0 0 0 0 0 0 0 0 0 0 0 </DataArray>
        <DataArray type="Float64" Name="region_ID" format="ascii">8 8 8 8 8 8 8 8 8 8 8 8 8 8 8 8 8 8 8 8 8 8 8 8 8 8 8 8 8 8 8 8 8 8 8 8 8 8 8 8 8 8 8 8 8 8 8 8 8 8 8 8 8 8 8 8 8 8 8 8 8 8 8 8 8 8 8 8 8 8 8 8 8 8 8 8 8 8 8 8 8 8 8 8 8 8 8 8 8 8 8 8 8 8 8 8 8 8 8 8 8 8 8 8 8 8 8 8 8 8 8 8 8 8 8 8 8 8 8 8 8 8 8 8 8 8 8 8 8 8 8 8 8 8 8 8 8 8 8 8 8 8 8 8 8 8 8 8 8 8 8 8 8 8 8 8 8 8 8 8 8 8 8 8 8 8 8 8 8 8 8 8 8 8 8 8 8 8 8 8 8 8 8 8 8 8 8 8 8 8 8 8 8 8 8 8 8 8 8 8 8 8 8 8 8 8 8 8 8 8 8 8 8 8 8 8 8 8 8 8 8 8 8 8 8 8 8 8 8 8 8 8 8 8 8 8 8 8 8 8 8 8 8 8 8 8 8 8 8 8 8 8 8 8 8 8 8 8 8 8 8 8 8 8 8 8 8 8 8 8 8 8 8 8 8 8 8 8 8 8 8 8 8 8 8 8 8 8 8 8 8 8 8 8 8 8 8 8 8 8 8 8 8 8 8 8 7 7 7 8 8 8 8 8 7 7 7 7 7 8 8 8 8 8 8 8 7 7 7 7 7 7 7 8 8 8 7 7 7 7 7 8 7 7 7 7 7 7 7 7 7 8 8 8 8 8 7 7 7 7 7 7 7 8 7 7 7 7 7 7 7 7 7 7 7 7 7 7 8 8 8 8 8 7 7 7 7 7 7 7 7 8 7 7 7 7 7 7 7 7 7 7 7 7 7 7 7 8 7 7 7 8 8 8 7 7 7 7 7 7 7 7 7 7 7 7 7 7 7 7 7 7 7 7 7 7 7 7 8 7 7 7 7 7 7 7 7 7 7 7 7 7 7 7 7 7 8 7 7 7 7 7 7 7 7 7 7 7 7 7 7 7 7 7 7 7 7 7 7 7 7 8 8 7 7 7 7 7 7 7 7 7 7 7 7 7 7 7 7 7 7 7 7 7 8 7 7 7 7 7 7 7 7 7 7 7 7 7 7 7 7 7 7 7 7 8 7 7 7 7 7 7 7 7 7 7 7 7 7 7 7 7 7 7 7 7 7 7 7 7 7 7 7 7 7 8 7 7 7 7 7 7 7 7 7 7 7 7 7 7 7 7 7 7 7 7 7 7 8 7 7 7 7 7 7 7 7 7 7 7 7 7 7 7 7 7 7 7 7 7 7 7 7 7 7 7 7 7 7 8 8 7 7 7 7 7 7 7 7 7 7 7 7 7 7 7 7 7 7 7 7 7 7 7 7 7 7 7 7 7 7 7 7 7 7 7 7 7 7 7 7 7 7 7 7 7 7 7 7 7 7 7 7 7 7 7 7 7 7 7 7 8 8 7 7 7 7 7 7 7 7 7 7 7 7 7 7 7 7 7 7 7 7 7 7 7 7 7 7 7 7 7 7 7 7 7 7 7 7 7 7 7 7 7 7 7 7 7 7 7 7 7 7 7 7 7 7 7 7 7 7 7 7 7 7 7 7 7 7 7 7 10 10 10 7 8 8 7 7 7 7 7 7 7 7 7 7 7 7 7 7 7 7 7 7 7 7 7 7 7 7 7 7 7 7 7 7 7 7 7 7 7 7 7 7 7 7 7 7 7 7 7 7 7 7 7 7 7 7 7 7 7 7 7 7 7 7 7 7 7 7 7 7 10 10 10 10 7 7 7 7 7 7 10 10 10 10 7 7 8 8 7 7 7 7 7 7 7 7 7 7 7 7 7 7 7 7 7 7 7 7 7 7 7 7 7 7 7 7 7 7 7 7 7 7 7 7 7 7 7 7 7 7 7 7 7 7 7 7 7 7 7 7 7 7 7 7 7 7 7 10 10 10 10 7 7 7 7 10 10 10 10 7 7 7 7 7 7 7 10 7 10 7 8 8 7 7 7 7 7 7 7 7 7 7 7 7 7 7 7 7 7 7 7 7 7 7 7 7 7 7 7 7 7 7 7 7 7 7 7 7 7 7 7 7 7 7 7 7 7 7 7 7 7 7 7 7 7 10 10 10 10 10 7 7 7 7 7 10 10 10 7 7 7 7 7 7 7 7 7 10 7 7 10 7 10 10 10 10 10 10 7 7 7 7 10 10 10 10 7 8 8 7 7 7 7 7 7 7 7 7 7 7 7 7 7 7 7 7 7 7 7 7 7 7 7 7 7 7 7 7 7 7 7 7 7 7 7 7 7 7 7 7 7 7 7 7 7 7 7 7 7 7 10 10 10 10 7 7 7 7 10 10 7 7 7 7 7 7 7 7 7 7 10 7 7 10 10 10 10 10 10 10 7 7 10 10 10 10 7 7 7 7 7 10 10 7 7 7 10 10 10 10 10 10 10 10 10 10 8 8 7 7 7 7 7 7 7 7 7 7 7 7 7 7 7 7 7 7 7 7 7 7 7 7 7 7 7 7 7 7 7 7 7 7 7 7 7 7 7 7 7 7 7 7 7 10 10 10 10 7 7 7 10 10 10 7 7 7 7 7 7 7 10 10 7 10 10 10 7 10 10 10 10 7 7 7 7 7 10 10 7 7 7 10 10 10 10 10 7 7 10 10 7 10 7 7 7 10 7 7 7 7 7 7 10 8 8 7 7 7 7 7 7 7 7 7 7 7 7 7 7 7 7 7 7 7 7 7 7 7 7 7 7 7 7 7 7 7 7 7 7 7 7 7 7 7 7 7 7 7 10 10 10 10 7 7 10 10 7 7 7 7 7 7 10 7 10 10 10 7 7 10 10 7 7 7 7 7 7 7 10 10 7 7 10 10 10 10 10 7 10 7 7 7 10 7 7 7 7 7 7 7 10 7 7 10 7 7 10 10 10 7 7 7 7 7 10 8 8 7 7 7 7 7 7 7 7 7 7 7 7 7 7 7 7 7 7 7 7 7 7 7 7 7 7 7 7 7 7 7 7 7 7 7 7 7 7 10 10 10 10 7 10 7 7 7 7 7 10 7 10 10 10 7 7 7 7 7 7 10 10 7 7 7 10 10 10 10 7 7 7 7 7 10 7 7 7 7 7 10 7 7 10 10 7 7 10 10 7 7 7 7 7 7 7 10 10 7 7 7 7 7 7 8 8 8 7 7 7 7 7 7 7 7 7 7 7 7 7 7 7 7 7 7 7 7 7 7 7 7 7 7 7 7 7 7 10 10 10 10 7 7 10 7 10 10 7 7 7 7 7 7 10 10 7 7 7 10 10 10 10 7 7 7 10 7 7 7 7 7 7 10 7 7 7 10 10 7 7 10 10 7 7 7 7 7 7 7 7 10 7 7 7 7 7 7 7 7 7 7 7 8 8 7 7 7 7 7 7 7 7 7 7 7 7 7 7 7 7 7 7 7 7 7 7 7 7 7 10 10 10 10 7 7 7 10 7 7 7 7 7 7 7 10 7 7 7 10 10 7 7 7 10 7 7 7 7 7 7 10 10 7 10 7 7 7 7 7 7 7 7 7 7 7 7 7 7 7 7 7 7 7 7 7 7 7 7 7 7 7 8 8 8 7 7 7 7 7 7 7 7 7 7 7 7 7 7 7 7 7 7 10 10 10 7 7 10 10 7 7 7 7 7 7 7 7 7 10 10 7 7 10 7 7 7 7 7 7 7 10 10 7 7 7 7 7 7 7 7 7 7 7 7 7 7 7 7 7 7 7 7 7 7 7 7 7 7 7 7 7 8 8 8 7 7 7 7 7 7 7 7 7 7 7 7 7 7 7 7 7 10 10 7 7 10 10 7 7 7 7 7 7 7 7 10 10 7 7 10 7 7 7 7 10 7 10 7 7 7 7 7 7 7 7 7 7 7 7 7 7 7 7 7 7 6 7 7 7 7 7 7 6 7 7 7 7 7 7 7 7 7 7 7 7 6 7 7 8 8 7 6 6 6 7 7 7 7 7 6 7 7 7 7 7 10 7 7 6 10 7 7 6 7 10 10 7 7 7 7 7 7 7 7 7 7 6 7 6 7 7 7 7 7 7 7 7 7 6 6 7 7 7 7 7 6 6 6 6 7 7 7 7 7 7 7 6 7 7 7 6 7 8 8 8 7 6 6 6 7 7 7 7 6 7 7 7 7 10 7 7 7 7 6 7 10 7 7 7 7 7 7 7 7 6 7 7 7 7 7 7 7 7 7 7 6 6 7 7 7 7 7 7 6 6 6 7 7 7 7 7 7 7 7 7 7 7 7 6 7 7 7 7 7 7 8 8 8 7 6 6 7 7 7 7 6 7 7 7 7 7 7 7 7 6 7 7 7 7 7 7 7 7 7 7 7 7 7 7 7 7 7 6 6 7 7 7 7 7 7 7 6 6 7 7 7 7 7 7 7 7 7 7 6 7 7 7 7 7 6 8 8 7 6 6 7 7 7 7 6 7 7 7 7 7 7 7 7 6 7 7 7 7 7 7 7 7 7 7 7 7 7 7 6 6 7 7 7 7 7 7 6 7 7 7 7 7 7 7 7 6 7 7 7 7 7 6 7 7 7 8 8 7 6 6 7 7 7 7 7 7 7 7 7 7 7 7 6 7 7 7 7 7 7 7 7 7 7 7 6 6 7 7 7 7 7 7 6 7 7 7 7 7 7 7 6 7 7 7 7 7 7 6 7 7 7 7 7 7 7 6 8 8 7 6 6 7 7 7 7 7 7 7 7 7 7 7 6 7 7 7 7 7 7 7 7 7 7 7 6 6 7 7 7 7 7 7 7 7 7 7 6 7 7 7 7 6 7 7 7 7 7 6 7 6 8 8 7 6 6 7 7 7 7 7 7 7 7 7 7 6 7 7 7 7 7 7 7 7 7 7 6 6 7 7 7 7 7 7 7 7 7 6 6 7 7 7 7 7 7 7 7 7 7 6 6 6 7 8 8 8 8 7 6 7 7 7 7 7 7 7 7 6 7 7 7 7 7 7 7 7 7 7 6 6 7 7 7 7 7 7 7 7 7 6 6 7 7 7 7 7 6 6 6 7 7 6 7 7 7 7 8 8 7 6 7 7 7 7 7 7 7 6 7 7 7 7 7 7 7 7 7 6 7 7 7 7 7 7 7 6 6 7 7 7 7 6 6 6 7 7 7 6 7 7 7 7 7 7 7 7 7 8 8 8 8 7 6 7 7 7 7 7 7 7 6 7 7 7 7 7 7 7 7 7 7 6 7 7 7 7 7 6 6 7 7 7 7 6 6 6 7 7 7 6 7 7 7 7 7 7 7 7 7 7 7 7 7 8 8 7 6 7 7 7 7 7 7 6 7 7 7 7 7 7 7 7 6 7 7 7 7 7 6 6 7 7 6 6 6 7 7 6 7 7 7 7 7 7 7 7 7 7 7 7 7 7 8 8 8 7 6 7 7 7 7 7 7 6 7 7 7 7 6 7 7 7 7 6 6 7 7 6 6 6 6 7 7 7 7 7 7 7 7 8 8 8 7 6 7 7 7 7 7 7 6 7 7 7 7 6 7 7 7 7 6 6 6 6 6 6 7 7 7 7 8 8 8 7 6 7 7 7 7 7 7 7 6 7 6 7 7 7 6 6 6 6 6 6 7 7 8 8 7 6 7 7 7 7 6 7 6 7 6 6 6 6 6 6 7 8 8 8 7 6 7 9 9 9 6 6 9 6 6 6 6 6 6 9 9 8 8 9 6 9 9 9 9 6 6 9 6 6 6 6 6 6 9 9 8 8 8 9 6 9 9 9 6 6 9 6 6 6 6 6 6 9 8 8 8 9 6 9 9 9 6 6 9 6 6 6 6 6 6 9 9 8 8 8 9 6 9 9 6 6 9 6 6 6 6 6 6 9 9 8 8 8 9 6 9 9 6 6 9 6 6 6 6 6 6 8 8 8 8 9 6 9 9 6 6 9 6 6 6 6 6 6 8 8 8 9 6 9 6 6 6 6 6 6 6 8 8 9 9 6 6 6 6 6 6 6 6 6 8 8 9 9 6 6 6 6 6 6 6 6 6 8 8 8 9 9 6 6 6 6 6 6 6 6 6 8 8 9 9 6 6 6 6 6 6 6 6 6 8 8 8 9 9 6 6 6 6 6 6 6 6 6 9 8 8 9 9 9 6 6 6 6 6 6 6 6 8 8 9 9 9 6 6 6 6 6 6 6 6 6 9 8 8 9 9 6 6 6 6 6 6 6 6 9 6 8 8 9 6 6 6 6 6 6 6 6 9 6 8 9 8 8 9 6 6 6 6 6 6 6 6 9 6 8 9 8 8 9 6 6 6 6 6 6 6 6 9 6 8 8 8 9 9 6 6 6 6 6 6 6 6 9 6 8 8 9 9 6 6 6 6 6 6 6 6 6 8 8 8 8 9 9 6 6 6 6 6 6 6 6 6 8 8 8 9 9 9 6 6 6 6 6 6 6 6 6 8 8 8 8 9 9 9 6 6 6 6 6 6 6 6 6 8 8 8 9 9 9 9 6 6 6 6 6 6 6 6 6 6 8 8 6 5 5 5 8 9 9 9 6 6 6 6 6 6 6 6 8 8 6 5 5 5 5 5 5 5 5 5 5 5 5 5 8 9 9 9 6 6 6 6 6 6 6 6 6 6 8 6 5 5 5 5 5 5 5 5 5 5 5 5 5 5 5 5 5 5 6 6 6 6 5 5 5 5 6 5 5 5 5 5 5 5 5 5 5 8 9 9 9 6 6 6 6 6 6 6 6 6 8 6 5 5 5 5 5 5 5 5 5 5 5 5 5 5 5 5 5 5 6 6 6 5 5 5 5 5 5 5 5 5 5 5 5 5 8 8 9 9 9 6 6 5 5 5 5 5 5 5 5 5 5 5 5 5 5 5 5 5 5 5 5 5 5 5 5 5 5 5 5 5 5 5 5 5 5 5 5 5 5 8 8 9 9 9 9 5 5 5 5 5 5 5 5 5 5 5 5 5 5 5 5 5 5 5 5 5 5 5 5 5 5 5 5 5 5 5 5 5 5 8 8 9 9 9 9 5 5 5 5 5 5 5 5 5 5 5 5 5 5 5 5 5 5 5 5 5 5 5 5 5 5 5 5 5 5 5 5 5 5 5 8 8 9 9 9 9 5 5 5 5 5 5 5 5 5 5 5 5 5 5 5 5 5 5 5 5 5 5 5 5 5 5 5 5 5 5 5 5 5 5 5 8 8 8 8 9 9 9 5 5 5 5 5 5 5 5 5 5 5 5 5 5 5 5 5 5 5 5 5 5 5 5 5 5 5 5 5 5 5 5 5 5 8 8 8 8 9 9 9 9 5 5 5 5 5 5 5 5 5 5 5 5 5 5 5 5 5 5 5 5 5 5 5 5 5 5 5 5 5 5 5 8 8 8 9 9 9 5 5 5 5 5 5 5 5 5 5 5 5 5 5 5 5 5 5 5 5 5 5 5 5 5 5 5 5 5 5 5 8 8 8 8 9 9 9 9 5 5 5 5 5 5 5 5 5 5 5 5 5 5 5 5 5 5 5 5 5 5 5 5 5 5 5 8 8 8 9 9 9 5 5 5 5 5 5 5 5 5 5 5 5 5 5 5 5 5 5 5 5 5 5 5 5 5 5 5 5 8 8 9 9 9 5 5 5 5 5 5 5 5 5 5 5 5 5 5 5 5 5 5 5 5 5 5 5 5 5 5 5 5 5 5 5 5 5 8 8 9 9 9 5 5 5 5 5 5 5 5 5 5 5 5 5 5 5 5 5 5 5 5 5 5 5 5 5 5 5 5 5 5 5 5 8 8 9 9 9 5 5 5 5 5 5 5 5 5 5 5 5 5 5 5 5 5 5 5 5 5 5 5 5 5 5 5 5 5 5 5 5 5 5 5 5 8 8 9 9 9 5 5 5 5 5 5 5 5 5 5 5 5 5 5 5 5 5 5 5 5 5 5 5 5 5 5 5 5 5 5 5 5 5 5 5 5 5 5 8 8 9 9 9 5 5 5 5 5 5 5 5 5 5 5 5 5 5 5 5 5 5 5 5 5 5 5 5 5 5 5 5 5 5 5 5 5 5 8 8 9 9 5 5 5 5 5 5 5 5 5 5 5 5 5 5 5 5 5 5 5 5 5 5 5 5 5 5 5 5 5 5 5 5 8 8 8 8 9 9 9 5 5 5 5 5 5 5 5 5 5 5 5 5 5 5 5 5 5 5 5 5 5 5 5 5 5 5 5 5 5 5 8 8 8 9 9 5 5 5 5 5 5 5 5 5 5 5 5 5 5 5 5 5 5 5 5 5 5 5 5 5 5 5 5 5 5 5 5 5 5 5 5 5 5 8 8 8 8 9 9 5 5 5 5 5 5 5 5 5 5 5 5 5 5 5 5 5 5 5 5 5 5 5 5 5 5 5 5 5 5 5 5 5 5 5 8 8 8 9 9 5 5 5 5 5 5 5 5 5 5 5 5 5 5 5 5 5 5 5 5 5 5 5 5 5 5 5 5 5 5 5 5 5 8 8 9 9 5 5 5 5 5 5 5 5 5 5 5 5 5 5 5 5 5 5 5 5 5 5 5 5 5 5 5 5 5 5 5 5 5 5 5 5 5 8 8 9 9 5 5 5 5 5 5 5 5 5 5 5 5 5 5 5 5 5 5 5 5 5 5 5 5 5 5 5 5 5 5 5 5 5 5 5 5 5 5 5 5 5 5 5 5 5 5 5 5 5 5 8 8 9 9 5 5 5 5 5 5 5 5 5 5 5 5 5 5 5 5 5 5 5 5 5 5 5 5 5 5 5 5 5 5 5 5 5 5 5 5 5 5 5 5 5 5 5 8 8 9 9 9 5 5 5 5 5 5 5 5 5 5 5 5 5 5 5 5 5 5 5 5 5 5 5 5 5 5 5 5 5 5 5 8 8 9 9 9 5 5 5 5 5 5 5 5 5 5 5 5 5 5 5 5 5 5 5 5 8 8 8 9 9 9 5 5 5 5 5 5 5 5 5 5 5 5 4 5 5 8 8 8 9 9 9 9 5 5 5 4 4 4 4 4 5 4 4 4 4 4 4 8 8 8 9 9 9 4 4 4 4 4 4 4 4 4 4 4 4 4 4 9 8 8 8 9 9 4 4 4 4 4 4 4 4 4 4 9 9 4 8 8 8 9 9 4 4 4 4 4 4 4 4 4 9 9 4 4 8 8 8 9 9 4 4 4 4 4 4 4 9 9 4 4 8 8 8 8 9 4 4 4 4 4 4 4 9 9 4 4 8 8 8 9 9 4 4 4 4 4 4 4 9 9 4 4 4 8 8 8 8 9 4 4 4 4 4 4 9 9 9 4 4 4 8 8 8 8 9 4 4 4 4 4 4 9 9 4 4 4 9 8 8 8 9 4 4 4 4 4 4 9 4 4 4 9 4 9 8 8 9 4 4 4 4 4 4 4 4 4 9 4 9 9 8 8 8 9 4 4 4 4 4 4 4 4 4 9 9 3 3 3 3 8 8 9 4 4 4 4 4 4 4 4 4 9 9 3 3 3 3 3 3 4 4 4 3 3 3 3 4 3 8 8 9 4 4 4 4 4 4 4 4 4 4 9 3 3 3 3 3 3 4 4 4 4 3 3 3 3 3 3 3 3 8 8 9 4 4 4 4 4 4 4 4 4 9 3 3 3 3 3 3 3 3 3 3 3 3 3 3 4 3 3 3 3 3 8 8 8 9 9 4 4 3 3 3 3 3 3 9 3 3 3 3 3 3 3 3 3 3 3 3 3 9 3 8 8 8 9 3 3 3 3 3 3 3 3 3 9 3 3 3 2 3 3 3 3 3 9 3 3 9 8 8 8 9 3 3 3 3 3 3 9 3 2 2 2 2 2 3 9 2 2 8 8 8 9 3 2 2 2 2 2 9 2 2 2 2 2 2 9 2 2 9 8 8 8 9 2 2 2 2 2 2 2 2 2 2 9 2 9 9 9 8 8 8 8 9 9 2 2 2 2 2 2 2 2 2 2 9 9 9 8 8 8 9 2 2 2 2 2 2 2 2 2 9 9 9 2 8 8 8 9 2 2 2 2 2 2 2 2 9 9 2 2 8 8 8 9 2 2 2 2 2 2 2 9 9 2 2 8 8 9 2 2 2 2 2 2 2 9 9 2 2 2 8 8 9 2 2 2 2 2 2 9 2 2 2 8 8 8 9 9 2 2 2 2 2 2 2 2 2 2 8 8 8 9 9 9 2 2 2 2 2 2 2 2 2 8 8 9 9 2 2 2 2 2 2 2 2 2 8 8 9 9 9 2 2 2 2 2 2 2 2 2 8 8 8 9 9 2 2 2 2 2 2 2 2 2 8 8 9 9 2 2 2 2 2 2 2 2 2 8 8 8 9 9 2 2 2 2 2 2 2 2 2 8 8 8 9 9 2 2 2 2 2 2 2 2 2 8 8 8 9 9 2 2 2 2 2 2 2 2 2 8 8 9 9 2 2 2 2 2 2 2 2 2 8 8 9 9 9 2 2 2 2 2 2 2 2 2 8 8 8 9 9 2 2 2 2 2 2 2 2 2 8 8 9 9 9 2 2 2 2 2 2 2 2 2 8 9 8 8 9 2 2 2 2 2 2 2 2 2 9 9 9 9 8 8 9 2 2 2 2 2 2 2 2 2 9 9 8 9 8 9 2 2 2 2 2 2 2 2 2 9 8 8 8 9 9 2 2 2 2 2 2 2 2 2 9 8 8 8 8 9 9 2 2 2 2 2 2 2 2 2 9 9 8 8 8 8 8 9 2 2 2 2 2 2 2 2 2 9 9 8 8 8 8 8 8 9 9 2 2 2 2 2 2 2 2 2 9 9 8 8 8 8 8 1 1 1 8 8 9 2 2 2 2 2 2 2 2 2 9 9 9 8 8 8 8 1 1 1 1 1 1 8 1 1 1 1 1 1 8 8 9 2 2 2 2 2 2 2 2 2 9 9 8 8 8 8 1 1 1 1 1 1 1 1 8 1 1 1 1 1 1 1 1 9 1 1 1 1 1 1 1 1 1 1 1 1 1 8 8 9 2 2 2 2 2 2 2 2 2 9 8 8 1 1 1 1 1 1 1 1 1 1 1 1 1 1 1 1 1 1 1 9 1 1 1 1 1 1 1 1 1 1 1 1 1 1 1 1 1 1 1 1 1 1 1 8 1 9 2 2 2 2 2 2 2 2 2 9 1 1 1 1 1 1 1 1 1 1 1 1 1 1 1 1 1 1 1 1 1 1 1 1 1 1 1 1 1 1 1 1 1 1 1 1 1 1 1 1 1 1 1 1 1 1 9 2 2 2 2 2 2 2 2 2 9 1 1 1 1 1 1 1 1 1 1 1 1 1 1 1 1 1 1 1 1 1 1 1 1 1 1 1 1 1 1 1 1 1 1 1 1 1 1 1 1 1 1 1 1 1 1 1 1 1 1 1 1 1 1 9 9 2 2 2 2 2 2 2 2 2 9 1 1 1 1 1 1 1 1 1 1 1 1 1 1 1 1 1 1 1 1 1 1 1 1 1 1 1 1 1 1 1 1 1 1 1 1 1 1 1 1 1 1 1 1 1 1 1 1 1 1 1 1 1 1 1 9 2 2 2 2 2 2 2 2 2 9 1 1 1 1 1 1 1 1 1 1 1 1 1 1 1 1 1 1 1 1 1 1 1 1 1 1 1 1 1 1 1 1 1 1 1 1 1 1 1 1 1 1 1 1 1 1 1 1 1 1 1 1 1 1 1 1 1 1 1 1 1 9 2 2 2 2 2 2 2 2 2 9 9 1 1 1 1 1 1 1 1 1 1 1 1 1 1 1 1 1 1 1 1 1 1 1 1 1 1 1 1 1 1 1 1 1 1 1 1 1 1 1 1 1 1 1 1 1 1 1 1 1 1 1 1 1 1 1 1 1 1 1 1 1 1 1 1 1 1 1 1 1 1 9 2 2 2 2 2 2 2 2 2 9 1 1 1 1 1 1 1 1 1 1 1 1 1 1 1 1 1 1 1 1 1 1 1 1 1 1 1 1 1 1 1 1 1 1 1 1 1 1 1 1 1 1 1 1 1 1 1 1 1 1 1 1 1 1 1 1 1 1 1 1 1 1 1 1 1 1 1 1 1 1 9 2 2 2 2 2 2 2 2 2 9 1 1 1 1 1 1 1 1 1 1 1 1 1 1 1 1 1 1 1 1 1 1 1 1 1 1 1 1 1 1 1 1 1 1 1 1 1 1 1 1 1 1 1 1 1 1 1 1 1 1 1 1 1 1 1 1 1 1 1 1 1 1 1 1 1 1 1 9 9 2 2 2 2 2 2 2 2 2 9 1 1 1 1 1 1 1 1 1 1 1 1 1 1 1 1 1 1 1 1 1 1 1 1 1 1 1 1 1 1 1 1 1 1 1 1 1 1 1 1 1 1 1 1 1 1 1 1 1 1 1 1 1 1 1 1 1 1 1 1 1 1 1 9 2 2 2 2 2 2 2 2 2 9 9 1 1 1 1 1 1 1 1 1 1 1 1 1 1 1 1 1 1 1 1 1 1 1 1 1 1 1 1 1 1 1 1 1 1 1 1 1 1 1 1 1 1 1 1 1 1 1 1 1 1 1 1 1 1 1 1 1 2 2 1 1 1 1 1 1 1 9 2 2 2 2 2 2 2 2 9 1 1 1 1 1 1 1 1 1 1 1 1 1 1 1 1 1 1 1 1 1 1 1 1 1 1 1 1 1 1 1 1 1 1 1 1 1 1 1 1 1 1 1 1 1 1 1 1 2 2 2 1 1 1 1 1 9 1 1 1 1 1 1 9 2 2 2 2 2 2 1 1 1 1 1 1 1 1 1 1 1 1 1 1 1 1 1 1 1 1 1 1 1 1 1 1 1 1 1 1 1 1 1 1 1 1 1 1 1 1 1 1 2 2 2 2 1 1 1 1 1 1 9 1 1 1 1 9 2 1 1 1 1 1 1 1 2 2 1 1 9 2 2 2 2 2 1 1 1 1 1 1 1 1 1 1 1 1 1 1 1 1 1 1 1 1 1 1 1 1 1 1 1 1 1 1 1 1 1 1 1 1 1 1 1 2 2 2 2 1 1 1 1 9 1 1 1 1 9 1 1 1 1 1 1 2 2 1 1 1 1 1 1 9 2 2 2 2 2 1 1 1 1 1 1 1 1 1 1 1 1 1 1 1 1 1 1 1 1 1 1 1 1 1 1 1 1 1 1 1 1 1 1 1 1 2 2 2 2 1 1 9 1 9 1 1 1 1 1 1 1 2 2 1 1 1 1 1 1 1 1 1 1 1 9 2 2 2 2 2 1 1 1 1 1 1 1 1 1 1 1 1 1 1 1 1 1 1 1 1 1 1 1 1 1 1 1 1 1 1 1 1 1 1 1 1 2 2 2 2 2 1 1 9 1 1 1 1 1 1 1 1 1 1 1 1 1 1 1 1 1 1 1 1 9 9 2 2 2 2 2 2 1 1 1 1 1 1 1 1 1 1 1 1 1 1 1 1 1 1 1 1 1 1 1 1 1 1 1 1 1 1 1 1 1 1 2 2 1 1 1 1 1 1 1 1 1 1 1 1 1 1 1 1 1 1 1 1 1 2 1 1 1 1 1 1 1 1 1 1 1 9 9 9 2 2 2 2 1 1 1 1 1 1 1 1 1 1 1 1 1 1 1 1 1 1 1 1 1 1 1 1 1 1 1 1 1 1 1 1 1 1 1 1 1 1 1 1 1 1 1 1 1 1 1 1 1 1 1 1 1 1 1 1 1 1 1 1 1 1 9 9 9 2 1 2 1 1 1 1 1 1 1 1 1 1 1 1 1 1 1 1 1 1 1 1 1 1 1 1 1 1 1 1 1 1 1 1 1 1 1 1 1 1 1 1 1 1 1 1 1 1 1 1 1 1 1 1 1 1 1 1 1 1 1 9 9 9 1 1 1 1 1 1 1 1 1 1 1 1 1 1 1 1 1 1 1 1 1 1 1 1 1 1 1 1 1 1 1 1 1 1 1 1 1 1 1 1 1 1 1 1 1 1 1 1 1 1 1 1 9 9 9 9 1 1 1 1 1 1 1 1 1 1 1 1 1 1 1 1 1 1 1 1 1 1 1 1 1 1 1 1 1 1 1 1 1 1 1 1 1 1 1 1 1 1 1 1 1 1 1 1 1 1 1 1 1 1 9 9 9 1 1 1 1 1 1 1 1 1 1 1 1 1 1 1 1 1 1 1 1 1 1 1 1 1 1 1 1 1 1 1 1 1 1 1 1 1 1 1 1 1 1 1 1 1 1 1 1 1 1 1 9 9 9 1 1 1 1 1 1 1 1 1 1 1 1 1 1 1 1 1 1 1 1 1 1 1 1 1 1 1 1 1 1 1 1 1 1 1 1 1 1 1 1 1 1 1 1 1 1 1 1 1 1 1 1 9 9 9 1 1 1 1 1 1 1 1 1 1 1 1 1 1 1 1 1 1 1 1 1 1 1 1 1 1 1 1 1 1 1 1 1 1 1 1 1 1 1 1 1 1 1 1 1 1 1 1 1 1 1 1 1 1 9 9 9 1 1 1 1 1 1 1 1 1 1 1 1 1 1 1 1 1 1 1 1 1 1 1 1 1 1 1 1 1 1 1 1 1 1 1 1 1 1 1 1 1 1 1 1 1 1 1 1 1 1 1 9 9 1 1 1 1 1 1 1 1 1 1 1 1 1 1 1 1 1 1 1 1 1 1 1 1 1 1 1 1 1 1 1 1 1 1 1 1 1 1 1 1 1 1 1 1 1 1 1 1 1 1 9 9 1 1 1 1 1 1 1 1 1 1 1 1 1 1 1 1 1 1 1 1 1 1 1 1 1 1 1 1 1 1 1 1 1 1 1 1 1 1 1 1 1 1 1 1 1 1 1 1 1 1 1 1 1 9 9 1 1 1 1 1 1 1 1 1 1 1 1 1 1 1 1 1 1 1 1 1 1 1 1 1 1 1 1 1 1 1 1 1 1 1 1 1 1 1 1 1 1 1 1 1 1 9 9 9 9 1 1 1 1 1 1 1 1 1 1 1 1 1 1 1 1 1 1 1 1 1 1 1 1 1 1 1 1 1 1 1 1 1 1 1 1 1 1 1 1 1 1 1 1 1 1 9 9 9 9 1 1 1 1 1 1 1 1 1 1 1 1 1 1 1 1 1 1 1 1 1 1 1 1 1 1 1 1 1 1 1 1 1 1 1 1 1 1 1 1 1 1 1 1 1 1 1 1 9 9 9 1 1 1 1 1 1 1 1 1 1 1 1 1 1 1 1 1 1 1 1 1 1 1 1 1 1 1 1 1 1 1 1 1 1 1 1 1 1 1 1 1 1 1 1 1 1 1 1 1 9 9 9 9 1 1 1 1 1 1 1 1 1 1 1 1 1 1 1 1 1 1 1 1 1 1 1 1 1 1 1 1 1 1 1 1 1 1 1 1 1 1 1 1 1 1 1 1 1 9 9 9 9 1 1 1 1 1 1 1 1 1 1 1 1 1 1 1 1 1 1 1 1 1 1 1 1 1 1 1 1 1 1 9 9 1 1 1 1 1 1 1 1 1 1 1 1 1 1 1 1 1 1 1 1 1 1 1 1 9 9 1 1 1 1 1 1 1 1 1 1 1 1 1 1 1 1 1 9 9 9 1 1 1 1 1 1 1 1 1 9 9 1 1 1 1 1 1 9 9 9 9 9 9 9 9 9 9 9 9 9 9 9 9 9 9 9 9 9 9 9 9 9 9 9 9 9 9 9 9 9 9 9 9 9 9 9 9 9 9 9 9 9 9 9 9 9 9 9 9 9 9 9 9 9 9 9 9 9 9 9 9 9 9 9 9 9 9 9 9 9 9 9 9 9 9 9 9 9 9 9 9 9 9 9 9 9 9 9 9 9 9 9 9 9 9 9 9 9 9 9 9 9 9 9 9 9 9 9 9 9 9 9 9 9 9 9 9 9 9 9 9 9 9 9 9 9 9 9 9 9 9 9 9 9 9 9 9 9 9 9 9 9 9 9 9 9 9 9 9 9 9 9 9 9 9 9 9 9 9 9 9 9 9 9 9 9 9 9 9 9 9 9 9 9 9 9 9 9 9 9 9 9 9 9 9 9 9 9 9 9 9 9 9 9 9 9 9 9 9 9 9 9 9 9 9 9 9 9 9 9 9 9 9 9 9 9 9 9 9 9 9 9 9 9 9 9 9 9 9 9 9 9 9 9 9 9 9 9 9 9 9 9 9 9 9 9 9 9 9 9 9 9 9 9 9 9 9 9 9 9 9 9 9 9 9 9 9 9 9 9 9 9 9 9 9 9 9 9 9 9 9 9 9 </DataArray>
      </CellData>
      <PointData Scalars="temperature">
        <DataArray type="Int64" IdType="1" Name="vtkOriginalPointIds" format="ascii" RangeMin="0" RangeMax="2505">0 1 2 3 4 5 6 7 8 9 10 11 12 13 14 15 16 17 18 19 20 21 22 23 24 25 26 27 28 29 30 31 32 33 34 35 36 37 38 39 40 41 42 43 44 45 46 47 48 49 50 51 52 53 54 55 56 57 58 59 60 61 62 63 64 65 66 67 68 69 70 71 72 73 74 75 76 77 78 79 80 81 82 83 84 85 86 87 88 89 90 91 92 93 94 95 96 97 98 99 100 101 102 103 104 105 106 107 108 109 110 111 112 113 114 115 116 117 118 119 120 121 122 123 124 125 126 127 128 129 130 131 132 133 134 135 136 137 138 139 140 141 142 143 144 145 146 147 148 149 150 151 152 153 154 155 156 157 158 159 160 161 162 163 164 165 166 167 168 169 170 171 172 173 174 175 176 177 178 179 180 181 182 183 184 185 186 187 188 189 190 191 192 193 194 195 196 197 198 199 200 201 202 203 204 205 206 207 208 209 210 211 212 213 214 215 216 217 218 219 220 221 222 223 224 225 226 227 228 229 230 231 232 233 234 235 236 237 238 239 240 241 242 243 244 245 246 247 248 249 250 251 252 253 254 255 256 257 258 259 260 261 262 263 264 265 266 267 268 269 270 271 272 273 274 275 276 277 278 279 280 281 282 283 284 285 286 287 288 289 290 291 292 293 294 295 296 297 298 299 300 301 302 303 304 305 306 307 308 309 310 311 312 313 314 315 316 317 318 319 320 321 322 323 324 325 326 327 328 329 330 331 332 333 334 335 336 337 338 339 340 341 342 343 344 345 346 347 348 349 350 351 352 353 354 355 356 357 358 359 360 361 362 363 364 365 366 367 368 369 370 371 372 373 374 375 376 377 378 379 380 381 382 383 384 385 386 387 388 389 390 391 392 393 394 395 396 397 398 399 400 401 402 403 404 405 406 407 408 409 410 411 412 413 414 415 416 417 418 419 420 421 422 423 424 425 426 427 428 429 430 431 432 433 434 435 436 437 438 439 440 441 442 443 444 445 446 447 448 449 450 451 452 453 454 455 456 457 458 459 460 461 462 463 464 465 466 467 468 469 470 471 472 473 474 475 476 477 478 479 480 481 482 483 484 485 486 487 488 489 490 491 492 493 494 495 496 497 498 499 500 501 502 503 504 505 506 507 508 509 510 511 512 513 514 515 516 517 518 519 520 521 522 523 524 525 526 527 528 529 530 531 532 533 534 535 536 537 538 539 540 541 542 543 544 545 546 547 548 549 550 551 552 553 554 555 556 557 558 559 560 561 562 563 564 565 566 567 568 569 570 571 572 573 574 575 576 577 578 579 580 581 582 583 584 585 586 587 588 589 590 591 592 593 594 595 596 597 598 599 600 601 602 603 604 605 606 607 608 609 610 611 612 613 614 615 616 617 618 619 620 621 622 623 624 625 626 627 628 629 630 631 632 633 634 635 636 637 638 639 640 641 642 643 644 645 646 647 648 649 650 651 652 653 654 655 656 657 658 659 660 661 662 663 664 665 666 667 668 669 670 671 672 673 674 675 676 677 678 679 680 681 682 683 684 685 686 687 688 689 690 691 692 693 694 695 696 697 698 699 700 701 702 703 704 705 706 707 708 709 710 711 712 713 714 715 716 717 718 719 720 721 722 723 724 725 726 727 728 729 730 731 732 733 734 735 736 737 738 739 740 741 742 743 744 745 746 747 748 749 750 751 752 753 754 755 756 757 758 759 760 761 762 763 764 765 766 767 768 769 770 771 772 773 774 775 776 777 778 779 780 781 782 783 784 785 786 787 788 789 790 791 792 793 794 795 796 797 798 799 800 801 802 803 804 805 806 807 808 809 810 811 812 813 814 815 816 817 818 819 820 821 822 823 824 825 826 827 828 829 830 831 832 833 834 835 836 837 838 839 840 841 842 843 844 845 846 847 848 849 850 851 852 853 854 855 856 857 858 859 860 861 862 863 864 865 866 867 868 869 870 871 872 873 874 875 876 877 878 879 880 881 882 883 884 885 886 887 888 889 890 891 892 893 894 895 896 897 898 899 900 901 902 903 904 905 906 907 908 909 910 911 912 913 914 915 916 917 918 919 920 921 922 923 924 925 926 927 928 929 930 931 932 933 934 935 936 937 938 939 940 941 942 943 944 945 946 947 948 949 950 951 952 953 954 955 956 957 958 959 960 961 962 963 964 965 966 967 968 969 970 971 972 973 974 975 976 977 978 979 980 981 982 983 984 985 986 987 988 989 990 991 992 993 994 995 996 997 998 999 1000 1001 1002 1003 1004 1005 1006 1007 1008 1009 1010 1011 1012 1013 1014 1015 1016 1017 1018 1019 1020 1021 1022 1023 1024 1025 1026 1027 1028 1029 1030 1031 1032 1033 1034 1035 1036 1037 1038 1039 1040 1041 1042 1043 1044 1045 1046 1047 1048 1049 1050 1051 1052 1053 1054 1055 1056 1057 1058 1059 1060 1061 1062 1063 1064 1065 1066 1067 1068 1069 1070 1071 1072 1073 1074 1075 1076 1077 1078 1079 1080 1081 1082 1083 1084 1085 1086 1087 1088 1089 1090 1091 1092 1093 1094 1095 1096 1097 1098 1099 1100 1101 1102 1103 1104 1105 1106 1107 1108 1109 1110 1111 1112 1113 1114 1115 1116 1117 1118 1119 1120 1121 1122 1123 1124 1125 1126 1127 1128 1129 1130 1131 1132 1133 1134 1135 1136 1137 1138 1139 1140 1141 1142 1143 1144 1145 1146 1147 1148 1149 1150 1151 1152 1153 1154 1155 1156 1157 1158 1159 1160 1161 1162 1163 1164 1165 1166 1167 1168 1169 1170 1171 1172 1173 1174 1175 1176 1177 1178 1179 1180 1181 1182 1183 1184 1185 1186 1187 1188 1189 1190 1191 1192 1193 1194 1195 1196 1197 1198 1199 1200 1201 1202 1203 1204 1205 1206 1207 1208 1209 1210 1211 1212 1213 1214 1215 1216 1217 1218 1219 1220 1221 1222 1223 1224 1225 1226 1227 1228 1229 1230 1231 1232 1233 1234 1235 1236 1237 1238 1239 1240 1241 1242 1243 1244 1245 1246 1247 1248 1249 1250 1251 1252 1253 1254 1255 1256 1257 1258 1259 1260 1261 1262 1263 1264 1265 1266 1267 1268 1269 1270 1271 1272 1273 1274 1275 1276 1277 1278 1279 1280 1281 1282 1283 1284 1285 1286 1287 1288 1289 1290 1291 1292 1293 1294 1295 1296 1297 1298 1299 1300 1301 1302 1303 1304 1305 1306 1307 1308 1309 1310 1311 1312 1313 1314 1315 1316 1317 1318 1319 1320 1321 1322 1323 1324 1325 1326 1327 1328 1329 1330 1331 1332 1333 1334 1335 1336 1337 1338 1339 1340 1341 1342 1343 1344 1345 1346 1347 1348 1349 1350 1351 1352 1353 1354 1355 1356 1357 1358 1359 1360 1361 1362 1363 1364 1365 1366 1367 1368 1369 1370 1371 1372 1373 1374 1375 1376 1377 1378 1379 1380 1381 1382 1383 1384 1385 1386 1387 1388 1389 1390 1391 1392 1393 1394 1395 1396 1397 1398 1399 1400 1401 1402 1403 1404 1405 1406 1407 1408 1409 1410 1411 1412 1413 1414 1415 1416 1417 1418 1419 1420 1421 1422 1423 1424 1425 1426 1427 1428 1429 1430 1431 1432 1433 1434 1435 1436 1437 1438 1439 1440 1441 1442 1443 1444 1445 1446 1447 1448 1449 1450 1451 1452 1453 1454 1455 1456 1457 1458 1459 1460 1461 1462 1463 1464 1465 1466 1467 1468 1469 1470 1471 1472 1473 1474 1475 1476 1477 1478 1479 1480 1481 1482 1483 1484 1485 1486 1487 1488 1489 1490 1491 1492 1493 1494 1495 1496 1497 1498 1499 1500 1501 1502 1503 1504 1505 1506 1507 1508 1509 1510 1511 1512 1513 1514 1515 1516 1517 1518 1519 1520 1521 1522 1523 1524 1525 1526 1527 1528 1529 1530 1531 1532 1533 1534 1535 1536 1537 1538 1539 1540 1541 1542 1543 1544 1545 1546 1547 1548 1549 1550 1551 1552 1553 1554 1555 1556 1557 1558 1559 1560 1561 1562 1563 1564 1565 1566 1567 1568 1569 1570 1571 1572 1573 1574 1575 1576 1577 1578 1579 1580 1581 1582 1583 1584 1585 1586 1587 1588 1589 1590 1591 1592 1593 1594 1595 1596 1597 1598 1599 1600 1601 1602 1603 1604 1605 1606 1607 1608 1609 1610 1611 1612 1613 1614 1615 1616 1617 1618 1619 1620 1621 1622 1623 1624 1625 1626 1627 1628 1629 1630 1631 1632 1633 1634 1635 1636 1637 1638 1639 1640 1641 1642 1643 1644 1645 1646 1647 1648 1649 1650 1651 1652 1653 1654 1655 1656 1657 1658 1659 1660 1661 1662 1663 1664 1665 1666 1667 1668 1669 1670 1671 1672 1673 1674 1675 1676 1677 1678 1679 1680 1681 1682 1683 1684 1685 1686 1687 1688 1689 1690 1691 1692 1693 1694 1695 1696 1697 1698 1699 1700 1701 1702 1703 1704 1705 1706 1707 1708 1709 1710 1711 1712 1713 1714 1715 1716 1717 1718 1719 1720 1721 1722 1723 1724 1725 1726 1727 1728 1729 1730 1731 1732 1733 1734 1735 1736 1737 1738 1739 1740 1741 1742 1743 1744 1745 1746 1747 1748 1749 1750 1751 1752 1753 1754 1755 1756 1757 1758 1759 1760 1761 1762 1763 1764 1765 1766 1767 1768 1769 1770 1771 1772 1773 1774 1775 1776 1777 1778 1779 1780 1781 1782 1783 1784 1785 1786 1787 1788 1789 1790 1791 1792 1793 1794 1795 1796 1797 1798 1799 1800 1801 1802 1803 1804 1805 1806 1807 1808 1809 1810 1811 1812 1813 1814 1815 1816 1817 1818 1819 1820 1821 1822 1823 1824 1825 1826 1827 1828 1829 1830 1831 1832 1833 1834 1835 1836 1837 1838 1839 1840 1841 1842 1843 1844 1845 1846 1847 1848 1849 1850 1851 1852 1853 1854 1855 1856 1857 1858 1859 1860 1861 1862 1863 1864 1865 1866 1867 1868 1869 1870 1871 1872 1873 1874 1875 1876 1877 1878 1879 1880 1881 1882 1883 1884 1885 1886 1887 1888 1889 1890 1891 1892 1893 1894 1895 1896 1897 1898 1899 1900 1901 1902 1903 1904 1905 1906 1907 1908 1909 1910 1911 1912 1913 1914 1915 1916 1917 1918 1919 1920 1921 1922 1923 1924 1925 1926 1927 1928 1929 1930 1931 1932 1933 1934 1935 1936 1937 1938 1939 1940 1941 1942 1943 1944 1945 1946 1947 1948 1949 1950 1951 1952 1953 1954 1955 1956 1957 1958 1959 1960 1961 1962 1963 1964 1965 1966 1967 1968 1969 1970 1971 1972 1973 1974 1975 1976 1977 1978 1979 1980 1981 1982 1983 1984 1985 1986 1987 1988 1989 1990 1991 1992 1993 1994 1995 1996 1997 1998 1999 2000 2001 2002 2003 2004 2005 2006 2007 2008 2009 2010 2011 2012 2013 2014 2015 2016 2017 2018 2019 2020 2021 2022 2023 2024 2025 2026 2027 2028 2029 2030 2031 2032 2033 2034 2035 2036 2037 2038 2039 2040 2041 2042 2043 2044 2045 2046 2047 2048 2049 2050 2051 2052 2053 2054 2055 2056 2057 2058 2059 2060 2061 2062 2063 2064 2065 2066 2067 2068 2069 2070 2071 2072 2073 2074 2075 2076 2077 2078 2079 2080 2081 2082 2083 2084 2085 2086 2087 2088 2089 2090 2091 2092 2093 2094 2095 2096 2097 2098 2099 2100 2101 2102 2103 2104 2105 2106 2107 2108 2109 2110 2111 2112 2113 2114 2115 2116 2117 2118 2119 2120 2121 2122 2123 2124 2125 2126 2127 2128 2129 2130 2131 2132 2133 2134 2135 2136 2137 2138 2139 2140 2141 2142 2143 2144 2145 2146 2147 2148 2149 2150 2151 2152 2153 2154 2155 2156 2157 2158 2159 2160 2161 2162 2163 2164 2165 2166 2167 2168 2169 2170 2171 2172 2173 2174 2175 2176 2177 2178 2179 2180 2181 2182 2183 2184 2185 2186 2187 2188 2189 2190 2191 2192 2193 2194 2195 2196 2197 2198 2199 2200 2201 2202 2203 2204 2205 2206 2207 2208 2209 2210 2211 2212 2213 2214 2215 2216 2217 2218 2219 2220 2221 2222 2223 2224 2225 2226 2227 2228 2229 2230 2231 2232 2233 2234 2235 2236 2237 2238 2239 2240 2241 2242 2243 2244 2245 2246 2247 2248 2249 2250 2251 2252 2253 2254 2255 2256 2257 2258 2259 2260 2261 2262 2263 2264 2265 2266 2267 2268 2269 2270 2271 2272 2273 2274 2275 2276 2277 2278 2279 2280 2281 2282 2283 2284 2285 2286 2287 2288 2289 2290 2291 2292 2293 2294 2295 2296 2297 2298 2299 2300 2301 2302 2303 2304 2305 2306 2307 2308 2309 2310 2311 2312 2313 2314 2315 2316 2317 2318 2319 2320 2321 2322 2323 2324 2325 2326 2327 2328 2329 2330 2331 2332 2333 2334 2335 2336 2337 2338 2339 2340 2341 2342 2343 2344 2345 2346 2347 2348 2349 2350 2351 2352 2353 2354 2355 2356 2357 2358 2359 2360 2361 2362 2363 2364 2365 2366 2367 2368 2369 2370 2371 2372 2373 2374 2375 2376 2377 2378 2379 2380 2381 2382 2383 2384 2385 2386 2387 2388 2389 2390 2391 2392 2393 2394 2395 2396 2397 2398 2399 2400 2401 2402 2403 2404 2405 2406 2407 2408 2409 2410 2411 2412 2413 2414 2415 2416 2417 2418 2419 2420 2421 2422 2423 2424 2425 2426 2427 2428 2429 2430 2431 2432 2433 2434 2435 2436 2437 2438 2439 2440 2441 2442 2443 2444 2445 2446 2447 2448 2449 2450 2451 2452 2453 2454 2455 2456 2457 2458 2459 2460 2461 2462 2463 2464 2465 2466 2467 2468 2469 2470 2471 2472 2473 2474 2475 2476 2477 2478 2479 2480 2481 2482 2483 2484 2485 2486 2487 2488 2489 2490 2491 2492 2493 2494 2495 2496 2497 2498 2499 2500 2501 2502 2503 2504 2505 </DataArray>
        <DataArray type="UInt8" Name="vtkGhostType" format="ascii" RangeMin="0" RangeMax="0">0 0 0 0 0 0 0 0 0 0 0 0 0 0 0 0 0 0 0 0 0 0 0 0 0 0 0 0 0 0 0 0 0 0 0 0 0 0 0 0 0 0 0 0 0 0 0 0 0 0 0 0 0 0 0 0 0 0 0 0 0 0 0 0 0 0 0 0 0 0 0 0 0 0 0 0 0 0 0 0 0 0 0 0 0 0 0 0 0 0 0 0 0 0 0 0 0 0 0 0 0 0 0 0 0 0 0 0 0 0 0 0 0 0 0 0 0 0 0 0 0 0 0 0 0 0 0 0 0 0 0 0 0 0 0 0 0 0 0 0 0 0 0 0 0 0 0 0 0 0 0 0 0 0 0 0 0 0 0 0 0 0 0 0 0 0 0 0 0 0 0 0 0 0 0 0 0 0 0 0 0 0 0 0 0 0 0 0 0 0 0 0 0 0 0 0 0 0 0 0 0 0 0 0 0 0 0 0 0 0 0 0 0 0 0 0 0 0 0 0 0 0 0 0 0 0 0 0 0 0 0 0 0 0 0 0 0 0 0 0 0 0 0 0 0 0 0 0 0 0 0 0 0 0 0 0 0 0 0 0 0 0 0 0 0 0 0 0 0 0 0 0 0 0 0 0 0 0 0 0 0 0 0 0 0 0 0 0 0 0 0 0 0 0 0 0 0 0 0 0 0 0 0 0 0 0 0 0 0 0 0 0 0 0 0 0 0 0 0 0 0 0 0 0 0 0 0 0 0 0 0 0 0 0 0 0 0 0 0 0 0 0 0 0 0 0 0 0 0 0 0 0 0 0 0 0 0 0 0 0 0 0 0 0 0 0 0 0 0 0 0 0 0 0 0 0 0 0 0 0 0 0 0 0 0 0 0 0 0 0 0 0 0 0 0 0 0 0 0 0 0 0 0 0 0 0 0 0 0 0 0 0 0 0 0 0 0 0 0 0 0 0 0 0 0 0 0 0 0 0 0 0 0 0 0 0 0 0 0 0 0 0 0 0 0 0 0 0 0 0 0 0 0 0 0 0 0 0 0 0 0 0 0 0 0 0 0 0 0 0 0 0 0 0 0 0 0 0 0 0 0 0 0 0 0 0 0 0 0 0 0 0 0 0 0 0 0 0 0 0 0 0 0 0 0 0 0 0 0 0 0 0 0 0 0 0 0 0 0 0 0 0 0 0 0 0 0 0 0 0 0 0 0 0 0 0 0 0 0 0 0 0 0 0 0 0 0 0 0 0 0 0 0 0 0 0 0 0 0 0 0 0 0 0 0 0 0 0 0 0 0 0 0 0 0 0 0 0 0 0 0 0 0 0 0 0 0 0 0 0 0 0 0 0 0 0 0 0 0 0 0 0 0 0 0 0 0 0 0 0 0 0 0 0 0 0 0 0 0 0 0 0 0 0 0 0 0 0 0 0 0 0 0 0 0 0 0 0 0 0 0 0 0 0 0 0 0 0 0 0 0 0 0 0 0 0 0 0 0 0 0 0 0 0 0 0 0 0 0 0 0 0 0 0 0 0 0 0 0 0 0 0 0 0 0 0 0 0 0 0 0 0 0 0 0 0 0 0 0 0 0 0 0 0 0 0 0 0 0 0 0 0 0 0 0 0 0 0 0 0 0 0 0 0 0 0 0 0 0 0 0 0 0 0 0 0 0 0 0 0 0 0 0 0 0 0 0 0 0 0 0 0 0 0 0 0 0 0 0 0 0 0 0 0 0 0 0 0 0 0 0 0 0 0 0 0 0 0 0 0 0 0 0 0 0 0 0 0 0 0 0 0 0 0 0 0 0 0 0 0 0 0 0 0 0 0 0 0 0 0 0 0 0 0 0 0 0 0 0 0 0 0 0 0 0 0 0 0 0 0 0 0 0 0 0 0 0 0 0 0 0 0 0 0 0 0 0 0 0 0 0 0 0 0 0 0 0 0 0 0 0 0 0 0 0 0 0 0 0 0 0 0 0 0 0 0 0 0 0 0 0 0 0 0 0 0 0 0 0 0 0 0 0 0 0 0 0 0 0 0 0 0 0 0 0 0 0 0 0 0 0 0 0 0 0 0 0 0 0 0 0 0 0 0 0 0 0 0 0 0 0 0 0 0 0 0 0 0 0 0 0 0 0 0 0 0 0 0 0 0 0 0 0 0 0 0 0 0 0 0 0 0 0 0 0 0 0 0 0 0 0 0 0 0 0 0 0 0 0 0 0 0 0 0 0 0 0 0 0 0 0 0 0 0 0 0 0 0 0 0 0 0 0 0 0 0 0 0 0 0 0 0 0 0 0 0 0 0 0 0 0 0 0 0 0 0 0 0 0 0 0 0 0 0 0 0 0 0 0 0 0 0 0 0 0 0 0 0 0 0 0 0 0 0 0 0 0 0 0 0 0 0 0 0 0 0 0 0 0 0 0 0 0 0 0 0 0 0 0 0 0 0 0 0 0 0 0 0 0 0 0 0 0 0 0 0 0 0 0 0 0 0 0 0 0 0 0 0 0 0 0 0 0 0 0 0 0 0 0 0 0 0 0 0 0 0 0 0 0 0 0 0 0 0 0 0 0 0 0 0 0 0 0 0 0 0 0 0 0 0 0 0 0 0 0 0 0 0 0 0 0 0 0 0 0 0 0 0 0 0 0 0 0 0 0 0 0 0 0 0 0 0 0 0 0 0 0 0 0 0 0 0 0 0 0 0 0 0 0 0 0 0 0 0 0 0 0 0 0 0 0 0 0 0 0 0 0 0 0 0 0 0 0 0 0 0 0 0 0 0 0 0 0 0 0 0 0 0 0 0 0 0 0 0 0 0 0 0 0 0 0 0 0 0 0 0 0 0 0 0 0 0 0 0 0 0 0 0 0 0 0 0 0 0 0 0 0 0 0 0 0 0 0 0 0 0 0 0 0 0 0 0 0 0 0 0 0 0 0 0 0 0 0 0 0 0 0 0 0 0 0 0 0 0 0 0 0 0 0 0 0 0 0 0 0 0 0 0 0 0 0 0 0 0 0 0 0 0 0 0 0 0 0 0 0 0 0 0 0 0 0 0 0 0 0 0 0 0 0 0 0 0 0 0 0 0 0 0 0 0 0 0 0 0 0 0 0 0 0 0 0 0 0 0 0 0 0 0 0 0 0 0 0 0 0 0 0 0 0 0 0 0 0 0 0 0 0 0 0 0 0 0 0 0 0 0 0 0 0 0 0 0 0 0 0 0 0 0 0 0 0 0 0 0 0 0 0 0 0 0 0 0 0 0 0 0 0 0 0 0 0 0 0 0 0 0 0 0 0 0 0 0 0 0 0 0 0 0 0 0 0 0 0 0 0 0 0 0 0 0 0 0 0 0 0 0 0 0 0 0 0 0 0 0 0 0 0 0 0 0 0 0 0 0 0 0 0 0 0 0 0 0 0 0 0 0 0 0 0 0 0 0 0 0 0 0 0 0 0 0 0 0 0 0 0 0 0 0 0 0 0 0 0 0 0 0 0 0 0 0 0 0 0 0 0 0 0 0 0 0 0 0 0 0 0 0 0 0 0 0 0 0 0 0 0 0 0 0 0 0 0 0 0 0 0 0 0 0 0 0 0 0 0 0 0 0 0 0 0 0 0 0 0 0 0 0 0 0 0 0 0 0 0 0 0 0 0 0 0 0 0 0 0 0 0 0 0 0 0 0 0 0 0 0 0 0 0 0 0 0 0 0 0 0 0 0 0 0 0 0 0 0 0 0 0 0 0 0 0 0 0 0 0 0 0 0 0 0 0 0 0 0 0 0 0 0 0 0 0 0 0 0 0 0 0 0 0 0 0 0 0 0 0 0 0 0 0 0 0 0 0 0 0 0 0 0 0 0 0 0 0 0 0 0 0 0 0 0 0 0 0 0 0 0 0 0 0 0 0 0 0 0 0 0 0 0 0 0 0 0 0 0 0 0 0 0 0 0 0 0 0 0 0 0 0 0 0 0 0 0 0 0 0 0 0 0 0 0 0 0 0 0 0 0 0 0 0 0 0 0 0 0 0 0 0 0 0 0 0 0 0 0 0 0 0 0 0 0 0 0 0 0 0 0 0 0 0 0 0 0 0 0 0 0 0 0 0 0 0 0 0 0 0 0 0 0 0 0 0 0 0 0 0 0 0 0 0 0 0 0 0 0 0 0 0 0 0 0 0 0 0 0 0 0 0 0 0 0 0 0 0 0 0 0 0 0 0 0 0 0 0 0 0 0 0 0 0 0 0 0 0 0 0 0 0 0 0 0 0 0 0 0 0 0 0 0 0 0 0 0 0 0 0 0 0 0 0 0 0 0 0 0 0 0 0 0 0 0 0 0 0 0 0 0 0 0 0 0 0 0 0 0 0 0 0 0 0 0 0 0 0 0 0 0 0 0 0 0 0 0 0 0 0 0 0 0 0 0 0 0 0 0 0 0 0 0 0 0 0 0 0 0 0 0 0 0 0 0 0 0 0 0 0 0 0 0 0 0 0 0 0 0 0 0 0 0 0 0 0 0 0 0 0 0 0 0 0 0 0 0 0 0 0 0 0 0 0 0 0 0 0 0 0 0 0 0 0 0 0 0 0 0 0 0 0 0 0 0 0 0 0 0 0 0 0 0 0 0 0 0 0 0 0 0 0 0 0 0 0 0 0 0 0 0 0 0 0 0 0 0 0 0 0 0 0 0 0 0 0 0 0 0 0 0 0 0 0 0 0 0 0 0 0 0 0 0 0 0 0 0 0 0 0 0 0 0 0 0 0 0 0 0 0 0 0 0 0 0 0 0 0 0 0 0 0 0 0 0 0 0 0 0 0 0 0 0 0 0 0 0 0 0 0 0 0 0 0 0 0 0 0 0 0 0 0 0 0 0 0 0 0 0 0 0 0 0 0 0 0 0 0 0 0 0 0 0 0 0 0 0 0 0 0 0 0 0 0 0 0 0 0 0 0 0 0 0 0 0 0 0 0 0 0 0 0 0 0 0 0 0 0 0 0 0 0 0 0 0 0 0 0 0 0 0 0 0 0 0 0 0 0 0 0 0 0 0 0 0 0 0 0 0 0 0 0 0 0 0 0 0 0 0 0 0 0 0 0 0 0 0 0 0 0 0 0 0 0 0 0 0 0 0 0 0 0 0 0 0 0 0 0 0 0 0 0 0 0 0 0 0 0 0 0 0 0 0 0 0 0 0 0 0 0 0 0 0 0 0 0 0 0 0 0 0 0 0 0 0 0 0 0 0 0 0 0 0 0 0 0 0 0 0 0 0 0 0 0 0 0 0 0 0 0 0 0 0 0 0 0 0 0 0 0 0 0 0 0 0 0 0 0 0 0 0 0 0 0 0 0 0 0 0 0 0 0 0 0 0 0 0 0 0 0 0 0 0 0 0 0 0 0 0 0 0 0 0 0 0 0 0 0 0 0 0 0 0 0 0 0 0 0 0 0 0 0 0 0 0 0 0 0 0 0 0 0 0 0 0 0 0 0 0 0 0 0 0 0 0 0 0 0 0 0 0 0 0 0 0 0 0 0 0 0 0 0 0 0 0 0 0 0 0 0 0 0 0 0 0 0 0 0 0 0 0 0 0 0 0 0 0 0 0 0 0 0 0 0 0 0 0 0 0 0 0 0 0 0 0 0 0 0 0 0 0 0 0 </DataArray>
        <DataArray type="Float64" Name="temperature" format="ascii">4 3.999999999999999 3.999999999999999 4 4 3.999999999999999 3.999999999999994 4 3.999999999999998 4 4 3.999999999999991 4 3.999999999999984 4 4 3.999999999999971 3.999999999999971 4 3.999999999999897 3.999999999999931 4 4 4 3.999999999999774 3.999999999999784 4 3.999999999999738 4 3.999999999999464 4 4 3.999999999999737 4 3.999999999998531 4 4 3.999999999999059 4 4 3.99999999998709 3.999999999997192 4 4 4 3.999999999989889 3.999999999992281 3.999999999980731 3.999999999973344 4 4 3.999999999984541 3.999999999969762 4 3.999999999891366 4 4 3.999999999886355 4 4 4 3.999999999900631 3.999999999722712 4 3.99999999842 3.999999999624181 4 3.999999998054416 3.999999999458502 4 4 3.999999996202324 3.999999996660668 3.999999998890252 4 3.999999990169953 4 4 4 3.999999990115727 3.999999993780027 4 4 3.999999994758244 3.99999999361032 3.999999993745639 4 3.999999993752088 3.99999999134296 3.999999993222461 4 3.999999991891841 4 3.999999992861881 3.999999993372929 4 4 3.999999993596882 4 3.999999993306708 4 4 3.999999995799365 3.999999994402614 4 4 3.99999999493149 3.999999996383635 4 4 3.999999999044508 4 4 3.999999997888401 3.999999998235751 3.999999998175968 4 3.99999999890394 3.999999998546883 3.999999995520596 4 4 4 4 4 4 4 4 4 4 3.99988808465102 4 4 4 4 4 3.999869300222932 4 4 3.974502164436589 4 4 3.923151495489367 3.927075729100968 4 4 4 3.178785415987097 3.586889942861355 3.162398519271897 4 4 1.417890469969965 1.417820628745176 1.417760567764287 1.417642496101631 1.418086943692528 1.417978519896741 1.417962411314414 3.33955918755602 1.417667247708846 1.418079517620912 1.417884720124274 1.417501039984048 1.418030903881285 1.417926330237347 3.108283350663651 4 1.417610963914161 1.418163383313853 1.417446785521169 1.417766866938839 1.418040584047479 1.418067823204399 1.418201583887851 1.417346884599385 1.418241749288686 1.417524387288556 1.417608929803363 1.417511092121173 1.417335178847544 1.417725194010124 1.417861978210323 1.417934241985304 1.418055836980161 4 1.4181453598781 1.418111859813267 1.417194386821236 1.418318255721803 1.417477537881003 1.417296362663665 1.418376992595478 1.418316141354158 4 1.417700221041404 1.417938496376169 1.417626987805941 1.417281767743456 1.417660658744377 1.417168117631352 1.417251708589356 1.417823739004901 1.418096375755793 1.418445037608771 4 1.41823717404659 1.418426689643057 1.418503690255889 1.417879924385662 1.417482182185838 1.418148005221003 1.417034805270276 1.417119312920502 1.418467456932588 1.418275036902502 1.417035669497974 1.41855671528087 1.418601105536703 1.418529815286226 1.41861789540369 1.41864840517282 1.418686817654445 1.418376408744395 1.418279705879693 1.418399545574503 1.418501298747264 1.418635091558955 1.418683733156783 1.418601133715307 1.418308293062607 4 1.418007891609923 1.41687831194629 1.416824550946307 1.417270386513364 4 4 1.418166774322945 1.418597815230685 1.418702552521705 1.418729655642985 1.418447916363248 1.417011123954527 1.418244781297177 1.418760181840787 1.418526426467179 1.417389055222149 1.417850828006904 1.417947751259557 1.417136214778984 1.416847518731589 1.416932426657544 1.418207017210828 1.418060667394994 1.416850168762266 1.418708396457113 1.417100728226973 1.418311682499609 1.418712577393565 1.416917791711977 1.416705904451312 1.416727730705131 1.418758613806004 1.418056873462344 1.417698699450793 1.417537394848922 1.417592407069524 1.416721855586966 1.416988519713613 1.418374832161518 4 1.418404428120602 1.418583561081535 1.418136159617017 1.418785354545648 1.418764068456169 1.416538214581373 1.41657229036378 1.418681587200117 1.416400419798766 1.418806782433724 4 1.417449628177028 1.417870278294703 1.41656504902909 1.418523881739718 1.418448899077919 1.418122486395737 1.418646101128592 1.416543551772953 1.416639233778076 1.417089115139121 1.416528732917207 1.418756290293736 1.418001439003757 1.418739724072786 1.416244712112292 1.41877805851734 1.416401122845384 1.415720767495133 1.415618857549138 1.415720983431539 1.415855105970866 1.416087362167117 1.416202426409726 1.416104542734145 1.416216732336842 1.415942036353104 1.415916083565623 1.418806081902801 1.418831138783422 1.418823464147849 1.418806559757239 1.418841372533014 1.418839228340045 1.418830654186477 1.418819282568176 4 1.417581101904323 1.416569795431836 1.416250299626274 1.418403257479819 1.418615276968697 1.418321614484109 1.416604723204219 1.416116978192464 1.418799994899018 1.417235606743048 1.415507503890185 1.415788968359048 1.418843632341938 1.418849407610898 1.416549240695544 1.415511162391601 1.415596027660224 1.415572930952422 1.41580511819036 1.418743782448104 1.418724157994048 1.418736508207416 1.418717503045824 1.418738725571926 1.41873073120712 1.418730421458279 1.418792908154087 4 1.417764197082903 1.418319168305871 1.418545914660985 1.418501158149394 1.416396176840324 1.4168333764515 1.418651418702299 1.418005156473398 1.418647101924655 1.41537079329389 1.415876532201779 1.418817874509265 1.418819427562085 1.415488709371217 1.415413194433911 1.418683901267391 1.418726063335611 1.418639098186303 1.416063342185248 1.418842477367561 1.418707820377924 1.418716563306513 1.41873936033806 1.418690911674849 1.415438957562245 1.415414146722667 1.415381563961287 1.415470335762198 1.417705388177482 4 1.417090564663086 1.417270681042468 1.41607900243312 1.416261717997165 1.416236206253454 1.416644396207678 1.418676338689314 1.418752617899646 1.415583984558121 1.41538368505486 1.415935994392806 1.418754428648642 1.418840173984527 1.415419983269918 1.418692551150822 1.418731573704001 1.418688451875385 1.415530013594195 1.415266618998358 1.417655669520874 1.418831589121489 1.415416325696659 1.418738079762639 1.418744084239385 1.415387748717571 4 1.417533584135735 1.417997064319521 1.418504246997041 1.415950753956562 1.418077382211846 1.416005378667053 1.415856510803764 1.418471819235979 1.418546000846861 1.415819231601169 1.417317678659948 1.415304932084532 1.418800811454964 1.418767845478179 1.415486514882051 1.415272167804422 1.418670004680724 1.4187134237341 1.418814430043511 1.415670379733713 1.418653506930075 1.415433696893482 1.415766621213878 1.418802067708864 1.415357437967371 1.418716384834862 1.418530781640297 1.418691654667948 1.418663770325107 1.418672559840132 1.418715189358881 1.418723101648095 1.415237363707206 1.415389472396626 1.415400692059717 1.415538400410335 1.41524541047519 1.418606831935055 1.418629249255183 1.418667259909749 1.418659195622274 1.41861400916829 1.41559001648525 1.415712436269958 4 1.415777294901286 1.418248224220072 1.418239688216505 1.418447744342081 1.416078352616788 1.415868624958279 1.417770933919906 1.418661487672635 1.416846388541618 1.418748995472181 1.418842998415231 1.41486793859099 1.418691838213225 1.415623920162632 1.415248588600874 1.416880959762866 1.41882762655174 1.418469031893902 1.418704090789978 1.418673465622252 1.418678039540611 1.418545128862097 1.415800954956747 1.415708356960446 1.415268022185992 1.41883197593735 1.418803362288733 1.418686596740098 1.418622983950019 1.418672976535522 1.418673492278132 1.418645224935072 1.418632836451894 4 1.415289128900379 1.415359016441446 1.418631867929697 1.415125577060038 1.415065217578011 1.418751710364027 1.418695041185646 1.418656152404314 1.41546462378835 1.415673811984342 1.415219956843541 1.418506551189379 1.4152530294872 1.417265251785054 1.418404666205428 1.418551731937263 1.41879699379814 1.418787778809147 1.41834985742943 1.418655027507953 1.418373289713718 1.416788567600991 1.415047629359558 1.418767524147296 1.418607259622831 1.415844197663841 1.418803325810691 1.414845392077285 1.415153525270923 1.41465820641253 1.418257997656132 4 1.417853676883539 1.415315302805669 1.417653646078813 1.418182341938977 1.418478771500952 1.414748148568995 1.415062883343437 1.418738241254746 1.41875169726594 1.418723563546398 1.418656396963377 1.414803972130208 1.418650269580389 1.418611755623614 1.418525596667127 1.415942887447282 1.415863066019625 1.415379685728331 1.41588247205968 1.415041521097013 1.418760045842291 1.41855698992787 1.418769584971316 1.414936269238461 1.414673075833518 1.418427474832371 1.416999878315723 1.418759201078419 1.418148254745335 4 1.413507501788029 1.418121074586347 1.416479761288187 1.413754155371661 1.418653695946523 1.418549255489434 1.415506189191361 1.415810260459626 1.418736297986559 1.418515147820461 1.415915261181139 1.41524400799897 1.414672445015756 1.418543230894741 1.416743237303564 1.414786206287904 1.414502971693439 1.416062085661159 1.415040930709908 1.415616895212836 1.413311099131841 1.415006501427176 4 4 1.417789837297724 1.418604963518991 1.41328694408737 1.41330673087443 1.41841264170919 1.418298362610484 1.415983311515005 1.415800208342742 1.417124446586733 1.418185127182001 1.418707385726684 1.418682887644176 1.418400009027649 1.418699371913402 1.417276722755492 1.418713717033667 1.416249431096753 1.415858819970254 1.41516507419164 1.416101022122529 1.417726575847005 1.418111073456841 1.418604149675914 1.41857578876799 1.4138471091881 1.418299770865224 1.418698973114416 1.418665669198283 1.415228485304895 1.418391492982342 1.418495181614148 1.412524583969643 1.418697747885544 1.416185201987068 1.415640458733598 1.413378928808934 1.416300449412202 1.4162305046699 1.416390936760533 1.415111549085599 1.416386731698619 1.412561323961903 1.412860645074102 4 4 1.412713342633197 1.418367892606806 1.41578507917632 1.41862955289072 1.415740435832721 1.417987848454168 1.418161346741504 1.417798353082834 1.416541835926047 1.415234739710551 1.415734399344929 1.416521934523737 1.416558816985164 1.418660526750166 1.413879503674051 4 4 1.418309902819376 1.418553269909498 1.416179865663924 1.416463233206214 1.416244130200266 1.415875924250045 1.418638566444429 1.418588479811705 1.417795804150508 1.41822992954772 1.416992714555683 1.418636075450814 1.415652324131783 1.409199124787177 1.415151560510203 1.416518327103971 1.408918342110338 1.415817274161546 1.41669875996989 1.416713791637382 1.418615900406357 1.418613711052123 1.417659291993358 1.408563613382468 1.408834131469077 1.408610535764969 1.418532846496653 1.409090206127505 1.409364101543568 1.416227373101657 1.418361399423216 1.41806862152267 1.417481101155245 1.406502451021964 1.417056871655184 1.409245249836109 1.418552595562875 1.416223749894307 1.418385258853247 1.418458767156321 1.416884958751402 1.416846102696571 4 4 1.416402910215506 1.407714540776263 1.418513423028314 1.417965548550722 1.416844969855939 1.41606611609434 1.416620573860221 1.415883009297026 1.416413101428387 1.418341664776257 1.4184128385558 1.41683775092993 1.418570159285216 1.418548476232363 1.41855156706933 1.416634407354156 1.416041615932705 1.418502565726352 1.418505010370075 4 4 1.417646814762752 1.416556143444812 1.417415435857459 1.417140691839185 1.404281214579625 1.405647356001641 1.416583369107917 1.404775579388968 1.418444832026259 1.417033474855133 1.41703148359965 1.40468362448821 1.416696418644205 1.41843610680578 1.418419672519962 1.403928756882758 1.403895478897378 1.403716102796422 1.418330657595903 1.418013080357997 1.416830199664119 1.418061764344179 1.418316662031794 1.41713952047858 1.417154667643851 1.416860880136563 1.416538081076893 1.418461003985781 1.400445149389904 1.417349751653558 1.417193403869858 4 1.4177329313285 1.416778911100522 1.401854696735947 1.418265077371809 1.417952635006645 1.416904829526859 1.416545767037947 1.417211380066995 1.416911888306196 1.417043416303322 1.418143611905183 1.418246176126889 1.418379933321726 1.418391737190419 1.400454835701145 1.417350959854099 1.41733578279638 4 1.417701059612857 1.41831142158481 1.417024343433829 1.398903638850446 1.416928557754888 1.399863420133052 1.417334776847461 1.418296048527518 1.418330601401408 1.398854866488687 1.417598135686568 1.417250385840238 1.417279645471903 1.398632572815529 1.396052101451579 4 1.398446086079088 1.400299761296993 1.418085167636808 1.417891670646115 1.417193066542585 1.398994354951379 1.418280231500399 1.416967212638886 1.417220577088415 1.417431493581919 1.417098365413725 1.418254737193006 1.417482834762351 1.417441169452306 1.394195207044297 1.418236715537289 4 4 1.417556233425111 1.39597688601578 1.418160399590066 1.418066488095489 1.417967388865472 1.395509395548787 1.418251374947112 1.395674801598642 1.394099327773249 1.418121204138562 1.417529719991419 1.417648737807485 1.417616807817713 1.418071252613405 1.417982587416959 1.41786258546085 1.417923834834723 1.418174227947491 1.417802163297587 1.418113901540524 1.418096586994259 1.418148819362649 1.417550258347194 1.417274897489995 1.417497286978842 1.417452064875732 1.392873681551174 1.39001702140085 1.393023893223553 1.417681125914527 1.417715647200065 1.417897509275886 1.417763947503611 1.41809606705108 1.418129360290515 4 4 1.417524923786883 1.417878307510004 1.392968851235937 1.417353307981609 1.417658754506756 1.392691986227055 1.417726560775922 1.388752291058587 1.417756043612972 1.417821653425956 1.417893303393614 1.417973139749347 4 1.390046914977229 1.418108141264189 1.418046146194009 1.390046113967992 1.390017918031827 1.386990281763904 1.38546730834713 1.417889124904174 1.387018849482764 4 1.387056297504945 1.418072900565524 1.417771093140278 1.38698736799051 1.417740357123121 1.38410685004655 1.418073400621388 4 4 1.41800414656355 1.41793841527328 1.417661257866771 1.384015584294894 1.41793216726895 4 4 1.384024094224209 1.383977329224229 1.383927176763055 1.381014193767653 1.37938779931375 1.380977356799297 1.380925330612359 1.381013652024674 1.378077896634637 4 4 3.327441640161711 3.435745746694046 3.571249325434078 3.73209658470576 1.376905908526445 3.362465494411172 4 3.775643434952689 1.377908558092546 1.377976234426439 1.377912768890367 1.374956980933645 1.373225888650179 1.374840962116379 4 4 1.374816676628219 1.374787990496042 1.371960691476729 3.895782762937376 4 3.999782185738367 3.996682030965281 3.998556630121807 4 1.371749785469157 4 4 3.973865628082743 1.371707417732901 1.371632945483326 1.371818315985237 1.368824825117656 1.365380135762656 1.36857284263067 4 4 1.368632499752219 1.368650358601949 1.367258378799858 4 4 4 3.999980507140202 4 1.36426142186517 4 1.365406209402586 1.365514829502844 1.365653762097732 1.361535314416921 4 4 1.362240688005479 1.362235365230235 1.36245609254715 1.36262270578721 4 3.999999999140759 1.359050202970677 1.359239572689436 1.358524551247634 1.359558603999657 1.357411580624587 4 4 3.999999543021025 1.355824498495636 3.999999999419689 1.35597576834935 1.355377043867131 1.356311987299569 1.354288475960644 4 4 3.999999999634072 1.352566363434881 1.352870873682336 1.351965735846104 1.352019530483295 1.349367544254699 3.999999999065085 4 4 1.34904145161168 1.348900601925728 1.345888653537213 4 3.999999999724813 1.347952088290479 1.347886418828796 4 4 1.346010585356711 1.345781182280715 1.345576804817473 1.3427110105953 3.999999998027991 4 1.345130718077871 1.342703626681307 1.342491408527073 1.342275742573743 1.342376377808018 4 3.999999998173526 4 1.339386676749252 1.33933552541658 1.339075071021413 1.337600450316564 3.999999991348209 4 1.339194620568196 1.336086853363332 4 4 3.9999999901423 1.336002421648909 1.335993028807752 1.335738786677491 3.999999996597233 1.335844629091181 4 1.332654947734813 1.334206497817469 1.333938628204983 1.32931424900439 4 4 4 3.99999999010635 1.332577232491609 1.329332218216456 1.330843629853701 1.329718354981145 1.330546039708715 3.999999995465406 3.999999991703489 1.327266128430578 4 4 4 3.999999990176038 1.325697804968981 1.328501277797111 1.328477663983925 1.324009594870269 3.999999992846502 3.999999993690756 1.326467201727946 1.323782265579361 1.32411653151542 1.323613044788009 1.323752261152554 1.323770119787743 1.323584938040687 4 1.099174164895534 1.207124328653007 1.315255910642479 1.163573124706363 1.094446966553092 1.314248840114092 1.153036727232301 1.153575851286504 1.086151559042764 1.222841775812872 1.150935506867599 4 3.999999994796673 1.321819595849822 1.322281143848407 4 1.321960977372344 1.279617763354642 1.226885527456485 1.07872666746279 1.158839273732638 1.11775516958175 1.314912712099471 1.187362331060414 1.197611819018524 1.121536747882693 1.183668595564418 1.074780958507316 1.221648872081142 1.084628642629644 1.314473322425472 1.158968382002629 1.237547377412838 1.176224003768133 1.111097275016955 3.999999990408521 3.999999994087779 1.321499635921848 1.317378846975027 1.318789210361543 1.318271955810849 1.159268221923611 1.013437405527968 1.125872001957916 1.124868320180412 1.116086079242488 1.077346526380953 1.316008735097879 1.216658681184706 1.19723024735892 1.215968783427022 1.117086400103906 1.142270888014522 1.190177180291836 1.129918119350821 1.091213548119286 3.999999993424966 4 1.004486198311026 1.041971420213452 1.140270073607017 1.07653771339061 1.082694664279266 1.110215770819962 4 3.999999997289938 1.003860547064217 1.027814701803251 1.004003812662876 1.035491892986215 1.009740290479134 1.003862878208727 1.031194386113174 1.029662247238167 1.039511284658395 4 3.999999997297875 3.999999994431738 1 1 1 1.013398542733952 1.000076339975875 1.00973126646601 1 1 4 3.999999996752929 3.999999997701751 3.99999999674637 1 1 1.009287793275715 1.000322498584307 1.001778169452183 1.005207106934656 1.000050134289026 1 1 1 1 1 4 3.999999998178947 1 1 1 1 1 1.000000003210975 1.000000004988628 1 1 4 4 3.999999998731325 1 1 1 1 1 1 1.000000007888107 1.000000003966882 1.000000002556605 1 4 4 3.999999999600245 3.999999999454511 1 1.000000001769824 1 1 1.00000000222312 1.000000002080798 1.000000002126669 4 4 3.999999998994256 1.000000005059887 1.000000004351262 1.000000007326551 1.000000002925957 1.000000009332664 1.00000000292036 1.000000004515535 1.000000002314725 1.000000003336897 1.000000008400793 4 3.999999999662835 3.999999999578836 1.000000000587735 1.000000008830356 1.000000009718088 1.000000000531389 4 3.999999999877168 3.999999999792928 1.000000000450254 1.000000005834871 1.000000003921231 1.000000002505427 1.00000000269553 1.000000009319445 1.000000002091839 1.00000000602525 1.000000002334174 1.000000008541782 4 3.999999999684297 1.000000004795309 1.0000000039941 1.000000003535478 1.000000009529165 1.00000000193747 1.000000005270385 1.000000009280177 1.000000005989467 1.000000003379439 1.000000000941103 4 3.999999999971634 3.999999999905766 1.000000009795795 1.000000007353993 1.000000007687962 1.000000009367031 1 1.000000005584017 1.000000003863078 1.000000001494156 1.000000001769317 1.000000005565085 1 4 3.999999999926295 1 1.00000000560627 1 1.000000003070944 1.000000005289935 1.00000000245805 1 1.000000000901465 1.000000002685335 1 1.00000000713856 4 3.999999999999793 1.000000003233264 1.000000002031645 1 1 1 1.000000002366205 1 1.000000004590382 1.000000005148449 1 4 3.999999999985823 3.9999999999947 1 1 1 1.000030639917444 1 1 1 1 1 1 4 1 1.000492401976667 1.000218407253708 1.00866698892512 1.010606715271895 1.013441395703108 1.009311539313873 1.01818758954393 4 4 3.99999999999806 3.999999999995559 1.000131037544649 1.000761037358031 1.078795970655062 1.000072111111183 1.070975799474744 1.001903525499664 1.041467433526541 1.050600914491526 4 3.999999999998403 1.047647649539381 1.001092324671767 1.043068345400081 1.078375658678778 1.039917811912236 1.081638501209799 1.092240531609558 1.128961861805179 1.206247643302301 1.043482244053436 1.04399439063419 1.146263257944824 1.103757894328415 4 3.999999999999286 1.139296022677985 1.126939574638813 1.167451693303593 1.216856270769802 1.196746150736454 1.229673870174368 1.116522358141522 1.16950763422191 1.275802420063458 4 4 3.99999999999942 1.179618954700334 1.346457988500694 1.255064299673838 1.316531187592765 1.344849137261454 1.252954613637804 1.214304960211801 1.301866171828978 1.339453500181605 1.423419315664635 1.442447484204896 1.450520985094103 4 3.999999999999189 1.307167858434893 1.379909729288414 1.372424977704986 1.341845075805125 1.396863218795485 1.362151447999334 1.347795821218551 1.352999392590806 1.3929076998703 1.352801020584373 1.441262253174742 1.455175211525934 1.424745556878817 1.388278682133494 1.410057257999855 1.418629667979735 1.439902555049989 1.438529938208883 1.408824783850912 1.413515272475722 4 3.999999999999923 1.410189513020696 1.344287862292352 1.407397739503195 1.407694982662925 1.423954607469189 1.46243665702428 1.466494890629256 1.411568186817064 1.435773537668606 1.450306152821653 1.45147228436505 1.466085603394511 1.46276479144495 1.461056671968818 1.474667882488397 1.468027286569021 1.471801073191679 1.465702209740694 1.462805394112402 4 3.999999999999704 1.401963294539015 1.474876845023414 1.47572916362303 1.472534192792375 4 3.999999999999905 3.999999999999971 1.434232496145998 1.465699005199028 1.467263131754743 4 3.999999999999994 1.468670600327724 4 4 3.999999999999977 3.999999999999995 1.470147005197851 1.466814796394671 4 3.999999999999987 3.999999999999977 1.465617873904653 1.465830272684004 1.468358936771545 1.46789083847942 1.466744799869568 1.468661453319149 1.469539115080905 1.469455232298596 3.999999999999989 4 4 1.469108251256398 1.46729505312339 1.467790839977385 3.999999999999996 1.467522041450064 4 4 3.999999999999996 3.999999999999994 1.46792804444297 1.468289670055473 1.468309115953229 1.467620355069029 1.467958322508153 4 3.999999999999996 1.467510440344143 1.46796117027274 4 4 4 4 1.468298930545382 1.467726553405396 4 1.467898259027081 1.467956141023399 4 1.468115234843433 1.467987541176713 1.468101549238209 1.468046317970875 4 4 1.467908165442104 1.467987893287959 4 4 1.468042253800626 1.468065364906428 4 4 4 1.468151943851497 1.468148422530861 1.468164114130066 4 4 1.468093392637419 1.468157245987886 1.468130493643791 1.468108621810402 4 1.46813538887726 1.468171978877163 1.468185149605317 1.468185428628595 1.468188332458404 4 4 4 4 1.468204515511207 1.46822013032196 1.468221845922974 4 2.375015133407089 1.468276428177437 3.295894955427358 2.372704526680448 3.045069741804042 3.999491295560408 1.468272489626054 2.376530152345169 2.867851446900658 2.3270227899365 1.468271530760742 2.007685763266473 4 1.468225389820819 1.468265927592674 1.468271005283647 1.468274811704411 4 1.46828833686708 3.99949032849504 3.099035763570014 3.120989808739495 1.468268458628789 2.419174130527032 4 1.468280047742345 1.468278000121509 3.105343803237417 3.999488978702979 3.999491525191069 3.340687021432525 2.332988384110151 2.115530642478194 3.999491311368746 2.977856814901186 4 1.468294782612197 1.468290157537506 4 3.999491557091527 3.999490244848899 2.868874150485093 2.709620495155254 2.00400315579011 4 4 4 3.999494403471732 3.999494119300655 3.999494082882175 3.999494388404802 3.999490098889348 3.305840038698903 4 4 4 4 3.999514769782613 4 4 4 4 3.999514247014184 3.999518778292468 3.999512674186346 3.999529347289287 4 3.999525021152621 3.999516863126991 3.999514905377985 4 4 4 4 4 3.99951517728431 3.999523545808241 3.999543000110309 4 4 4 4 3.999536394078421 3.999539772934947 3.999558538835236 3.999539578655916 4 3.999542340799933 3.999539570586217 3.999563462056266 3.999556972368611 4 4 3.99955877684178 4 4 4 3.999555681613769 3.999574290934363 4 4 3.999575351127534 3.999589887840461 4 3.999589324261869 3.999571878108933 3.99957200958608 3.999571886033217 3.999597393201547 4 3.999596030949366 4 3.999587658598017 3.999605913581634 4 4 3.999605516593851 3.999621420154547 3.999603542971512 3.999616647325954 3.999594802958196 4 4 4 4 3.999634378276143 3.999621167730814 3.999619470410422 3.999603447176438 4 3.999619408347446 3.999642601865717 3.99963515459411 4 4 4 3.999637089429438 3.999652935354544 3.999653198157019 3.999635315788164 4 4 3.999668786872154 3.999651107725985 3.999653978610564 4 4 3.999651198464559 3.999668688853776 3.999683491062133 3.999668927425981 4 4 3.999684478487548 3.999684724064248 3.999667095038165 4 4 4 3.999700506010022 3.999682804493805 3.999685139073806 4 4 3.999682977366332 3.999700277866428 3.999715877369916 3.999699030835038 3.999716489435736 4 4 3.999723834879584 3.999698817393654 3.999714759229368 3.999715958872743 4 4 4 3.999714748468157 3.999731469178305 4 4 3.999731849433729 3.99974714632366 3.999731909891123 3.999746502431003 4 4 3.999755443540757 3.999730635501129 3.999746342470943 3.999747527141593 4 4 4 3.999746513157827 3.999762388300424 4 4 4 4 3.999763406657283 3.999778938091639 3.999762388111925 3.999778327449941 4 4 3.999787054780914 3.999762273110139 3.999777346840959 3.999779184749891 4 4 4 3.999778262579917 3.999795144421923 4 4 4 4 3.999794941734659 3.99981080540601 3.99979434474582 3.999811225888521 4 4 4 3.999818625469433 3.999794142378044 3.99980991517317 3.999810611099376 4 4 4 4 4 3.999810007099634 3.999826685295587 4 4 4 4 4 4 4 4 4 4 4 4 4 4 4 3.999826462501362 3.99984230035874 3.999827058875496 3.999842435178852 4 4 4 4 4 4 4 4 4 4 4 4 4 4 4 3.999850174858028 3.999825994321365 3.999842111989617 3.999841552105386 4 4 4 4 4 4 4 4 4 4 4 4 4 4 4 4 4 4 4 4 4 4 4 4 4 3.99984174385358 3.9998581152879 4 4 4 4 4 4 4 4 4 4 4 4 4 4 3.999857949638906 3.999873728773832 3.999857614032286 3.999873846878116 4 4 4 4 4 4 4 4 4 4 4 4 4 4 4 4 4 4 4 3.999881626731119 3.999857600535005 3.999873808592861 4 4 4 4 4 4 4 4 4 4 4 4 4 4 4 4 4 4 4 4 4 4 4 3.999873465081323 3.999889456733124 3.99987358079779 4 4 4 4 4 4 4 4 4 4 4 4 4 4 4 4 4 4 4 4 3.999889346605952 3.999900411994414 3.999889472608472 3.999905148841442 4 4 4 4 4 4 4 4 4 4 4 4 4 4 4 4 4 4 4 4 4 4 3.999913045842025 3.999889259702846 3.999896757074772 3.999906899880089 4 4 4 4 4 4 4 4 4 4 4 4 4 4 4 4 4 4 4 4 4 4 4 4 4 4 3.999905197852193 3.999920574574749 4 4 4 4 4 4 4 4 4 4 4 4 4 4 4 4 4 4 4 4 4 4 3.999920904219426 3.999929839986584 3.999921060844279 3.999928640159096 4 4 4 4 4 4 4 4 4 4 4 4 4 4 4 4 4 4 4 3.99994832048805 3.999923405641985 3.999926511064557 4 4 4 4 4 4 4 4 4 4 4 4 4 4 4 4 4 4 4 3.999921096960721 3.999937057978516 3.999948750790538 3.99996372923818 3.999952865688273 3.999950560564078 4 4 4 4 4 4 4 4 4 4 4 4 4 4 3.999958503480306 4 4 4 4 4 3.999948859914691 4 4 4 4 4 4 4 4 4 4 4 4 4 4 4 4 4 4 3.999974830456839 3.999976480134775 4 4 4 3.999951663102943 4 4 4 4 4 4 4 4 3.999973525329794 3.999979457081636 4 4 4 4 4 4 3.999960938055411 4 4 4 4 4 4 4 4 4 3.999968770575801 4 4 4 4 4 4 4 3.999977395228064 4 4 4 4 4 4 4 4 4 4 3.999973793884447 4 4 4 4 4 4 4 4 4 4 4 4 4 4 4 4 4 4 4 4 3.999977295984615 4 4 4 4 4 4 4 4 4 4 4 4 4 4 4 4 4 4 4 4 4 4 4 4 4 4 4 4 4 4 4 4 4 4 4 4 4 4 4 4 4 4 4 4 4 4 4 4 4 4 4 4 4 4 4 4 4 4 4 4 4 4 4 4 4 4 4 4 4 4 4 4 4 4 4 4 4 4 4 4 4 4 4 4 4 4 4 4 4 4 4 4 4 4 4 4 4 4 4 4 4 4 4 4 4 4 4 4 4 4 4 4 4 4 4 4 4 4 4 4 4 4 4 4 4 4 4 4 4 4 4 4 4 4 4 4 4 4 4 4 4 4 4 4 4 4 4 4 4 4 4 4 4 4 4 4 4 4 4 4 4 4 4 4 4 4 4 4 4 4 4 4 4 4 4 4 4 4 4 4 4 4 4 4 4 4 4 4 4 4 4 4 4 4 4 4 4 4 4 4 4 4 4 4 4 4 4 4 4 4 4 4 4 4 4 4 4 4 4 4 4 4 4 4 4 4 4 4 4 4 4 4 4 4 4 4 4 4 4 4 4 4 4 4 4 4 4 4 4 4 4 4 4 4 4 4 4 4 4 4 4 4 4 4 4 4 4 4 4 4 4 4 4 4 4 4 4 4 4 4 4 4 4 4 4 4 4 4 4 4 4 4 4 4 4 4 4 4 4 4 4 4 4 4 4 4 4 4 4 4 4 4 4 4 4 4 4 4 4 4 4 4 4 4 4 4 4 4 4 4 4 4 4 4 4 4 4 4 4 4 4 4 4 4 4 4 4 4 4 4 4 4 4 4 4 4 4 4 4 4 4 4 4 4 4 4 4 4 4 4 4 4 4 4 4 4 4 4 4 4 4 4 4 4 4 4 4 4 4 4 4 4 4 4 4 4 4 4 4 4 4 4 4 4 4 4 4 4 4 4 </DataArray>
      </PointData>
    </Piece>
  </UnstructuredGrid>
</VTKFile>
