<?xml version="1.0"?>
<VTKFile type="UnstructuredGrid" version="2.2">
  <UnstructuredGrid>
    <Piece NumberOfPoints="2506" NumberOfCells="7321">
      <Points>
        <DataArray type="Float64" NumberOfComponents="3" format="ascii">-0.001232089701880527 -0.008789156535505712 0.02766574679261702 -0.001246917447073295 -0.008912268134727357 0.0262060472030825 -0.0001584895944336273 -0.007760088290055998 0.02614517664844603 -0.0008639405064147704 -0.009903386296871826 0.026687298511792 -0.0001730281372733436 -0.007762033415753191 0.02781690770457476 0.0001058503003189476 -0.01024551022232754 0.02617210378715962 -0.001034326432357086 -0.009701903719414182 0.02536253712682452 0.000187636261634715 -0.01023583681500421 0.02753661651233104 0.00125 -0.009000000000000003 0.02600000000000001 0.00125 -0.009000000000000001 0.028 -0.0008537274372154663 -0.009913044064076599 0.02802406425163149 -0.0009747754910719425 -0.0082174958517647 0.02526587470798766 -0.001225866512175174 -0.008755559221226339 0.02917850234123958 4.999999999566261e-05 -0.01024899959967985 0.02499999999999999 5.000000001092705e-05 -0.01024899959967924 0.029 -0.0008580094198067881 -0.009909021361422726 0.02900636250568328 -0.0001508783417484702 -0.007759139119001963 0.02465688125539023 -0.001245915729002111 -0.008899034678106106 0.02441631115415359 0.00125 -0.009000000000000001 0.03 0.00125 -0.009000000000000003 0.02399999999999999 -0.0008537274372189541 -0.009913044064073338 0.02402406425162524 -0.0008537274372152829 -0.009913044064076771 0.02997593574836851 -0.0004330721713342574 -0.007827418022304699 0.03002228278265499 0.0001859968074553183 -0.01023608461992553 0.03045582409937283 -0.001232447550439909 -0.008791258448279538 0.02325233499450427 0.0002765272644006674 -0.0102190293975303 0.02330926548776864 -0.001224932834314165 -0.008750922599541695 0.03063250932930075 -0.0001169738698554753 -0.007755485189412744 0.02267382150499495 -2.884795973298426e-05 -0.007750332926248258 0.03177642822074169 -0.0008194335846511019 -0.009943943112875902 0.02254654786914404 -0.0008739570576651555 -0.009893699648292013 0.03117877575161759 0.00125 -0.009000000000000001 0.032 0.00125 -0.009000000000000003 0.022 0.0001027812807579907 -0.01024576723681663 0.03182710446513495 -0.001108921240745111 -0.008423117272035017 0.02185774057588992 -0.001209745580854589 -0.008685332509459919 0.0320898075522278 -0.0009143749227789932 -0.00985230188348549 0.03250212161886315 0.0001396440660670747 -0.01024217532370123 0.02179688748981573 5.000000001093038e-05 -0.01024899959967924 0.033 4.999999999223501e-05 -0.007751000400320012 0.033 -7.202332599797009e-05 -0.007752076668816476 0.02070673281207182 -0.00104499598865733 -0.009685917913230212 0.02124334000013706 0.00125 -0.009000000000000001 0.034 -0.0009164422576223645 -0.009850078577805623 0.03375063936280412 -0.001203599928132178 -0.00866258747355764 0.0337379879719784 0.0007888331570047499 -0.00996966089454506 0.02063817276586521 -0.001149979953698647 -0.008510054996870815 0.02065557888331525 -0.0002525678988638077 -0.01022421789582718 0.02032109362498886 0.00125 -0.009000000000000001 0.01999999999999999 5.403600034322489e-05 -0.01024883149810809 0.03430942926730814 5.000000000000208e-05 -0.007751000400320321 0.03499999999999999 -0.001066028542192235 -0.009652750447898354 0.02030926822382769 -0.001070795100849931 -0.008355098571876459 0.01958242084858997 -0.0009207720163760354 -0.009845386830899805 0.034973784530134 5.000000001092705e-05 -0.01024899959967924 0.019 -2.463874187995642e-05 -0.007750242850631145 0.01875678898699575 0.00100642572072054 -0.009741355022018562 0.03498813376537339 -0.00107684784058907 -0.009634743041095102 0.01925843768147815 0.000130642182555246 -0.01024315430262587 0.03559429391215088 -0.001221789029035639 -0.008735932643955845 0.0360073421991681 0.00125 -0.009000000000000003 0.036 0.00125 -0.009000000000000003 0.018 -0.001248448501068645 -0.009062260261639775 0.0183971738034507 -0.0008585586189419211 -0.00990850266804261 0.03669799863965342 -0.001215791950038778 -0.008709569398614911 0.01697501044098707 -0.0008244357191923423 -0.009939577428911427 0.01801053891642939 0.0001202341497406893 -0.007755795937461974 0.03690972939634095 5.779036427234359e-05 -0.007751336605086356 0.01681964400747106 0.0001921638721956684 -0.0102351409013642 0.017496746917004 0.0002765272644009478 -0.01021902939753024 0.03730926548776906 -0.001235101420845456 -0.008807582536588967 0.03736619019732523 0.00125 -0.009000000000000001 0.01599999999999999 0.0001166324892763885 -0.01024454685024116 0.01619692826312096 -0.0008503348171000084 -0.009916204507098441 0.01689232679301336 0.00125 -0.009000000000000001 0.03799999999999999 -0.001183163421375176 -0.008596732944167535 0.01563524694904267 -0.000595698336239444 -0.007901071661935339 0.03790225074388226 -0.0008537274372977532 -0.009913044063999661 0.03802406425163705 0.0002776599057817618 -0.007781228086670332 0.0387843594063718 7.822873924496992e-05 -0.007752450295837421 0.01545432271868208 -0.0007058027854075593 -0.01003166972821293 0.01563084413194684 4.999999999567824e-05 -0.01024899959967985 0.039 -0.0009637060693548703 -0.008203902887903377 0.03888645377566141 4.999999999566255e-05 -0.01024899959967985 0.01499999999999999 0.00125 -0.009000000000000001 0.01399999999999999 -0.001098612894957828 -0.009596279889844008 0.01454502760486291 0.00125 -0.009000000000000001 0.03999999999999998 0.0007589975765679356 -0.009993188138654506 0.01407013290458815 6.870818835930209e-05 -0.00775188975452792 0.01372276946192711 -0.001158108316146845 -0.00852959046770764 0.01405826432535072 -0.001063805518613575 -0.009656367137025694 0.03927118052594201 -0.0003639464899879877 -0.01019584403348657 0.01394344882421454 0.0001817516886808966 -0.007763284057003533 0.04077921379324993 0.00125 -0.009000000000000003 0.01199999999999999 -0.001073294124404565 -0.009640733737615431 0.01329055001444824 -0.0003897418075100113 -0.0101876873845751 0.04029745258558905 -0.001146708546393722 -0.008502446475615341 0.04035105911046491 9.440643276434394e-05 -0.0102464298718551 0.01263567810554207 0.0007008040012906763 -0.01003507185826636 0.04061022790164154 -0.001187009066151115 -0.008608197145397003 0.01268869014870412 0.00125 -0.009000000000000001 0.04199999999999997 -0.001084251106580191 -0.009622012490131535 0.04151830303504836 -0.0003832908603369025 -0.007810215096590064 0.0117812354090435 -0.0008698431228180517 -0.009897704261817967 0.01202217696230092 0.0001342912274675343 -0.01024276541077762 0.04179799670661022 -0.0009533023237455101 -0.008191473760758867 0.04173770408962908 0.0002046256804166935 -0.01023313759609948 0.01137703872914788 -0.001248702042654432 -0.008943050823793052 0.01158710137218665 -3.438869779634568e-05 -0.007750473122552433 0.04297433955956487 -0.0008597893570761592 -0.00990733800838418 0.04269555401266198 -0.0009794773149975563 -0.008223389293529136 0.01063414416274859 0.0002561305875014803 -0.01022347747104152 0.04318743797562799 -0.001213489023540889 -0.008700092698078593 0.0429604959644527 -0.0008692024190915325 -0.009898324637670274 0.01067292807621101 0.0005106386181071185 -0.007859058195306329 0.01010337259066476 0.00125 -0.009000000000000003 0.009999999999999998 0.00125 -0.009000000000000001 0.04399999999999996 -0.001086762094725182 -0.009617614887667499 0.009300122305174213 0.0001060944050930802 -0.01024548945286901 0.01017236461947132 -0.0008262161351782008 -0.00806198779433784 0.009084045691909426 -0.0008537274372196421 -0.009913044064072698 0.04402406425162544 -0.001204464192565732 -0.008665685763349839 0.04437550036529188 9.559158323723985e-05 -0.01024633954009901 0.04463522836985026 0.0004029143686885 -0.007816716428110175 0.00808589576664573 4.999999999951312e-05 -0.0102489995996797 0.008999999999999998 -0.0009470727110742741 -0.009815814488678907 0.007648581263111826 -5.081333210807159e-05 -0.007751033224909459 0.04474278049529692 -0.0009295949609520948 -0.008164324699077165 0.0076624752081751 -0.001065069203733549 -0.009654314596549998 0.04527305727777046 0.00125 -0.009000000000000003 0.007999999999999998 0.0002451417006582614 -0.01022572653826144 0.007263238085184774 0.00125 -0.009000000000000001 0.04599999999999996 -0.001244793987875338 -0.008886035410107292 0.006744847352292103 0.000501915220497734 -0.007855193854212553 0.006642015894978518 -0.001042479412353553 -0.008310263329364758 0.04574590279261076 0.0007591518001369346 -0.009993070261536844 0.04607052932694743 -0.0009461971432671484 -0.009816829826875274 0.006582714780343443 -0.0004202376952769434 -0.01017724265955169 0.04598431575637485 0.00125 -0.009000000000000001 0.005999999999999998 -0.0006315678719016909 -0.007921286867057991 0.006062262185540541 -0.001079559470051889 -0.009630120108091535 0.04670519587710768 0.0002866374355135846 -0.007783308181764094 0.04641711876969469 0.0001637210679261039 -0.01023923178296763 0.006020657578074762 -0.001249454188560603 -0.008963064506387957 0.005574221439380777 8.997748642190728e-05 -0.01024675741503197 0.04737447790176799 -0.001000294245529674 -0.008250392487790966 0.04705593598002308 0.00125 -0.009000000000000001 0.04799999999999995 0.0003185185284439079 -0.007791262664166476 0.004950349478113285 -0.0008004700313263405 -0.009960076939077496 0.005100479965261549 0.0003019704967307871 -0.01021297725415779 0.005007220267976745 -0.0008537274372181816 -0.009913044064074063 0.04797593574837555 0.0001253460932702074 -0.007756300535940498 0.0477953737465584 4.260868224746606e-17 -0.0127 0.004000000000000001 -0.0006048191527760085 -0.01159530671988616 0.004000000000000001 -0.0009969249741270465 -0.01266081121397684 0.001906823312712076 -0.001986717706010878 -0.01254364192555826 0.004000000000000001 0.001986717706010974 -0.01254364192555824 0.004 0.0009974684056425868 -0.01266076841189921 0.002027110830341162 0.0005911571825515169 -0.01131441770339294 0.004 -0.0007793622523234103 -0.008022710646914958 0.004931193901068192 -0.001412956022790141 -0.01069849944679133 0.004 0.001680406563106779 -0.01083915463988448 0.004 0.0003319641277927773 -0.0104544298744127 0.001963861991083046 -0.002965928863293681 -0.01234881637963256 0.00202920641890077 -1.943839449591998e-19 -0.008999999999999999 0.004 -0.0002781511674453987 -0.01021865989022728 0.004 -0.00125 -0.008999999999999991 0.004706632205824867 -0.001129948870195113 -0.008465476332848783 0.04854645791205983 -0.001422767318681495 -0.0100824346997245 0.002288121273115185 0.00296475612096997 -0.0123490979890505 0.001976171041002012 -0.002776165603397184 -0.01080404116450145 0.004000000000000001 -0.001126211084878028 -0.009542354673896941 0.004000000000000001 0.0007793622523234145 -0.009977289353085042 0.004000000000000001 0.00125 -0.009000000000000001 0.004 0.003120274557790187 -0.01053258906278396 0.004000000000000001 -0.00392451582856178 -0.01207841775694847 0.004 0.003924515828561873 -0.01207841775694844 0.004 -0.002016336040683459 -0.00991718275157699 0.004000000000000001 -0.001986717706010878 -0.01254364192555826 1.058499572832481e-19 -0.002320550173025986 -0.01110513005259954 0 -0.00392451582856178 -0.01207841775694847 0 -0.0007974424163273033 -0.01092056110681744 0 4.284188218790468e-17 -0.0127 1.125272558655889e-19 0.0007710152427707809 -0.01117842320911859 1.132718648866075e-19 0.001986717706010974 -0.01254364192555824 0 0.0002042923889890548 -0.01023319285588311 0.0486333695886927 0.002642994330534466 -0.009881770323587301 0.002040524513979547 0.001879290580998785 -0.009894169632905072 0.004000000000000001 -0.004861486633078257 -0.01173268714815159 0.001969906594658088 0.004858747064108357 -0.01173382192497476 0.002029420179773331 -0.001926018291873228 -0.008999999999999989 0.004 -0.003145914591177133 -0.009880575398071377 0 0.005765679346692283 -0.01131578285719225 0.004 0.004547336090245773 -0.01050469197475658 0.004 4.999999999976968e-05 -0.007751000400320313 0.04899999999999995 -0.0002781511674453875 -0.007781340109772722 0.004000000000000001 0.0007793622523234193 -0.008022710646914967 0.004000000000000001 -0.00112621108487802 -0.008457645326103047 0.004000000000000001 -0.00254373503362056 -0.008680140319417322 0.001992888038723171 -0.0004325134197688071 -0.008457645326103051 0.001917908784571171 -0.004298348396310854 -0.01037713099417842 0.004000000000000001 -0.003041149473894809 -0.009166414997869779 0.004 0.00037302304172354 -0.009476616658640554 0 0.00229277788244665 -0.01025129635457672 0 0.00663454922866333 -0.01082925466190738 0.001956318991773507 -0.000874044127368915 -0.009893614493734246 0.04933286057950391 0.003924515828561873 -0.01207841775694844 0 0.005857215516202174 -0.009552318651114189 0.004000000000000001 0.007464872704114444 -0.01027451582856181 0.004000000000000001 0.001379590750083486 -0.007698364999732279 0.002749837337037775 -0.001652619751291007 -0.009083064386869875 1.064653245880882e-19 0.002566409531773547 -0.009121815108771874 0.004000000000000001 -0.005765679346692196 -0.0113157828571923 0.004 -0.004591897419365312 -0.01034974733403851 0 0.006303174533260612 -0.008640234648991425 0.002042569042532187 0.004068995201982355 -0.009044351545744053 0.004 -0.005765679346692198 -0.0113157828571923 2.246901458609077e-19 0.008266450768713013 -0.009641358394357301 0.001967667141022197 0.008980256121069183 -0.008980256121069122 0.004 0.007305723514819 -0.008800460150707739 0.004 0.008287048501450943 -0.007366122209845784 0.004 0.009658041589661468 -0.008246952931378313 0.002092728173704171 0.01027451582856184 -0.007464872704114393 0.004 0.005765679346692284 -0.01131578285719225 0 0.004204551195803672 -0.01021704200200401 2.26543729773215e-19 0.005539851346202854 -0.009388853095475588 0 0.007464872704114442 -0.01027451582856181 0 0.008544028233574632 -0.007050728297101378 0 0.01027451582856184 -0.007464872704114393 0 0.008980256121069185 -0.008980256121069124 0 0.004446616906842577 -0.008148082300278093 0.002265257131371039 0.00125 -0.009000000000000001 0.04999999999999993 0.00193910535400395 -0.008088772167147774 0.004000000000000001 -0.006635870309408193 -0.01082844519017919 0.002023828914346013 -0.00536999226394056 -0.008841805529113575 0.002056608045896247 -0.002232733575629716 -0.008057916660734243 0.004000000000000001 -0.0009834334738616415 -0.008228405156517734 0.05012555674173748 0.0001026583880359375 -0.01024577736990438 0.0498270740998919 0.003139888992766516 -0.00819312817993113 0.004 0.007689832852088595 -0.006652025398476182 0.001948684969377658 0.009498169145138853 -0.005934988946201309 0.004 0.01082858504040232 -0.006635642095741382 0.001965520119997765 0.005954229386658278 -0.007550193972233659 0.004 -0.003693869414913181 -0.008273670799582128 0 0.004017017120122379 -0.007410029902099859 0.004 0.01131578285719228 -0.005765679346692238 0.004000000000000001 0.007101702626808539 -0.008315025439259003 0 -0.001297552411990154 -0.007326917122131651 0.004 0.001427640976005411 -0.007017802347099538 0.004 0.001786823341474264 -0.008082249181407219 0 -0.001718060503375069 -0.006736997831943921 0.00209551022484175 -0.005844075420071226 -0.00953013915215699 0.004 -0.00347887250674293 -0.007668352573401632 0.004 0.003599825035678149 -0.008660989136823536 0 0.002570779314310599 -0.007780998868322124 0.001973549709639984 -0.005638626537937845 -0.009258373981115006 1.093891540707576e-19 0.009741189248245439 -0.005969408448745018 0 -0.001876160663176842 -0.00667086947233247 0 0.004793063019787433 -0.006297574207396685 0.004 0.009315529304383919 -0.005027062531340409 0.001951374835474602 -0.004551691863380576 -0.008671680663258328 0.004 -0.007464872704114356 -0.01027451582856187 0.004 -0.007464872704114357 -0.01027451582856187 2.187783081415151e-19 0.01131578285719228 -0.005765679346692238 2.3271405113247e-19 0.002712949935064764 -0.007092868132056201 0.004000000000000001 0.0004625158346044454 -0.007071259844964254 0.004000000000000001 0.0002866718116143509 -0.006407752852548014 0.001938796420989476 -3.081872625008067e-05 -0.007469420884385734 0 -0.004024489284501446 -0.007033530606198506 0.001949352431536257 -0.002437133049767507 -0.006825125562429151 0.004000000000000001 0.005245642427242007 -0.007628188787039201 0 -0.00103653472098857 -0.009698638513242114 0.05065802788073542 0.005526412864616055 -0.006579590947215145 0.001929868246032638 0.007386545180179673 -0.006030647820659328 0.004 0.003535019772752121 -0.005983881534573572 0.004000000000000001 0.0117333922852701 -0.004859784509622214 0.002096101827928141 0.01036898574274637 -0.00430146384895022 0.004 -0.007174199545439785 -0.008479843375238742 0.004 -0.008249169434068148 -0.009656148489332368 0.00197057981404575 0.008647055034883638 -0.004521430086126018 0.004 -0.008980256121069115 -0.008980256121069194 0.004000000000000001 0.01207841775694845 -0.003924515828561824 0.004 0.0004359448717658629 -0.007828483005338359 0.05079022516302557 -0.0003595354833538476 -0.006639223760734046 0.004 0.00209140100086823 -0.005909742309075184 0.004000000000000001 -0.005290724849675653 -0.007176083906588884 0 0.006788437780705783 -0.006376161888002283 0 0.005960937938839907 -0.005924973962774048 0.004 0.003353935913441966 -0.006850036153869763 0 0.008296265545183529 -0.005201141838088874 0 -0.003729286142510759 -0.005937776886962121 0 -0.005778162996174575 -0.008112453303582975 0.004000000000000001 -0.001361736118330068 -0.006106232616924829 0.004 -0.007095157575503156 -0.00820106689079707 2.226027407480897e-19 0.0101026059278483 -0.004184636390625585 0 0.002828446312448324 -0.005650142134536973 0.002000736687756348 0.009441683328249679 -0.003243808220662411 0.004000000000000001 -0.009656360819967548 -0.008248920881824225 0.002043680867485834 0.01014324285923977 -0.002979722249385771 0.001932559804923154 -0.008980256121069114 -0.008980256121069192 1.093891540707576e-19 -0.01173379199610332 -0.004858819341381375 0.001907271826295846 -0.01207841775694844 -0.00392451582856188 2.330220693222532e-19 -0.01059069295762192 -0.004382357242758642 0 -0.01131578285719225 -0.005765679346692293 0 -0.0102745158285618 -0.007464872704114448 0.004 -0.008375558127029881 -0.007180773323908526 0.004 -0.0102745158285618 -0.007464872704114448 0 -0.008412013316911349 -0.007127355949155569 2.179189690027593e-19 -0.01084120938676304 -0.006614996525498783 0.002032332857939685 -0.009635293619957819 -0.005708843877369553 0 0.01207841775694845 -0.003924515828561824 0 0.01254364192555825 -0.001986717706010924 6.817744730800068e-20 0.01235975298747975 -0.002920018165780042 0.001879569879654757 0.01114329037015214 -0.00266136127143635 0 0.0127 -2.792959617590443e-18 0.004000000000000001 0.01260561033641704 -0.001545505757483887 0.002449104837984826 0.01254364192555825 -0.001986717706010924 0.004 0.01106683635408022 -0.0008734985180194745 0.004 4.999999999916152e-05 -0.01024899959967971 0.05099999999999992 0.0007432625954926315 -0.005895222360299992 0.004 -0.004851999625675698 -0.007159717901378739 0.004 -0.005768613011964461 -0.006191206970928276 0.002247933188861645 0.005654989770267594 -0.004400281781571331 0.002008330388908757 0.007638482446012024 -0.003833656985953454 0.002143172004978728 0.004870549929590301 -0.004836152249261685 0.004 -0.002418707466216911 -0.005312955057677014 0.004 -0.007799603385519729 -0.006372109469871587 0.002005027240569496 0.010793126951668 -0.002606121068770798 0.004 -0.0003909246484006487 -0.005600333900223401 0.004 -0.01084513103172231 -0.002693852167403552 0 -0.009431169177801966 -0.005112779484066479 0.001962839575195579 0.01264524344241473 -0.001178056994405265 0.001228175705165534 0.0127 -3.060751670798167e-18 0.002 -0.003722139894775241 -0.006252965782018333 0.004 -0.01234910322431594 -0.002964734314435229 0.002098876209137603 -0.01018307592280765 -0.00413296462593375 0.004 -0.01207841775694844 -0.00392451582856188 0.004000000000000001 -0.01131578285719225 -0.005765679346692294 0.004000000000000001 0.008000000000000002 -0.003 0.01 0.006000000000000001 -0.003000000000000001 0.01 0.006546081470889887 -0.001546081470889887 0.01 0.006546081470889888 -0.003 0.008546081470889888 0.008000000000000002 -0.0009999999999999998 0.01 0.008 -0.001546081470889887 0.008546081470889887 0.006515360490296629 2.423310116950491e-07 0.01 0.01015761033723211 -0.0007831953429743368 0.002001296665853799 -0.0009440613429363496 -0.0081807026298265 0.05146401708491885 0.001538784744976376 -0.006166031962158815 0 0.004951518225931097 -0.005658783897612357 0 0.006858017733501505 -0.004656334266077159 0.004 0.006514077914538176 -0.004425843028608577 0 -0.003101564705300436 -0.005054389003965698 0.001941919316771937 -0.0009702703622811252 -0.004565150403562526 0.004000000000000001 0.008087254166188851 -0.003200072975450405 0 0.003031222581911714 -0.004583568882517109 0.004 0.008000000000000002 -0.003 0.004000000000000001 -0.01025380106066468 -0.002047338076879473 0.001953929533675465 -0.009351418127156773 -0.005713819661951903 0.004 0.01104504857024831 -0.0009753584739006642 0 0.01104265591001615 0.0008743583588732347 0.004 -0.01254364192555824 -0.001986717706010986 2.188178713673348e-19 -0.01063284743971848 -0.002552720818815845 0.004000000000000001 0.005 -0.003 0.008230303748291071 0.008 2.423310116948091e-07 0.008515360490296628 0.005258835656072147 7.269930350859718e-07 0.007258835656072149 -0.005532227116769197 -0.005197411408346885 0 0.0127 -3.060751670798167e-18 0 0.004999999999999999 -0.001228849762220898 0.01 0.008000000000000002 -0.003 0.008000000000000002 0.008000000000000002 0.001 0.01 0.004 -0.003 0.01 -0.0127 -4.92607383684684e-17 1.094089356836674e-19 -0.01266085013841074 0.0009964305157434468 0.002020740202179697 -0.01104133687344219 0.0008106793268700916 0 -0.01254364192555825 0.001986717706010889 0 0.001690364788259635 -0.004771637202192215 0.004 0.00125 -0.009000000000000001 0.05199999999999992 -0.0002232023313142118 -0.004292360621656943 0.001974268213169126 -0.0003161901928291325 -0.005443228554468081 0 -0.00506564235624347 -0.005665163913392097 0.004000000000000001 -0.006468848526305589 -0.006720885425882065 0.004 -0.00678445192331062 -0.006389815558291906 1.08564832997319e-19 -0.002167847068419544 -0.004699470346379651 0 0.008278424688650581 -0.001871199457305745 0.002030373558598343 0.009490506909605964 -0.001787452439566953 0.004 -0.009078839522288771 -0.003818894993765936 0 -0.008499257989006937 -0.003274257235199269 0.001995645419523183 -0.008223074448081706 -0.005496829270329424 1.113013703740449e-19 0.009595492695003125 -0.002084502447358545 0 0.01260561033641716 0.00154550575748295 0.002449104837984003 -0.01254364192555824 -0.001986717706010986 0.004 0.008 -0.001228849762220898 0.006999999999999999 0.008 0.001546081470889886 0.008546081470889887 0.003453918529110113 -0.001546081470889888 0.01 -0.01234347181005533 0.00298809365220861 0.001970734802745214 -0.01041916294410468 8.69388736020673e-05 0.00200878910562798 0.001716989290708352 -0.004036286253488531 0.002175460085451207 0.01254364192555825 0.001986717706010935 0.004000000000000001 -0.012658941535339 -0.001020391691885623 0.001970936167903868 0.006546081470889887 0.001546081470889887 0.01 0.008 0.003 0.01 -0.0110933022639739 -0.0008417669696989564 0 -0.0008537274372165633 -0.009913044064075576 0.05197593574837364 0.001245527355678952 -0.004192701581301923 0 0.003093393965260513 -0.004919021569130008 1.070248183439851e-19 0.006000000000000001 -0.003 0.004000000000000001 -0.004020972743745344 -0.003966376553583938 0 0.003621006050886999 -0.003607481646523324 0.001927987728053466 -0.002220559204189575 -0.003437459612610714 0.004000000000000001 -0.003800406167957954 -0.004690796368516531 0.004 0.00622187970712012 -0.002466941942717345 0 0.006546081470889887 -0.001546081470889887 0.004000000000000001 -0.007631419042824129 -0.005393653993129823 0.004 0.0005716553903448496 -0.004319307056000659 0.004 -0.009337676574855748 -0.001644136820347523 2.230203916684358e-19 0.0104662152301338 0.001673755328726312 0.00205679456881876 0.009687023822465685 -4.754414946552087e-20 0.004 -0.008486446953760905 -0.004047267115691902 0.004 -0.009222127096695917 -0.003000088215957035 0.004 0.006515360490296628 -0.003 0.007000242331011695 0.005 0.001230303748291071 0.01 0.01087697936430097 0.000898039365611985 0 -0.00600399373646961 -0.004267710035738893 0.001955730165729064 0.003453918529110115 -0.003 0.008546081470889888 -0.01012288785181658 0.002372924140460541 0 -0.007204773857939976 -0.004439235973064152 1.107805746871184e-19 0.01079723333698781 0.002602058288846709 0.004000000000000001 -0.0127 -4.924979027570742e-17 0.004 0.006546081470889887 0.003 0.008546081470889887 0.004999999999999999 -0.003 0.005771150237779103 0.003484639509703371 2.423310116945692e-07 0.01 0.008 -0.003 0.006 0.002 -0.003 0.01 0.008 0.003 0.008 0.006000000000000001 0.003 0.01 -0.01081021059227703 -0.0008231683859704397 0.004 -0.01254364192555825 0.001986717706010889 0.004000000000000001 -0.01099429591356334 0.002802307577822381 0.004 -0.01207841775694846 0.003924515828561785 0.004 -0.01068678268939973 0.001130267573063784 0.004000000000000001 0.002 -0.003 0.008 0.002000000000000001 -0.001546081470889887 0.008546081470889888 0.002 -0.001 0.01 0.008 -0.001546081470889887 0.005453918529110113 0.006546081470889887 -0.003 0.005453918529110115 -0.01025339254644114 0.00414187039811907 0.004000000000000001 -0.01173327006289339 0.004860079591036523 0.002094572303240683 0.000182353574518441 -0.007763372661688113 0.05299999999999994 -0.006281624783198379 -0.005077445000661087 0.004 0.004661251842722057 -0.003689073511734738 0 0.004000000000000001 -0.003 0.004000000000000001 0.005903129582273101 -0.001593324539512084 0.001943851253666955 -0.00245953754895715 -0.002728064936183835 0 -0.002199404149128636 -0.002541714099749934 0.002075425784147609 0.002 -0.003 0.004 0.008 -0.001 0.004 -0.0002121820551797833 -0.003018937582288115 0.004 0.009345536675348626 -0.0001669791721010572 0 0.0126422815950797 0.001209427993188994 0.001278200763266523 -0.008865568195984268 -0.001529839364059574 0.004 0.008 0.00123030374829107 0.006999999999999999 -0.01207841775694846 0.003924515828561785 0 -0.009489287922857321 0.0003019576795332881 1.054183868540978e-19 -0.0006066267997836569 -0.003460877080249905 0 0.01236004490355309 0.002918782277277867 0.001877879162718239 0.003891168558432007 -0.0007813012945979008 0.005891168558432006 0.003453918529110114 0.001546081470889886 0.01 0.006515360490296628 0.003 0.006999757668988305 0.005 0.003000000000000001 0.008228849762220899 0.003484639509703371 -0.003 0.007000242331011697 -0.01131578285719229 0.005765679346692206 0.004000000000000001 -0.009331359429348126 0.004657561524708495 0.002037200382895394 -0.007677669736099901 -0.002394125780241161 1.043169021566411e-19 0.01254364192555825 0.001986717706010934 1.0424323419568e-19 0.01207841775694845 0.003924515828561835 0.004 0.004 0.003 0.01 0.002 0.001546081470889886 0.008546081470889888 0.002 0.003 0.01 0.002 0.001 0.01 0.003453918529110115 0.003000000000000001 0.008546081470889888 0.002 2.423310116948091e-07 0.008515360490296628 0.0001868516509604469 -0.01023595568712368 0.05245986028267544 -0.005152884488989333 -0.004176261906294856 0.004 -0.004232415882629043 -0.00304818221669523 0.001933504878646588 0.007776044423742056 -0.001287132335902999 0 -0.00367368674829292 -0.003257107621785631 0.004 -0.008409018538782826 -0.00128504449177569 0.001744616576888033 0.009487214578771703 0.001787232628068878 0.004 0.008525152832842149 0.0006726299045360239 0.001899587484503976 0.008 2.423310116943929e-07 0.005484639509703371 -0.005874096702326545 -0.003233285004035979 1.073310817249256e-19 -0.01010260592784831 0.004184636390625554 0 -0.008711315800170144 0.002258100735752356 0.00199074132417066 0.002 -0.001228849762220898 0.006999999999999999 -0.009409244649469121 0.002828166383356376 0.004000000000000001 0.0009549325090820474 -0.002222729614394575 1.092579002623655e-19 0.005 -0.001228849762220898 0.004000000000000001 0.006515360490296629 2.423310116950491e-07 0.004000000000000001 0.01063716591387965 0.00265800185086037 0 0.01174343468255582 0.00483546707739232 0.002030953675594357 0.003453918529110113 -0.003 0.005453918529110113 0.008 0.003 0.006 0.002 -0.003 0.006 -0.0001492578289906352 -0.002099409089544407 0.001970285166770805 -0.007915200642843597 -0.0004244732500368732 0 0.01033990191537022 0.004311004748865842 0.004 0.002 0.003 0.008 -0.01131578285719229 0.005765679346692205 0 0.01207841775694845 0.003924515828561835 0 -0.00662750236592654 -0.002199490621099385 0.001879206246724373 -0.008193084491907419 0.001472234819050908 0 -0.007461990232180816 0.0004988263429453373 0.001899048831016454 0.002 -0.001546081470889887 0.005453918529110113 -0.001150101825842198 -0.008510341149171752 0.05320509003126881 0.002807079396146346 -0.002954571284680353 0 -0.004312659134892772 -0.001994976506714967 0 0.002042217147807493 -0.001990078315163557 0.001968215355635488 0.00436790574429101 -0.001720498844245304 0 0.006106204222722876 0.0005518128419504194 0.001921201513843383 -0.007942696971208285 -0.002737649155284105 0.004 -0.00675495674945743 -0.003671858079651052 0.004 0.009445652887728861 0.00324969765246265 0.004 0.009701750529037411 0.003941308943787111 0.001965486542183002 0.008990483100771024 0.001885854282802327 0 0.008 0.001 0.004 -0.009432423303001466 2.927345865710862e-17 0.004 0.008000000000000002 0.001546081470889886 0.005453918529110115 0.006546081470889887 0.003 0.005453918529110114 0.004017820846692748 0.001212110590925018 0.006215936743018094 -0.0108410539045736 0.006615251335975786 0.001970734802745064 -0.009351417453264439 0.00571381910822489 0.004 -0.008485265919587141 0.004024941433500776 0.004 -0.001192997869521677 -0.001361101705160217 0.004000000000000001 -0.006148001446563208 -0.001245125272356726 0 0.01131578285719227 0.005765679346692249 0.004 0.003484639509703371 0.003 0.006999757668988305 0.0104777050359958 0.004408122017552448 0 -0.006454487088672296 0.0007057544235788986 0 -0.008644421125599501 0.001359432485631063 0.004 0.005923038245147552 -0.0004818587663197849 0 0.0005071504318331783 -0.001585691300122193 0.004000000000000001 0.01131578285719227 0.005765679346692249 0 0.003453918529110113 -0.001546081470889888 0.004 0.00125 -0.009000000000000001 0.05399999999999991 -0.005000000000000012 -0.0025 0.004000000000000001 0.003907637187315392 -0.0007802659372071566 0.001961529391000666 -0.0008981180635368026 -0.001489733120692417 0 -0.003232233047033635 -0.001767766952966372 0.004 0.008000000000000002 0.003000000000000001 0.004000000000000001 0.006546081470889887 0.001546081470889886 0.004 -0.008460993964997389 0.003457330527902763 0 -0.001673852332112643 -0.000511570278798577 0.001965427787189084 0.01082789051976909 0.006636775338362354 0.002043680867485894 0.002 0.00123030374829107 0.007 -0.008995350930985465 0.005617654938308858 0 -0.006731268720220314 0.002658360354455078 0 -0.00793567179255141 0.002716855457479693 0.004000000000000001 0.005 0.003000000000000001 0.00576969625170893 0.0003986137681184451 -0.0001448997605983709 0.004 -0.003889409968094378 -0.0009250752934051338 0.001901975655732925 -0.005252256069420244 0.000694994859912904 0.001883134401201958 -0.01027451582856186 0.00746487270411437 0.004 -0.004604344318584677 -2.357801779837816e-05 0 -0.002751224487884479 -0.0007566642602845322 0 -0.006767766952966358 0.001767766952966379 0.004 -0.006089346389345975 0.002847325487514026 0.002084388797648027 0.0001044226063464505 -0.01024563073151067 0.05382751907548877 -0.0008686891056911161 -0.009898821026486124 0.05332216433676013 0.002 -0.001 0.004 0.007438824303055916 0.0007510335178896045 0 -0.00676776695296638 -0.001767766952966358 0.004 -0.007500000000000001 1.790999862819479e-17 0.004000000000000001 0.005 0.00123030374829107 0.004000000000000001 0.002 2.423310116945898e-07 0.005484639509703372 -0.007413202627557361 0.005719281438511897 0.001942244878158713 -0.007631221504070047 0.00538993223407175 0.004000000000000001 0.0006632965468421411 -0.0002513954826162113 0 0.003484639509703371 2.423310116950235e-07 0.004000000000000001 0.009439886706168492 0.005982506958391747 0.004 0.008603914607514574 0.004548192596531823 0.004 0.002 0.003 0.006000000000000001 0.008796718126203015 0.003971906207179062 0 0.001081629674891543 -0.0001460781998593129 0.00203505222269416 0.009560440525755616 0.00572050685446872 0 -0.009657155763120548 0.008247990213793155 0.002020740202179678 -0.0009838543939978076 0.0002417583619407961 0.004000000000000001 -0.006754954252494925 0.003671854840591062 0.004 -0.01027451582856186 0.007464872704114369 0 0.002516276834881486 -0.0009843040235187988 2.259361833949658e-19 0.004076255363319928 0.0002529102214118496 0 0.007461182401304582 0.003849341686515435 0.001995554469053406 0.007172159963079719 0.002726134784965945 0 -0.002500000000000001 -5.617972831550668e-19 0.004000000000000001 0.002 0.001546081470889886 0.005453918529110115 0.01027451582856183 0.007464872704114417 0.004000000000000001 0.00852032263435328 0.006352435431936367 0.002037570833058883 -0.004896028956602898 0.001947819781714786 0 0.005639347308843195 0.001492063548436608 1.103178055240849e-19 0.006 0.003 0.004 -0.00611920753821032 -0.0004756006456459495 0.004 0.01027451582856183 0.007464872704114415 0 -0.00837555795422947 0.007180772997087076 0.004 -0.003042907674136302 0.001214731651754266 0 -0.004999999999999991 0.0025 0.004 -0.001189791656039339 0.0004816502826441212 0 -0.008546827629737686 0.007394092808158609 0 -0.008980256121069185 0.008980256121069122 0.004 -0.003956294358041334 0.00236646353070003 0.001978042333748765 -0.008980256121069185 0.008980256121069122 0 -0.00527831611667015 0.0006719145434920991 0.004 -0.003872300318503426 0.0004550987981506595 0.004 -0.0008186741359979341 -0.008055398147869678 0.05462362989978109 -0.001058514331481756 -0.009664866460311942 0.05460136841638046 -0.004623813630384399 -0.0009081942355058905 0.004 0.003453918529110113 0.003 0.005453918529110113 -0.006972701448942208 0.004606535334141952 0 0.008051169973121516 0.005672895680560095 0 -0.005187714403819839 0.003919218629994116 0 0.003366573844211314 0.001145330679361499 0.001669158596466186 0.003453918529110114 0.001546081470889886 0.004 0.002 0.001 0.004000000000000001 -0.0007665322501756124 0.001551543249003294 0.001891518036676101 -0.005156019093989056 0.00417877725777447 0.004 -0.006281923855911822 0.005077321289761506 0.004 -0.007174199545439845 0.008479843375238725 0.004 -0.008229993436400315 0.009672497507717839 0.001968332081482616 0.009657867234033666 0.008247157115623472 0.001973811528441626 -0.003232233047033628 0.001767766952966366 0.004 0.0005676044406576048 -0.007886301118369169 0.05484319152060842 4.999999999567814e-05 -0.01024899959967985 0.0549999999999999 0.004924410398542984 0.002393560706072266 0.001987308911402399 0.006869622112928136 0.004662829320307589 0.004000000000000001 -0.007219510157645788 0.006481204880080054 0 -0.006649079288635323 0.007669515461386745 0.001997580665686204 -0.006468848377995627 0.006720885169374028 0.004000000000000001 -0.005467114899364354 0.004943633716688227 0.001980617215220601 0.008577290274985499 0.007341980704085762 0.004 0.007521611966989823 0.006382200752869248 0.004 0.002 0.003 0.004 0.004 0.003 0.004 0.0004460220249038353 0.001548370347270745 0.004 0.008467274135173597 0.007176489040614922 0 -0.001436489046513808 0.001635933228064882 0.004 -0.005917961301971543 0.002325370303431845 0.005406175785879546 -0.003725473123266449 0.003277190675274736 0.004 -0.007264505110426121 0.008426475397220629 0 -0.004043291419087269 0.002309698831278214 0.005558492243351177 -0.003334590059467219 0.003186126552577039 0 -0.007464872704114444 0.01027451582856181 0.004 -0.007464872704114444 0.01027451582856181 0 0.008980256121069147 0.008980256121069162 0.004000000000000001 0.008980256121069145 0.008980256121069161 1.161946476417809e-19 0.002224741628121283 0.0009869030824782199 2.179606364833534e-19 -0.005956708580912738 -0.002309698831278211 0.005646104307618218 -0.004076410026084547 -0.002323140452078361 0.005560665933930595 -0.007307027481942474 -0.0009631324922159801 0.005585389375112043 0.006818217270034402 0.004645498575991533 0 -0.007328137091227183 0.0009109213382352123 0.005441180912468035 -0.002880942412794366 -0.001326497245419769 0.005421766668205799 -0.005375213347851372 0.005853799847638456 2.205805242680854e-19 0.005347661681748748 0.003463462693265228 0 0.003786222418635049 0.002225156331640159 0 0.001509813839789571 0.001888382318963092 0.001963214882495733 -0.004973875667063923 -0.0001275883860582687 0.006340476531731676 0.0003716492657527268 0.001719954415248327 0 -0.002880586742152832 0.001325928897966122 0.005421151612513429 0.007228246912106038 0.007911812761366958 0.001933523366740206 -0.002041199909980343 0.00321901483015809 0.001872319962621949 0.005405231237993319 0.004494375206009043 0.001893996460792673 0.005973888703137262 0.006054516726876324 0.004 -0.006635874196047202 0.01082844280837438 0.002043045744748606 -0.005857749561445244 0.009558978504622282 0 -0.001249990790574419 -0.009004798278768511 0.05558442537249283 0.00125 -0.009000000000000001 0.0559999999999999 -0.001481466566239199 0.002453035571672564 0 -0.0025 -4.319335097783595e-19 0.006000000000000007 0.006613199808440958 0.006850077724546243 0 0.003052917341480078 0.003259463829305336 0.001793506419142604 -0.0002121820551797804 0.003018937582288103 0.004000000000000001 -0.005065642238512585 0.00566516383071868 0.004 -0.005782829097645188 0.008096122093641453 0.004000000000000001 -0.003785486068859852 0.00470029766620133 0.004000000000000001 -0.003626275460930119 0.005157525343437048 0 0.004881379726396511 0.004845375745605926 0.004 0.005488630452701553 0.006870346932349652 0.001965565588392951 -0.00585345116883249 0.009514930525009437 0.004000000000000001 0.008247613055186145 0.009657477874265264 0.002093176687287882 0.007335043238533069 0.008337945990636732 0.004 0.007481927166138349 0.008467759630945227 0 -0.005485773503910938 0.007816111820868278 0 -0.00225534365804561 0.003476721258739966 0.004 0.0074648727041144 0.01027451582856184 1.091018622347105e-19 0.007464872704114401 0.01027451582856184 0.004000000000000001 -0.0003578386851310586 -0.007802314116546551 0.05639716617571222 -0.0008537274372175022 -0.009913044064074696 0.05597593574837451 0.001933096262887792 0.002958250790616648 0 -0.004851999625675735 0.007159717901378803 0.004000000000000001 0.0007010470049003125 0.004363224665228324 0.001897688950965603 7.997177399536565e-05 0.003691343056498716 0 -0.004958876514264351 0.002499661748901429 0.007161955510214874 -0.006746514902405845 0.001788766529112813 0.006669600623710914 -0.003449744443649661 0.005969297335109094 0.002012686697659254 -0.003099999999999998 0.00162480768092719 0.007000000000000009 0.00585163812566174 0.007747432973254765 0.004 -0.005765679346692278 0.01131578285719225 0.004 -0.005765679346692278 0.01131578285719225 0 -0.00309396692154604 -0.001617726152301224 0.007015125969176511 -0.001773151167254067 0.004424433332417629 0 0.005884033061893632 0.009057459439933959 0 0.00567326264023151 0.00951291371552351 0.004 -0.006709427415740632 -0.001824241735712212 0.007252148258979318 -0.004933328206203059 -0.002499110816252832 0.007271532184181281 -0.007493335450306509 0.0001824234969647227 0.007330532131847992 0.004996092334680623 0.005442373212617733 0 0.003033027548046082 0.004585106131907811 0.004 -0.004309666211029481 0.007803403745110108 0.001986812733797876 0.003494536708573857 0.004196555578584734 0 0.004751641391838327 0.006272098139666775 0.004 -0.004348275849386786 0.0101819401432082 0.004 -0.004401095134456092 0.01049782666745621 0 -0.000972383120654307 0.004567535100241907 0.004000000000000001 -0.002422370318405449 0.005321479664425933 0.004 0.006635736278779225 0.01082852732547198 0.001965404424422678 -0.005402178381794292 9.709091119456152e-05 0.008463291964262669 0.000571655390344858 0.004319307056000646 0.004 -0.004837618592190026 0.01174254854605666 0.002032217276115771 0.000186234916726695 -0.01023604876756211 0.0564569671766559 0.001690364788259639 0.004771637202192208 0.004 -0.003801782829198604 0.007057743233792145 0 -0.0025 -4.324182410045541e-19 0.008000000000000012 0.003929783649052887 0.008288683292639714 0.001945401715810498 0.002599853726669175 0.005274180478575778 0.001953143731674849 -0.001553523775221949 0.005256316090664009 0.002003404837746595 -0.003722139894775286 0.006252965782018382 0.004000000000000001 -0.003704701063970385 0.009881733558823045 0.00195497213472738 -0.004565646770282238 0.00860523349720627 0.004 -0.004002298389442029 0.008864009772254289 0 0.00353501977275212 0.005983881534573565 0.004 0.003998381605763886 0.0073598697900011 0.004 0.005765679346692232 0.01131578285719228 1.161946505970147e-19 0.005765679346692233 0.01131578285719228 0.004000000000000001 -0.006498864314778877 0.002000851260309583 0.008456273493441507 -0.003924515828561863 0.01207841775694844 0.004 -0.003924515828561863 0.01207841775694844 0 -0.00123667708922194 -0.008817984129830527 0.05663330031512213 0.001641411928757533 0.004929648213933891 0 0.004625087277107424 0.007526717993960211 0 -0.002064836609289624 0.00639583217385238 0 -0.003096274970492909 0.001620441610187861 0.008990670957023165 -0.003478872506742955 0.007668352573401679 0.004 -0.004339254787610569 -0.002411102603437781 0.008661416605819061 -0.0002112542738604455 0.005662624135968953 0 0.004276273511787618 0.009671189263454304 0 0.004860644955846164 0.01173303586516325 0.002093176740524642 -0.004856000017279043 0.002495849355425195 0.009016249009235533 0.0007422002197394892 0.00589535631048042 0.004000000000000001 -0.0003909246484006783 0.005600333900223364 0.004 -0.002270438562923156 0.008371534422567526 0 -0.007425074114421706 0.0006074664925424115 0.009085930690598272 -0.00646316316664536 0.002027104720475073 0.009981666133805703 0.00012396213715703 -0.007756161831848107 0.05779912625302107 -0.006045096576403343 -0.002271073126517508 0.009151972927044462 -0.007318131068242422 -0.0009360920630201094 0.008507196494055125 0.003202851294028043 0.006167954385549313 0 0.002091401000868227 0.005909742309075178 0.004000000000000001 -0.002004132228721555 0.007386673564659874 0.001939671773284786 -0.003092934105720295 -0.001616508482772408 0.008972410340603532 0.003995670948048834 0.008753842108917151 0.004 -0.002437133049767537 0.006825125562429184 0.004 -0.003184605131886997 0.009037838875618482 0.004 -0.002585586436651157 0.01043225241532694 0 -0.001361736118330108 0.006106232616924842 0.004 0.003659484948906913 0.01022429990239925 0.004 -0.002964756120970135 0.01234909798905046 0.001905427696759335 -0.002803650856630475 0.01056895579946136 0.004 -0.005020491546258421 -1.984194706142229e-05 0.01060359830422662 0.003924515828561817 0.01207841775694845 1.161946505970147e-19 -0.0008671446384349139 -0.009900311155120042 0.05706850938275719 0.00125 -0.009000000000000001 0.0579999999999999 0.0002861769593665152 0.006407924208456689 0.002190040308838532 -0.0025 -4.350458151123306e-19 0.01000000000000002 0.003020694025121006 0.00806788342569317 0.004 0.002665540622049684 0.007089854015163796 0.004000000000000001 0.002021918551764788 0.007398006386530142 0.002039387828598518 -0.004511236687168779 -0.002451756599670989 0.01015721750413772 0.003924515828561817 0.01207841775694845 0.004 -0.00726240659502691 -0.001063727596134809 0.01009672073169501 -0.004373405178995369 0.002420202249872968 0.01063162829174455 0.002441246777603853 0.01036172715775799 2.234495245035915e-19 -0.0005006483360748828 0.007633441342238389 1.080783224461949e-19 -0.001986717706010959 0.01254364192555824 0.004 -0.00198671770601096 0.01254364192555824 2.256246958051366e-19 0.001986717706010913 0.01254364192555825 1.134470855161114e-19 0.0009978131075824572 0.01266074125011394 0.002043681008226512 -2.465870242207463e-17 0.0127 1.128123479025683e-19 0.0006283299266302902 0.01083836397237982 0 0.002966600118991016 0.01234865513867816 0.001973811569425207 0.001349726766703001 0.006901046696872715 2.161566448923897e-19 0.002843189972629129 0.008174793039823028 0 0.002189304768432665 0.009476216824939763 0.001996248010680442 0.002567239290023057 0.009039202776626379 0.004000000000000001 -0.001569792364027327 0.009523188616219291 0.001947108642235381 -0.002232733575629731 0.008057916660734273 0.004 -0.001987530677661044 0.00937276790520815 0.004000000000000001 -0.0003597125459793904 0.006639246085764113 0.004 -0.007413719487900237 0.0006511207520349973 0.01104527044907803 -0.006421304294333563 0.002056670635495381 0.01199775090217976 -0.003076380726062053 0.00159677452664252 0.01100000000000002 -0.001451772332063018 0.01057189609543477 0.004 -0.0009464584982842713 0.01122704525446185 1.080862423028173e-19 0.0003193515521311511 0.01039917056986812 0.002012654390580978 -0.001020602083464197 0.01265892457467176 0.00203224659190719 0.001986717706010913 0.01254364192555825 0.004000000000000001 0.00209538393927155 0.01096956341540413 0.004 -0.001051820056995581 -0.008324593035495034 0.05810422364947453 0.000103246982610239 -0.01024572872672259 0.05782722033851845 -0.0009187937635524153 0.007847869062013443 0.002738897269650578 0.001417229693624678 0.007019115058867807 0.004 -0.003093499988860117 -0.001617175843105389 0.01101630027539636 -0.001297552411990175 0.007326917122131666 0.004 -0.0007883182753895046 0.009620967959044227 1.080862423028173e-19 -0.006076903348731911 -0.002256164705310762 0.01110922646038715 0.0004601856904525584 0.007071553642360005 0.004 -0.00457114688960377 0.002462942348026742 0.01242361934591263 0.0001543622523234141 0.008323694783669669 0.001946965970782046 -0.0006086496168082473 0.01156678473319383 0.004 -2.4635834466398e-17 0.0127 0.004 0.0006015886455569311 0.01124333781994028 0.004000000000000001 0.0001868715336084481 -0.007764047318896542 0.0589999999999999 -0.0025 -4.323427330647044e-19 0.01200000000000002 0.001738014215504717 0.00983698353331375 0.004 0.001876637659719568 0.008096648437757422 0.004 -0.004478992634234833 -0.002445107630518223 0.0120004503275801 -0.007278014249741157 -0.001029879156977281 0.01200494286820881 -0.007403125692330138 0.0006891929387789716 0.01301446565877452 -0.00500270172681516 -1.280712768444312e-06 0.01352228538721958 0.0009884537200033525 0.008863956988384086 1.080783224461949e-19 -0.003096854090740574 0.001621121725247402 0.01300787651465562 -0.0008088282457919171 -0.00995304610004405 0.05823944925076069 -0.003100000000000106 -0.001624807680927315 0.01300000000000003 0.00125 0.009000000000000003 0.004000000000000001 -0.00112621108487802 0.009542354673896957 0.004 -0.006136191025305392 -0.002226896933855603 0.01301873472290209 -0.0002781511674453988 0.007781340109772723 0.004000000000000001 -0.006384497772698032 0.002081625787069854 0.01396770171557098 0.0007793622523234193 0.009977289353085039 0.004000000000000001 5.000000000191815e-05 -0.0102489995996796 0.0589999999999999 -0.00110438395865603 -0.008414477949293767 0.05919653950222661 -2.254867815861462e-19 0.009000000000000005 0.004000000000000001 0.0007793622523234141 0.008022710646914961 0.004 -0.001126211084878028 0.008457645326103064 0.004000000000000001 -0.004552306328503261 0.002459587440304119 0.01400009435573997 -0.0002781511674453876 0.01021865989022728 0.004000000000000001 -0.001012044817959923 -0.009733665650307052 0.05937003719595269 0.00125 -0.009000000000000001 0.05999999999999989 -0.0025 -4.319335097783833e-19 0.01400000000000003 -0.004565907418317109 -0.002462024295275715 0.01401794714497958 -0.007294062998467975 -0.0009936171088805405 0.01402890242662271 -0.007392166698212681 0.0007263184480393248 0.0149840069890752 -0.005537118543817224 -1.071000685992391e-05 0.01551834071899377 -0.003099999999999815 0.001624807680926976 0.01500000000000004 -0.003092740519059185 -0.001616280072376496 0.0150182114124376 -0.006209328361712863 -0.002188041341829922 0.01498918693353325 -0.006404107612422099 0.002068449132257864 0.01594042483402368 0.0002239706414392027 -0.007770228821376388 0.06027987394353444 -4.839529076691698e-05 -0.01024906280700035 0.06011455642609913 0.0002781511674453885 0.007781340109772722 0.004931193901068183 -0.000759037814904801 0.008006842612903402 0.004868676817289476 -0.00124988888213519 0.009016666802778135 0.004970257848458066 -0.000774557324216363 0.009981101906787868 0.005132944212026537 -0.004599670293593597 0.002467739071735212 0.01632281310211189 0.0002781511674453968 0.01021865989022728 0.004931193901068168 -0.001098655725389838 -0.009596200970368323 0.06040903002244299 -2.182961635983091e-05 0.008975160887711095 0.0052626329609087 -0.0025 -4.32334181329121e-19 0.01600000000000004 -0.004577064354900212 -0.002463965389388419 0.01597852303157122 -0.007309003275053753 -0.0009583860786713491 0.01600027608344919 -0.007381624904043751 0.0007601728858875437 0.01695293845488711 -0.004994684376293346 -9.516525323358281e-06 0.01751225417822172 -0.00309691970607986 0.001621198752433776 0.01699228800891208 -0.0008669161221252552 -0.008099468802761777 0.06078976302503716 0.0001204926363469455 -0.01024417905648109 0.06136430156134264 -0.003092677453572882 -0.001616205650247138 0.01700004678857016 -0.006178059439644727 -0.002205034230270349 0.01701271426366471 -0.006386427967349907 0.002080340715207489 0.0179105210190479 -0.001126211084875707 0.008457645326098242 0.005591045389281983 0.0004078896410291365 -0.007818422223998301 0.06151367740001831 0.00125 0.009000000000000001 0.005999999999999999 -0.0001932111314158443 0.007765022486562203 0.006107012307691412 -0.001197233037670568 0.009359350877987109 0.005973794927059392 -0.0006365540733330256 0.01007577828186069 0.006242061376859096 -0.004593237602512626 0.002466686918113104 0.01798448052726722 -0.0012499989228076 -0.009001641030115493 0.06136668077549737 0.00125 -0.009000000000000001 0.06199999999999987 0.0005863722351011669 0.01010393278867079 0.006147693536039545 -0.0025 -4.319335097785972e-19 0.01800000000000005 -0.004524386121720251 -0.002454341345206021 0.01802517506887619 -0.007322534263892693 -0.000925113286600312 0.01796417691473919 -0.007371814980471857 0.0007902491369240985 0.01891794375135731 -0.005000882592530231 3.662385536877653e-07 0.02001314413122458 -0.003099999999998169 0.001624807680925049 0.01900000000000006 -0.001096838929311135 0.008400463209512878 0.006563567915253178 -0.0008537274372174982 -0.0099130440640747 0.06197593574837449 -0.003092740519059186 -0.001616280072376498 0.01898178858756248 -0.006211821229943635 -0.00218666168088662 0.01897532069713924 -0.004962631656677805 0.002499720705782419 0.0194104164609978 -0.001171391344935291 -0.008563717617808502 0.06232537991285603 0.0002094306156312791 -0.01023233064444422 0.06254019619429634 9.236123158612699e-05 0.007753416908946745 0.007500495141081333 0.0004709339197232968 0.01015789517800795 0.007367943009456723 -0.0009638107423103447 0.009795970384503836 0.007535916130667134 -0.006301682195241767 0.002134390653697344 0.02036862620218662 4.999999999994072e-05 -0.007751000400320321 0.06299999999999986 -0.0025 -4.415130878035638e-19 0.02000000000000005 -0.00455884909686813 -0.002460769367629956 0.01996837181137337 -0.00733454352989946 -0.0008943749252995514 0.01992341385182808 -0.004607772923146521 0.002469039878208324 0.02121629839953236 -0.0008737468055067042 -0.009893905207427963 0.06305577450042225 0.00125 0.009000000000000001 0.007999999999999997 -0.003100000000000096 -0.001624807680927304 0.02100000000000005 -0.003029480150476006 0.001538522512877837 0.02100000000000005 -0.006240697206613495 -0.002170407897493342 0.02092964904595009 -0.00736123689629445 0.0008213162116857006 0.02087868746098542 0.00125 -0.009000000000000001 0.06399999999999986 -0.001017066608341458 0.008273311955377824 0.008035611537083759 -0.0025 -4.319335097784151e-19 0.02200000000000006 -0.004594311849961247 -0.002466863823748311 0.02193553205504932 -0.00733818881345898 -0.0008848011486290563 0.02215925341295473 -0.006271321659448846 0.002152612654012847 0.02183419281918147 -0.00500475404415828 -7.323043003644144e-05 0.02250694035501056 -0.001150503894405812 -0.008511286598345146 0.0639983971670105 0.0001032297551217262 -0.01024573015443053 0.06382721602872408 0.0007440300294523158 0.01000444975746584 0.008869341440392378 -0.003099999999999571 0.00162480768092669 0.02300000000000004 0.0001866990966032995 0.007764021259354553 0.008590466447744404 -0.00313480944302106 -0.001664651370755026 0.02294868421931953 -0.006244890622353036 -0.002168005382460448 0.0231315374585196 -0.007350149808352737 0.0008525232420876255 0.02284372403540757 -0.004752449979060636 0.002487713606332715 0.02347321645838085 -0.001015550001060861 -0.009728806006661091 0.06433408590715273 0.0001262716708899302 -0.007756394168102023 0.06490173718113181 -0.0007031480371334031 0.01003348093251663 0.009182718934340278 -0.0025 -4.335628926838407e-19 0.02400000000000005 -0.004601900901467456 -0.002468099898251198 0.02390489707350736 -0.007335272181521843 -0.0008924706371697675 0.0241801784493142 -0.006319602199653318 0.002123358197448119 0.02416869382349999 -0.003087546983995406 0.001610131504435253 0.02498106457824618 -0.001239793292797184 0.008840586728485001 0.009319843006992396 5.000000001302259e-05 -0.01024899959967916 0.06499999999999986 0.00125 0.009000000000000001 0.009999999999999997 -0.003137991664056219 -0.001668210105734848 0.02507913602863136 -0.00624793222905401 -0.002166256021731571 0.02512092755245247 -0.005000483595699852 6.01923988386411e-07 0.02604178238383987 -0.001018338212388954 -0.008275094981953867 0.06511266208367497 -0.0005027121452677434 0.007855543579248078 0.009881373640550882 -0.00737497539622494 0.000780699601207911 0.02540978204842638 -0.004731194871725255 0.002485506749742031 0.02543077215671713 0.000454396149900405 0.01016448449494001 0.01031290429592102 0.00125 -0.009000000000000001 0.06599999999999985 -0.0025 -4.319335097782798e-19 0.02600000000000004 -0.004582272997909245 -0.002464853778974378 0.02606993224884656 -0.006339410563016434 0.002110919075587694 0.02613122755215042 -0.003100000000000613 0.001624807680927908 0.02700000000000002 -0.000998265167906567 0.009752307553161921 0.01056463395810581 -0.000741089598289092 -0.01000662118361761 0.06546112014485972 -0.007327530709962533 -0.0009124696127440681 0.02626458996415845 -0.003100000000001006 -0.001624807680928369 0.02700000000000002 -0.006223411857726234 -0.002180198024578237 0.02706087486633822 -0.004733484139416334 0.002485753265321672 0.02713003540373336 -0.007380224255470837 0.0007645472475055413 0.02709353348713889 -0.00124647026821381 -0.009093871563633464 0.06611266239159576 -0.001066750430265781 0.008348429958079894 0.01088470247720354 2.413482083682705e-05 -0.007750233017549603 0.06667713820537968 -0.0025 -4.335470651227838e-19 0.02800000000000003 -0.004557496066142318 -0.002460526421016543 0.02801086091485436 -0.006361868565459019 0.002096500419846035 0.02808604997240112 -0.005016547125844232 -5.878802206891679e-07 0.02854256323982088 0.0001831104270786764 0.007763484504142768 0.0111964587455168 -0.0004326979769520328 -0.01017272011185177 0.06630580876090816 -0.007321979719860509 -0.0009265042798371258 0.02804887016425375 -0.003087667018801784 0.001610274066431409 0.02898661596462047 -0.0002535875105683991 0.01022400709739925 0.01166889056233949 0.0007945232239158555 -0.009965004065617528 0.0669369675322655 0.00125 0.009000000000000001 0.01199999999999999 -0.003095597974516738 -0.001619645925915676 0.02901102807447968 -0.006203030015093144 -0.002191510616626118 0.02899884099965092 -0.004727528579206648 0.002485107507704819 0.02908387602630168 -0.001229468016769896 0.009225628889417779 0.0118864362193709 -0.007387963891607553 0.0007400192243303671 0.029036483392517 -0.001021701633594262 -0.009720156768982158 0.06745484485046228 -0.0025 -4.319335097783612e-19 0.03000000000000003 -0.004572607536790157 -0.002463196233025583 0.02952660228007428 -0.006383625880343338 0.002082205422921602 0.02958785627409868 -0.003099999999999987 0.001624807680927175 0.03100000000000002 -0.001078803629359632 -0.00836858672069675 0.06801705194877319 9.867191372352098e-05 -0.01024609945567845 0.06756778102112025 0.00125 -0.009000000000000001 0.06799999999999985 -0.0007240312689290025 0.007981040372922923 0.01215331945393095 -0.007313476891337558 -0.0009475361065664516 0.0299870848239575 -0.003100000000002546 -0.001624807680930168 0.03100000000000001 -0.006278726995112388 -0.002148221886112057 0.03051146612082272 -0.004858223042594357 0.002495976621354615 0.03086303470582834 -0.007422733433863835 0.0006167355255199421 0.03058042217675013 0.0005710453324041446 0.007888061499749454 0.01233852143885265 0.0002515044143837024 0.01022443682137769 0.01299999999999999 -0.00492534757070593 -0.0001074873903906391 0.03170954744778953 -0.0008645571947706848 -0.009902796132562746 0.06868607075848439 0.0008297957095516011 -0.009934847089319829 0.06836830888033624 -2.835740151253824e-05 -0.007750321698284135 0.06874248766746344 -0.001027375095968877 0.009712039614194985 0.01297358254491788 -0.0025 -5.387195599967839e-19 0.032 -0.004891827531359893 -0.002497658647018905 0.03119555830991012 -0.006689431996079363 0.001842774953873453 0.03117106288521776 -0.004076472386828732 0.00232316524330711 0.03246877082887974 0.00125 0.009000000000000001 0.01399999999999999 -0.001101013550261712 0.008408164581880994 0.01362831069992556 -0.007309234819869313 -0.0009578280360811885 0.03177322516711581 -0.002880586742154993 -0.001325928897969576 0.03257884838748527 -0.002880586742152836 0.001325928897966128 0.03257884838748658 -0.004040900912395301 -0.002308707201044739 0.032666373085497 -0.005956708580912738 -0.002309698831278211 0.03235389569238178 -0.0059240236911967 0.002322967976126065 0.03256615303679383 -0.007309698831278211 0.00095670858091274 0.03235389569238178 0.0002765272644011795 -0.01021902939753018 0.06930926548776928 -0.008004428897364585 0.003350135370500817 0.03549449019989038 -0.007249999999999986 0.003897114317029983 0.034 -0.006767766952966358 0.001767766952966379 0.034 -0.008640576474687252 0.002645033635316146 0.034 -0.009474799182055295 0.0004755757355850822 0.03534993731726821 -0.0075 1.79715993151216e-17 0.034 -0.009401664203302131 -0.0009356026086798965 0.03400000000000001 -0.009401664203302122 0.0009356026086799365 0.034 -0.009002210794857829 -0.002057257580742738 0.03547711734576173 -0.008092700863038227 -0.001376959139303067 0.034 -0.008640576474687276 -0.002645033635316111 0.034 0.00125 -0.009000000000000001 0.06999999999999987 0.0001231539817439615 0.007756081555414261 0.01351480170294229 -0.003872300318503427 0.0004550987981506596 0.03400000000000001 -0.005278316116670151 0.0006719145434920988 0.03400000000000001 -0.001130512417620936 -0.008466669264335099 0.06953532578690963 -0.004623813630384399 -0.0009081942355058904 0.034 -0.00612203625941769 0.003160057449788398 0.034 -0.008092700863038212 0.001376959139303095 0.034 -0.00801108772861488 -0.003344151714648259 0.035617524897859 -0.007361698266942926 -0.001179719243532877 0.0357161677043583 -0.002787309392969212 0.003918418083558431 0.03541695875676177 -0.003232233047033629 0.001767766952966366 0.03400000000000001 -0.003609423525312728 0.004279754323328189 0.03400000000000001 -0.001988912271385132 0.00334415171464827 0.03400000000000001 -0.001354705605072453 0.002638527766446624 0.03541061991824982 -0.0008890454406082944 0.001830314893841098 0.034 -0.006352208955238112 0.004292031097437886 0.03597502304670189 -0.005470378084704427 0.004475348529157232 0.034 -0.009110076463926026 0.00183228585670505 0.03554728079170032 -0.00676776695296638 -0.001767766952966358 0.034 -0.007250000000000023 -0.003897114317029961 0.034 -0.006122036259417719 -0.003160057449788387 0.034 -0.00547037808470446 -0.004475348529157228 0.034 -0.006390576474687287 -0.004279754323328184 0.03521591704754783 0.0002914237016520895 0.01021555428760521 0.01407354246742569 -0.0009717369236590756 0.009786274348556279 0.01414258108210453 -0.00611920753821032 -0.0004756006456459495 0.034 -0.0025 -5.870603413643717e-19 0.034 -0.004999999999999991 0.0025 0.034 -0.003232233047033636 -0.001767766952966372 0.03400000000000001 -0.00724013935685005 0.0009278961032130508 0.03586783961831443 -0.009448986257323808 -0.0006756635865161741 0.03673666531684032 -0.003036775350826685 0.001576402259506785 0.03613947042713155 -0.0007013492850538742 0.001331015413469418 0.03538840600731001 -0.004529621915295548 0.00447534852915723 0.03561752489785901 -0.004596429276271587 -0.004481866873407703 0.0359230169460412 -0.005000000000000011 -0.0025 0.034 -0.0004999999999999997 -1.102182119232618e-18 0.034 -0.003609423525312749 -0.004279754323328195 0.034 -0.001988912271385145 -0.003344151714648282 0.034 -0.00275000000000001 -0.003897114317029981 0.03561752489785944 -0.001358280817063654 -0.002643460117466015 0.03533317818201513 -0.0008890454406082987 -0.001830314893841108 0.034 -0.0006995931258488774 -0.001325330417953868 0.03538287039818853 -0.005032189681207632 0.001526466851491778 0.03684976641579247 0.0005578182978540742 0.007881367465796216 0.01443671530018041 -0.0008537274372185853 -0.009913044064073683 0.07002406425162529 -0.008922012567005278 -0.002206313083914586 0.03714345388665557 -0.001984429609195339 0.003340110060776775 0.03665965839141062 -0.005876890375132174 -0.002293075293306886 0.03598871823602549 -0.0004999999999999996 -1.196532933683426e-18 0.036 -0.004148951194422354 -0.001324608784396252 0.03690689773668216 -0.002465055227676749 -0.0003563331645481943 0.03633471879522929 -9.149159955175087e-05 -0.007753352781573128 0.07070313291258241 0.00125 0.009000000000000001 0.01599999999999999 -0.007606884085612208 0.003667990643960506 0.03705279396121992 -0.008583225652965329 0.002722222239261738 0.03661129205244004 -0.009401950845077237 0.0009342530479071497 0.03717573974745422 -0.006741746661091036 -0.0005555772218015057 0.03737285316170218 -0.0008086675035199279 0.001637904729814935 0.03711320810591594 -0.003366162604614224 0.004192919670759151 0.03729519175488005 -0.006550416582876125 -0.0042244772954228 0.03675213394207594 -0.0008333333333388213 -0.00169967317121105 0.03700000000000001 -0.00195911842350089 -0.003317082941035436 0.0366177108910847 8.850060271440551e-05 -0.01024686312132455 0.07061613193463777 -0.0002582672737201225 0.01022302821526127 0.01552587407146304 -0.000324065795609211 0.007792738073110823 0.01444637266364823 -0.007884831449665843 -0.003453657120650351 0.03810159465985657 -0.00945246461703075 -0.0006523487058998548 0.03813263164676457 -0.001773934495656427 0.003137276105427199 0.03803791682199993 -0.004984073450764533 0.004499971816026124 0.03711045693763249 -0.004802330552898453 -0.004495656435903724 0.03744332488871577 -0.006888057723487336 0.001495994462863201 0.03786183401213225 -0.001762489017713337 -0.003125463587945515 0.03847973883553481 -0.008742137926407174 0.002499280644454525 0.03802076486298719 -0.00112741572251236 -0.008460153921351712 0.07068518896547253 0.0002813056434418042 0.00778206439621473 0.01531636569056615 -0.001175992321155214 0.009423724038241842 0.01516853322196165 -0.001067503541335578 0.008349664556374174 0.01499030497807679 -0.006104743261148527 0.004362286364619697 0.03850160509076752 -0.008930792909818103 -0.002190631666922522 0.03906773480770358 -0.002966037378737178 0.0006273197510319301 0.0380323335541914 -0.004297750498215243 0.00227075990156854 0.03878846070360812 -0.005527448062987775 -0.002109197856992403 0.03861257483229903 -0.003136280378966265 -0.00409591859955418 0.03728543384998714 -0.0004999999999999997 -1.290010808529412e-18 0.03800000000000001 -0.0008301345983249094 -0.001691810430253058 0.03898556966516159 -0.009389242176597482 0.0009922464992015824 0.03899648102247164 -0.002981128106905346 0.004021710616052877 0.03901777636740884 -0.004441503039495523 0.0044652078501574 0.03891352871440934 -0.007490025312572125 9.058979895352184e-06 0.03932253479670912 0.0007204212659755416 -0.01002151514894797 0.07160620176575079 -0.0001707963472887794 0.007761723533392965 0.01611757892225829 -0.0008333333333333283 0.001699673171197583 0.039 -0.006255172293494221 -0.004321405154998136 0.03865409951144202 -0.007589865309822082 0.00368002685818734 0.03895337314542784 -0.008734636726796374 0.002510475755482151 0.03992652980519301 -0.001766534087335521 0.003129648253659966 0.04000690738426628 -0.006078337306351314 0.004368888720685274 0.03988585479586548 -0.009454984765896693 -0.0006349100216789704 0.03995832700349852 -0.003143409584547191 -0.004099155038449848 0.03900600985814981 -0.003749782593055159 -0.00218036238753189 0.039908015341613 -0.001069946048942897 -0.009646309099697263 0.07128032909849932 0.00125 -0.009000000000000001 0.07199999999999987 -0.001196424083495732 0.009362035098341858 0.01633042558065116 -0.005006979356110792 1.184563444493286e-05 0.03942217647297615 -0.007884220338234913 -0.003454167488775275 0.03995298697896738 -0.004800112074670456 -0.004495558343221391 0.03980148251412468 -0.003155991351720856 0.004104830338159146 0.04038146195457203 -0.004427420415821953 0.004463423867367125 0.04080573342297707 -0.006463723979129694 0.001821484263208057 0.03990718308738951 -0.00938573415335513 0.001007638792471969 0.0408933916368279 -0.008938061842230484 -0.002177537353702173 0.04091742291211162 -0.001765104087652002 -0.003128170141835993 0.03998571165839181 -0.006642821053157693 -0.001125991005445268 0.04105356280522132 -0.001122624828863771 -0.008450260522048319 0.07201347275157538 -0.0003313924380534614 -0.01020527136031725 0.07189995747347203 4.972267368219444e-05 0.01024901067077984 0.01751243275427595 -2.620425858135576e-05 0.007750274695450156 0.01705737344676937 -0.002850604273031258 -0.0002499659745478571 0.04046332882434745 -0.0004999999999999996 -1.102182119232618e-18 0.04 -0.00403366004138438 0.001797277931980782 0.04092340324489637 -0.006436092083153433 -0.004264696885911592 0.04094511785568315 -0.007768521434756277 0.0003592476077037751 0.04178759414466146 -0.003159920954134034 -0.004106593369809701 0.04093590433590737 -0.0008333333333327983 -0.001699673171196284 0.041 -0.0001205013074098438 -0.007755821783299308 0.07267221282114947 -0.001063653800591485 -0.009656612970087625 0.07272904459208467 -0.0009207338950747561 0.008154571650309462 0.01645044075914961 -0.000833001313409596 0.001698859012971308 0.04099903587987305 -0.007571139403027258 0.003693134464137562 0.04085728038961976 -0.00277187107315015 0.003909660021707123 0.04170527873058836 -0.006059385414184878 0.004373522898558134 0.04178595687398073 -0.009455533081614374 -0.0006310506783451852 0.04188079950240689 -0.001778070975351562 -0.003141524050541071 0.0419574870299989 -0.007885475563373321 -0.003453118992038273 0.04189829938554562 -0.004798313662208733 -0.004495478019204226 0.04191507268460336 -0.008721397187993574 0.002530059874626197 0.04182829471564409 -0.001521890248240182 0.002855302532957456 0.04200074373108031 5.000000001091485e-05 -0.01024899959967924 0.07299999999999987 0.0008081758974286333 0.008046400650789116 0.01770234152501496 -0.0009150340485608399 0.00814840579500894 0.0176947502846976 -0.00429969377923529 -0.001498985614092846 0.04192708651581688 -0.009381771420981455 0.001024733728472994 0.04279073468566637 -0.008937585268268478 -0.002178399011915648 0.0428385872713106 -0.003392574066231425 0.000768218213283614 0.0431412503239464 -0.001190294119006792 -0.008618293423873987 0.07326864226502743 0.00125 0.009000000000000001 0.018 -0.001186255489751557 0.009394078562008005 0.01799999999999834 -0.005980793244658898 0.0009684162897596799 0.0423055976830975 -0.0004999999999999997 -1.290908330129649e-18 0.04200000000000001 -0.006454371970145182 -0.004258497642650049 0.04286241227044502 -0.002798835374594623 -0.001200512513722868 0.04359236097637179 -0.004355412058340523 0.00445359477113345 0.04270030274102771 -0.009458080100862892 -0.0006127983471667672 0.0437727758706827 -0.006671287528609007 -0.001174387625373192 0.04358126165987287 -0.003176958439151722 -0.004114185152301714 0.04290567478624439 -0.007524292796956896 0.0008634111472019087 0.04366417553874438 -0.0008333333333333257 0.001699673171197577 0.043 0.00125 -0.009000000000000001 0.07399999999999989 -0.0001520565944584432 0.007759282952449796 0.01791351317542841 -0.007549340981448204 0.00370821527966065 0.042764529350633 -0.0008334236601250544 -0.00169989458614183 0.04302693948004357 -0.002754692942285389 0.00389982002361352 0.04359695561308524 -0.007900124554683636 -0.003440825128849336 0.04380246329346486 -0.004574376938425385 -0.002142457240730441 0.04421855536832188 -0.008712267414669938 0.00254343677766517 0.04373753033693689 -0.001484851328017592 0.00280957822704055 0.04418865241594524 -0.005104833883136651 0.00220175046300075 0.04419154610654673 -0.004819061653315124 -0.004496360896847466 0.04384492046330218 -0.006017971453403268 0.004383347364749463 0.04368951604979582 -0.0008537274372160116 -0.009913044064076089 0.07397593574836812 4.999999999848563e-05 0.01024899959967974 0.019 0.0002813056433977306 0.007782064396204551 0.01868363430944023 -0.001793258514448041 -0.00315702534751307 0.04382823165312866 -0.00937773656495906 0.001041836152098999 0.04470574936606973 -0.008945716080448134 -0.002163636894789192 0.0447356421964046 -0.0004999999999999997 -1.29088374813286e-18 0.044 -0.002819972005421453 0.0009265960040129243 0.04519510704100149 -0.006474074636028436 -0.004251717766670036 0.04477781941347289 -0.003206546516159208 -0.004127169078351325 0.04483150003090704 -0.007531883757975028 0.003720156533817128 0.04467576095599374 -0.004337692671677881 0.004450994158932454 0.04463608699310989 -0.007916251242877597 -0.003427167735669626 0.04570465522583912 -0.006296189639361236 -0.002108405428690695 0.04543194216960557 9.891820849021712e-05 -0.007753920071572822 0.0744016220230838 -0.0009011069972133273 0.008133682402595228 0.01894977560125537 -0.005020822373859372 1.57235406789177e-06 0.04519023414448196 -0.0008333333333337734 -0.001699673171198675 0.04500000000000001 -0.007308613034629314 0.0003941152295857633 0.04565726216997568 -0.008700307438831736 0.002560805509625152 0.0456498979898677 -0.000809744300937376 0.001640657543935725 0.04505233186052481 -0.004857203143608286 -0.004497733769111356 0.04574418355550489 -0.0065206511321335 0.002255161227041062 0.04563292641756878 -0.006000019552963065 0.004387477737116345 0.04561411788614069 -0.002740074920402565 0.003891367193494663 0.0456015929774868 -0.006502891627266911 -0.004241617233637545 0.0466762169096423 -0.00946077336519007 -0.0005928751845126119 0.04567297927088946 0.0001885155417017288 -0.01023570299446789 0.07446708722567263 0.00125 0.009000000000000001 0.01999999999999999 -0.003020454839810856 -0.001144867338102618 0.04568513797290179 -0.001635439096077744 0.002988265370377581 0.04638946410273693 -0.004426574238385762 -0.002563657534993502 0.04620278003844703 -0.004171951381016397 0.002142559405468285 0.04631977091661917 -0.007934748908501835 -0.003411341208974455 0.04759410984419744 -0.008953618018720572 -0.00214916368898417 0.04663943140427958 -0.009375829500489489 0.001049817213921514 0.04660745277413746 -0.001765550158279292 -0.003128631365532362 0.0460135710490536 -0.003278006153369736 -0.004157491694780341 0.04672898046864331 -0.004329599730951001 0.004449782408080089 0.04655425588467414 -0.001249789361894725 -0.008977053303183775 0.07457449178523431 7.864040279010476e-05 0.007752476177762923 0.01983757491424833 -0.001187245047106993 0.009391087200148399 0.02000000000000084 -0.0004999999999999996 -1.102182119232618e-18 0.046 -0.0008333333333331704 0.001699673171197196 0.047 -0.00751355157754106 0.003732567275621546 0.04659020822895019 -0.005757738931467616 -0.001605807215316891 0.04740566249012186 -0.009461859537364435 -0.0005846447372807142 0.04755615054852277 -0.008687614753211885 0.002579049714893851 0.04756028689369814 -0.004896300017813166 -0.004498804987293232 0.04764772034908243 -0.005977215088685026 0.004392613193811439 0.04753412272459685 -0.002986035864082617 0.004024170530586217 0.04738202369289243 -0.001940982654427208 -0.003300365567552296 0.04780071945683615 0.0001967210633663575 -0.007765576724446592 0.07571595820260422 -0.0008334161428151537 -0.001699876160503066 0.04699313227840422 -0.006029441360348802 0.001416664570037496 0.04751389061364978 -0.003323103558911755 0.0003292516452576902 0.04750065470765456 -0.006530652435858332 -0.004231678522832395 0.04856893514415261 -0.007214543814113064 -0.000258565323930688 0.04872341226246284 -0.003291881303581235 -0.004163211563077795 0.04862147392419976 -0.004644128951643266 0.004485906351780149 0.04849955060694913 -0.00367714354051122 -0.001781444846806354 0.0486146128603504 0.00125 -0.009000000000000001 0.0759999999999999 -0.0008584109842984772 -0.009908642163910374 0.07530170820312053 4.976481184884444e-05 0.01024900899256236 0.02048592635123274 -0.0009126156255010291 0.008145814586818902 0.02030098716368722 -0.00176555055832461 0.003128631779108204 0.04801426128114273 -0.008963564507590404 -0.002130764274660536 0.04852449415237213 -0.006125810254079359 -0.002117709440833051 0.04954519613006606 -0.009377205235764172 0.00104406624502411 0.04848405044887093 -0.004772191810429901 0.002236937304128437 0.04943760859561259 -0.0004999999999999996 -1.102182119232618e-18 0.048 -0.00946422021182013 -0.0005663372673386772 0.04944316095399398 -0.005979381125791093 0.004392130759716083 0.04946193360133676 0.0001073509152539435 -0.01024538178121978 0.0758283149047593 4.999999999566483e-05 0.007751000400320148 0.02099999999999999 -0.0008301412171293288 0.001691826743764363 0.04901440040093268 -0.007539893178477176 0.003714692805862299 0.04855510415041824 -0.007953422872005239 -0.00339518679001853 0.04949034793422882 -0.004923649106174668 -0.004499352235712612 0.0495484699698343 -0.003097409919732478 0.004078008213143719 0.04896151542576726 -0.001916420378537847 -0.003277428369637287 0.04939880430360888 -0.006802691035379925 0.001600383851608822 0.0497125583757602 -0.008976166423983573 -0.002107154614352182 0.050407381930294 -0.004404058300187457 0.004460364726165848 0.05064315820178166 -0.0008333333333942995 -0.001699673171347052 0.049 -0.008717057099374682 0.002536431848086655 0.04946207583474076 -0.007476647070160672 0.003757155744690999 0.05046369625449503 -0.002603138579672101 -0.0001183690519439291 0.04949422001828961 -0.001055800213647223 -0.008330831927792071 0.07604862834558766 -0.001196104616161665 0.0093630891725138 0.02130516594796265 -0.005065719416432739 -0.0001656313126660243 0.04974699548819204 -0.006550456751341537 -0.004224462553061568 0.05014218127221693 -0.009401664203300816 0.000935602608686086 0.05076495020427348 -0.00331691553926279 -0.004173395104471292 0.05053433648402358 -0.00943972858242912 -0.0007340368617187676 0.05099951650338688 -0.005952547694904099 0.00439802829560394 0.05097921913226033 -0.001758478695983489 0.003121304156215331 0.04952298362680357 -0.0004999999999999996 -1.007831304782566e-18 0.05 -0.0008086675035173113 -0.001637904729808237 0.05088679189407484 9.875916388291088e-05 -0.007753907456266131 0.0769999999999999 -0.0007772024773524105 -0.009979007818762077 0.07636432121202345 0.00125 0.009000000000000001 0.022 -0.007855113413192862 -0.0034782649982148 0.05075773327505947 -0.00411433002310691 -0.001875656486821654 0.05146546982024625 -0.002876653777504186 0.003967543423758934 0.05078096515144753 -0.006881349299502177 -0.0007788742360643814 0.05152083601847192 -0.005746987777849816 0.001595045014446623 0.05158049491400195 -0.005193039456621049 -0.004495857623211334 0.05102900567825949 -0.008640576474685243 0.002645033635318911 0.05107502656518826 -0.001983019741960198 -0.003338836642095281 0.0511506647653316 -0.00644449780199034 -0.0042618571186802 0.05191402646269983 -0.007250000000000023 -0.003897114317029961 0.05400000000000001 -0.00547037808470446 -0.004475348529157228 0.05400000000000001 -0.006122036259417719 -0.003160057449788387 0.05400000000000001 4.99999999991437e-05 -0.01024899959967972 0.0769999999999999 -0.0009197887408621594 0.008153543461137431 0.02145735445533022 -0.0008333333333332676 0.001699673171197435 0.051 -0.005897642168720857 -0.002371068976417139 0.05218967958443028 -0.007421036285240377 0.0009193377934408404 0.05225326407403633 -0.009110954559390734 -0.001830314893843285 0.05238247510213936 -0.004470366733117081 0.004468723375037991 0.05241552581230041 -0.003195513096270406 0.0006024780413161629 0.05144933853333816 -0.007814739845899464 0.003511016889720965 0.05219140187730168 -0.00801108772861488 -0.003344151714648257 0.05238247510214101 -0.004456782401428959 -0.004467092414602894 0.05238817377253698 -0.00911040378072933 0.001831551462385387 0.05241307860305489 -0.005470378084704428 0.004475348529157232 0.05400000000000003 -0.006122036259417692 0.003160057449788398 0.05400000000000003 -0.007249999999999986 0.003897114317029983 0.05400000000000001 -0.006334764946537189 0.004297487933374054 0.05267733903858907 -0.009401664203302124 0.0009356026086799366 0.05400000000000003 -0.008640576474687254 0.002645033635316146 0.05400000000000003 -0.008092700863038212 0.001376959139303095 0.05400000000000001 -0.008092700863038227 -0.001376959139303067 0.05400000000000001 -0.009401664203302129 -0.0009356026086798963 0.05400000000000001 -0.008640576474687276 -0.002645033635316111 0.05400000000000001 -0.001153473033687642 -0.008518336257794478 0.0773019838568875 -0.0003323581343568695 0.01020500542344291 0.02231308349097906 -0.002742059871370958 -0.00389251928389914 0.0523774023793357 -0.009499898470403417 3.022839825373839e-05 0.05240958608713842 -0.001454192397288909 0.002770784806612782 0.05197946721400706 -0.0004999999999999996 -1.021106859600598e-18 0.052 -0.001360365866709069 -0.002646330171347403 0.05246739398383914 -0.00676776695296638 -0.001767766952966358 0.054 -0.005000000000000011 -0.0025 0.054 -0.002749999999999992 0.00389711431702997 0.05238247510214057 -0.0007013492850538817 -0.001331015413469441 0.05261159399269 -0.00360942352531275 -0.004279754323328196 0.05400000000000003 -0.003609423525312727 0.004279754323328188 0.05400000000000001 -0.004999999999999991 0.0025 0.054 -0.006767766952966358 0.001767766952966379 0.054 -0.0075 1.801662209907005e-17 0.054 -0.003232233047033629 0.001767766952966366 0.05400000000000001 -0.001988912271385132 0.00334415171464827 0.05400000000000001 -0.003232233047033636 -0.001767766952966373 0.05400000000000001 -0.0008890454406082987 -0.001830314893841108 0.05400000000000001 -0.001988912271385145 -0.003344151714648282 0.05400000000000001 0.00125 -0.009000000000000003 0.07799999999999993 0.0005770627731611327 0.007891172440894626 0.02234229090149014 -0.004901300157529239 -9.752662571286435e-05 0.05220215082963899 -0.0008890454406082944 0.001830314893841098 0.05400000000000001 -0.0004999999999999997 -1.102182119232618e-18 0.05400000000000001 -0.002500000000000001 -5.617972831550668e-19 0.05400000000000001 -0.0009332234667735795 -0.009831621284638088 0.07775001743243985 -0.0007332673961667196 0.007987666593597309 0.02257511957749658 -0.001249272296090966 0.009042646573362992 0.02284409807940593 -0.000743607703516153 0.001460522036270923 0.05239448753112255 -0.00611920753821032 -0.0004756006456459495 0.054 -0.00527831611667015 0.000671914543492099 0.054 -0.0006245942514767447 -0.007917234087615334 0.07796310602078191 0.000517683854689749 0.01013776246492559 0.02363194739374141 -0.004623813630384399 -0.0009081942355058905 0.054 -3.724115163867903e-05 -0.01024944511549112 0.07817012185720776 0.0001303030821181823 -0.0077568101083139 0.07889911942529992 0.0001203138827727835 0.007755803645073603 0.02355622789422407 0.00125 0.009000000000000003 0.024 -0.003872300318503426 0.0004550987981506595 0.054 -0.00605507622366209 -0.002266454094453039 0.05591837677867501 -0.001204896051726983 -0.0086672455792439 0.07857460052599435 -0.001060321479961403 0.008338019366497435 0.02380294704422908 -0.0009091422630454427 0.009857881312038333 0.0235794990571714 -0.007309698831278223 -0.0009567085809127088 0.0552332097003008 -0.007309698831278211 0.000956708580912739 0.05564610430761825 -0.004049868999023798 -0.002312412394229013 0.05551777343269432 -0.004825068294902044 -6.595035432771762e-05 0.05616510345745562 -0.005956708580912714 0.002309698831278221 0.05539234814542706 -0.004032597221884916 0.002305240088341173 0.05526789777187767 -0.002878263017387787 -0.001322207312268247 0.05541734145763742 -0.002884072837206618 0.001331484976165014 0.05542724611731366 -0.001228717153406178 0.009229682731012628 0.02442217412124483 -0.0008997301506981002 -0.0098677474609152 0.07889286433046391 0.0003680775648606485 -0.01019457896609904 0.07929712721330771 -0.0025 -6.123233995736766e-19 0.056 -0.007387354853251809 -0.0007419816740695442 0.0572025774721957 -0.005010607841305763 0.002499977494639268 0.05660047508397854 -0.000648617721670789 0.01006854810426793 0.02499928950785302 -0.00624877749478127 0.002165768863135633 0.05708829790943716 0.00125 -0.009000000000000001 0.0799999999999999 -0.001191976207718097 -0.009376420934903979 0.0797772655195806 -0.0004390345362397534 0.007829637374149045 0.02450608574744076 0.0007610775642020688 0.009991595149881365 0.02488512619749179 -0.00455204001546428 -0.002459538951156244 0.05711021861302346 -0.003012256407349282 -0.0015162042770933 0.05714985462105449 -0.00306301663772679 0.001580536445096022 0.05709412226138651 -0.006386159737872849 -0.002080519449825037 0.0579049044635473 -0.004588453940183208 0.002465893314936653 0.0580384784664292 -0.001026052428457503 -0.008286055734628775 0.08022529491054183 0.0008569909752043752 0.008090018424132527 0.02485619615266171 -0.007331598623607343 0.0009020243114197948 0.05806556796647357 -0.004972794950536543 1.568190510665307e-05 0.0584908429498092 -0.001201804139554249 0.008656246003441021 0.02529377016891502 0.0004574768968784737 -0.01016327764906855 0.08020221869521164 7.387205758748037e-05 -0.007752184741595221 0.08015423040702556 -0.0004576118519684864 -0.01016322456685628 0.08019432969315982 -0.0025 -6.123233995736766e-19 0.058 -0.007384083517825017 -0.0007524265944496516 0.05861044901730776 0.0002841572923774216 0.007782726557757573 0.02534128857399527 -0.006239072084302908 0.002171336079445383 0.05902465193040515 -0.00484706459081503 -0.002495317767463179 0.05867781918338637 0.00125 0.009000000000000001 0.026 -0.003099999999968115 -0.001624807680889907 0.059 -0.006278300738211058 -0.002148475557852373 0.0598488742866652 -0.003099999999999659 0.001624807680926793 0.059 -0.004584944591337141 0.002465305053688023 0.0595120380267594 -0.001060826029696555 -0.009661171789112516 0.08091884825208345 0.0001742697470152862 -0.007762207587971543 0.08137477214017913 -0.007328665933026331 0.0009095685638601466 0.05955984476168921 -0.007410513360486763 -0.0006628916494532207 0.06035432621826005 -0.0005156531284115021 0.007861315736843866 0.02607712041954697 0.0003030153408984412 0.01021271666236603 0.0263764006646979 -0.00632221086739554 0.002121734767151902 0.06052161960090258 -0.004486233151334343 -0.002446639251138623 0.05999980174822722 9.609820159473948e-05 -0.0102463005799767 0.08152419431914401 0.00125 -0.009000000000000001 0.08199999999999992 0.0008204628419485065 0.008056951366587186 0.02625847062911795 -0.0025 -6.123233995736766e-19 0.06 -0.004972778158008609 -1.188312681822548e-05 0.06148105737035653 -0.003063016637726359 -0.001580536445095494 0.06090587773861542 -0.001026071735197745 0.009713916517688371 0.02658477321755847 -0.001198547394592727 -0.00864505754985493 0.08162775766487003 -0.006733597316405318 -0.001801288523405479 0.06119536750638475 -0.003095678443498021 0.001619740537691724 0.06098917393284963 -0.004893040863844979 0.002497710900643422 0.06119882650468627 -0.005514362609502329 -0.002446514072296735 0.06107691269142662 -0.001061937563423151 0.008340614974850884 0.02687015135594597 -0.007314132726163079 0.000945933256472701 0.06173463324550595 -0.007309698831278225 -0.000956708580912709 0.0623538956923818 -0.005956708580912714 0.002309698831278221 0.0623538956923818 -0.004141331105490281 -0.00234791135471539 0.06200485645905158 -0.005968380169949488 -0.002304829678403288 0.06239552852573544 0.0001236149754317137 0.007756127282295728 0.02726927363657275 -0.0008539790110342026 -0.009912808768972476 0.08234775810304892 -6.583065713927172e-05 -0.007751734673805041 0.08300887579331037 0.00125 0.009000000000000001 0.028 -0.002500000000000001 -5.617972831550668e-19 0.06200000000000001 -0.004038157662606408 0.002307565669270808 0.06267300128580931 -0.002901248073326668 -0.001358396242001935 0.06247418412901722 -0.0002889553891384187 0.01021614340564255 0.02768340184035618 -0.005927050983124836 -0.002853169548885463 0.064 -0.005000000000000012 -0.0025 0.06400000000000002 -0.004072949016875146 -0.002853169548885457 0.0645 -0.004072949016875146 -0.002853169548885457 0.064 -0.005927050983124836 -0.002853169548885463 0.0645 -0.005000000000000011 -0.0025 0.0645 -0.006767766952966382 -0.001767766952966358 0.06400000000000002 -0.007427050983124838 -0.001763355756877427 0.064 -0.008 -6.391830016101266e-18 0.0645 -0.007427050983124846 0.001763355756877414 0.064 -0.007500000000000001 1.826599165112482e-17 0.06400000000000002 -0.008 -6.391830016101266e-18 0.064 0.0002484095260240106 -0.01022506845007964 0.0829051363010247 -0.002880838967752937 0.001326331979334571 0.06257841247986078 -0.00611920753821032 -0.0004756006456459495 0.064 -0.00527831611667015 0.0006719145434920991 0.064 -0.004623813630384399 -0.0009081942355058905 0.064 -0.001236281339868507 0.009184684727828074 0.02788643815355389 -0.003232233047033635 -0.001767766952966372 0.064 -0.00676776695296638 -0.001767766952966358 0.0645 -0.007427050983124847 0.001763355756877414 0.06450000000000002 -0.007427050983124838 -0.001763355756877427 0.0645 -0.00676776695296636 0.001767766952966379 0.06400000000000002 -0.005927050983124847 0.002853169548885459 0.064 -0.001222004657352972 -0.008736932295012014 0.08305728940009437 -0.003872300318503427 0.0004550987981506598 0.06400000000000002 -0.004999999999999991 0.0025 0.064 -0.00257294901687515 -0.001763355756877409 0.0645 -0.0075 1.801662209907005e-17 0.0645 -0.006767766952966358 0.001767766952966379 0.0645 -0.005927050983124847 0.002853169548885459 0.0645 -0.00257294901687515 -0.001763355756877409 0.064 -0.004072949016875162 0.002853169548885462 0.06400000000000002 -0.004999999999999991 0.0025 0.0645 -0.004072949016875161 0.002853169548885462 0.0645 0.00125 -0.009000000000000001 0.08399999999999994 -0.002500000000000001 -3.655357258195952e-19 0.06400000000000002 -0.003232233047033628 0.001767766952966366 0.064 -0.0007132186293888599 0.007973443042645623 0.02815879616196685 -0.003232233047033636 -0.001767766952966373 0.06450000000000002 -0.003232233047033628 0.001767766952966366 0.0645 -0.002 -7.347880794884119e-19 0.0645 -0.00257294901687516 0.001763355756877422 0.064 -0.002 -6.369021713938803e-19 0.064 -0.0008497797958184384 -0.009916719312886327 0.08346303756957119 0.0005674363737574176 0.007886215477869695 0.02834516100314183 0.0002519982076727163 0.01022433529040445 0.029 -0.005278316116670151 0.0006719145434920995 0.06450000000000002 -0.003872300318503426 0.0004550987981506597 0.06450000000000002 -0.006119207538210322 -0.0004756006456459494 0.06450000000000002 -0.0046238136303844 -0.0009081942355058908 0.06450000000000002 -0.002500000000000001 -5.617972831550668e-19 0.06450000000000002 -0.00257294901687516 0.001763355756877422 0.0645 -0.001033396777615292 0.009703271711370743 0.02901534476023958 -0.0009442651525902676 -0.008180937534980589 0.08441830230820277 0.0001362840884881966 -0.01024254844864293 0.08423107838380259 0.0002325358350478508 -0.007771819603877918 0.08423191447964018 -0.005956708580912737 -0.002309698831278212 0.06590943695572687 -0.001092361244085923 0.008392343096460633 0.02964400800285879 -0.001101092962245322 -0.009591687661265488 0.08486379737263935 0.00125 0.009000000000000001 0.03 0.0001224982825142357 0.007756016812500643 0.02952171480377301 -0.004041947232369288 -0.002309141592548004 0.06585696933166729 -0.007309698831278225 -0.0009567085809127088 0.06614610430761823 -0.007309698831278211 0.0009567085809127401 0.06580007298222551 -0.004912750347717881 -0.0001022694497807502 0.06677931445241948 0.0007727841145005236 -0.009982499217493654 0.08538132074403092 -0.006118541533301354 0.002235814133214086 0.06654049774168513 -0.004043291419087269 0.002309698831278214 0.06604770911327884 -0.002883273360346248 -0.001330213641856123 0.06591732410554521 -0.0009829233833773239 0.009772244535370808 0.03013476170941322 -0.001066142649830166 0.008347435941678435 0.03099688200827967 -0.0003134786940108451 0.007789945824187508 0.03049791607927959 -6.727656169766428e-05 -0.007751811767301848 0.08542184437982393 0.00125 -0.009000000000000003 0.08599999999999995 -0.002883273360343865 0.001330213641852333 0.06591732410554371 -0.0025 -6.123233995736766e-19 0.06646875000000001 -0.006110857542787959 -0.002239641828425049 0.06764207340552393 0.0002935135433570052 0.01021505135688415 0.03007698116043573 0.0005600120609847061 0.007882464098316453 0.03044652031276823 -0.00116841650293778 -0.008555812116708878 0.08617926759836131 -0.0002416451029521376 -0.01022642066364655 0.08578028849224258 -0.004798001696369721 -0.002491825974126301 0.06723222274760648 -0.003081396484375104 -0.001602797725800665 0.06745312500000002 -0.00727816618011492 -0.001029543032505489 0.06860400886485507 -0.007408537332872634 0.0006700357573732771 0.06742581089811572 -0.00117563318612455 0.009424719450558417 0.03117244396085802 -0.004921998294220846 0.002498782850488522 0.06761374707538226 -0.003081396484374646 0.001602797725800117 0.06745312500000002 -0.004592772023262708 -0.0001647818050052862 0.06890517219566987 -0.006452828264022447 0.002034524523139875 0.06850999328629341 -0.0002578822301757074 0.01022310946172434 0.03152616707815484 0.0002450723200148985 0.007774259587856176 0.03156503066231426 -0.004495423608711403 -0.002448551135948396 0.0686151197929268 -0.001108029628688099 -0.009578593416787053 0.08588891463532911 4.999999999565374e-05 -0.01024899959967985 0.08699999999999994 0.00125 0.009000000000000001 0.032 -0.0025 -5.231509212195604e-19 0.06843750000000001 -0.006115931438971147 -0.002237118017341908 0.0695791423935929 -0.001031647835751433 -0.009705834784485282 0.08706096238625782 4.999999999998544e-05 -0.007751000400320321 0.08699999999999994 -0.007410497222995022 0.0006629503284057522 0.06964762193072163 -0.007280083188819863 -0.001025290520809128 0.07054668420579753 -0.0008884594385096668 0.008120716299410091 0.03228807798580427 -0.004478352786685244 -0.002444971203274376 0.07051025281808763 -0.003078506718692863 -0.001599332226240543 0.0694292244292538 -0.004806063422370779 0.002492466369654256 0.06944079256066651 -0.003084401975724295 0.001606388561149206 0.06941794551763715 -0.005013799921293345 -3.96051682969252e-05 0.07101055372544467 -0.001194593938781931 0.00936802896818793 0.03233798834725075 -0.006412656166185372 0.002062620313130472 0.07093400798403182 0.00125 -0.009000000000000001 0.08799999999999995 -0.0025 -6.123233995736766e-19 0.07040625 -0.006110636686853179 -0.002239751358927101 0.0715388493279791 -0.001180028035331813 -0.008587648407507694 0.08785399562746649 0.0008575310028595995 0.008090527307097894 0.03239851473308675 -0.007409909053059228 0.0006650852246014678 0.07151416733152878 -0.00728265864143529 -0.001019543783601667 0.07249865983482817 -0.003078283609479353 -0.001599064137051511 0.07139088874297303 -0.0044488417913762 -0.002438488185139844 0.07220348006127134 -0.004259647815555607 0.002387860683328995 0.07085038399845345 1.114655489649575e-05 -0.01024995030073757 0.08815747197944718 -0.0001225901009723401 -0.007756025857526136 0.08862914859843536 5.000000000641761e-05 0.007751000400320578 0.033 4.972716033599144e-05 0.01024901049215966 0.03351243092347298 -0.006113672534496566 -0.002238243392910609 0.07329957631959345 -0.006431402203500162 0.002049655515401279 0.07248365227136429 -0.004546339108328096 0.002458493806249561 0.07237500068734599 -0.003081396484374816 0.001602797725800322 0.07139062500000001 -0.000936161335340582 -0.009828312715230993 0.08900353300859126 -0.0025 -5.234063225892264e-19 0.07237500000000001 -0.004989710203620087 -1.077154954198822e-06 0.0738107991528454 -0.003078506718692863 -0.001599332226240543 0.07335202557074622 0.0002096936873273023 -0.01023228590736691 0.08943894845041038 -0.00097448663332087 0.008217136153932911 0.0335158937095681 0.00125 0.009000000000000001 0.034 -0.00740721626820836 0.0006747665063360926 0.07346949136433881 -0.007286171699892647 -0.0010116417145462 0.07445092516618532 -0.004561281016528607 -0.002461204106436893 0.07446765580295488 -0.003080553127808118 0.001601787659096174 0.07335965075034467 -0.001195024096313959 -0.008633370201389734 0.08932970937880225 0.00125 -0.009000000000000001 0.08999999999999997 -0.006123457189689478 -0.002233348146379113 0.07543386183411779 -0.004548726844582048 0.002458933211618226 0.07433642295990114 -0.00641984839278367 0.00205767600498952 0.07451457231067155 -0.0004374061837331474 -0.007829027826790064 0.08984393392370973 -0.001184409290200473 0.009399593084633371 0.03399999999999834 -0.0025 -6.123233995736766e-19 0.07434375000000001 -0.007404790766253673 0.0006833603518942786 0.07542665446803461 -0.00500009363319852 -9.252075419154387e-07 0.07634407438357434 -0.00308106310486128 -0.00160239857478574 0.07544155526265608 -0.0009215317106508143 -0.00984455864584112 0.09001675889465746 0.000198684729812826 0.007765891261622706 0.03432047128921515 -0.0072897045644285 -0.001003619951792161 0.07640531983983022 -0.004526473585258373 -0.002454744942869206 0.07642100766099279 -0.003081396484373175 0.001602797725798359 0.07532812500000004 0.0001158308888447335 -0.01024462171168168 0.09054079110566633 -0.001207130968755541 -0.008675446731226895 0.09049144562221868 4.999999999849082e-05 0.01024899959967974 0.03499999999999999 -0.00612789851926507 -0.002231108453267044 0.07739827856116017 -0.004556910698495993 0.002460421075932469 0.07630075478355912 -0.006411882013970811 0.002063150304419367 0.07644562193514001 0.0001282643421572359 -0.007756598110613078 0.09141900905030836 -0.0009380606645903355 0.008173838884025435 0.03480950466750238 -0.0025 -5.233503889459725e-19 0.07631250000000003 -0.007402433428109874 0.0006916022147884142 0.07738394254157842 -0.007293267424698682 -0.0009954519168778946 0.07835058433011943 -0.00308270422399847 -0.001604361838029904 0.07730821716777411 -0.004562027464482483 -0.002461337046837015 0.0783902042646243 -0.001111829154176868 -0.009571258200748445 0.091371989668561 0.00125 0.009000000000000001 0.03599999999999999 -0.005008055036363064 2.912030823585362e-07 0.0788443545896456 -0.003081394432836508 0.001602795270035838 0.07729350437705201 -0.00455041084573086 0.002459241670182814 0.07828124199232964 -0.006405820689233664 0.00206728522215068 0.07835553499189567 0.00125 -0.009000000000000001 0.09199999999999998 0.0001284187688399271 0.00775661405034091 0.03562152533401527 -0.001195081828357412 0.009366441569052841 0.03566396225533226 -0.0025 -5.233502526236756e-19 0.07828125000000004 -0.00615517978208825 -0.002217106147899677 0.07931844624275296 -0.001043475658958007 -0.008311771441189664 0.09223968331827088 -0.0001229263821150125 -0.01024394095703137 0.09189231506803905 -0.007400088552091332 0.0006996963213567267 0.07934085960483432 -0.007296875973583054 -0.0009870971390784679 0.08028952453835464 -0.003079743135234909 -0.001600816533311215 0.07934464535286971 -0.004539344220367113 -0.002457192758554122 0.08025001191714137 5.000000000057477e-05 0.01024899959967966 0.03699999999999999 -0.0009277640954531603 0.008162292543194238 0.03616198660597267 -0.004458239195658359 0.0001561324196412708 0.080803715433953 -0.003081396484374562 0.001602797725800018 0.07926562500000005 -0.00454853002825415 0.002458897082964596 0.08023901308572343 -0.006398428357538925 0.002072292964045138 0.08031232711827488 -0.001035019677740913 -0.009700881064581644 0.09274955045383716 -0.0001331489047151538 0.007757111682743317 0.03653619986548658 0.0003959312823551023 -0.007814361598271782 0.09250574435029779 -0.0025 -6.123233995736766e-19 0.08025000000000004 -0.006165055581563918 -0.002211932524257186 0.08123500796780848 0.0008792908418322585 0.008111547629036922 0.03659717857617151 -0.001241037509253998 0.00914941854176987 0.03738982752666091 -0.0009002713641874557 0.008132814050607336 0.03728960957388028 7.283225185078015e-05 -0.01024787638133364 0.09303838896077934 -0.007397779983103536 0.0007075670658163828 0.08129716891761413 -0.007300438274489136 -0.0009787664406105531 0.08226108842755527 -0.003081396484342008 -0.001602797725761048 0.08123437500000005 -0.004541009736064383 -0.002457504412531607 0.0822226702439366 -0.001241392322838782 -0.008853558541399872 0.09333194199987485 0.0003105496361422559 0.007789190798064407 0.03736603835164647 -0.005004409612081775 -4.330346359730087e-06 0.08276372268869077 -0.003078506718692858 0.001599332226240537 0.08122702557074626 -0.004549165859068669 0.002459013740785258 0.08216121267053234 -0.00639735347899336 0.002073017909894932 0.08227500818876886 -0.0003478641501589158 -0.007799379105198393 0.09374924920063567 0.00125 -0.009000000000000001 0.09399999999999999 0.00125 0.009000000000000003 0.038 -0.0025 -6.123233995736766e-19 0.08221875000000003 -0.006154240164934877 -0.002217595463931848 0.08326697385849184 -0.0002402309198098773 0.00777330154268977 0.03813746946829652 -0.0002777796804632684 -0.01021874462014063 0.09409220035844057 -0.001154268792686521 -0.009479753639100322 0.09403373051297675 -0.0006593813839972808 0.01006193982430166 0.03800013072857028 -0.00739550455106773 0.0007152327913440426 0.08325240295681685 -0.007304137122164061 -0.0009700268667751013 0.08423652775260812 -0.003083153254765853 -0.001604898300605138 0.08321536312294951 -0.00449834571840982 -0.002449151481995804 0.08426352555719671 -0.0009745320807880865 0.008217192729009981 0.03855912863514126 -0.0001321079459306281 -0.009072783824381652 0.09455938107053813 -0.001117417974953973 -0.00843975267135866 0.09421999715606098 -0.005414609569839181 -0.0003858563506541361 0.08472151682017096 -0.003081396484373168 0.001602797725798349 0.08320312500000006 -0.004547979898906602 0.002458796011914675 0.08418032650661707 -0.006386859243871596 0.002080053229532337 0.08422309106656323 0.0007229157973118402 0.007980248682277397 0.03826503306235032 -0.0007818435810175827 -0.009975305395669277 0.09505942522184491 -0.001249983080246781 -0.009006503775578082 0.0950417791163527 0.0002781511674453968 -0.007781340109772722 0.09506880609893184 5.00000000005797e-05 0.01024899959967966 0.03899999999999999 -0.0025 -5.227805579083096e-19 0.08418750000000004 -0.00616525539579627 -0.002211827267796398 0.0852206611001935 -0.001171998228772249 0.009434649458477417 0.03887353109923695 -0.0007608199187259097 -0.008008207153045607 0.09502800120099929 0.0002826698683341032 -0.0102176197048077 0.09506664354947915 -2.492742458559581e-19 -0.009000000000000001 0.09600000000000003 0.000996468452026692 -0.01266084715270331 0.0979653834090625 0.001986717706010974 -0.01254364192555824 0.096 4.273127405044959e-17 -0.0127 0.096 0.0005993297385690934 -0.01136875482570629 0.096 -0.0006043936760987098 -0.01159813559964008 0.096 -0.0009950706608649127 -0.01266095708783052 0.09809272817370415 -0.001986717706010878 -0.01254364192555826 0.096 -0.002776371021178756 -0.01080408339334548 0.096 -0.002941481625547495 -0.0123546625144747 0.09797159207094137 -0.003924515828561781 -0.01207841775694847 0.09600000000000003 0.00125 -0.009000000000000001 0.096 -0.007393334487984819 0.0007224610914246132 0.08520608992727645 -0.007307865342217112 -0.0009611230733850315 0.0861890720650646 -0.003079134814949688 -0.001600086541678803 0.08524656128168136 -0.00455755535227914 -0.002460537082367011 0.08619934158415773 4.999999999775814e-05 0.007751000400320233 0.03899999999999998 -0.001126211084878028 -0.009542354673896941 0.09600000000000003 0.001708464799085968 -0.01114234709634669 0.09600000000000003 -0.001412956022790142 -0.01069849944679133 0.096 -0.004860255204442142 -0.01173319731989934 0.09804106937345321 -0.002332861253405929 -0.01032504392223826 0.0976197774808015 -0.0002781511674453987 -0.01021865989022728 0.096 0.002964161073259106 -0.01234924083220404 0.09809317674052469 0.005765679346692284 -0.01131578285719225 0.09600000000000003 0.004858277409075405 -0.01173401638896365 0.09797288920461406 0.004235715713309068 -0.01027061977997288 0.09600000000000003 0.003924515828561873 -0.01207841775694844 0.096 0.002946847020004778 -0.01093619491096573 0.09600000000000003 -0.0006832408600177123 -0.01049404415486703 0.09799437806919063 0.00125 0.009000000000000001 0.03999999999999998 -0.00500123747887126 -2.982177314328738e-06 0.08667838034130716 -0.003090016744026742 0.001613060433431368 0.08517912455049455 -0.004556586667350307 0.002460362700178267 0.0861785626045868 -0.006388128268555891 0.00207920655780902 0.08614122367994881 -0.000906527929237619 0.008139356570052294 0.03982773402882488 -0.00112621108487802 -0.008457645326103045 0.096 0.001369681154478692 -0.01045952188758576 0.09803677442004627 -0.004298348396310853 -0.01037713099417842 0.096 0.0007793622523234142 -0.009977289353085041 0.096 -0.002016440845674059 -0.009917204296905577 0.096 0.006635593233290628 -0.01082861498264241 0.09802382891434605 0.003423201655446573 -0.009995575473868123 0.09805756074313161 -0.005765679346692198 -0.0113157828571923 0.09600000000000003 -0.003042381980584243 -0.009166668370933941 0.096 0.005703763737033764 -0.009255519133719366 0.09600000000000003 0.007464872704114444 -0.01027451582856181 0.09600000000000003 4.258750263936661e-17 -0.0127 0.1 0.001986717706010974 -0.01254364192555824 0.1 0.0007710152427707808 -0.01117842320911859 0.1 -0.0007974424163273035 -0.01092056110681744 0.1 -0.001986717706010878 -0.01254364192555826 0.1 -0.002320550173025986 -0.01110513005259954 0.1 -0.00392451582856178 -0.01207841775694847 0.1 -0.005765679346692196 -0.0113157828571923 0.1 -0.004591897419365312 -0.01034974733403851 0.1 -0.001926018291873228 -0.008999999999999989 0.096 -0.001342227502985692 -0.008999999999999991 0.09722857740615924 0.0007793622523234191 -0.008022710646914965 0.096 -0.0002781511674453876 -0.00778134010977272 0.096 -0.0025 -6.123233995736766e-19 0.08615625000000003 -0.006179560946802725 -0.002204231379138283 0.08717238886580592 -0.001192632692359458 0.009374335759867304 0.04034607199277192 0.003090092265521679 -0.009698747718104283 0.096 -0.0001258008832945399 0.007756346455896053 0.03990304492389641 -0.005843682070830502 -0.00953002751779943 0.096 0.006030232677382576 -0.00842935096965529 0.09804649779688723 -0.003145914591177133 -0.009880575398071377 0.1 -0.006634568686344183 -0.01082924274112374 0.09809272817370415 0.001900159018185858 -0.009912148286021454 0.09600000000000003 0.003924515828561873 -0.01207841775694844 0.1 0.00229277788244665 -0.01025129635457672 0.1 0.005765679346692284 -0.01131578285719225 0.1 0.004204551195803672 -0.01021704200200401 0.1 0.005539851346202854 -0.009388853095475588 0.1 0.0003259342481791061 -0.007571988754333618 0.09724379878356146 -0.00739122413057279 0.0007294156273116241 0.08715748985525328 -0.007311773104110363 -0.0009516854076384352 0.0881390973116615 -0.003081396484375611 -0.001602797725801274 0.08714062500000003 -0.004530095333660819 -0.002455440816748118 0.08814869949164587 -0.0004325134197688072 -0.008457645326103052 0.09808209121542887 -0.005366709645304017 -0.008846219222532564 0.09794358923276668 0.00392841980374087 -0.00853299286490421 0.09600000000000003 -0.002543900066551337 -0.008683457267865473 0.09800809435818862 0.008246846558065263 -0.009658132420283287 0.09796965671945471 0.007055471921723833 -0.008073335300329144 0.096 -0.005638626537937846 -0.009258373981115007 0.1 -0.002234352479825968 -0.00806204156135408 0.096 -0.001652619751291007 -0.009083064386869875 0.1 0.002439319772367822 -0.008841782748657155 0.09600000000000003 0.0003730230417235399 -0.009476616658640554 0.1 0.007464872704114444 -0.01027451582856181 0.1 -0.007464872704114355 -0.01027451582856187 0.096 -0.004551150701651603 -0.008673129393781844 0.096 -0.007464872704114357 -0.01027451582856187 0.1 0.008980256121069185 -0.008980256121069124 0.09600000000000003 0.00965705023918473 -0.008248113764847222 0.09802382891434609 0.002423147282540107 -0.00815406984888036 0.09785415701088138 0.001735320526812051 -0.008164313678791609 0.096 -0.005424127275335218 -0.0003809830282596595 0.08862977877804548 -0.003081396484374558 0.001602797725800013 0.08714062500000004 -0.006385008864042968 0.002081285767625966 0.08813373888730149 -0.0009215469143234654 0.00815545794379386 0.04079807733542383 -0.001307265837167672 -0.007351666525850689 0.09600000000000003 0.005395573087949684 -0.007298805850772138 0.096 0.001786823341474264 -0.008082249181407219 0.1 0.003599825035678149 -0.008660989136823536 0.1 -0.008229683811831656 -0.009672760948006317 0.09797064860625866 -0.005773507597433354 -0.008118474826792017 0.096 -0.007095157575503155 -0.008201066890797068 0.1 0.008334306321018869 -0.006791228752910124 0.096 0.007788973127681301 -0.006394008220363519 0.09806827712861173 -0.007171839449995433 -0.008479173569093385 0.096 0.01027451582856184 -0.007464872704114393 0.096 -0.008980256121069114 -0.008980256121069192 0.096 0.008980256121069185 -0.008980256121069124 0.1 0.007101702626808539 -0.008315025439259003 0.1 -0.009657155763120318 -0.008247990213793422 0.09802074020217975 -0.0102745158285618 -0.007464872704114448 0.096 -0.008373753037256392 -0.007183134543689045 0.09600000000000003 -0.008980256121069114 -0.008980256121069192 0.1 0.0004561908417161659 -0.006946065117430102 0.09600000000000003 0.001595776379693064 -0.007183024991174199 0.096 5.00000000005797e-05 0.01024899959967966 0.04099999999999998 0.0003027836810651737 0.007787225477477112 0.040787836302472 -0.0025 -5.231378895499064e-19 0.08812500000000002 -0.006188543301175569 -0.002199401014192429 0.08911834857863513 -0.004548536240056335 0.002458898223484967 0.08813232670000955 -0.003693869414913181 -0.008273670799582128 0.1 0.004462566705776187 -0.0068432617217656 0.09811000634895589 0.006584483583025652 -0.006110843610841081 0.09600000000000003 -0.002015823662972451 -0.007387093828217092 0.09736407925902121 -0.004840904855223362 -0.00717061983498396 0.096 0.002851919546560968 -0.007616143341304224 0.096 0.01082798215926491 -0.006636625826324755 0.09797288917377675 0.008544028233574631 -0.007050728297101377 0.1 -0.01084107636559139 -0.006615214526787161 0.09797075584389096 -0.007855295961446495 -0.006365656038330442 0.09799413151523077 -0.003485881149372714 -0.007666001284230906 0.09600000000000003 -0.00243088208407047 -0.006811736727506779 0.096 0.01027451582856184 -0.007464872704114394 0.1 0.01131578285719228 -0.005765679346692238 0.09600000000000003 0.009484745560346841 -0.005527768243884873 0.096 0.01131578285719228 -0.005765679346692237 0.1 0.009741189248245441 -0.005969408448745019 0.1 -0.0102745158285618 -0.007464872704114448 0.1 -0.008412013316911349 -0.007127355949155569 0.1 -0.0004923904206790932 -0.006842696611612951 0.096 -0.00738954023114418 0.000734913249127692 0.08910580535702121 -0.007313213029240103 -0.0009481800890937467 0.08979585694108481 -0.003077877574542012 -0.00159857604809765 0.08911832725623049 -0.004531242172261991 -0.002455660012895584 0.09009377797083949 0.005245642427242007 -0.007628188787039201 0.1 -0.004022382937917858 -0.007032603786999922 0.09805534296118298 -0.005290724849675652 -0.007176083906588884 0.1 -0.005783752931911988 -0.006205193458953024 0.09776827119033342 0.001104458874646489 -0.006687142439825501 0.09799661283700932 0.003891830664194698 -0.006690560360164843 0.09600000000000003 -0.00935125533684786 -0.005713901395530937 0.096 -0.00136180819974354 -0.006153086783079811 0.09600000000000003 0.002522775331657584 -0.006306555330925924 0.096 0.01173345986037738 -0.004859621354067902 0.09809317668728794 -0.009635293619957819 -0.005708843877369553 0.1 -0.006459960909465875 -0.006739423818301468 0.096 -0.01131578285719225 -0.005765679346692293 0.096 0.01053255252291171 -0.004371397822063332 0.09600000000000003 -0.01131578285719225 -0.005765679346692293 0.1 0.01207841775694845 -0.003924515828561824 0.096 -0.01207841775694844 -0.003924515828561879 0.096 -0.01018304879108949 -0.004132978248196921 0.096 -0.01173360252773723 -0.004859276872239161 0.0980950214772781 -0.009465157843993372 -0.005097330570883975 0.09805049072171128 -0.0001143707767843839 -0.005888420059770167 0.096 0.00125 0.009000000000000001 0.04199999999999997 -0.004991936316392756 -6.66448039307238e-06 0.09057984874650943 -0.003084598864112054 0.001606623318839597 0.08910952802888569 -0.005027102148114081 0.002499853090397034 0.08956815311791698 -0.00637969864483901 0.002084809739383765 0.09019783523972161 -0.001181264133030419 0.009408797074372963 0.04199999999999997 -1.679319857827967e-05 0.00775011280969781 0.04179987205088172 -3.0818726250081e-05 -0.007469420884385736 0.1 -0.001876160663176842 -0.006670869472332469 0.1 0.006788437780705783 -0.006376161888002282 0.1 0.005011513108127345 -0.005679660055459381 0.096 0.003353935913441965 -0.006850036153869763 0.1 0.007754077460110585 -0.004996321879087517 0.09600000000000003 -0.002587406347302071 -0.005472028579824194 0.096 -0.0009186658403261122 -0.006487259295727341 0.09795616374412358 -0.003710501269959807 -0.006263346753361416 0.09600000000000003 0.002741203129790488 -0.005513725959981228 0.09784462695066888 0.009370880872615636 -0.003455600247508711 0.09809134780720488 0.0101026059278483 -0.004184636390625586 0.1 -0.005065663143705259 -0.005728741612666017 0.09600000000000003 0.001226972313204157 -0.005999914055028961 0.096 0.01236005357974569 -0.002918745536324769 0.09787396553426846 -0.01234968411701137 -0.00296231365828082 0.09792769309544233 0.01207841775694845 -0.003924515828561825 0.1 -0.01063284743971848 -0.002552720818815844 0.096 0.01254364192555825 -0.001986717706010924 0.096 0.01044297251724991 -0.002631063911594506 0.09600000000000003 0.01254364192555825 -0.001986717706010924 0.1 0.01114329037015214 -0.002661361271436349 0.1 -0.01207841775694844 -0.003924515828561879 0.1 -0.01059069295762192 -0.004382357242758643 0.1 -0.0025 -5.233502526236418e-19 0.09009375000000001 -0.006194716389687855 -0.002196053903758106 0.09105838179872573 0.005254557644717783 -0.00480322752239374 0.09799957562109168 -0.003729286142510758 -0.005937776886962121 0.1 -0.006784451923310622 -0.006389815558291907 0.1 0.007358071334064798 -0.004262501577465075 0.09800546152936586 0.008296265545183529 -0.005201141838088874 0.1 0.003530119560737568 -0.005281562268996888 0.096 -0.007626383910855473 -0.005425088061374556 0.096 -0.008223074448081706 -0.005496829270329424 0.1 -0.006236988929587574 -0.005155312824696053 0.096 0.008975185515860917 -0.00387934307214384 0.09600000000000003 -0.01024496115397846 -0.00204837984791801 0.09804650285147272 0.001538784744976376 -0.006166031962158815 0.1 -0.003107134157015473 -0.004918142687238904 0.0980441464061582 -0.008495127705579081 -0.004069058538498413 0.096 -0.01254364192555824 -0.001986717706010986 0.096 0.01264525588738189 -0.001177923402702267 0.09722789676951496 0.01260561033641704 -0.001545505757483898 0.09844910483798483 -0.01084513103172231 -0.002693852167403552 0.1 0.002121196528053033 -0.004973465903867763 0.096 0.01113948973761156 -0.0007836957175996741 0.09600000000000003 0.0127 -3.000317882802086e-18 0.096 0.01046132777919911 -8.34881853519804e-05 0.09802938474605502 -0.007387899828206587 0.0007402259185214702 0.09105230864851439 -0.007306570632356145 -0.0009642260720143245 0.09162628022831926 -0.003081396484375099 -0.00160279772580066 0.09107812500000001 -0.004540907929932393 -0.002457485395928334 0.09155933755714586 -0.0009491904181862471 0.00818665041339937 0.04217019235125366 0.004951518225931097 -0.005658783897612357 0.1 0.006124987139947024 -0.004539490673210151 0.09600000000000003 -0.005532227116769198 -0.005197411408346886 0.1 -0.001239828801359711 -0.004674139704418827 0.09600000000000003 -0.006017410349360803 -0.004270045288642488 0.09803293716573488 0.0002745909826257685 -0.004726707075367467 0.09808246694001309 -0.009078839522288773 -0.003818894993765936 0.1 -0.008498643348859938 -0.003289874290126683 0.0980011687564853 -0.009224080421057452 -0.003005477547986775 0.096 0.01104504857024831 -0.0009753584739006643 0.1 -0.0003161901928291326 -0.005443228554468081 0.1 0.008425907688744353 -0.002307761435598319 0.096 0.007210857345802095 -0.003441745140634495 0.096 -0.01254364192555824 -0.001986717706010986 0.1 0.0127 -3.043448140914492e-18 0.098 0.0007246396061557185 -0.004714618087050356 0.096 0.0127 -3.043448140914492e-18 0.1 5.000000000057978e-05 0.01024899959967966 0.04299999999999995 -0.006612935223836875 -0.001910088993661368 0.09277231081125269 -0.004762654360383738 0.002488707907199065 0.09121636574304895 -0.006371777689550584 0.002090030136254323 0.09140479824345323 0.003093393965260513 -0.004919021569130008 0.1 0.004573336353965775 -0.004200614723982952 0.09600000000000003 0.006514077914538176 -0.004425843028608577 0.1 -0.007204773857939975 -0.004439235973064152 0.1 -0.00386278083176407 -0.00484130076420285 0.096 0.008087254166188853 -0.003200072975450405 0.1 0.009595492695003125 -0.002084502447358545 0.1 -0.005107685005493408 -0.004204370620694286 0.09600000000000003 0.003663691598992805 -0.003936586948652385 0.09774000299095076 -0.012661301954775 -0.0009906729076797592 0.09802536319227137 -0.01081021059227703 -0.0008231683859704397 0.096 -0.008865568195984268 -0.001529839364059574 0.096 0.001656801978367933 -0.003582172379514239 0.096 0.008655572898654356 -0.001409106584453683 0.09799101517567028 0.009566715911013532 -0.001235483253193629 0.096 0.01090127295922532 0.0008579487884520924 0.096 0.003100584013772436 -0.00386877803505427 0.09600000000000003 -0.002167847068419544 -0.004699470346379651 0.1 8.304418869356503e-05 0.007752761585451995 0.04296993731887401 -0.003081396484375072 0.001602797725800627 0.09107812500000002 -0.0025 -5.256330879050479e-19 0.09206250000000002 -0.007499864825707883 -2.599717654864402e-05 0.09280518652126807 -0.00490468415357188 -9.892832276874389e-05 0.09373092833379768 -0.003081396484374467 -0.001602797725799904 0.09304687500000001 -0.007117524217946009 0.001328943635528665 0.09291523075192101 -0.001190958104255193 0.009379629811670365 0.04333389304273989 0.005233651771586873 -0.002968131606659254 0.09780301297164604 -0.002690463088704093 -0.004283090091758226 0.096 -0.006757183414374267 -0.003700454484618922 0.09600000000000003 0.001245527355678952 -0.004192701581301923 0.1 -0.0110933022639739 -0.0008417669696989563 0.1 -0.004020972743745344 -0.003966376553583938 0.1 -0.007943809972915938 -0.002742790770363123 0.096 -0.009337676574855746 -0.001644136820347523 0.1 0.00142910095900321 -0.002825397641832366 0.09799543608904793 0.009318734457185581 0.0003915954016153693 0.096 0.01260561033641716 0.00154550575748295 0.09755089516201601 -0.0004468324588108155 -0.003275065050278509 0.09600000000000003 0.004661251842722058 -0.003689073511734739 0.1 -0.004953211226213312 -0.002499562123782391 0.09338874669880289 0.005608120031771787 -0.003092906190706114 0.096 -0.0127 -4.896805342283558e-17 0.09600000000000003 0.01087697936430097 0.000898039365611985 0.1 0.01264225059002595 0.001209752048557235 0.09872154563853318 0.00125 0.009000000000000003 0.04399999999999997 -0.004848604230454596 0.002495411653608229 0.09279839029136391 -0.005874096702326545 -0.003233285004035979 0.1 -0.00422655389804808 -0.003086308649756403 0.0980526925236969 0.006706330979489693 -0.001931543579476767 0.096 0.006221879707120121 -0.002466941942717344 0.1 -0.002122839881587146 -0.003116810135275889 0.096 -0.001033401876664599 -0.002468533441304013 0.09799772435743594 -0.005000000000000012 -0.0025 0.09600000000000003 -0.007677669736099903 -0.002394125780241161 0.1 -0.008088822296895956 -0.001170535656735879 0.0979817900309498 -0.01041916294410468 8.693887360206542e-05 0.09799121089437203 -0.009432423303001466 2.956576275390427e-17 0.096 0.009345536675348624 -0.0001669791721010574 0.1 -0.0006066267997836569 -0.003460877080249905 0.1 0.007931331006625129 -0.000829623770248881 0.09600000000000003 0.01254364192555825 0.001986717706010934 0.096 -0.0127 -4.900353484576797e-17 0.1 0.002615440238609525 -0.002418123861910934 0.096 0.004121943603986749 -0.002740606290917464 0.096 -0.007310087686911274 -0.000955769260219702 0.09442349694357247 -0.005987695010845451 -0.002296618942173691 0.09452811225861493 0.01254364192555825 0.001986717706010934 0.1 -0.0008579608945581977 0.008090932838889835 0.0439272748808836 -0.003639459581507469 -0.003311171275069366 0.09600000000000003 -0.003047776940041068 0.001561673821309873 0.09296005891316757 -0.00245953754895715 -0.002728064936183835 0.1 -0.006151242619199546 -0.00212085735808049 0.09803276776285698 0.006036179028052254 -0.00131602655590097 0.09798508398670051 0.007776044423742056 -0.001287132335902999 0.1 0.002807079396146347 -0.002954571284680354 0.1 0.001039404372713053 -0.002137871403462512 0.096 0.01019259075080349 0.002380857903006981 0.096 0.008436146085744906 0.0008548906526828691 0.09800574892642125 -0.007309698831278211 0.00095670858091274 0.09435389569238178 -0.004044873840719602 -0.002310353656879889 0.09470441858492333 0.005172853543566941 -0.001603487774442213 0.096 -0.01266089909992626 0.0009958082051712265 0.09790510441107392 -0.01068678268939973 0.001130267573063784 0.096 0.01235975298747975 0.002920018165780019 0.0981204301203453 0.000102288872432353 0.007754192235304134 0.04400672455070672 0.003462740469079456 -0.002140009499188222 0.09802500601071905 -0.006091598948772949 0.002249091313183569 0.09356565068026325 -0.00676776695296638 -0.001767766952966358 0.096 -0.0075 1.816786087245708e-17 0.096 0.01063716591387965 0.002658001850860371 0.1 0.01207841775694845 0.003924515828561836 0.1 -0.01254364192555825 0.001986717706010889 0.096 -0.01104133687344219 0.0008106793268700917 0.1 -0.01254364192555825 0.001986717706010889 0.1 -0.00611920753821032 -0.0004756006456459495 0.096 4.904566255896352e-05 0.01024903743858387 0.04499954795448947 -0.0025 -5.381419609032394e-19 0.09403125000000001 0.0009549325090820473 -0.002222729614394575 0.1 -0.009489287922857321 0.0003019576795332882 0.1 0.008990483100771024 0.001885854282802327 0.1 -0.0001538669378182907 -0.001998453437916357 0.096 0.009291091987831318 0.002969887897795641 0.09801109873162497 -0.001335185434277332 -0.001518015896704798 0.096 0.004367905744291009 -0.001720498844245304 0.1 -0.002883273360346264 -0.001330213641856149 0.09458267589445481 -0.004623813630384399 -0.0009081942355058904 0.096 -0.001238401849729405 0.009169884839190515 0.04484019655377956 -0.004312659134892772 -0.001994976506714967 0.1 -0.003232233047033635 -0.001767766952966372 0.09600000000000003 0.01173370744165896 0.004859023530870897 0.0979720698237305 -0.01099429591356334 0.002802307577822381 0.09600000000000003 -0.01235475574192723 0.002941090028767596 0.09803220212292914 0.008405537744921181 0.001833925259208842 0.09600000000000003 0.01207841775694845 0.003924515828561836 0.09600000000000003 0.00368279471469795 -0.001275809633247284 0.096 -0.00404329141908727 0.002309698831278214 0.09435389569238178 -0.006148001446563208 -0.001245125272356726 0.1 0.006298974785131888 -0.0004448760325194142 0.09600000000000003 -0.003877066783426484 -0.0008938737799181217 0.09809106392472747 -0.007915200642843599 -0.000424473250036873 0.1 -0.00715723440067644 0.0007605556836838356 0.09797511546982185 0.002220803200777153 -0.0009005698960623603 0.096 -0.008644421125599502 0.001359432485631063 0.09600000000000003 0.0004185014643804643 -0.0009768643865274882 0.09806320925508309 0.007464310726797191 0.0007324910350265624 0.09600000000000003 -0.005278316116670151 0.0006719145434920993 0.09600000000000003 4.9999999997758e-05 0.007751000400320234 0.04499999999999996 0.0104777050359958 0.004408122017552447 0.1 -0.01012288785181658 0.002372924140460541 0.1 -0.00676776695296636 0.00176776695296638 0.09600000000000003 0.002516276834881486 -0.0009843040235187988 0.1 0.009986843335917844 0.004278513117897803 0.096 -0.01207841775694846 0.003924515828561785 0.096 -0.01025339254644114 0.00414187039811907 0.096 -0.01173320613856569 0.004860233915144872 0.09804304574474863 -0.0008981180635368026 -0.001489733120692417 0.1 -0.002887131938522386 0.001336333998215952 0.09457585754345532 -0.003872300318503426 0.0004550987981506596 0.096 0.005923038245147554 -0.0004818587663197846 0.1 0.004763878931854975 -0.0001044300046693026 0.096 0.007438824303055916 0.0007510335178896044 0.1 0.002567266153309828 -0.0001798711472282875 0.09800128361237527 -0.008709986543186037 0.002258792928539825 0.09800908916999584 0.0004900926522771481 -0.0007022183887582063 0.096 -0.001843182666182212 -0.0005661914801598914 0.09788053237733176 -0.0009790064614990843 0.00822279581296609 0.04550407480426651 0.01131578285719227 0.005765679346692251 0.1 -0.01207841775694846 0.003924515828561786 0.1 0.007056024835560629 0.002245009542910124 0.096 0.00818906841751557 0.003342567295848212 0.09600000000000003 0.005106246275024765 0.0006770527984247091 0.09802756355821156 0.01131578285719227 0.005765679346692249 0.096 -0.01131578285719229 0.005765679346692206 0.09600000000000003 -0.009313769048807459 0.004647468265923918 0.09796224443066162 0.0006138706111232559 0.00791111852215259 0.04577880789879094 -0.0025 -5.382634681683283e-19 0.096 -0.004999999999999992 0.002500000000000001 0.09600000000000003 -0.002751224487884479 -0.0007566642602845324 0.1 0.007172159963079719 0.002726134784965945 0.1 -0.00940924464946912 0.002828166383356375 0.096 0.008796718126203015 0.003971906207179062 0.1 -0.005023993837224959 0.0009216088382038061 0.09811780710607756 0.01082776271988793 0.006636983839200233 0.09802922958766665 0.008821409497262586 0.005202047811122057 0.09797892821505401 -0.01010260592784831 0.004184636390625554 0.1 0.0006632965468421412 -0.0002513954826162113 0.1 0.006353451685907545 0.002832944940336919 0.09798030182377997 -0.008193084491907417 0.001472234819050907 0.1 0.009574384921490806 0.005847469325157442 0.096 -0.01084086763331763 0.006615556587082158 0.09796833208148248 -0.01131578285719229 0.005765679346692206 0.1 0.01027451582856183 0.007464872704114416 0.096 -0.009351417453264439 0.00571381910822489 0.096 -0.01027451582856186 0.007464872704114371 0.09600000000000003 0.00125 0.009000000000000003 0.04599999999999997 -0.001184523755588493 0.009399253644249535 0.04633234826979937 -0.003232233047033628 0.001767766952966367 0.09600000000000003 -0.004604344318584677 -2.35780177983782e-05 0.1 0.004076255363319928 0.0002529102214118497 0.1 0.005840964886676923 0.001110780052459707 0.096 -0.006454487088672296 0.0007057544235788986 0.1 0.00334941603658915 -1.348357517195895e-05 0.09600000000000003 -0.007930608899526275 0.002712354962682562 0.096 -0.0008895719922016945 0.0001987437285859633 0.096 0.009560440525755618 0.005720506854468722 0.1 -0.008464219602547184 0.004001877637434772 0.096 0.008411835954137234 0.006846902275745336 0.096 -0.009657155763120547 0.008247990213793154 0.09802074020217968 0.002072334155386617 0.0007945883734061396 0.096 0.007882946631644861 0.004881379181337409 0.09600000000000003 0.01027451582856183 0.007464872704114416 0.1 -0.001189791656039339 0.0004816502826441216 0.1 -0.003042907674136302 0.001214731651754267 0.1 -0.0002749156196119338 0.007780606133321401 0.04591608682500291 0.005639347308843196 0.001492063548436609 0.1 0.004007269180229053 0.001418803284713013 0.09600000000000003 -0.002316397712787042 0.002030590064103732 0.09801406510492407 -0.006731268720220314 0.002658360354455078 0.1 -0.008460993964997389 0.003457330527902763 0.1 -0.006042630745353291 0.002855010598247355 0.09792650900641912 -0.0004168922528968171 0.0009299970477408213 0.09800502884455331 -0.001789127550645651 0.001334145117920846 0.09600000000000003 0.002224741628121283 0.0009869030824782201 0.1 0.005438236289098498 0.002792228363804538 0.096 0.00691754721821125 0.003554799006333545 0.09600000000000003 -0.008995350930985463 0.005617654938308857 0.1 0.009657950616576556 0.008247059469154355 0.09795631913251417 -0.008373748470664098 0.007181521480461176 0.096 0.008467274135173597 0.007176489040614922 0.1 0.0004496564867800128 0.0008448452157651043 0.096 -0.01027451582856186 0.00746487270411437 0.1 5.000000000058004e-05 0.01024899959967966 0.04699999999999997 0.003786222418635049 0.002225156331640158 0.1 0.005347661681748748 0.003463462693265228 0.1 0.006818217270034402 0.004645498575991533 0.1 -0.007372292427021289 0.005396863767960047 0.09806899282279882 0.008051169973121516 0.005672895680560095 0.1 -0.007620117254543244 0.00538375404985586 0.09600000000000003 0.008980256121069145 0.008980256121069161 0.096 -0.008980256121069187 0.008980256121069124 0.09600000000000003 -0.006726384217888552 0.003650813787645191 0.096 0.00623599081223504 0.00533035280404476 0.09801170178495558 -0.004896028956602898 0.001947819781714786 0.1 0.000291461709438331 0.00778445482521986 0.04666846138536339 -0.0009679658691485942 0.008209087820195313 0.04680446781904021 -0.004128313393026594 0.002707272889856522 0.09828152021930997 0.003138354240447951 0.003066979279950603 0.09805934733500797 0.003935064537417344 0.002929599968374981 0.096 0.0003716492657527268 0.001719954415248328 0.1 0.0009372222973477253 0.003006839161265522 0.09801817359836235 0.002650160085916542 0.002422551751032564 0.096 -0.0005040997680574621 0.001796341322278275 0.096 0.00761521536794065 0.00700528107249393 0.09801195351369436 0.006021459917236691 0.004512810647767445 0.09600000000000003 -0.007146360203957279 0.007466838159142911 0.09798848840635731 0.008980256121069145 0.008980256121069161 0.1 0.001079527386495455 0.00213677104331335 0.096 -0.008546827629737684 0.007394092808158607 0.1 -0.008980256121069185 0.008980256121069122 0.1 -0.001481466566239199 0.002453035571672565 0.1 0.00125 0.009000000000000003 0.04799999999999997 -0.001671767047426208 0.002977479472401194 0.096 -0.004988421044961336 0.004129095347655881 0.09600000000000003 -0.003391372906066796 0.003502405403244619 0.096 0.004739287024486865 0.004124706364310901 0.09791029563629813 -0.006972701448942208 0.004606535334141953 0.1 0.006584179664143652 0.006100523697811801 0.096 -0.005187714403819839 0.003919218629994116 0.1 0.008229502215392561 0.009672915449172958 0.09796777446126337 0.007071459576479264 0.007887698293928515 0.096 -0.008229721082685887 0.009672729237459068 0.09797073480274524 -0.007174199545439845 0.008479843375238725 0.096 0.007481927166138347 0.008467759630945225 0.1 -0.003334590059467219 0.003186126552577038 0.1 -0.0009423923113781902 0.00335977888866249 0.09836706966002906 0.0001475486769649315 0.007758738791419834 0.04783741854892799 -0.001188494055353149 0.009387274941598637 0.0474296183723163 -0.005341821334316151 0.004932059319258929 0.09801013471550209 0.001933096262887792 0.002958250790616649 0.1 0.003494536708573857 0.004196555578584733 0.1 0.004996092334680622 0.005442373212617731 0.1 -0.006204089410544815 0.005093727711115623 0.096 0.006613199808440958 0.006850077724546244 0.1 0.004505887056250999 0.004141553015492103 0.096 -0.007219510157645789 0.006481204880080055 0.1 -0.006453648716046509 0.006727172429716468 0.09600000000000003 0.005009226094967118 0.005667552011802553 0.096 0.005573809536168027 0.007590918757313844 0.09809902774185572 -0.002844321076390738 0.004161069368883306 0.09805722165585641 0.003073770075591627 0.003872863426832684 0.096 -0.007264505110426121 0.008426475397220629 0.1 0.0074648727041144 0.01027451582856184 0.1 0.0074648727041144 0.01027451582856184 0.096 -0.007464872704114445 0.01027451582856181 0.096 0.003131848223570067 0.004632047001389817 0.09748363946968114 7.997177399536555e-05 0.003691343056498716 0.1 0.001617756523406604 0.003567323269369062 0.096 0.0001066340628427042 0.003302461306877128 0.096 0.001641411928757533 0.004929648213933892 0.1 -0.005375213347851372 0.005853799847638456 0.1 -0.005381050222838146 0.00883224289362446 0.09800827023148731 -0.005778273716430501 0.008103244572665721 0.096 0.005407985334086584 0.007300271097749028 0.09600000000000003 -0.007464872704114446 0.01027451582856181 0.1 0.005884033061893631 0.009057459439933958 0.1 0.005619596435972336 0.009288270893180555 0.09600000000000003 -0.00585345116883249 0.009514930525009437 0.09600000000000003 0.006635089888950037 0.01082892340750238 0.09809502151335306 -0.005765679346692279 0.01131578285719225 0.09600000000000003 -0.006635731771892679 0.01082853008729689 0.09809457230324067 -0.001773151167254067 0.004424433332417629 0.1 4.925827730394007e-05 0.01024902907176617 0.04899954507929676 -0.0009041764498973169 0.00813688648055364 0.04817215701422897 -0.002128338761098076 0.004630615158099824 0.096 -0.004937484506676726 0.005710618651630648 0.096 -0.003449304058717704 0.004991019028452341 0.096 0.004145069540176226 0.005953758603418719 0.09798420274585076 -2.91344262814539e-05 0.005027578082614839 0.09796253057128981 0.003535560420539265 0.005277608178326796 0.096 -0.004869200422128343 0.006887093054148223 0.0979902467441555 -0.003626275460930119 0.005157525343437048 0.1 -0.005857749561445243 0.009558978504622281 0.1 -0.0006898484126699178 0.004543423988735088 0.09600000000000003 -0.005485773503910939 0.00781611182086828 0.1 0.005765679346692233 0.01131578285719228 0.09600000000000003 -0.004882132506054862 0.01172411114726069 0.097971672635616 0.005765679346692233 0.01131578285719228 0.1 5.649976853116514e-05 0.00775127754238345 0.04883679519929277 -0.00292111315746372 0.006387879357774202 0.09803104695494896 0.003202851294028043 0.006167954385549313 0.1 0.004625087277107424 0.007526717993960211 0.1 0.0007238392772536915 0.004705120705254007 0.096 0.001972723833357126 0.005744527017086012 0.09793055971965396 -0.004831200670410228 0.007175878231822733 0.096 0.002121196528053012 0.004973465903867738 0.096 -0.001869797013579922 0.005401803116258987 0.09736412134789832 0.004542447513704008 0.009439704113105895 0.09790882712168274 -0.004348275849386786 0.0101819401432082 0.096 -0.003991868920276162 0.01028507888842612 0.09803008102902684 -0.004578868481423432 0.00861839830154125 0.096 0.003823847311826057 0.006805519746161422 0.096 -0.005765679346692279 0.01131578285719225 0.1 0.004861414980371704 0.01173271683748558 0.09797620516101961 -0.004401095134456092 0.01049782666745621 0.1 -0.001181981788272617 0.009406717410731171 0.04894188955606869 -0.0002112542738604455 0.005662624135968951 0.1 -0.003801782829198603 0.007057743233792145 0.1 0.002526731309599581 0.006300993635721061 0.096 0.004207493390378248 0.01030087931939853 0.096 -0.003924515828561864 0.01207841775694844 0.09600000000000003 0.004276273511787618 0.009671189263454304 0.1 -0.003924515828561864 0.01207841775694844 0.1 0.00380008826408329 0.008650477962253137 0.096 0.003280220319165828 0.007735731398818179 0.09788241728508834 0.003924515828561817 0.01207841775694845 0.1 0.003924515828561817 0.01207841775694845 0.096 0.0007316070580725767 0.007986466027911058 0.04988797505570791 -0.002593246323870009 0.00577355006979087 0.096 -0.003616246359489081 0.006346806665059481 0.096 -0.004002298389442029 0.008864009772254289 0.1 -0.002064836609289624 0.00639583217385238 0.1 -0.001358475822823045 0.00603435773200565 0.096 -2.058530267641283e-05 0.005846647720017814 0.096 0.002441246777603853 0.01036172715775799 0.1 0.002938973627424733 0.01094363998930613 0.09600000000000003 -0.003459972310436122 0.007671473673024176 0.09600000000000003 -0.001131589369958781 0.008468958101656482 0.04938495361859468 0.00125 0.009000000000000001 0.04999999999999993 -0.002413866617222141 0.006864951765337057 0.096 0.001349726766703001 0.006901046696872713 0.1 0.002843189972629129 0.008174793039823028 0.1 -0.0007057967344977509 0.00735834024107074 0.09795144774101427 0.001231453696938574 0.006003559768377582 0.096 0.0005649376492539582 0.006248235446459845 0.09732235964136084 -0.002468211523803855 0.008784891546261683 0.09795409701282914 0.003046746864767934 0.009734507438863666 0.09600000000000003 -0.002964507532679599 0.01234915766717252 0.09804094857329243 -0.002803650856630475 0.01056895579946136 0.096 -0.002585586436651157 0.01043225241532694 0.1 -0.003184605131886997 0.009037838875618482 0.096 0.002426307960831079 0.009520391613903979 0.09802232117932208 0.002663492447680506 0.007636215591115968 0.096 0.002964273834790712 0.01234921376575752 0.09809317668728788 0.001986717706010913 0.01254364192555825 0.1 -0.001986717706010959 0.01254364192555824 0.1 -0.001181440602906294 0.00940828678867239 0.05026633906313142 -0.0003395657153070398 0.007797005766851721 0.04996789392205718 -0.001995086801908836 0.007414156810363072 0.09728021105383261 0.001596729550393921 0.00718380205728944 0.096 -0.002270438562923156 0.008371534422567526 0.1 0.002387339756121774 0.008865203473719597 0.096 0.001986717706010913 0.01254364192555825 0.096 -0.0005006483360748829 0.00763344134223839 0.1 0.00099642710458731 0.01266085040687409 0.09796529750908738 -0.001657764993537865 0.01069103340853475 0.09812242959967903 -0.001986717706010959 0.01254364192555824 0.096 0.0009884537200033528 0.008863956988384086 0.1 0.0006283299266302906 0.01083836397237982 0.1 -2.46573606305234e-17 0.0127 0.1 0.001302994727496784 0.007715253550126873 0.09803704948099411 5.000000000057997e-05 0.01024899959967966 0.05099999999999992 -0.001053695574317859 0.008327522761230572 0.05080807134522668 -0.0005005136528382431 0.0067929479203537 0.096 0.0004619098659213341 0.00695072751412161 0.096 0.001369181863443097 0.01045510474522457 0.09736100845643 0.001735384801303923 0.008141586353807994 0.096 0.00170377021537793 0.01113646027457496 0.09600000000000003 -0.0009964305157436552 0.01266085013841072 0.0980908860344562 -0.0009464584982842712 0.01122704525446185 0.1 0.0001543622523234191 0.009676305216330333 0.09805131154234939 -0.0007883182753895045 0.009620967959044227 0.1 0.0005985473079510746 0.01136777368874434 0.096 -2.463584677165688e-17 0.0127 0.096 5.000000000226211e-05 0.007751000400320411 0.05099999999999993 -0.001307265837167693 0.007351666525850706 0.09600000000000003 -0.002234352479825983 0.008062041561354111 0.096 0.001899839285831627 0.009912336449640916 0.096 -0.001987800495027087 0.009373455388644789 0.096 -0.001451772332063018 0.01057189609543477 0.09600000000000003 0.0001543622523234143 0.008323694783669669 0.0972807708363892 -0.0006088712886454092 0.01157585440293173 0.096 -0.001193634603028378 0.00937112859557475 0.0516579978157941 0.00125 0.009000000000000001 0.05199999999999992 0.00125 0.009000000000000003 0.09600000000000003 -0.001126211084878028 0.008457645326103063 0.096 0.0007793622523234141 0.008022710646914961 0.096 -0.00112621108487802 0.009542354673896958 0.09600000000000003 0.0007793622523234191 0.009977289353085039 0.09600000000000003 -0.0002781511674453876 0.01021865989022728 0.09600000000000003 -0.0008235268533190029 0.008059625860700912 0.05237875823954241 -0.0002781511674453988 0.007781340109772723 0.09600000000000003 0.0002849207357663183 0.007782905026577476 0.05214233192346622 4.88514601301451e-05 0.01024904504916482 0.05300079022438373 -1.531116844723505e-19 0.009000000000000003 0.096 -0.001249972021172326 0.008991636610354041 0.09473442155435484 -0.001237423770264885 0.009176868348732714 0.05319912017386905 0.0002867682603808318 0.007783339009897109 0.05332451282287297 -0.0007739302566055761 0.008018403362928323 0.0950516965940317 0.000310981528028442 0.007789301652258048 0.09505319897474232 -0.0008066879826481603 0.009954858365754337 0.0949825680162012 0.0002781511674453974 0.01021865989022728 0.09506880609893184 0.00125 0.009000000000000001 0.05399999999999991 -0.0007274651568725031 0.007983489082431249 0.05340870648611054 0.00125 0.009000000000000001 0.09399999999999999 -0.0002781511674453879 0.01021865989022728 0.09409187630992857 -0.0001827310273241203 0.007763428379893398 0.09402130712780732 -0.0001828672334078121 0.007763448515044452 0.05410331367683789 -0.0009799057930229662 0.008223930005218582 0.05452662407629648 -0.001170788714890269 0.009437897002827825 0.05478203447922486 -0.001218229092424204 0.009280031923843159 0.09350165871488961 -0.001095125239426633 0.008397338644037335 0.09395660569601352 4.999999999775814e-05 0.007751000400320232 0.05499999999999991 5.000000000058004e-05 0.01024899959967966 0.05499999999999992 -0.0009406628116421019 0.008176802894323862 0.05553733356422878 -0.0009283989775791874 0.008162996213610763 0.09285593496326384 7.086991528822054e-05 0.01024798936498155 0.09232893228154501 0.0004007701800677837 0.007815988487062548 0.09294915607984539 0.00125 0.009000000000000001 0.0559999999999999 -0.001183699228203685 0.009401691594572256 0.05599999999999866 0.00125 0.009000000000000001 0.09199999999999998 -2.819380494093109e-05 0.007750317996703582 0.05600071558043165 -0.001189253709669268 0.009384935857043593 0.09183219160053642 4.99999999984981e-05 0.01024899959967974 0.05699999999999991 -0.0009586288732868715 0.008197796357960934 0.05702985890597612 0.0005331678687951034 0.007869410762617792 0.09148318493587058 4.999999999359701e-05 0.007751000400320065 0.0569999999999999 7.404349965484846e-05 0.01024780509702392 0.09050302251203575 -0.001194721360390047 0.009367615112621555 0.05766244359250494 -0.0007751778833714119 0.008019388329086477 0.09090880143333988 0.0007642686684825297 0.008010862293522313 0.0577684832521706 -0.0002244578903671358 0.007770317660754643 0.05783752469456506 0.00125 0.009000000000000001 0.08999999999999997 0.00125 0.009000000000000003 0.05799999999999991 -0.0009761730056915837 0.00821923994533592 0.05827189757844765 0.0004584648127880495 0.007837111348651464 0.09008328823267818 -0.00116097369195542 0.00946329265760144 0.09009940034235707 4.890316943927037e-05 0.01024904302568759 0.0590008116579344 0.0002858281224798193 0.007783117801757435 0.05867689163144568 5.000000000518052e-05 0.01024899959967947 0.08899999999999997 -0.001240043669154459 0.009157453798270942 0.05923747670152792 -0.0002320499522051861 0.007771727709470913 0.08875834084394732 -0.0006447828012081712 0.007929133463373638 0.05959789001234669 0.00125 0.009000000000000001 0.08799999999999995 -0.001213108679832449 0.009301442085507605 0.08856086421122547 0.0006060532776378469 0.007906748233633066 0.05986233039369242 -0.001081136426178921 0.00962741057369881 0.06062104799288383 0.00125 0.009000000000000001 0.05999999999999989 -0.001107146363178094 0.008419718231803274 0.06062287814246443 5.000000000471904e-05 0.01024899959967949 0.08699999999999994 -0.001234670375013926 0.008804835799740392 0.08720463216434685 4.20066637843061e-06 0.007750007058259139 0.06090933069000255 -0.0003580209762911131 0.007802368595712541 0.08631861413022958 4.999999999849782e-05 0.01024899959967974 0.06099999999999989 0.0007620015983573149 0.008009114757350331 0.06138201822189659 -0.0006534364393322471 0.007934391807579919 0.06180307918407286 0.00125 0.009000000000000001 0.08599999999999994 -0.001205053336134958 0.00933218437210382 0.08589500463629399 -0.001185071538542036 0.00939762475845653 0.06199999999999988 0.00125 0.009000000000000001 0.06199999999999987 0.0001354189018397372 0.01024264303845655 0.08488955797536964 -0.000456242260805425 0.007836237567432619 0.084794169595588 0.0003676198323950472 0.007805280091891898 0.06279802552097517 4.999999999849858e-05 0.01024899959967974 0.06299999999999986 -0.0009700456561817347 0.008211640041020003 0.06281136141313523 0.00125 0.009000000000000001 0.08399999999999994 -0.001177904029525957 0.00941838032605097 0.08399943448392876 -0.001193653055344068 0.009371069243494758 0.06330823541495112 0.00125 0.009000000000000001 0.06399999999999986 -0.0002964236163305454 0.007785655304420728 0.0636061280357767 5.0000000005188e-05 0.01024899959967947 0.08299999999999993 -0.0004017039578987445 0.007816304967397228 0.08288309566196951 -0.000898902581230206 0.008131395285841902 0.06417237961020106 0.0006484916536223994 0.007931375381538455 0.06437407021727583 -3.857906616258476e-05 0.007750595479576763 0.06483966105703548 0.00125 0.009000000000000001 0.08199999999999992 -0.001195112333751906 0.009366342066536285 0.08200000000000345 4.82986899332014e-05 0.01024906654608581 0.06489606355426424 -0.001248319038141219 0.009064804158926581 0.06470581020435547 -0.001020356140121253 0.008277938127777919 0.06542419469278414 4.999999999939388e-05 0.01024899959967971 0.08099999999999992 -0.0001828483488438143 0.007763445722450856 0.08095989945971188 0.0006352621412314884 0.007923458309252271 0.06578650228091169 -0.001216767438468009 0.009286316259901532 0.06595201619850243 -0.0002863100077267178 0.007783231090356298 0.0658818087854223 0.00125 0.009000000000000001 0.0799999999999999 -0.001228493967762926 0.009230873496032145 0.08017416923913831 0.00125 0.009000000000000001 0.06599999999999985 -0.0007294347792348859 0.007984901530469801 0.06672631778423391 5.000000000125784e-05 0.01024899959967963 0.0789999999999999 5.000000000052261e-05 0.007751000400320344 0.07899999999999992 4.879702365264953e-05 0.01024904717704442 0.06700075820985502 0.0005186512708849912 0.007862678207713674 0.06698182753138676 0.00125 0.009000000000000003 0.07799999999999993 -0.001210221249390295 0.00868716693345461 0.07800000000000415 -0.001225979655747447 0.008756127320731963 0.06744689568348766 0.00125 0.009000000000000001 0.06799999999999985 -0.0003392659995926269 0.007796921207268447 0.06814077484317763 4.999999999358039e-05 0.007751000400320065 0.0769999999999999 -0.000438848674888335 0.01017043233061496 0.07722502697779764 -0.001140732878199303 0.009511105175668508 0.06856207987814408 0.0007248058628375825 0.007981591211155234 0.06829717951906754 -0.001064665726992384 0.008345029092426409 0.06886179498010762 0.00125 0.009000000000000001 0.0759999999999999 -0.001224663761716468 0.008749602973782697 0.07619106602008331 4.999999999968907e-05 0.01024899959967969 0.06899999999999988 9.537119388944792e-05 0.007753643576108304 0.06944009614079563 9.011755139497536e-05 0.007753252701253952 0.07546672353366171 -0.0004009230075740328 0.01018395977211973 0.07548357202538307 0.00125 0.009000000000000001 0.06999999999999987 -0.001187126090199951 0.009391448139562036 0.06959128061714907 -0.00122326415346701 0.008742852550386671 0.07480622455452218 -0.0008856854498339417 0.008117922178063383 0.06997974453199281 0.0006724182173539347 0.00794626676005236 0.0740509413992026 0.00125 0.009000000000000001 0.07399999999999989 -0.0003613363036374194 0.01019663531440186 0.07035851928032037 -0.0005135314415489694 0.007860357311022163 0.07412871673109762 -0.0004599914579532938 0.01016228561834431 0.07354626510876754 0.0002801770980573094 0.007781804287594073 0.07068531343941219 0.0007815477986745458 0.009975542432899245 0.0708357263420326 -0.001249758285559854 0.009024581042990393 0.07061344821134286 -0.001240789970119355 0.00884853960896918 0.07328063637430016 0.0004068428686542576 0.01018193861102224 0.07216315647263213 4.99999999953109e-05 0.007751000400320135 0.07299999999999987 0.00125 0.009000000000000001 0.07199999999999987 -0.0008848693707904274 0.00811710351873113 0.0713740697178219 0.0001121688739510638 0.007755042914909695 0.07184221938810656 -0.0009776215578218301 0.009778945498531201 0.0716133500162795 </DataArray>
      </Points>
      <Cells>
        <DataArray type="Int32" Name="connectivity" format="ascii">0 1 2 3 2 4 0 3 3 1 2 5 3 6 1 5 2 5 7 3 2 4 3 7 4 0 3 7 5 2 6 1 7 5 2 8 2 9 7 8 9 2 7 4 10 3 0 7 10 4 7 0 2 1 11 6 5 6 2 8 10 7 4 9 12 0 4 10 11 8 2 6 5 6 8 13 14 10 9 7 10 9 4 15 4 12 10 15 11 2 8 16 6 11 8 13 15 10 9 14 12 4 9 15 16 8 11 13 11 6 17 13 9 18 15 14 4 18 12 9 9 15 18 12 16 19 8 13 16 11 17 13 6 20 17 13 21 15 18 14 4 12 18 22 21 18 15 12 16 17 19 13 17 20 19 13 23 21 18 14 18 22 12 21 19 24 17 16 19 20 25 13 24 20 19 17 12 22 26 21 18 22 21 23 19 24 16 27 24 19 20 25 21 22 26 23 23 22 28 18 27 19 24 25 20 29 24 25 30 21 26 23 23 28 22 26 28 18 31 23 27 32 19 25 27 24 29 25 30 26 28 23 33 23 28 31 27 29 32 25 29 34 24 27 26 28 35 30 33 28 23 30 33 28 36 31 25 29 32 37 34 29 32 27 30 28 35 33 36 30 35 33 33 31 36 38 39 36 28 31 33 36 28 35 34 32 29 37 40 34 32 27 31 36 38 39 39 28 36 35 29 41 34 37 34 41 32 37 34 32 41 40 42 31 38 39 36 39 43 38 35 44 36 39 32 41 45 37 41 46 34 40 40 32 41 45 38 43 42 39 43 39 36 44 45 41 47 37 41 46 40 45 40 48 32 45 49 43 42 38 43 44 42 39 46 41 47 45 46 45 48 40 43 42 44 49 39 44 42 50 51 41 47 46 48 45 46 47 48 52 46 40 44 53 43 49 49 42 44 50 52 47 46 51 47 48 45 54 52 46 47 48 40 48 52 55 44 53 49 50 49 56 42 50 47 57 51 52 54 52 47 48 48 52 55 54 53 56 49 50 58 53 56 49 44 59 53 50 60 42 56 50 54 47 52 57 61 48 55 54 55 52 57 54 58 56 53 50 53 59 58 50 60 56 58 50 55 62 61 54 57 62 52 55 57 62 55 54 59 63 53 58 58 59 60 50 55 64 61 62 62 65 61 54 57 65 62 54 63 59 60 58 66 60 59 50 61 64 55 67 64 65 61 62 61 65 68 54 58 60 63 69 63 60 59 66 67 61 64 68 64 61 65 68 69 60 63 66 63 59 70 66 67 71 61 68 72 64 68 67 65 73 64 68 69 74 60 66 69 63 70 66 71 67 72 68 72 68 64 73 64 75 67 72 69 76 74 66 63 70 77 69 69 70 76 66 67 75 71 72 75 64 73 72 66 76 74 78 74 77 76 69 70 76 77 69 67 71 75 79 75 80 71 72 73 80 75 72 76 77 74 78 69 74 77 81 82 76 77 70 71 83 75 79 83 71 80 72 71 75 83 80 77 76 82 78 78 77 74 81 84 71 79 83 79 75 85 83 80 85 75 83 78 82 77 81 78 74 86 81 71 84 87 83 79 83 88 84 85 89 75 79 79 89 83 85 82 90 77 81 86 81 82 78 87 88 83 84 79 88 83 89 89 91 83 85 82 81 86 90 92 86 82 78 87 93 88 84 87 83 88 89 91 94 85 89 89 83 91 87 95 90 86 81 86 96 82 90 92 82 86 96 87 88 93 97 89 87 94 88 94 87 89 91 86 95 81 98 95 86 90 96 92 96 86 98 88 99 93 97 87 88 97 94 94 99 89 88 87 91 94 97 96 95 86 98 86 100 92 98 92 101 96 98 99 93 102 88 99 103 93 97 94 99 88 97 101 95 96 98 104 92 100 98 101 96 105 92 104 101 92 98 102 103 93 99 106 93 103 97 94 103 99 97 95 101 104 98 104 92 105 100 104 105 92 101 102 107 103 99 106 102 103 93 105 108 100 92 105 100 109 104 105 109 101 104 103 102 106 107 102 110 93 106 108 100 109 105 104 100 109 111 105 101 109 112 107 103 113 106 107 110 102 106 102 93 110 114 115 93 110 106 105 109 108 112 108 109 100 111 110 107 113 106 115 110 93 114 110 113 115 106 109 108 112 111 108 100 116 111 115 117 110 114 115 113 118 106 117 113 115 110 117 119 110 114 112 120 109 111 112 108 120 111 116 120 108 111 119 117 115 114 115 113 117 118 120 121 108 112 122 120 116 111 116 120 121 108 119 115 123 114 119 115 117 124 115 117 124 118 119 117 125 124 121 120 116 122 116 121 126 108 124 115 123 119 123 119 125 124 125 127 119 123 121 128 120 122 126 121 116 122 124 123 115 129 123 130 124 125 130 125 123 127 128 121 126 122 116 131 126 122 124 130 123 129 132 127 125 130 123 133 130 127 121 134 128 126 126 131 128 122 131 116 135 122 130 133 123 129 132 125 136 130 127 132 133 130 135 137 128 122 134 131 128 126 135 128 131 122 133 138 129 130 133 132 136 130 127 132 139 133 134 128 135 137 137 128 140 134 134 131 126 141 135 128 134 131 133 136 138 130 139 132 136 133 140 134 135 137 136 138 130 142 136 143 132 139 134 141 135 131 139 136 138 133 144 137 140 135 135 134 140 141 139 138 136 142 136 143 139 142 140 134 145 141 135 141 146 131 133 138 139 147 140 141 144 135 139 143 138 142 136 148 143 142 141 145 140 144 135 146 141 144 139 138 143 147 138 143 149 142 149 143 148 142 145 150 140 144 151 145 141 144 152 153 154 155 152 156 157 158 157 153 152 158 151 141 146 144 143 159 139 147 138 143 147 149 149 143 159 148 151 150 145 144 154 153 160 155 154 153 152 157 157 156 161 158 157 153 158 162 155 160 154 163 164 148 165 149 146 150 151 144 159 143 149 147 147 164 138 149 159 166 148 143 159 164 149 148 167 150 145 151 160 153 154 168 157 154 153 162 161 169 156 157 157 158 161 162 165 158 153 162 163 155 160 170 163 160 154 168 148 165 171 164 164 165 172 149 164 173 138 149 160 165 153 168 174 161 169 156 161 158 172 162 158 165 172 162 170 163 155 175 164 172 173 149 160 171 165 168 169 176 174 156 177 171 160 168 178 163 179 180 154 178 163 179 181 154 178 182 182 181 154 183 154 157 182 183 182 157 184 183 185 150 146 144 146 150 167 151 149 164 159 147 164 138 173 147 159 148 166 164 153 162 154 168 157 183 154 162 161 169 157 186 161 157 162 186 165 162 153 168 163 170 160 168 163 154 179 168 164 171 148 166 164 165 171 168 172 165 164 162 174 169 161 186 187 161 172 162 170 163 175 188 164 173 172 162 174 189 176 169 190 171 177 168 177 160 170 168 191 179 163 180 178 154 181 179 154 183 181 162 169 184 157 183 192 189 176 193 150 146 167 185 194 146 167 151 159 164 195 147 173 196 164 147 166 164 197 159 181 154 162 168 186 183 157 162 186 157 183 169 187 161 162 186 165 164 162 168 163 198 170 168 181 179 154 168 163 179 191 168 197 171 164 166 164 171 199 168 174 161 187 186 174 189 169 186 173 187 172 162 175 200 170 188 170 163 188 198 164 199 173 162 189 176 193 174 190 197 171 168 168 190 201 177 170 201 177 168 180 163 191 188 202 181 183 162 184 169 203 183 192 189 193 204 167 205 150 185 169 203 206 184 193 207 192 204 192 207 208 204 194 167 146 185 164 195 197 159 164 196 195 147 164 196 173 209 181 162 202 168 186 202 183 162 203 183 169 186 173 187 162 186 199 162 164 168 163 191 198 168 170 198 201 168 181 210 179 168 179 210 191 168 197 164 171 199 197 199 171 168 187 211 174 186 186 206 189 169 189 174 193 186 188 175 200 212 170 188 200 198 191 188 163 198 164 173 199 209 173 162 199 209 190 198 197 168 168 201 190 198 191 213 180 188 193 204 189 214 205 167 194 185 206 203 169 186 193 207 204 214 208 204 207 214 211 215 174 186 215 193 174 186 213 180 188 216 217 204 208 214 217 218 219 208 218 219 220 217 218 220 221 217 221 222 220 218 206 189 223 224 225 223 189 224 189 223 225 204 226 225 223 204 227 228 221 229 207 193 215 230 146 231 194 185 195 164 197 199 196 164 195 199 196 232 173 209 164 199 196 209 181 202 210 168 202 162 199 168 186 183 202 203 202 199 162 186 173 211 187 186 173 186 162 209 210 198 191 168 200 201 170 198 197 198 199 168 186 189 206 224 189 186 193 230 200 233 188 212 200 198 188 234 234 188 191 198 162 186 199 209 190 235 197 198 235 190 201 198 234 191 188 213 189 204 225 214 189 193 214 230 205 167 236 194 205 194 237 185 206 224 203 186 207 214 193 230 208 207 219 214 238 215 211 186 215 193 186 230 188 233 213 216 226 204 217 214 219 217 208 214 219 220 217 239 221 217 220 239 222 240 221 220 225 224 189 230 226 225 204 214 229 221 227 217 221 241 228 227 215 242 207 230 191 210 243 198 240 221 241 222 244 242 215 230 241 245 240 222 246 229 217 226 237 194 231 185 195 197 247 199 195 196 199 209 211 173 232 209 248 232 196 209 202 199 210 168 202 203 249 186 202 199 186 209 173 211 186 209 199 198 210 168 201 198 200 234 199 198 197 250 224 186 189 230 212 200 233 251 188 233 200 234 191 198 243 234 235 197 198 250 252 235 201 198 191 243 213 234 188 213 233 234 225 189 214 230 237 236 194 205 253 203 224 186 242 214 207 230 242 219 207 214 238 211 254 186 238 215 186 230 216 233 213 255 226 217 246 214 219 217 214 239 220 219 242 239 239 217 227 221 240 221 220 239 225 253 224 230 226 246 225 214 227 246 229 217 228 241 256 227 241 227 221 239 243 210 257 198 241 221 240 239 215 238 244 230 258 242 244 230 245 241 240 259 247 199 197 250 260 201 200 234 212 233 261 251 235 247 197 250 232 238 211 254 262 233 216 255 241 256 263 228 264 244 238 254 237 194 236 231 195 199 247 250 195 265 196 209 199 266 195 209 211 232 254 209 265 248 196 209 264 232 248 209 210 202 267 199 253 249 203 186 202 186 249 209 202 249 199 209 254 186 211 209 210 198 199 250 260 198 201 234 253 186 224 230 233 251 200 234 198 268 243 234 269 235 198 250 269 235 252 198 252 201 260 198 213 243 255 234 213 255 233 234 270 225 214 230 205 236 271 237 272 214 242 230 219 214 242 239 238 186 254 230 246 214 217 239 242 273 220 239 227 217 239 246 220 273 240 239 270 253 225 230 270 225 246 214 241 256 227 239 257 243 198 268 210 257 198 250 241 240 259 239 238 254 244 230 230 258 274 244 258 272 242 230 275 241 245 259 276 245 240 259 251 260 200 234 277 261 233 251 269 247 235 250 264 238 232 254 278 233 262 255 256 241 263 259 264 254 274 244 202 249 267 199 241 259 256 239 276 240 279 259 261 278 280 277 281 275 245 276 231 236 282 194 271 236 231 237 283 195 247 250 195 266 199 250 265 195 266 209 267 266 199 209 264 254 232 209 265 266 248 209 248 284 264 209 210 267 257 199 253 254 249 186 249 186 254 209 267 199 249 209 210 199 257 250 260 268 198 234 254 186 253 230 277 251 233 234 243 268 285 234 269 198 252 250 252 198 260 268 255 243 285 234 233 255 278 234 270 214 272 230 242 214 272 239 286 214 246 239 273 242 287 239 227 286 246 239 273 259 240 239 253 270 288 230 214 270 286 246 239 289 256 227 257 290 243 268 257 198 250 268 230 274 254 244 230 274 258 272 287 242 258 272 275 263 241 259 276 275 245 259 291 260 251 234 278 261 233 277 247 269 292 250 293 278 262 255 263 294 256 259 264 274 254 295 239 256 289 259 279 296 276 259 279 240 273 259 277 278 280 297 275 276 281 298 247 292 283 250 252 250 198 268 242 272 287 239 299 278 262 293 300 301 302 303 304 305 280 297 306 299 307 297 299 278 307 297 303 308 306 309 263 275 310 294 311 312 313 310 314 315 316 317 275 312 310 298 271 231 236 282 318 271 231 237 283 266 195 250 199 266 267 250 283 265 195 266 267 249 266 209 264 295 254 209 265 319 248 266 248 266 284 209 284 295 264 209 257 199 267 250 249 253 288 254 249 254 266 209 320 268 260 234 253 288 254 230 291 251 277 234 233 278 277 234 243 290 285 268 285 234 268 321 269 250 252 268 320 252 260 268 293 255 285 234 278 255 293 234 214 286 270 272 288 270 272 230 272 214 286 239 273 287 322 239 289 286 227 239 259 239 273 323 257 250 290 268 230 254 274 295 274 272 324 258 295 272 274 230 287 258 324 272 275 294 263 259 275 276 298 259 320 260 291 234 292 269 325 250 256 294 289 259 284 274 264 295 289 239 259 323 296 259 279 323 296 298 276 259 273 279 259 323 305 277 280 297 277 297 326 278 275 281 312 298 327 281 276 298 328 283 292 250 272 322 287 239 299 278 293 307 302 301 300 329 302 300 303 330 308 305 304 297 308 306 307 297 307 297 278 326 307 306 308 309 303 308 309 330 310 294 275 298 331 311 312 313 313 310 312 298 314 332 315 317 327 316 315 317 333 269 252 268 329 301 300 334 303 300 308 330 315 312 316 327 312 316 327 281 335 336 300 337 300 336 335 334 338 339 340 341 338 342 343 340 342 344 343 340 315 331 312 345 271 236 346 282 231 271 318 282 328 266 283 250 257 267 266 250 283 319 265 266 267 249 347 266 254 295 266 209 284 248 319 266 266 295 284 209 249 288 347 254 249 347 266 254 268 234 320 321 288 295 254 230 277 291 234 321 277 234 278 326 285 268 290 321 285 293 234 321 333 250 269 268 333 252 320 268 293 278 234 326 286 348 270 272 348 288 270 272 288 272 295 230 272 286 322 239 349 273 287 322 349 273 322 239 286 289 350 239 349 273 239 323 257 290 250 351 290 268 250 351 324 272 274 295 287 272 324 322 294 275 298 259 320 234 291 321 325 352 292 250 325 250 269 351 289 294 353 259 284 354 274 295 289 259 353 323 289 350 239 323 355 296 279 323 298 259 296 323 327 276 296 298 273 349 279 323 326 297 277 305 312 281 327 298 352 250 328 292 307 278 293 326 302 329 300 356 302 303 309 330 302 356 300 330 308 304 305 357 297 308 305 326 307 308 297 326 309 308 307 330 310 313 294 298 331 311 313 358 313 312 331 298 332 314 359 317 317 332 315 345 317 315 327 345 334 329 301 360 329 334 300 356 300 337 308 330 312 345 327 315 300 335 337 330 361 335 336 334 300 334 335 356 339 340 341 362 340 343 338 341 363 342 344 343 340 344 343 364 331 315 332 345 331 298 312 345 365 285 290 321 333 269 250 351 304 308 337 357 311 331 366 358 339 340 362 367 343 368 338 341 344 369 342 363 362 370 339 367 371 372 373 374 375 284 319 295 318 271 346 282 376 231 318 282 283 328 319 266 266 250 328 377 257 267 378 266 378 257 266 250 267 347 378 266 347 266 254 295 284 266 319 295 347 254 288 295 320 379 268 321 277 380 291 321 277 234 326 321 268 351 290 321 285 381 293 321 293 326 234 321 333 250 268 351 320 379 333 268 348 272 286 322 348 295 288 272 286 350 322 239 287 324 349 322 349 239 322 323 257 382 290 351 257 250 382 351 354 324 274 295 324 272 295 322 294 298 353 259 380 320 291 321 325 352 250 351 333 325 269 351 375 354 284 295 350 289 353 323 298 353 259 323 322 239 350 323 279 349 355 323 296 355 383 323 296 383 298 323 327 296 384 298 380 277 305 326 327 345 312 298 328 250 352 377 307 293 381 326 302 385 329 356 302 309 385 330 300 356 335 330 302 386 356 330 308 357 305 326 308 326 307 330 307 330 387 309 388 294 313 298 313 331 358 345 313 298 331 345 389 314 359 332 359 332 317 345 317 327 384 345 360 334 329 356 308 337 357 330 335 357 337 330 390 361 336 334 361 335 334 356 340 341 362 364 340 343 341 364 363 343 344 364 340 367 344 364 331 332 358 345 365 381 285 321 365 290 351 321 331 332 366 358 362 367 340 364 391 341 368 343 369 344 392 363 362 393 370 367 374 372 373 394 371 373 372 395 375 295 319 396 378 382 257 250 387 385 309 330 359 397 314 389 360 398 334 356 344 399 369 392 398 371 372 395 399 400 369 392 398 401 360 371 346 402 271 318 318 346 376 282 319 266 328 377 378 250 266 377 378 347 403 266 266 295 347 396 319 295 266 396 347 288 404 295 320 380 379 321 268 379 351 321 277 326 380 321 381 326 293 321 333 268 379 351 350 348 286 322 348 295 272 322 348 404 288 295 405 349 324 322 349 322 405 323 382 406 290 351 250 377 382 351 324 295 354 407 324 295 407 322 353 294 388 298 325 408 352 351 352 377 250 351 333 409 325 351 354 295 375 396 350 353 410 323 298 383 353 323 350 410 322 323 355 349 405 323 384 296 355 383 411 383 355 323 384 298 296 383 327 298 384 345 305 412 380 326 328 352 413 377 381 387 307 326 414 329 385 356 302 386 385 356 302 385 386 330 335 356 386 330 305 357 412 326 308 357 326 330 387 330 307 326 388 298 313 345 358 388 313 345 359 389 332 415 359 317 416 345 359 332 345 415 416 317 384 345 329 401 360 356 417 357 335 330 334 390 361 356 335 361 418 356 419 362 341 364 343 391 341 364 391 343 363 364 344 392 363 364 344 367 420 364 332 421 358 345 365 422 381 321 406 365 290 351 365 351 422 321 332 421 366 358 393 367 362 364 368 341 391 419 423 393 370 362 373 424 374 394 373 394 372 395 371 401 373 395 413 375 319 396 382 250 378 377 425 330 385 387 359 426 397 389 334 398 390 356 401 398 360 356 399 392 344 364 372 427 398 395 371 398 401 395 392 399 400 428 319 328 413 377 429 362 419 364 420 367 430 364 391 431 368 419 393 370 432 423 392 400 433 428 434 400 399 428 398 390 435 427 394 436 437 438 372 427 439 436 436 394 439 372 432 440 441 423 441 442 432 393 443 355 431 444 444 431 443 419 437 438 445 446 402 346 376 318 447 376 346 282 266 377 319 396 378 266 403 377 403 266 347 396 403 347 295 396 404 403 347 295 379 380 448 321 422 351 379 321 380 326 412 321 422 326 381 321 333 379 409 351 348 350 449 322 348 407 295 322 348 404 295 407 450 405 324 322 322 451 405 323 406 382 452 351 382 351 377 453 324 354 450 407 354 407 295 396 450 324 407 322 353 298 388 383 408 325 409 351 408 377 352 351 354 375 454 396 353 383 410 323 410 449 350 322 410 451 322 323 411 355 405 323 455 384 355 383 355 411 455 383 411 451 383 323 384 345 298 383 352 456 413 377 381 425 387 326 329 414 401 356 414 385 386 356 385 330 425 386 335 418 386 356 417 335 386 330 357 412 326 330 387 326 425 330 298 345 388 383 457 388 358 345 389 458 332 415 359 426 389 415 359 345 416 415 421 345 332 415 416 384 455 345 357 417 412 330 435 361 390 356 418 361 459 356 391 419 341 364 460 391 363 364 460 363 392 364 420 399 344 364 421 457 358 345 365 425 381 422 406 422 365 351 421 366 458 332 430 367 393 364 362 423 393 364 424 374 394 461 424 394 373 395 372 394 439 395 373 401 462 395 454 375 413 396 413 319 377 396 378 463 382 377 464 397 426 389 435 390 398 356 401 395 398 356 399 428 392 364 372 439 427 395 398 427 435 395 444 429 419 364 362 364 429 465 466 420 430 364 431 391 443 419 393 432 441 423 428 433 392 467 399 468 434 428 438 437 394 446 439 394 436 437 423 440 441 469 441 430 442 393 355 443 411 444 443 419 364 444 438 445 446 470 445 437 446 471 378 403 463 377 380 412 448 321 408 456 352 377 411 405 355 444 443 455 355 411 385 472 414 386 421 366 473 458 474 464 397 426 469 362 429 465 433 460 392 467 468 399 434 420 465 362 423 469 420 475 434 468 476 477 478 466 466 477 475 479 466 475 420 479 478 442 480 430 466 478 480 430 318 376 402 481 402 376 346 447 266 403 377 396 404 403 295 396 379 448 422 321 351 379 482 422 321 412 422 326 381 422 425 326 351 482 379 409 348 449 407 322 348 449 404 407 404 295 407 396 450 407 405 322 405 322 407 451 411 405 451 323 406 452 483 351 452 351 382 453 463 382 377 453 408 377 351 453 450 354 454 407 354 454 407 396 484 353 388 383 408 409 485 351 353 484 410 383 410 383 451 323 410 449 322 451 384 455 345 383 455 383 411 451 413 377 456 396 414 395 401 356 414 356 386 486 385 425 472 386 425 326 386 330 335 418 417 386 418 459 386 356 417 386 412 330 386 326 412 330 388 345 457 383 458 389 464 415 421 332 458 415 359 487 426 415 426 464 389 415 487 359 416 415 416 415 345 488 457 345 421 415 455 416 345 488 435 459 361 356 364 419 443 391 489 391 460 364 364 467 392 460 399 420 468 364 365 490 425 422 490 365 406 422 406 483 422 351 441 430 393 364 465 423 362 364 393 423 441 364 461 394 424 491 424 373 462 395 424 492 394 395 439 394 437 395 414 462 401 395 454 413 456 396 398 395 435 356 392 467 364 428 468 428 399 364 435 427 439 395 444 429 364 465 420 466 479 364 466 430 480 364 394 446 437 471 493 441 440 469 469 465 441 423 430 442 480 441 443 411 444 364 445 446 470 471 445 494 437 471 495 463 403 377 321 422 412 448 408 456 377 453 444 411 405 496 443 497 455 411 414 386 472 486 473 498 421 458 464 474 499 426 469 429 500 465 460 433 501 467 475 420 479 468 480 476 478 466 466 476 477 479 461 394 491 446 394 492 437 395 444 496 429 465 493 440 502 469 456 503 377 453 496 405 444 429 504 414 472 486 498 473 464 458 474 505 499 426 476 506 477 479 507 461 491 446 462 414 504 486 473 464 508 498 425 490 472 509 510 462 504 511 437 494 439 492 469 502 512 500 376 402 481 447 346 513 402 447 495 377 403 396 404 514 403 396 448 482 379 422 422 483 482 351 386 422 412 326 425 422 386 326 409 482 483 351 407 322 449 451 514 404 449 407 404 407 514 396 450 405 407 451 496 411 405 451 406 452 515 483 483 351 452 453 463 452 382 453 377 503 463 453 408 351 485 453 454 450 407 516 454 516 407 396 484 388 457 383 409 483 485 351 484 410 383 451 410 517 449 451 345 383 455 488 455 411 497 451 455 518 383 451 456 377 503 396 414 395 356 486 459 386 356 486 425 472 386 509 417 418 519 386 418 459 519 386 412 417 520 386 457 383 345 488 498 458 464 415 421 458 498 415 521 426 487 415 426 522 464 415 416 487 415 488 345 415 457 488 523 457 421 415 455 524 416 488 435 525 459 356 391 489 443 364 489 460 526 364 467 527 460 364 479 468 420 364 425 422 490 509 490 422 406 483 441 480 430 364 441 364 423 465 492 394 491 424 424 462 492 395 439 437 492 395 462 395 414 486 456 503 454 396 435 395 525 356 428 468 467 364 435 439 525 395 411 444 364 465 479 364 466 528 480 476 466 364 491 446 394 471 437 394 471 492 469 441 465 493 411 443 497 364 446 529 470 471 445 470 530 471 445 531 494 471 437 471 494 492 463 377 495 503 448 412 520 422 408 532 456 453 411 496 444 465 497 455 489 443 386 509 472 486 499 464 426 522 496 500 429 465 512 469 500 465 501 527 460 467 479 466 476 528 493 502 512 469 532 503 456 453 450 405 496 429 472 533 504 486 505 499 534 474 499 426 505 522 476 506 479 535 491 507 446 471 462 504 511 486 536 508 464 498 533 472 490 509 510 504 537 511 510 492 462 511 439 494 538 492 512 502 454 500 490 406 515 483 484 539 410 451 528 527 467 364 424 462 510 492 456 540 454 503 466 364 476 528 465 441 480 493 496 500 450 429 456 532 540 503 499 536 508 464 490 515 533 509 504 533 537 511 536 541 499 508 450 454 500 542 543 376 481 447 481 402 513 447 495 403 514 396 495 503 377 396 482 448 520 422 482 422 544 483 412 386 520 422 425 386 422 509 409 482 485 483 517 407 449 451 514 449 517 407 407 516 514 396 450 496 405 451 407 545 450 451 496 497 411 451 452 515 483 453 485 351 483 453 546 452 463 453 546 463 503 453 485 547 408 453 454 542 450 516 542 407 450 516 454 503 516 396 484 383 457 488 484 383 518 451 539 517 410 451 455 383 518 488 455 497 518 451 356 525 486 395 519 386 459 486 356 486 525 459 520 417 519 386 498 464 522 415 523 421 498 415 521 548 415 487 521 522 426 415 416 524 487 488 488 415 548 487 523 457 415 488 455 497 524 488 497 443 489 364 460 527 526 364 489 526 549 364 468 364 479 528 490 422 483 509 465 480 441 364 550 491 424 492 492 491 394 471 462 492 395 511 538 439 492 395 462 511 395 486 467 364 468 528 538 525 439 395 465 411 497 364 480 476 364 528 512 493 469 465 507 529 446 471 470 529 530 471 530 531 445 471 531 494 471 492 463 495 546 503 547 532 408 453 465 497 411 496 489 524 455 497 472 509 533 486 519 509 386 486 499 536 464 522 542 500 496 465 542 512 500 465 460 527 501 526 479 476 535 528 551 503 532 453 504 533 511 486 499 534 552 505 521 505 426 522 552 499 505 522 506 476 553 535 507 491 554 471 536 498 464 522 510 537 555 511 510 555 492 511 556 538 494 492 500 454 512 542 490 483 515 509 484 518 539 451 528 467 527 557 549 364 527 528 424 510 550 492 540 516 454 503 553 480 493 465 542 500 450 496 558 540 532 503 515 559 533 509 533 560 537 511 541 499 552 536 542 450 407 545 452 559 515 453 455 518 497 488 526 549 524 489 480 553 476 528 561 530 470 529 531 556 494 492 558 532 551 503 533 515 562 559 452 563 515 559 556 564 492 565 481 566 543 447 513 567 402 481 513 566 481 447 495 514 516 396 495 516 503 396 544 482 520 422 485 482 544 483 544 483 422 509 520 422 386 509 517 545 407 451 514 407 517 516 496 450 545 451 496 518 497 451 559 483 515 453 485 483 547 453 452 546 563 453 546 503 551 453 568 542 454 516 407 516 542 545 569 484 457 488 484 518 383 488 539 545 517 451 395 511 525 486 519 459 570 486 571 459 525 486 520 386 519 509 498 522 523 415 521 415 548 522 487 524 548 488 488 548 415 522 523 569 457 488 523 415 522 488 497 518 524 488 497 489 549 364 526 527 549 364 535 468 479 528 364 465 480 528 550 471 491 492 538 395 492 511 557 467 468 528 538 525 395 511 572 497 364 465 493 512 573 465 507 554 529 471 530 471 529 574 530 575 531 471 531 492 471 565 546 495 576 503 547 551 532 453 572 496 497 465 489 549 524 497 509 511 533 486 519 570 509 486 499 552 536 522 542 496 577 465 542 577 512 465 526 501 548 527 553 535 476 528 534 578 552 505 579 505 521 522 578 552 505 522 580 506 553 535 491 550 554 471 536 581 498 522 537 565 555 511 555 550 510 492 555 565 492 511 564 538 556 492 454 568 512 542 515 483 559 509 484 569 539 518 539 518 545 451 549 527 557 528 572 364 549 528 454 540 568 516 516 503 540 582 553 493 573 465 553 480 465 528 542 496 450 545 558 540 503 582 533 559 560 509 562 537 533 560 537 560 565 511 533 509 560 511 541 552 583 536 452 563 559 453 524 548 549 526 561 584 530 529 565 556 531 492 532 585 558 551 551 558 503 582 562 515 563 559 562 533 559 560 556 586 564 565 492 565 564 511 546 576 551 503 587 507 554 529 531 471 575 574 566 447 513 543 481 566 513 567 495 514 588 516 495 503 516 582 544 422 520 509 485 544 547 483 544 559 483 509 517 516 407 545 588 514 517 516 496 545 518 451 572 497 496 518 547 483 559 453 546 551 563 453 542 516 568 545 484 569 518 488 517 539 589 545 571 525 511 486 570 459 571 486 520 519 570 509 523 498 581 522 521 548 579 522 549 548 524 488 548 590 522 488 523 591 569 488 523 522 590 488 549 524 497 518 524 518 549 488 549 572 497 364 548 549 526 527 535 557 468 528 572 465 364 528 471 492 550 565 538 492 564 511 571 525 538 511 577 573 512 465 554 529 471 574 530 529 584 574 575 471 530 574 531 565 471 574 495 576 503 582 592 532 547 551 547 559 551 453 577 496 572 465 511 570 486 509 583 536 552 522 542 577 496 545 512 568 577 542 535 553 593 528 578 552 594 534 578 505 579 522 578 595 552 522 593 580 553 535 574 554 550 471 583 581 536 522 537 596 555 565 550 492 555 565 597 539 569 518 589 545 539 518 557 549 598 527 557 572 549 528 568 516 540 582 573 553 465 528 558 568 540 582 599 560 559 509 562 596 537 560 537 596 565 560 565 560 564 511 560 509 599 511 583 600 552 541 563 551 559 453 530 584 561 601 565 531 556 586 592 585 532 551 558 551 585 582 576 551 503 582 563 602 562 559 602 562 559 560 586 603 564 565 546 576 604 551 529 554 587 605 586 531 575 574 577 542 568 545 564 565 603 560 584 561 601 606 529 587 584 605 603 565 607 560 605 587 584 608 609 603 607 560 607 559 610 560 611 543 513 447 612 513 543 566 612 567 513 566 576 495 588 516 495 516 576 582 544 520 570 509 544 559 547 483 613 559 544 509 588 516 517 545 572 496 545 518 572 549 497 518 563 546 604 551 568 545 516 582 569 591 518 488 589 588 517 545 511 486 570 571 523 522 581 590 579 522 548 590 549 590 548 488 523 590 591 488 549 518 590 488 549 548 598 527 535 614 557 528 577 465 572 528 471 565 550 574 571 538 564 511 577 573 568 512 573 465 577 528 605 574 529 554 605 529 574 584 584 601 530 574 575 530 601 574 531 586 565 574 592 547 559 551 577 572 496 545 599 509 570 511 552 595 583 522 573 593 553 528 535 593 614 528 552 578 594 595 578 579 595 522 535 593 580 614 574 550 554 615 581 583 616 522 596 617 555 565 615 550 555 565 569 591 597 518 589 539 597 518 589 545 518 618 549 557 598 572 619 572 557 528 568 558 620 582 613 559 599 560 599 559 613 509 596 562 602 560 607 565 596 560 564 560 609 511 609 560 599 511 600 583 552 595 602 559 563 551 621 585 592 551 558 585 621 582 551 621 585 582 576 604 551 582 602 559 607 560 603 586 622 565 575 623 586 574 577 545 568 582 609 564 603 560 624 584 601 606 622 607 603 565 584 625 605 608 610 609 603 607 609 607 610 560 610 559 607 551 610 559 613 560 592 559 610 551 552 594 626 595 596 607 617 565 551 610 627 607 611 543 447 628 612 543 513 611 566 543 612 629 576 516 588 582 544 570 599 509 547 544 613 559 599 613 544 509 516 545 588 582 572 518 545 618 572 630 549 518 604 602 563 551 590 518 591 488 589 588 545 618 599 570 571 511 523 581 591 590 581 522 616 590 631 579 548 590 579 595 522 590 549 598 548 590 549 630 590 518 557 614 619 528 577 572 619 528 615 550 565 574 571 564 599 511 568 620 573 577 619 573 577 528 605 554 632 574 584 605 633 574 584 633 601 574 634 575 601 574 586 635 565 574 547 610 592 559 572 545 577 618 583 595 616 522 573 619 593 528 614 593 619 528 594 578 636 595 579 637 578 595 593 638 580 614 615 632 554 574 555 617 615 565 591 630 597 518 589 518 597 618 639 598 557 572 572 598 549 630 619 639 557 572 620 558 640 582 577 568 620 582 613 599 609 560 596 602 607 560 564 609 599 511 552 626 600 595 600 641 583 595 607 559 602 551 621 592 585 642 627 592 551 621 640 558 585 621 558 621 640 582 604 621 551 582 576 621 604 582 586 635 622 565 634 623 575 574 623 635 586 574 577 545 582 618 603 564 609 643 625 584 624 606 584 624 601 633 622 644 603 607 622 635 607 565 645 605 625 608 605 625 584 633 610 603 609 646 610 603 627 607 609 610 613 560 613 610 547 559 551 627 610 592 626 594 636 595 647 617 596 607 617 607 635 565 627 551 607 621 598 631 548 590 631 637 579 595 624 648 625 606 625 649 645 608 627 603 610 646 636 650 594 626 600 651 641 626 612 543 611 628 543 612 629 628 576 588 652 582 653 544 570 599 613 544 547 654 599 653 544 613 588 582 545 618 572 630 518 618 604 602 551 621 591 590 630 518 589 652 588 618 571 570 599 655 656 591 581 590 581 616 656 590 616 522 595 590 579 631 595 590 549 630 598 590 614 639 557 619 619 572 577 618 635 615 565 574 599 564 571 657 619 573 620 577 605 632 633 574 634 601 633 574 658 592 547 610 583 641 616 595 620 593 573 619 614 593 638 619 578 637 636 595 659 632 615 574 617 635 615 565 597 591 660 630 597 518 630 618 597 661 589 618 598 572 639 630 619 639 572 630 620 640 662 582 577 582 620 618 613 609 599 663 596 602 647 607 657 599 564 609 641 600 626 595 607 551 602 621 627 642 592 621 642 640 585 621 640 621 662 582 576 664 604 621 576 664 621 582 586 623 622 635 634 635 623 574 646 603 609 643 564 657 609 643 625 624 584 633 601 624 634 633 603 644 627 607 622 635 644 607 605 645 625 633 609 610 646 663 613 610 609 663 547 613 658 610 610 592 627 665 636 626 595 666 647 635 617 607 627 621 607 667 631 590 598 668 669 637 631 595 670 648 625 624 625 649 671 645 646 610 627 665 626 636 650 666 651 641 626 666 664 576 652 582 547 613 654 658 632 645 605 633 672 628 612 611 673 543 629 628 612 628 672 629 652 582 588 618 599 570 653 655 613 653 544 654 613 599 653 663 619 630 572 618 604 674 602 621 591 660 630 590 652 589 661 618 655 599 571 657 591 656 660 590 616 595 656 590 631 595 590 668 598 590 630 668 614 638 639 619 620 619 577 618 659 615 635 574 632 659 633 574 634 633 635 574 675 592 658 610 641 676 616 595 620 638 593 619 636 595 637 666 615 617 659 635 661 597 660 630 597 630 661 618 598 630 639 668 639 630 619 677 620 640 638 662 662 620 582 618 599 609 657 663 602 647 607 667 641 595 626 666 607 621 602 667 627 642 621 667 678 640 642 621 678 662 640 621 662 621 664 582 674 604 664 621 679 622 623 635 623 634 679 635 646 643 609 663 609 643 657 663 625 670 624 633 624 680 634 633 627 607 644 667 644 622 681 635 644 635 681 607 671 625 645 633 610 665 646 663 658 610 613 663 610 675 592 665 647 682 617 635 647 682 635 607 683 631 598 668 669 595 631 668 669 637 595 684 648 670 685 624 671 670 649 625 626 650 686 666 636 687 650 666 651 626 686 666 651 688 641 666 664 652 662 582 654 658 613 663 632 689 645 633 602 674 647 667 627 690 642 667 690 627 644 667 651 688 686 691 686 687 650 692 672 611 693 628 629 672 673 628 694 612 672 629 652 662 582 618 655 653 599 663 654 613 653 663 630 619 677 618 674 602 621 667 630 590 660 668 695 652 661 618 655 599 657 663 660 590 656 668 616 676 656 595 656 590 595 668 639 619 638 677 620 662 619 618 635 633 659 574 689 632 659 633 696 635 634 633 658 675 610 663 676 595 641 666 638 619 620 662 636 637 687 666 595 684 637 666 617 682 659 635 661 630 660 677 661 630 677 618 683 598 639 668 639 668 630 677 638 640 678 662 647 682 607 667 678 621 642 667 678 697 662 621 698 664 662 621 698 674 664 621 622 679 681 635 696 679 634 635 646 699 643 663 657 643 700 663 671 670 625 633 685 624 670 633 680 624 685 633 680 696 634 633 644 607 681 667 681 607 635 701 671 645 689 633 665 702 646 663 610 675 665 663 635 607 682 701 683 669 631 668 669 684 595 668 669 703 637 684 685 704 670 648 670 705 671 649 687 686 650 666 651 686 688 666 688 676 641 666 664 652 695 662 706 658 654 663 674 707 647 667 678 642 690 667 690 644 681 667 691 688 686 708 692 686 687 709 700 643 699 663 693 673 672 628 694 672 673 629 695 662 652 618 655 710 653 663 654 653 711 663 662 677 619 618 698 674 621 667 630 668 660 677 695 661 677 618 712 655 657 663 660 656 713 668 676 656 595 684 656 595 684 668 638 714 639 677 619 662 638 677 659 635 715 633 689 659 715 633 696 715 635 633 706 675 658 663 676 684 595 666 687 637 703 666 637 684 703 666 682 659 635 701 716 661 660 677 639 683 668 677 678 638 662 697 707 682 647 667 682 701 607 667 678 697 621 667 698 662 697 621 664 695 698 662 681 635 679 701 635 701 696 679 646 702 699 663 712 657 700 663 671 715 670 633 670 715 685 633 680 685 715 633 680 715 696 633 681 607 701 667 671 689 715 633 665 675 702 663 683 717 669 668 717 684 669 668 669 717 703 684 704 718 685 670 705 671 719 670 709 686 687 666 688 686 708 666 708 676 688 666 654 711 706 663 707 674 698 667 690 720 678 667 721 690 681 667 722 691 686 708 686 692 722 709 700 663 699 723 678 724 638 697 704 725 718 670 719 725 705 670 693 672 673 694 726 694 673 629 695 677 662 618 653 710 711 663 655 712 710 663 698 621 697 667 716 660 668 677 716 695 661 677 716 660 713 668 656 684 713 668 676 713 656 684 714 638 727 677 639 714 683 677 662 697 638 677 715 635 659 701 689 659 728 715 635 696 701 715 729 675 706 663 708 684 676 666 709 687 703 666 684 730 703 666 682 728 659 701 677 731 683 668 707 732 682 667 732 701 682 667 720 697 678 667 695 698 662 697 681 679 733 701 733 679 696 701 699 663 702 723 712 663 700 723 671 670 715 734 685 715 670 734 735 680 685 715 735 696 680 715 681 701 732 667 736 671 689 715 729 702 675 663 683 737 717 668 684 737 668 717 738 703 717 684 718 685 670 734 719 670 671 734 709 722 686 666 722 708 686 666 706 663 711 723 707 698 732 667 690 732 720 667 721 732 690 667 721 681 732 667 691 722 739 708 740 722 692 709 700 699 741 723 724 727 638 697 720 724 678 697 718 742 725 704 718 670 725 734 725 743 719 705 725 670 719 734 736 689 728 715 712 700 741 723 693 744 672 694 694 673 693 726 695 697 662 677 711 663 710 723 710 663 712 723 698 697 732 667 731 716 668 677 745 695 716 677 713 731 716 668 713 684 731 668 713 676 746 684 727 638 697 677 714 727 731 677 677 683 731 714 728 715 659 701 733 696 715 701 729 663 706 723 746 676 708 684 708 730 684 666 709 703 730 666 703 684 738 730 682 747 728 701 683 731 737 668 707 747 682 732 747 682 732 701 720 732 697 667 698 695 745 697 733 721 681 701 748 699 702 723 702 663 729 723 736 671 715 734 735 715 685 734 696 735 749 715 721 732 681 701 717 737 738 684 684 668 737 731 718 735 685 734 736 719 671 734 709 730 722 666 722 730 708 666 750 706 711 723 707 698 751 732 690 721 720 732 752 739 722 708 722 740 753 709 699 754 741 723 755 727 724 697 720 756 724 697 718 725 742 734 719 743 725 734 728 757 736 715 712 741 758 723 749 733 696 715 741 754 759 723 694 693 744 726 726 760 673 693 695 745 697 677 711 710 761 723 762 710 712 723 698 751 732 697 745 716 731 677 716 713 763 731 763 731 713 684 746 763 713 684 727 697 731 677 727 764 714 731 683 714 737 731 765 715 728 701 749 733 715 701 766 729 706 723 746 684 708 730 767 709 703 730 767 703 738 730 737 738 684 730 747 765 728 701 707 751 747 732 747 732 765 701 720 732 756 697 698 745 751 697 733 768 721 701 748 702 729 723 754 699 748 723 736 715 757 734 769 715 735 734 749 735 769 715 768 732 721 701 737 684 731 730 769 735 718 734 736 770 719 734 722 709 753 730 752 708 722 730 766 706 750 723 750 711 761 723 720 721 771 732 753 739 722 752 772 753 740 709 755 724 756 697 727 755 731 697 742 725 773 734 774 718 742 734 773 725 743 734 770 743 719 734 728 765 757 715 741 759 758 723 712 758 762 723 754 775 759 723 739 753 776 752 777 694 744 726 744 693 777 726 673 760 726 778 693 777 726 760 731 697 745 677 710 762 761 723 779 732 751 697 763 745 716 731 731 684 763 730 746 763 684 730 737 714 764 731 764 727 755 731 749 715 765 701 749 768 733 701 766 780 729 723 752 746 708 730 709 767 772 730 781 767 738 730 730 782 737 738 747 757 728 765 751 765 747 732 765 732 768 701 771 756 720 732 756 732 779 697 745 779 751 697 780 748 729 723 754 748 775 723 736 757 770 734 765 757 715 734 769 765 715 734 749 769 765 715 771 721 768 732 737 731 783 730 769 718 774 734 752 722 753 730 709 772 753 730 723 766 784 750 784 750 761 723 785 753 740 772 755 756 779 697 779 731 755 697 742 773 774 734 773 743 770 734 759 775 758 723 762 758 786 723 759 754 787 775 753 776 752 788 751 789 747 765 754 748 787 775 790 773 774 742 770 773 791 743 792 793 794 795 796 792 776 788 777 693 744 760 726 777 778 760 745 731 779 697 762 786 761 723 751 779 765 732 797 745 763 731 783 731 763 730 746 798 763 730 737 764 783 731 764 755 779 731 749 765 768 701 766 775 780 723 798 746 752 730 767 799 772 730 781 738 782 730 800 767 781 730 730 737 782 783 789 757 747 765 771 768 765 732 771 779 756 732 751 745 797 779 780 775 748 723 757 801 770 734 765 801 757 734 769 801 765 734 769 802 749 765 774 803 769 734 753 799 752 730 772 799 753 730 723 784 766 775 784 761 775 723 772 785 753 796 804 755 756 779 773 801 774 734 773 770 801 734 758 759 805 775 758 775 786 723 759 787 806 775 776 753 796 788 753 788 752 799 751 789 765 779 807 787 748 775 773 774 808 790 791 773 770 809 793 792 788 795 794 795 793 810 793 792 796 788 800 799 767 730 791 773 809 811 811 809 791 794 796 785 812 813 814 744 693 760 744 814 777 760 815 777 778 726 778 777 814 760 745 797 779 731 786 775 761 723 765 732 779 816 797 763 783 731 798 783 763 730 737 783 764 782 764 779 783 731 755 817 764 779 749 802 768 765 818 780 766 775 798 752 799 730 772 767 800 799 781 782 783 730 800 781 799 730 789 757 765 801 819 771 768 765 765 771 732 816 756 771 804 779 779 732 771 816 797 789 751 779 807 748 780 775 757 820 770 801 802 765 769 801 803 801 769 734 774 801 803 734 753 772 796 799 818 766 784 775 761 821 784 775 772 785 796 813 822 755 804 779 774 773 808 801 809 773 770 801 758 805 786 775 759 806 805 775 806 787 823 775 753 796 788 799 798 752 788 799 824 765 789 779 787 807 823 775 808 773 790 811 793 795 788 810 794 793 811 810 809 795 794 810 788 796 793 810 809 811 773 801 794 811 809 810 796 812 793 813 798 797 763 783 783 799 781 730 825 811 790 826 826 825 811 793 826 827 793 812 778 814 777 815 760 814 778 828 783 779 797 731 761 786 821 775 765 779 824 816 798 799 783 730 782 764 817 783 817 783 764 779 822 817 755 779 768 802 819 765 818 829 780 775 830 772 800 799 831 781 782 783 800 781 783 799 757 789 820 801 789 765 824 801 771 765 819 816 771 804 779 816 797 824 789 779 829 807 780 775 770 820 809 801 802 769 803 801 802 765 801 816 774 808 803 801 772 813 796 799 832 818 784 775 832 784 821 775 822 779 804 816 808 773 811 801 786 805 833 775 806 834 805 775 806 775 823 835 788 796 810 799 798 788 836 799 823 807 837 775 811 790 808 825 810 788 836 795 811 793 825 810 809 820 795 810 796 813 793 810 811 801 809 810 827 793 812 813 798 836 797 783 825 826 827 793 813 772 830 799 781 831 800 783 836 789 797 824 820 836 795 810 820 789 836 824 838 777 814 815 838 814 778 815 838 778 814 828 797 783 824 779 786 833 821 775 824 801 765 816 824 779 822 816 798 836 783 799 817 831 782 783 822 783 817 779 819 765 802 816 818 839 829 775 830 800 840 799 831 800 783 799 789 824 820 801 771 819 804 816 829 837 807 775 809 801 820 810 802 801 803 816 803 808 841 801 813 810 796 799 818 832 839 775 832 821 842 775 843 822 804 816 811 808 801 810 833 805 834 775 806 834 775 835 806 823 844 835 823 775 837 835 810 836 788 799 811 825 808 810 827 825 793 810 793 813 827 810 836 824 797 783 845 799 813 830 820 824 836 810 831 840 800 799 846 838 778 815 814 847 838 828 778 838 846 828 824 783 822 779 821 833 842 775 848 801 824 816 843 824 822 816 824 783 836 799 849 831 817 783 817 822 849 783 819 802 850 816 839 829 775 835 830 840 845 799 831 783 840 799 820 801 824 810 804 819 843 816 837 775 829 835 802 803 850 816 816 803 841 801 810 841 808 801 813 799 845 810 839 775 832 835 832 775 842 835 834 833 775 835 834 806 844 835 823 851 844 835 823 837 851 835 824 836 810 799 808 825 852 810 825 827 852 810 827 813 845 810 853 828 838 847 854 778 846 828 838 828 853 846 824 822 783 849 842 775 833 835 848 824 801 810 848 824 843 816 848 841 801 816 849 822 843 824 840 783 824 799 840 831 849 783 843 819 850 816 855 829 839 835 840 810 845 799 855 837 829 835 816 841 803 850 810 808 841 852 848 801 841 810 856 839 832 835 842 856 832 835 833 834 857 835 834 844 858 835 844 835 851 859 860 851 837 835 840 824 810 799 845 852 827 810 853 847 854 828 846 853 854 828 840 849 824 783 833 857 842 835 848 845 824 810 843 848 849 824 850 848 843 816 848 850 841 816 855 839 861 835 840 824 845 810 860 837 855 835 848 841 852 810 856 861 839 835 856 842 862 835 857 834 858 835 858 835 844 859 844 851 863 859 851 835 860 859 848 852 845 810 828 847 854 864 853 854 847 864 865 853 854 846 848 840 849 824 842 857 862 835 845 840 848 824 848 843 849 866 867 843 850 848 868 850 841 848 861 855 835 859 860 835 855 859 848 852 841 869 861 835 856 859 856 835 862 859 857 835 858 859 858 844 863 859 851 870 863 859 851 860 870 859 845 852 848 871 868 867 850 848 847 872 853 864 854 853 865 864 848 849 840 873 857 862 835 859 848 840 845 873 848 867 843 866 848 866 849 873 841 868 848 869 861 874 855 859 874 860 855 859 869 848 852 871 875 861 856 859 875 856 862 859 857 858 876 859 877 858 863 859 870 878 863 859 860 879 870 859 848 845 871 873 867 848 868 873 880 872 847 864 865 853 872 864 854 865 881 864 849 866 840 873 857 876 862 859 840 871 845 873 848 867 866 873 868 848 869 873 882 874 861 859 860 874 879 859 871 869 848 873 882 861 875 859 862 883 875 859 877 876 858 859 877 863 878 859 863 870 884 878 879 878 870 859 867 868 885 873 864 872 881 880 864 881 872 865 854 881 886 864 840 866 887 873 862 876 883 859 887 871 840 873 888 866 867 873 889 868 869 873 882 878 874 859 874 878 879 859 890 869 871 873 882 875 878 859 883 878 875 859 877 878 876 859 877 863 884 878 870 891 884 878 870 879 891 878 889 885 868 873 888 867 885 873 892 872 880 881 886 881 880 864 893 854 881 886 887 866 888 873 876 878 883 859 871 887 894 873 869 890 889 873 895 874 882 878 895 879 874 878 890 871 894 873 896 882 875 878 883 896 875 878 876 877 897 878 877 884 898 878 899 884 891 878 879 900 891 878 889 901 885 873 885 901 888 873 902 872 892 881 881 880 892 886 881 902 893 886 901 887 888 873 883 876 897 878 901 894 887 873 889 890 901 873 882 903 895 878 879 895 900 878 890 894 901 873 882 896 903 878 883 904 896 878 897 877 898 878 898 878 884 899 899 891 884 905 891 878 900 899 892 902 881 886 892 880 906 886 902 893 907 881 902 906 893 886 901 888 887 908 883 897 904 878 894 901 887 909 910 901 889 890 895 878 903 899 900 878 895 899 894 890 901 909 903 878 896 899 904 896 878 899 897 878 898 899 898 884 905 899 891 900 905 899 898 884 911 905 892 906 902 886 902 893 906 907 893 906 912 886 909 901 887 908 904 878 897 899 890 910 901 909 913 895 903 899 913 900 895 899 914 903 896 899 904 914 896 899 897 898 915 899 911 898 905 899 916 900 899 905 917 902 906 907 912 906 893 907 887 918 909 908 909 910 901 908 904 897 915 899 903 919 913 899 913 920 900 899 903 914 919 899 914 904 921 899 898 922 915 899 898 911 922 899 911 905 916 899 916 899 900 920 912 917 906 907 893 923 912 907 909 918 910 908 910 924 901 908 904 915 921 899 919 925 913 899 925 920 913 899 926 919 914 899 926 914 921 899 927 915 922 899 922 911 928 899 911 916 928 899 916 899 920 929 930 917 906 912 931 917 912 907 931 912 923 907 932 918 910 909 918 924 910 908 927 921 915 899 919 925 899 929 920 899 925 929 919 899 926 929 926 899 921 929 922 927 899 929 922 899 928 929 916 928 899 929 933 916 920 929 912 930 917 931 912 923 930 931 924 918 910 932 918 924 908 934 927 921 899 929 935 925 919 929 933 920 925 929 935 919 926 929 921 936 926 929 927 922 937 929 922 928 937 929 916 938 928 929 916 933 938 929 939 917 930 931 912 930 923 940 930 923 939 931 910 941 924 932 924 918 932 934 921 927 936 929 935 942 925 929 942 933 925 929 943 935 926 929 936 943 926 929 944 927 937 929 937 928 945 929 928 938 945 929 933 946 938 929 924 947 941 910 939 923 930 940 923 939 931 948 947 932 924 941 918 949 932 934 924 932 947 934 944 936 927 929 935 950 942 929 933 942 946 929 935 943 950 929 951 943 936 929 944 937 945 929 938 952 945 929 938 946 952 929 930 953 939 940 940 939 923 948 941 949 947 932 949 934 947 932 954 924 947 934 951 936 944 929 942 950 952 929 942 952 946 929 943 952 950 929 951 952 943 929 945 937 944 955 944 945 952 929 938 956 945 952 938 946 956 952 932 941 949 957 940 953 939 948 923 958 940 948 941 947 949 957 949 947 934 954 951 944 952 929 959 942 950 952 959 946 942 952 943 960 950 952 951 960 943 952 945 955 944 952 945 956 961 952 962 956 946 952 947 941 963 957 945 961 955 952 964 939 953 948 948 953 958 940 947 954 949 957 944 965 951 952 950 966 959 952 962 946 959 952 950 960 966 952 960 951 967 952 944 955 965 952 968 961 956 952 968 956 962 952 963 954 947 957 955 961 969 952 953 939 964 970 947 971 954 963 948 958 953 964 940 953 958 972 954 957 971 949 951 965 967 952 973 959 966 952 973 962 959 952 966 960 974 952 967 974 960 952 955 969 965 952 975 961 968 952 962 976 968 952 954 971 957 963 975 969 961 952 964 958 953 970 971 954 949 977 978 964 958 948 970 958 953 972 977 971 957 949 979 967 965 952 973 966 976 952 973 976 962 952 966 974 976 952 967 976 974 952 979 965 969 952 975 968 976 952 980 968 962 976 971 981 957 963 975 976 969 952 958 964 978 970 982 978 958 948 970 978 958 972 949 983 957 977 971 957 981 977 979 976 967 952 966 984 973 976 980 962 973 976 966 974 984 976 967 985 974 976 979 969 976 952 986 975 968 976 980 986 968 976 981 971 987 963 969 975 988 976 970 989 978 972 972 978 958 982 983 981 957 977 981 987 971 977 967 979 985 976 990 973 984 976 990 980 973 976 991 984 974 976 991 974 985 976 969 988 979 976 986 992 975 976 980 993 986 976 992 988 975 976 989 970 994 972 972 989 978 982 995 978 989 982 972 958 996 982 983 987 981 977 997 971 987 977 979 998 985 976 990 984 999 976 993 980 990 976 984 991 999 976 991 985 1000 976 979 988 998 976 1001 992 986 976 993 1001 986 976 1002 988 992 976 972 982 994 989 995 994 982 989 972 994 982 996 1003 977 987 983 981 987 983 1004 1003 987 977 997 985 998 1000 976 999 990 976 1005 993 976 990 1005 999 976 991 1005 991 976 1000 1005 1002 998 988 976 1001 992 976 1005 993 1001 976 1005 1002 976 992 1005 994 1006 989 995 995 982 994 996 996 1007 995 982 994 1008 996 972 1004 987 983 1003 987 981 1009 1004 987 1003 1009 997 998 1000 976 1005 999 1010 990 1005 1010 993 990 1005 1011 999 991 1005 1011 991 1000 1005 998 976 1002 1005 1001 1012 992 1005 993 1013 1001 1005 1002 992 1012 1005 1006 994 1007 995 1007 994 996 995 996 1008 994 1007 983 1014 1004 1003 1009 1003 987 1004 1015 997 987 1009 997 1015 1003 1009 1000 998 1016 1005 999 1017 1010 1005 1018 993 1010 1005 999 1011 1019 1005 1000 1020 1011 1005 998 1002 1016 1005 1021 1012 1001 1005 1018 1013 993 1005 1021 1001 1013 1005 1022 1002 1012 1005 1007 1023 1006 995 994 1008 1006 1007 999 1019 1017 1005 1024 1025 1026 1027 1028 1029 1030 1031 1032 1030 1033 1034 996 1035 1008 1007 1014 1004 1003 1036 1004 1003 1015 1009 997 1003 1015 1036 1000 1016 1020 1005 1017 1037 1010 1005 1037 1018 1010 1005 1019 1011 1020 1005 1022 1016 1002 1005 1021 1022 1012 1005 1018 1037 1013 1005 1038 1021 1013 1005 1006 1008 1023 1007 994 1006 1008 1039 1017 1019 1040 1005 1025 1026 1041 1024 1027 1026 1024 1042 1029 1028 1042 1031 1033 1029 1030 1028 1033 1032 1034 1043 1032 1033 1030 1044 1045 1046 1047 1048 1048 1045 1046 1049 1049 1046 1048 1050 1041 1051 1052 1025 1053 1027 1042 1031 1043 1034 1054 1055 1056 1057 1058 1055 1023 1008 1035 1007 1059 1004 1014 1036 1004 1015 1003 1036 1060 1004 1015 1009 1061 1020 1016 1005 1017 1062 1010 1037 1040 1037 1017 1005 1018 1010 1062 1037 1019 1020 1040 1005 1016 1022 1061 1005 1021 1038 1022 1005 1046 1018 1037 1013 1037 1038 1013 1005 1021 1013 1063 1038 1006 1008 1039 1023 1064 1017 1019 1040 1025 1041 1051 1024 1026 1041 1024 1065 1053 1027 1024 1042 1024 1042 1026 1065 1042 1028 1053 1031 1028 1029 1042 1065 1029 1028 1033 1044 1033 1028 1030 1044 1034 1054 1033 1043 1032 1043 1033 1044 1066 1030 1044 1032 1063 1046 1047 1045 1045 1046 1049 1067 1049 1068 1046 1050 1051 1052 1069 1041 1043 1054 1056 1055 1043 1056 1058 1055 1057 1058 1070 1056 1061 1020 1054 1016 1029 1061 1016 1022 1038 1026 1021 1022 1021 1063 1026 1038 1026 1042 1029 1065 1068 1062 1046 1050 1069 1052 1063 1041 1070 1071 1057 1056 1061 1029 1026 1022 1072 1062 1068 1050 1047 1052 1063 1069 1070 1057 1071 1073 1074 1075 1064 1073 1071 1064 1075 1073 1076 1064 1077 1074 1077 1078 1064 1076 1078 1064 1062 1077 1078 1062 1072 1077 1063 1041 1026 1079 1039 1008 1035 1023 1080 1036 1059 1014 1036 1004 1015 1059 1060 1015 1004 1059 1061 1040 1020 1005 1017 1064 1062 1037 1064 1017 1040 1037 1037 1040 1038 1005 1018 1062 1046 1037 1019 1020 1071 1040 1061 1022 1038 1005 1037 1063 1046 1013 1013 1037 1063 1038 1039 1081 1006 1023 1019 1071 1064 1040 1051 1024 1041 1065 1026 1079 1041 1065 1053 1042 1024 1065 1028 1042 1053 1065 1029 1065 1028 1044 1033 1054 1029 1044 1066 1044 1030 1028 1033 1043 1054 1044 1082 1043 1032 1044 1082 1032 1066 1044 1069 1063 1047 1045 1046 1045 1063 1067 1045 1049 1083 1067 1068 1049 1046 1067 1069 1063 1051 1041 1054 1043 1056 1084 1058 1056 1043 1084 1056 1070 1084 1058 1054 1071 1020 1061 1054 1029 1061 1016 1061 1026 1038 1022 1026 1038 1063 1079 1061 1026 1029 1065 1068 1046 1062 1067 1056 1084 1070 1071 1072 1062 1085 1068 1071 1075 1070 1073 1064 1076 1075 1074 1071 1075 1064 1086 1064 1076 1078 1087 1078 1062 1064 1087 1072 1062 1078 1085 1063 1051 1041 1079 1056 1071 1054 1084 1039 1035 1008 1088 1035 1081 1039 1023 1080 1059 1089 1014 1015 1059 1080 1036 1015 1080 1059 1060 1040 1020 1071 1061 1061 1038 1040 1005 1062 1037 1064 1087 1040 1064 1037 1087 1040 1037 1038 1086 1046 1037 1062 1067 1063 1037 1046 1067 1037 1079 1063 1038 1064 1040 1071 1086 1051 1090 1024 1065 1041 1079 1051 1065 1038 1079 1026 1065 1091 1053 1024 1065 1092 1028 1053 1065 1029 1061 1065 1044 1028 1065 1066 1044 1029 1054 1061 1044 1054 1043 1084 1044 1082 1084 1043 1044 1082 1066 1093 1044 1063 1045 1069 1067 1094 1083 1049 1067 1095 1045 1083 1067 1094 1049 1068 1067 1063 1069 1051 1079 1043 1096 1058 1084 1058 1096 1070 1084 1061 1054 1071 1084 1038 1026 1061 1065 1068 1067 1062 1087 1075 1071 1070 1084 1068 1062 1085 1087 1075 1076 1064 1086 1075 1086 1071 1084 1097 1078 1076 1087 1064 1086 1076 1087 1062 1078 1085 1087 1040 1086 1064 1087 1090 1091 1024 1065 1076 1098 1097 1087 1039 1081 1035 1088 1099 1081 1035 1023 1089 1059 1080 1100 1036 1080 1015 1101 1100 1080 1060 1059 1060 1015 1080 1101 1061 1071 1040 1084 1040 1038 1061 1086 1037 1062 1067 1087 1040 1037 1086 1087 1037 1038 1086 1079 1063 1079 1037 1067 1071 1086 1040 1084 1051 1079 1090 1065 1038 1061 1079 1065 1091 1092 1053 1065 1092 1066 1028 1065 1093 1065 1061 1044 1066 1065 1093 1044 1054 1084 1061 1044 1082 1102 1043 1084 1082 1093 1084 1044 1066 1103 1082 1093 1095 1069 1045 1067 1063 1069 1079 1067 1094 1104 1083 1067 1095 1083 1104 1067 1068 1094 1067 1087 1105 1051 1069 1079 1043 1102 1096 1084 1070 1096 1106 1084 1075 1070 1086 1084 1068 1085 1094 1087 1075 1098 1076 1086 1078 1097 1085 1087 1076 1086 1098 1087 1090 1107 1091 1065 1087 1108 1098 1097 1069 1095 1105 1079 1109 1092 1091 1107 1039 1110 1081 1088 1088 1081 1035 1099 1100 1080 1089 1111 1100 1060 1080 1112 1101 1015 1113 1060 1060 1113 1101 1080 1061 1040 1086 1084 1061 1086 1038 1079 1087 1037 1079 1067 1087 1079 1037 1086 1051 1079 1114 1090 1090 1079 1107 1065 1061 1093 1079 1065 1091 1107 1092 1065 1092 1093 1066 1065 1061 1084 1093 1044 1082 1093 1102 1084 1115 1082 1103 1093 1066 1092 1103 1093 1095 1079 1069 1067 1094 1116 1104 1067 1095 1104 1117 1067 1116 1067 1094 1087 1051 1114 1079 1105 1096 1102 1118 1084 1106 1096 1118 1084 1070 1106 1086 1084 1075 1070 1119 1086 1094 1085 1120 1087 1119 1098 1075 1086 1085 1097 1120 1087 1087 1098 1108 1086 1109 1091 1090 1107 1121 1097 1108 1087 1105 1079 1095 1117 1109 1122 1092 1107 1115 1102 1082 1093 1095 1104 1123 1117 1105 1095 1124 1117 1105 1124 1114 1117 1103 1092 1122 1125 1088 1110 1081 1099 1099 1035 1088 1126 1089 1127 1100 1111 1111 1112 1100 1080 1112 1113 1060 1080 1111 1101 1113 1080 1086 1093 1061 1084 1061 1086 1079 1093 1079 1067 1116 1087 1079 1116 1086 1087 1090 1079 1114 1107 1093 1107 1079 1065 1092 1107 1093 1065 1093 1118 1102 1084 1115 1093 1103 1125 1103 1093 1092 1125 1095 1117 1079 1067 1104 1094 1128 1116 1116 1117 1104 1067 1094 1120 1116 1087 1105 1114 1079 1117 1129 1096 1102 1118 1129 1106 1096 1118 1106 1118 1086 1084 1106 1119 1070 1086 1119 1108 1098 1086 1087 1120 1121 1097 1116 1087 1108 1086 1130 1109 1090 1107 1116 1108 1087 1121 1122 1109 1131 1107 1122 1125 1092 1107 1102 1093 1115 1118 1104 1132 1123 1117 1124 1095 1123 1117 1133 1114 1124 1117 1103 1122 1134 1125 1130 1090 1114 1107 1115 1103 1134 1125 1119 1106 1135 1118 1119 1135 1108 1136 1137 1081 1110 1099 1137 1110 1088 1099 1035 1138 1088 1126 1099 1088 1137 1126 1139 1089 1127 1100 1100 1127 1112 1111 1113 1112 1111 1080 1086 1118 1093 1084 1140 1079 1086 1093 1079 1117 1116 1067 1086 1079 1140 1116 1114 1079 1117 1107 1079 1093 1140 1107 1092 1125 1093 1107 1115 1118 1093 1125 1104 1128 1132 1116 1128 1094 1120 1116 1104 1116 1132 1117 1087 1121 1120 1116 1102 1141 1129 1118 1106 1129 1142 1118 1119 1086 1106 1118 1119 1108 1086 1136 1108 1116 1086 1136 1109 1130 1131 1107 1121 1116 1108 1136 1122 1131 1125 1107 1102 1115 1141 1118 1143 1123 1132 1117 1123 1143 1124 1117 1124 1144 1133 1117 1133 1145 1114 1117 1146 1134 1122 1125 1130 1114 1145 1107 1115 1134 1147 1125 1106 1142 1135 1118 1119 1118 1135 1136 1135 1148 1108 1136 1121 1108 1148 1136 1146 1122 1131 1125 1115 1147 1149 1125 1137 1110 1150 1088 1126 1088 1150 1138 1137 1151 1099 1126 1126 1150 1088 1137 1100 1139 1089 1152 1127 1139 1153 1089 1127 1112 1139 1100 1127 1113 1112 1111 1140 1093 1086 1118 1140 1116 1079 1117 1086 1116 1140 1136 1114 1117 1145 1107 1140 1117 1079 1107 1093 1125 1140 1107 1115 1149 1118 1125 1140 1093 1118 1125 1128 1132 1116 1154 1128 1120 1155 1116 1116 1156 1132 1117 1121 1155 1120 1116 1129 1141 1157 1118 1142 1129 1157 1118 1119 1086 1118 1136 1130 1145 1131 1107 1121 1154 1116 1136 1145 1125 1131 1107 1115 1149 1141 1118 1143 1132 1156 1117 1124 1143 1144 1117 1145 1144 1117 1133 1133 1130 1114 1145 1134 1125 1146 1158 1134 1149 1147 1125 1135 1118 1142 1136 1148 1135 1159 1136 1160 1136 1121 1148 1146 1131 1145 1125 1115 1147 1141 1149 1135 1142 1159 1136 1088 1150 1138 1161 1150 1162 1126 1138 1150 1151 1137 1126 1153 1089 1139 1152 1127 1153 1139 1163 1127 1113 1139 1112 1086 1140 1118 1136 1140 1156 1116 1117 1116 1154 1140 1136 1140 1145 1117 1107 1140 1125 1145 1107 1140 1118 1149 1125 1128 1164 1132 1154 1128 1116 1155 1154 1132 1156 1116 1154 1155 1116 1121 1154 1141 1149 1157 1118 1142 1118 1157 1136 1130 1165 1131 1145 1121 1136 1160 1154 1143 1132 1166 1156 1143 1156 1144 1117 1167 1133 1144 1145 1145 1117 1144 1156 1130 1133 1165 1145 1134 1146 1168 1158 1146 1125 1145 1158 1134 1149 1125 1158 1147 1149 1134 1158 1148 1159 1169 1136 1148 1169 1160 1136 1146 1145 1131 1158 1141 1147 1170 1149 1171 1159 1142 1136 1147 1134 1168 1158 1172 1146 1131 1158 1173 1132 1164 1156 1150 1162 1138 1161 1174 1126 1162 1138 1150 1126 1162 1151 1151 1137 1162 1150 1152 1153 1089 1175 1153 1139 1176 1152 1176 1163 1139 1153 1139 1113 1127 1163 1149 1118 1140 1136 1116 1156 1140 1154 1140 1145 1156 1117 1140 1154 1177 1136 1149 1145 1140 1125 1128 1155 1164 1154 1164 1156 1132 1154 1160 1155 1121 1154 1141 1170 1157 1149 1157 1118 1149 1136 1171 1142 1157 1136 1172 1131 1165 1145 1169 1154 1160 1136 1173 1166 1132 1156 1144 1143 1166 1156 1167 1165 1133 1145 1167 1144 1156 1145 1178 1168 1146 1158 1145 1125 1149 1158 1158 1179 1147 1149 1159 1177 1169 1136 1172 1131 1145 1158 1170 1147 1179 1149 1171 1177 1159 1136 1158 1147 1179 1168 1178 1146 1172 1158 1173 1164 1180 1156 1162 1150 1181 1161 1161 1162 1138 1174 1174 1162 1126 1151 1089 1182 1152 1175 1176 1153 1152 1175 1139 1183 1176 1152 1177 1149 1140 1136 1140 1156 1177 1154 1184 1156 1140 1145 1177 1154 1169 1136 1140 1149 1184 1145 1185 1164 1155 1154 1180 1156 1164 1154 1185 1155 1160 1154 1157 1170 1186 1149 1157 1149 1177 1136 1171 1157 1177 1136 1172 1165 1184 1145 1169 1160 1154 1187 1173 1180 1166 1156 1144 1166 1188 1156 1167 1184 1165 1145 1144 1188 1167 1156 1167 1156 1184 1145 1168 1178 1189 1158 1184 1145 1149 1158 1190 1149 1179 1158 1159 1191 1169 1177 1172 1145 1184 1158 1170 1179 1190 1149 1159 1171 1191 1177 1179 1168 1189 1158 1178 1172 1192 1158 1193 1173 1164 1180 1161 1181 1162 1174 1138 1194 1161 1174 1182 1183 1152 1175 1195 1153 1176 1175 1152 1183 1176 1175 1140 1177 1184 1149 1184 1177 1140 1156 1177 1156 1180 1154 1169 1154 1177 1187 1185 1180 1164 1154 1160 1185 1154 1187 1157 1186 1177 1149 1186 1170 1190 1149 1157 1186 1171 1177 1196 1172 1165 1184 1160 1169 1197 1187 1166 1173 1198 1180 1166 1180 1198 1156 1188 1166 1198 1156 1196 1165 1167 1184 1188 1184 1167 1156 1178 1192 1189 1158 1184 1149 1190 1158 1179 1189 1190 1158 1169 1177 1191 1187 1184 1192 1172 1158 1170 1179 1199 1190 1171 1191 1177 1200 1172 1201 1178 1192 1185 1193 1164 1180 1193 1202 1173 1180 1186 1170 1199 1190 1167 1184 1188 1203 1171 1204 1191 1200 1172 1196 1201 1192 1205 1167 1188 1203 1171 1186 1204 1200 1205 1196 1167 1203 1206 1162 1181 1174 1194 1181 1161 1174 1207 1182 1183 1152 1208 1175 1183 1182 1176 1183 1195 1175 1177 1190 1184 1149 1184 1180 1177 1156 1177 1154 1180 1187 1180 1154 1185 1187 1160 1197 1185 1187 1186 1190 1177 1149 1171 1177 1186 1200 1172 1184 1196 1192 1169 1209 1197 1187 1198 1173 1202 1180 1188 1198 1180 1156 1196 1184 1167 1203 1188 1184 1156 1203 1210 1189 1178 1192 1189 1192 1190 1158 1184 1190 1192 1158 1189 1211 1179 1190 1169 1191 1209 1187 1177 1200 1191 1187 1179 1211 1199 1190 1210 1178 1201 1192 1193 1185 1212 1180 1193 1202 1180 1213 1199 1214 1186 1190 1191 1204 1215 1200 1216 1201 1196 1192 1217 1205 1188 1203 1186 1214 1204 1200 1216 1196 1205 1203 1188 1156 1180 1203 1217 1188 1198 1203 1199 1218 1214 1219 1181 1194 1206 1174 1161 1181 1194 1220 1207 1183 1182 1208 1183 1175 1208 1195 1221 1176 1183 1195 1184 1177 1222 1190 1222 1177 1184 1180 1180 1156 1184 1203 1180 1200 1177 1187 1212 1180 1185 1187 1197 1212 1185 1187 1186 1177 1190 1200 1184 1203 1196 1192 1223 1197 1209 1187 1198 1180 1202 1213 1188 1180 1198 1203 1189 1210 1224 1192 1189 1224 1190 1192 1184 1190 1222 1192 1189 1211 1190 1224 1209 1191 1200 1187 1199 1190 1211 1219 1210 1201 1225 1192 1193 1180 1212 1213 1193 1226 1202 1213 1186 1190 1214 1200 1199 1214 1190 1219 1209 1191 1215 1200 1204 1227 1215 1200 1201 1192 1216 1228 1216 1196 1203 1192 1217 1229 1205 1203 1204 1214 1227 1200 1216 1203 1205 1228 1217 1198 1230 1203 1214 1218 1231 1219 1199 1211 1218 1219 1177 1180 1222 1200 1189 1210 1232 1224 1189 1232 1211 1224 1201 1225 1192 1228 1233 1206 1194 1174 1181 1206 1194 1220 1182 1234 1207 1208 1221 1183 1207 1208 1195 1183 1221 1208 1222 1190 1177 1200 1222 1180 1184 1203 1222 1200 1180 1187 1180 1212 1213 1187 1223 1212 1197 1187 1184 1222 1203 1192 1223 1209 1235 1187 1198 1202 1230 1213 1198 1203 1180 1213 1210 1225 1224 1192 1190 1224 1222 1192 1211 1190 1224 1219 1200 1235 1209 1187 1193 1212 1226 1213 1226 1236 1202 1213 1214 1200 1190 1219 1209 1200 1215 1235 1227 1215 1200 1237 1201 1216 1225 1228 1203 1216 1192 1228 1229 1205 1203 1228 1229 1203 1217 1238 1214 1227 1200 1219 1229 1216 1205 1228 1217 1203 1230 1238 1198 1230 1203 1213 1214 1231 1227 1219 1231 1218 1239 1219 1211 1240 1218 1219 1210 1241 1232 1224 1211 1232 1240 1224 1224 1192 1225 1228 1180 1213 1222 1187 1209 1215 1242 1235 1227 1243 1215 1237 1229 1217 1244 1238 1217 1230 1244 1238 1215 1243 1242 1237 1220 1206 1194 1233 1181 1245 1206 1220 1234 1207 1208 1246 1247 1221 1183 1207 1208 1207 1221 1246 1190 1200 1222 1219 1180 1203 1222 1213 1222 1235 1200 1187 1235 1213 1212 1187 1223 1235 1212 1187 1222 1203 1192 1228 1209 1242 1223 1235 1230 1202 1236 1213 1210 1225 1241 1224 1222 1224 1190 1219 1222 1192 1224 1228 1211 1224 1240 1219 1226 1212 1248 1213 1236 1226 1249 1213 1215 1235 1200 1237 1200 1219 1227 1237 1225 1216 1250 1228 1203 1238 1229 1228 1229 1250 1216 1228 1230 1238 1203 1213 1231 1227 1219 1237 1218 1240 1239 1219 1231 1239 1251 1219 1232 1241 1252 1224 1232 1252 1240 1224 1225 1253 1224 1228 1222 1213 1235 1187 1215 1242 1235 1237 1227 1254 1243 1237 1244 1255 1229 1238 1244 1230 1256 1238 1242 1243 1257 1237 1226 1248 1249 1213 1255 1229 1238 1228 1233 1258 1194 1220 1220 1245 1206 1233 1207 1234 1247 1246 1247 1221 1207 1246 1222 1219 1200 1237 1203 1238 1222 1213 1222 1200 1235 1237 1212 1235 1248 1213 1223 1248 1212 1235 1222 1238 1203 1228 1242 1259 1223 1235 1230 1236 1238 1213 1241 1225 1253 1224 1222 1251 1224 1219 1260 1222 1224 1228 1240 1224 1251 1219 1236 1249 1261 1213 1225 1250 1253 1228 1255 1250 1229 1228 1227 1231 1254 1237 1231 1219 1251 1237 1240 1251 1239 1219 1231 1239 1262 1251 1241 1252 1224 1263 1252 1240 1224 1263 1260 1224 1253 1228 1261 1235 1222 1213 1242 1257 1235 1237 1243 1254 1264 1237 1255 1244 1265 1238 1230 1236 1256 1238 1244 1256 1265 1238 1243 1266 1257 1237 1248 1261 1249 1213 1255 1238 1260 1228 1243 1264 1266 1237 1194 1258 1233 1267 1220 1258 1268 1233 1206 1245 1268 1233 1220 1268 1245 1233 1247 1234 1207 1269 1270 1247 1234 1246 1247 1270 1221 1246 1222 1251 1219 1237 1261 1222 1238 1213 1237 1222 1261 1235 1248 1235 1261 1213 1259 1248 1223 1235 1260 1238 1222 1228 1242 1257 1259 1235 1236 1261 1238 1213 1241 1253 1260 1224 1222 1251 1260 1224 1251 1224 1240 1263 1236 1249 1271 1261 1250 1260 1253 1228 1255 1260 1250 1228 1231 1251 1254 1237 1272 1239 1240 1251 1231 1262 1254 1251 1262 1251 1239 1273 1241 1274 1252 1263 1241 1224 1260 1263 1272 1240 1252 1263 1266 1235 1257 1237 1254 1266 1264 1237 1255 1265 1260 1238 1236 1271 1256 1238 1256 1275 1265 1238 1243 1264 1257 1266 1249 1248 1276 1261 1241 1253 1274 1263 1272 1252 1277 1263 1278 1255 1265 1275 1258 1279 1233 1267 1258 1233 1279 1268 1258 1268 1245 1220 1270 1234 1247 1269 1246 1234 1270 1280 1237 1261 1222 1251 1260 1261 1222 1238 1261 1235 1266 1237 1259 1261 1248 1235 1257 1266 1259 1235 1236 1261 1271 1238 1241 1260 1253 1263 1260 1251 1222 1261 1260 1224 1251 1263 1272 1251 1240 1263 1249 1281 1271 1261 1250 1282 1253 1260 1250 1255 1282 1260 1251 1266 1254 1237 1239 1251 1272 1273 1254 1251 1262 1273 1262 1239 1283 1273 1252 1274 1277 1263 1264 1254 1284 1266 1255 1260 1265 1275 1265 1275 1260 1238 1256 1271 1275 1238 1256 1285 1265 1275 1257 1264 1286 1266 1276 1248 1259 1261 1249 1276 1281 1261 1253 1274 1263 1287 1277 1288 1272 1263 1278 1282 1255 1275 1265 1289 1278 1275 1257 1290 1259 1266 1239 1272 1283 1273 1254 1262 1284 1273 1256 1271 1285 1275 1253 1291 1274 1287 1253 1282 1291 1287 1282 1278 1292 1287 1290 1276 1259 1293 1279 1294 1267 1258 1279 1268 1294 1258 1245 1294 1258 1220 1245 1294 1268 1258 1247 1295 1270 1269 1269 1270 1234 1280 1261 1266 1251 1237 1260 1275 1261 1238 1259 1266 1261 1235 1261 1275 1271 1238 1253 1263 1260 1287 1296 1251 1260 1261 1260 1251 1296 1263 1251 1263 1272 1273 1271 1261 1281 1293 1253 1260 1282 1287 1282 1260 1255 1275 1254 1266 1251 1273 1283 1297 1262 1273 1274 1298 1277 1263 1284 1299 1264 1266 1254 1284 1266 1273 1265 1285 1289 1275 1286 1264 1299 1266 1257 1286 1290 1266 1276 1261 1259 1293 1276 1281 1261 1293 1298 1263 1274 1287 1263 1288 1300 1277 1272 1263 1288 1273 1282 1275 1278 1287 1278 1289 1301 1275 1290 1259 1266 1293 1283 1272 1288 1273 1284 1262 1297 1273 1302 1285 1271 1275 1291 1298 1274 1287 1282 1292 1291 1287 1292 1278 1301 1287 1290 1303 1276 1293 1286 1304 1290 1293 1258 1294 1267 1305 1306 1294 1267 1279 1294 1306 1268 1279 1269 1295 1270 1280 1269 1234 1307 1280 1251 1261 1296 1266 1296 1261 1260 1275 1261 1266 1259 1293 1293 1275 1271 1261 1260 1263 1296 1287 1296 1263 1251 1273 1302 1271 1281 1293 1282 1260 1275 1287 1251 1266 1296 1273 1297 1283 1308 1273 1300 1277 1298 1263 1284 1309 1299 1266 1309 1266 1284 1273 1285 1310 1289 1275 1286 1299 1309 1266 1286 1290 1266 1293 1276 1303 1281 1293 1298 1311 1263 1287 1263 1300 1288 1311 1288 1263 1311 1273 1278 1275 1301 1287 1289 1312 1301 1275 1283 1288 1308 1273 1297 1313 1284 1273 1285 1302 1310 1275 1293 1271 1275 1302 1298 1291 1314 1287 1291 1292 1314 1287 1292 1301 1312 1287 1290 1304 1303 1293 1304 1286 1315 1293 1286 1309 1315 1293 1316 1317 1318 1319 1306 1267 1294 1305 1320 1306 1267 1279 1321 1270 1295 1280 1269 1307 1295 1280 1261 1296 1266 1293 1260 1296 1275 1287 1296 1261 1275 1293 1311 1296 1263 1287 1296 1311 1263 1273 1302 1281 1322 1293 1296 1266 1309 1273 1297 1273 1308 1323 1300 1298 1311 1263 1284 1313 1299 1309 1313 1309 1284 1273 1310 1312 1289 1275 1299 1315 1286 1309 1286 1266 1309 1293 1281 1303 1322 1293 1298 1311 1287 1324 1300 1325 1288 1311 1288 1311 1308 1273 1301 1275 1312 1287 1301 1289 1326 1312 1313 1273 1297 1323 1302 1327 1310 1275 1302 1327 1275 1293 1298 1287 1314 1324 1292 1312 1314 1287 1292 1301 1328 1312 1304 1327 1303 1293 1304 1315 1309 1293 1317 1316 1329 1319 1318 1330 1316 1319 1316 1297 1308 1323 1289 1310 1326 1312 1316 1313 1297 1323 1331 1298 1314 1324 1332 1333 1334 1335 1336 1331 1337 1338 1325 1339 1340 1341 1306 1294 1342 1305 1267 1306 1320 1305 1321 1295 1307 1280 1307 1295 1343 1269 1296 1309 1266 1293 1312 1275 1296 1287 1296 1275 1327 1293 1311 1312 1296 1287 1296 1309 1311 1273 1302 1322 1327 1293 1308 1273 1311 1323 1300 1311 1298 1324 1299 1313 1330 1309 1309 1273 1313 1323 1310 1327 1312 1275 1344 1315 1299 1309 1303 1327 1322 1293 1312 1287 1311 1324 1325 1329 1288 1311 1345 1325 1300 1311 1308 1288 1329 1311 1301 1326 1335 1312 1346 1310 1302 1327 1314 1287 1312 1324 1328 1314 1292 1312 1301 1335 1328 1312 1303 1304 1347 1327 1309 1327 1304 1293 1304 1315 1348 1309 1329 1349 1317 1319 1329 1319 1316 1323 1350 1330 1318 1319 1330 1316 1319 1323 1329 1316 1308 1323 1351 1326 1310 1312 1330 1313 1316 1323 1298 1331 1345 1324 1328 1331 1314 1324 1335 1332 1333 1326 1328 1334 1333 1335 1331 1328 1337 1338 1338 1336 1331 1345 1339 1340 1345 1325 1341 1325 1339 1329 1345 1300 1298 1324 1348 1352 1304 1309 1329 1349 1341 1317 1330 1353 1350 1318 1354 1355 1332 1326 1354 1351 1355 1326 1334 1328 1356 1337 1357 1336 1345 1340 1351 1358 1359 1354 1360 1348 1361 1362 1320 1306 1342 1305 1363 1267 1320 1305 1364 1321 1307 1280 1321 1307 1295 1343 1296 1327 1309 1293 1312 1327 1296 1275 1296 1312 1311 1365 1296 1311 1309 1365 1311 1273 1309 1323 1346 1302 1322 1327 1329 1308 1311 1323 1345 1311 1300 1324 1330 1344 1299 1309 1330 1309 1313 1323 1310 1351 1312 1327 1348 1315 1344 1309 1322 1303 1347 1327 1311 1365 1312 1324 1325 1339 1329 1311 1345 1339 1325 1311 1326 1312 1333 1335 1310 1346 1351 1327 1328 1314 1312 1324 1333 1328 1335 1312 1347 1304 1352 1327 1304 1309 1352 1327 1349 1319 1329 1323 1330 1319 1350 1323 1351 1355 1326 1312 1331 1338 1345 1324 1328 1338 1331 1324 1355 1333 1332 1326 1334 1356 1328 1333 1328 1356 1337 1338 1338 1357 1336 1345 1340 1345 1357 1339 1341 1339 1349 1329 1348 1360 1352 1309 1330 1350 1353 1344 1355 1358 1351 1354 1359 1346 1358 1351 1344 1348 1360 1362 1352 1360 1348 1361 1346 1358 1366 1359 1344 1360 1353 1362 1352 1367 1368 1361 1368 1367 1352 1347 1369 1306 1342 1320 1320 1342 1363 1305 1364 1370 1321 1280 1343 1321 1307 1364 1321 1295 1371 1343 1309 1327 1296 1365 1312 1296 1327 1365 1309 1365 1311 1323 1372 1346 1322 1327 1329 1311 1349 1323 1357 1311 1345 1324 1330 1350 1344 1309 1330 1350 1309 1323 1358 1312 1351 1327 1360 1348 1344 1309 1322 1347 1372 1327 1311 1373 1365 1324 1374 1312 1365 1324 1349 1329 1339 1311 1345 1357 1339 1311 1326 1333 1312 1355 1358 1351 1346 1327 1356 1328 1312 1324 1333 1356 1328 1312 1347 1352 1368 1327 1360 1352 1309 1327 1350 1319 1349 1323 1355 1351 1358 1312 1357 1345 1338 1324 1356 1338 1328 1324 1350 1360 1353 1344 1368 1360 1352 1361 1366 1372 1358 1346 1367 1368 1372 1347 1311 1365 1373 1323 1368 1367 1372 1366 1369 1342 1363 1320 1342 1375 1363 1305 1321 1364 1371 1370 1376 1343 1307 1364 1371 1364 1321 1343 1360 1327 1309 1365 1312 1327 1358 1365 1377 1365 1309 1323 1358 1346 1372 1327 1349 1311 1373 1323 1373 1311 1357 1324 1360 1344 1350 1309 1377 1309 1350 1323 1372 1347 1368 1327 1374 1365 1373 1324 1374 1312 1355 1365 1356 1312 1374 1324 1339 1357 1349 1311 1355 1356 1333 1312 1360 1368 1352 1327 1349 1373 1350 1323 1355 1312 1358 1365 1357 1338 1356 1324 1372 1358 1368 1366 1377 1373 1365 1323 1369 1363 1378 1320 1363 1375 1342 1369 1305 1375 1363 1379 1380 1370 1371 1364 1376 1307 1381 1364 1371 1343 1376 1364 1377 1360 1309 1365 1368 1327 1360 1365 1382 1358 1327 1365 1358 1372 1368 1327 1357 1373 1349 1311 1356 1373 1357 1324 1360 1350 1377 1309 1377 1350 1373 1323 1377 1373 1374 1365 1356 1374 1373 1324 1374 1356 1355 1312 1382 1374 1355 1365 1350 1349 1383 1373 1382 1355 1358 1365 1368 1382 1327 1365 1375 1363 1378 1369 1384 1342 1375 1369 1363 1375 1384 1379 1371 1385 1370 1380 1371 1364 1381 1380 1381 1364 1371 1376 1371 1343 1386 1376 1377 1382 1360 1365 1368 1360 1382 1365 1382 1358 1368 1327 1387 1349 1357 1373 1388 1357 1356 1373 1389 1360 1350 1377 1377 1350 1383 1373 1377 1374 1373 1390 1374 1382 1377 1365 1374 1388 1356 1373 1374 1355 1356 1391 1382 1355 1374 1392 1349 1387 1383 1373 1382 1358 1355 1392 1355 1374 1392 1391 1375 1363 1384 1378 1378 1384 1375 1369 1363 1384 1378 1379 1386 1385 1371 1380 1381 1386 1371 1380 1371 1386 1381 1376 1377 1360 1382 1393 1360 1368 1382 1393 1382 1368 1358 1394 1387 1357 1388 1373 1350 1383 1389 1377 1377 1389 1360 1393 1377 1373 1383 1390 1374 1377 1382 1390 1388 1373 1374 1390 1356 1388 1374 1391 1374 1382 1392 1390 1383 1373 1387 1390 1392 1382 1358 1394 1374 1392 1391 1390 1371 1395 1385 1386 1384 1378 1396 1369 1397 1363 1378 1379 1396 1378 1384 1379 1386 1380 1381 1385 1386 1395 1381 1376 1377 1393 1382 1390 1382 1368 1398 1393 1382 1398 1368 1394 1387 1373 1388 1390 1389 1377 1383 1390 1377 1389 1393 1390 1388 1374 1391 1390 1382 1394 1392 1390 1387 1399 1383 1390 1392 1400 1391 1390 1381 1385 1395 1386 1395 1386 1401 1376 1400 1402 1391 1390 1397 1403 1363 1379 1378 1396 1397 1379 1396 1384 1404 1379 1385 1381 1405 1380 1406 1381 1395 1376 1382 1393 1398 1390 1382 1398 1394 1390 1387 1388 1399 1390 1383 1407 1389 1390 1408 1393 1389 1390 1391 1402 1388 1390 1394 1409 1392 1390 1399 1410 1383 1390 1392 1409 1400 1390 1385 1405 1381 1395 1406 1395 1401 1376 1390 1402 1411 1400 1383 1410 1407 1390 1404 1403 1397 1379 1397 1396 1404 1379 1384 1412 1404 1379 1413 1405 1381 1380 1395 1405 1381 1406 1408 1398 1393 1390 1394 1398 1409 1390 1414 1399 1388 1390 1407 1408 1389 1390 1414 1388 1402 1390 1399 1415 1410 1390 1411 1400 1409 1390 1395 1385 1405 1416 1405 1395 1401 1406 1390 1411 1402 1415 1410 1415 1407 1390 1404 1403 1417 1397 1379 1404 1403 1418 1396 1404 1419 1397 1379 1412 1404 1418 1413 1381 1405 1406 1398 1408 1420 1390 1398 1420 1409 1390 1414 1415 1399 1390 1407 1415 1408 1390 1414 1402 1415 1390 1421 1410 1399 1415 1411 1409 1415 1390 1395 1405 1401 1416 1422 1406 1405 1401 1402 1411 1423 1415 1410 1424 1407 1415 1417 1419 1404 1397 1417 1404 1418 1403 1417 1404 1412 1418 1413 1425 1381 1406 1405 1406 1422 1413 1408 1415 1420 1390 1420 1415 1409 1390 1414 1421 1399 1415 1415 1426 1407 1408 1402 1423 1414 1415 1410 1421 1427 1415 1409 1428 1411 1415 1422 1401 1405 1416 1422 1401 1425 1406 1411 1429 1423 1415 1410 1427 1424 1415 1407 1426 1415 1424 1417 1430 1404 1419 1418 1417 1403 1431 1417 1404 1430 1412 1412 1430 1417 1418 1413 1422 1425 1406 1426 1420 1408 1415 1409 1420 1428 1415 1432 1421 1414 1415 1423 1432 1414 1415 1433 1427 1421 1415 1411 1428 1429 1415 1405 1416 1434 1422 1416 1401 1425 1422 1435 1425 1401 1406 1423 1429 1436 1415 1437 1424 1427 1415 1437 1426 1424 1415 1430 1419 1417 1438 1439 1417 1431 1403 1430 1417 1418 1431 1418 1412 1430 1431 1425 1422 1413 1440 1420 1426 1441 1415 1420 1441 1428 1415 1432 1433 1421 1415 1432 1423 1436 1415 1433 1442 1427 1415 1428 1442 1429 1415 1434 1416 1425 1422 1416 1425 1401 1435 1429 1442 1436 1415 1437 1427 1442 1415 1426 1437 1443 1415 1416 1401 1444 1435 1438 1417 1430 1431 1439 1431 1417 1438 1412 1445 1430 1431 1422 1425 1434 1440 1426 1443 1441 1415 1441 1442 1428 1415 1432 1442 1433 1415 1432 1436 1442 1415 1446 1427 1433 1442 1428 1447 1429 1442 1425 1416 1434 1435 1429 1448 1436 1442 1437 1427 1449 1442 1437 1442 1443 1415 1434 1416 1444 1435 1449 1427 1446 1442 1450 1416 1444 1434 1438 1430 1445 1431 1438 1445 1439 1431 1425 1434 1440 1435 1443 1442 1441 1415 1428 1441 1447 1442 1451 1433 1432 1442 1451 1432 1436 1442 1433 1452 1446 1442 1429 1447 1448 1442 1436 1448 1453 1442 1454 1437 1449 1442 1454 1443 1437 1442 1435 1434 1450 1444 1449 1446 1455 1442 1435 1450 1434 1440 1456 1434 1450 1440 1457 1430 1445 1438 1439 1445 1458 1431 1457 1445 1439 1438 1459 1425 1440 1435 1441 1443 1460 1442 1441 1460 1447 1442 1433 1451 1452 1442 1436 1453 1451 1442 1452 1455 1446 1442 1448 1447 1461 1442 1448 1461 1453 1442 1449 1455 1454 1442 1443 1454 1462 1442 1463 1435 1450 1444 1450 1456 1440 1435 1464 1465 1466 1467 1468 1464 1469 1466 1464 1470 1471 1468 1472 1473 1474 1475 1458 1445 1439 1457 1476 1457 1439 1438 1440 1456 1459 1435 1443 1462 1460 1442 1477 1447 1460 1442 1452 1451 1478 1442 1453 1479 1451 1442 1452 1478 1455 1442 1477 1461 1447 1442 1479 1453 1461 1442 1455 1480 1454 1442 1480 1462 1454 1442 1444 1463 1481 1450 1450 1435 1463 1456 1482 1466 1465 1467 1464 1466 1465 1469 1464 1469 1470 1468 1471 1483 1468 1470 1484 1474 1472 1473 1475 1485 1474 1472 1452 1451 1474 1478 1455 1452 1470 1478 1465 1454 1455 1480 1469 1464 1470 1465 1483 1471 1468 1485 1484 1486 1474 1473 1485 1475 1474 1471 1470 1465 1455 1478 1473 1484 1486 1487 1488 1445 1458 1457 1457 1439 1458 1476 1456 1463 1459 1435 1460 1462 1489 1442 1489 1477 1460 1442 1479 1478 1451 1442 1453 1486 1451 1479 1455 1478 1480 1442 1461 1477 1489 1442 1479 1453 1490 1461 1479 1461 1489 1442 1482 1454 1480 1462 1489 1462 1480 1442 1463 1481 1450 1456 1466 1467 1482 1491 1482 1465 1466 1469 1483 1470 1469 1468 1470 1483 1474 1471 1474 1484 1472 1492 1472 1485 1474 1492 1474 1470 1452 1478 1486 1474 1451 1478 1454 1465 1482 1480 1480 1455 1465 1478 1469 1470 1478 1465 1471 1483 1474 1485 1486 1484 1474 1493 1494 1486 1484 1487 1491 1467 1482 1495 1494 1490 1486 1487 1487 1494 1490 1496 1494 1497 1496 1498 1458 1488 1457 1476 1439 1499 1458 1476 1481 1463 1459 1456 1489 1460 1500 1462 1489 1500 1460 1477 1479 1486 1451 1478 1479 1480 1478 1442 1453 1490 1486 1479 1489 1461 1501 1477 1490 1479 1461 1489 1489 1480 1479 1442 1480 1489 1482 1462 1502 1450 1481 1456 1466 1482 1503 1491 1469 1482 1503 1466 1482 1465 1469 1480 1483 1478 1469 1470 1474 1483 1470 1478 1474 1492 1493 1484 1492 1474 1483 1485 1474 1486 1493 1478 1478 1469 1465 1480 1493 1486 1484 1494 1491 1482 1500 1495 1490 1494 1486 1497 1494 1496 1497 1490 1504 1496 1497 1498 1461 1501 1490 1489 1495 1505 1500 1491 1506 1498 1496 1504 1505 1495 1500 1507 1496 1504 1501 1506 1496 1504 1490 1501 1457 1488 1508 1476 1488 1458 1508 1476 1508 1458 1499 1476 1481 1509 1456 1459 1481 1459 1463 1510 1500 1482 1489 1462 1501 1500 1489 1477 1479 1493 1486 1478 1480 1511 1479 1478 1490 1497 1486 1479 1490 1497 1479 1489 1511 1489 1480 1479 1512 1489 1482 1480 1456 1509 1481 1502 1482 1491 1500 1503 1503 1482 1469 1480 1478 1483 1469 1513 1492 1478 1483 1474 1493 1492 1474 1478 1478 1514 1469 1480 1486 1493 1497 1494 1504 1497 1496 1490 1490 1504 1489 1501 1505 1500 1491 1515 1506 1498 1504 1516 1507 1516 1500 1505 1504 1506 1500 1501 1463 1517 1481 1510 1507 1516 1506 1500 1518 1458 1508 1488 1476 1499 1508 1519 1499 1458 1508 1520 1459 1481 1509 1510 1482 1500 1489 1512 1489 1504 1500 1501 1497 1493 1486 1479 1493 1479 1511 1478 1514 1511 1480 1478 1504 1490 1489 1497 1511 1479 1497 1489 1512 1480 1511 1489 1482 1503 1512 1480 1481 1502 1509 1510 1500 1491 1515 1503 1500 1482 1503 1512 1469 1503 1480 1514 1521 1469 1483 1513 1478 1492 1483 1513 1514 1478 1469 1513 1493 1492 1478 1513 1515 1505 1500 1516 1506 1504 1500 1516 1502 1481 1517 1510 1478 1511 1493 1513 1478 1514 1511 1513 1517 1522 1481 1502 1523 1488 1518 1508 1508 1458 1518 1520 1519 1499 1508 1520 1524 1459 1509 1510 1504 1489 1500 1512 1479 1497 1493 1511 1480 1512 1511 1514 1489 1504 1497 1512 1497 1511 1489 1512 1480 1503 1512 1514 1502 1510 1525 1509 1503 1515 1500 1512 1503 1469 1526 1514 1521 1483 1527 1513 1469 1521 1514 1513 1527 1483 1492 1513 1492 1493 1528 1513 1500 1504 1515 1516 1522 1510 1502 1517 1511 1528 1493 1513 1514 1511 1513 1529 1520 1508 1523 1518 1519 1530 1499 1520 1520 1523 1508 1519 1524 1509 1525 1510 1504 1512 1500 1515 1511 1497 1493 1531 1511 1514 1512 1529 1532 1497 1504 1512 1532 1511 1497 1512 1503 1512 1514 1533 1502 1510 1522 1525 1512 1503 1515 1533 1469 1521 1526 1514 1514 1526 1503 1533 1521 1513 1527 1529 1514 1513 1521 1529 1527 1492 1528 1513 1510 1522 1534 1517 1493 1528 1511 1531 1528 1513 1511 1529 1535 1522 1534 1536 1537 1523 1518 1520 1520 1538 1530 1499 1519 1523 1530 1520 1524 1522 1510 1525 1515 1504 1512 1539 1511 1497 1531 1532 1512 1532 1511 1529 1514 1533 1512 1529 1504 1532 1512 1539 1512 1515 1540 1533 1521 1526 1514 1529 1526 1533 1514 1529 1527 1541 1521 1529 1528 1527 1513 1529 1510 1534 1522 1542 1511 1531 1528 1529 1534 1542 1535 1536 1542 1522 1536 1534 1536 1522 1543 1525 1544 1523 1518 1537 1523 1537 1530 1520 1520 1530 1538 1537 1530 1545 1523 1519 1543 1522 1524 1525 1524 1510 1522 1542 1512 1540 1515 1539 1532 1531 1511 1529 1512 1539 1532 1529 1512 1533 1540 1529 1521 1546 1526 1529 1526 1547 1533 1529 1548 1541 1527 1529 1541 1546 1521 1529 1549 1527 1528 1529 1528 1531 1549 1529 1534 1535 1542 1550 1543 1535 1542 1536 1522 1543 1542 1536 1544 1545 1523 1537 1523 1537 1545 1530 1545 1537 1538 1530 1542 1543 1522 1524 1540 1539 1512 1529 1551 1531 1532 1529 1532 1539 1552 1529 1547 1540 1533 1529 1526 1546 1547 1529 1549 1548 1527 1529 1541 1529 1548 1553 1546 1529 1541 1553 1549 1531 1554 1529 1534 1555 1550 1542 1543 1542 1535 1550 1535 1536 1543 1556 1557 1546 1541 1553 1523 1545 1544 1558 1545 1537 1544 1538 1559 1545 1538 1530 1543 1542 1560 1524 1540 1552 1539 1529 1554 1531 1551 1529 1551 1532 1552 1529 1540 1547 1561 1529 1547 1529 1546 1553 1549 1548 1529 1553 1548 1562 1541 1553 1549 1529 1554 1553 1543 1550 1555 1542 1543 1556 1550 1535 1541 1562 1557 1553 1557 1547 1546 1553 1545 1563 1544 1558 1537 1544 1538 1564 1545 1538 1544 1559 1560 1542 1543 1555 1540 1561 1552 1529 1554 1529 1551 1553 1551 1529 1552 1553 1561 1529 1547 1553 1565 1548 1549 1553 1566 1562 1548 1553 1565 1549 1554 1553 1550 1556 1543 1555 1550 1567 1535 1556 1562 1568 1557 1553 1569 1547 1557 1553 1544 1563 1545 1559 1559 1538 1544 1564 1543 1560 1555 1556 1561 1552 1529 1553 1554 1551 1570 1553 1551 1552 1571 1553 1569 1561 1547 1553 1565 1566 1548 1553 1566 1572 1562 1553 1570 1565 1554 1553 1567 1550 1555 1556 1573 1550 1567 1535 1568 1569 1557 1553 1562 1572 1568 1553 1574 1565 1554 1570 1544 1563 1559 1564 1559 1575 1538 1564 1567 1555 1560 1556 1561 1571 1552 1553 1551 1571 1570 1553 1561 1569 1576 1553 1565 1572 1566 1553 1577 1562 1566 1572 1570 1572 1565 1553 1555 1573 1550 1567 1568 1572 1569 1553 1577 1568 1562 1572 1570 1574 1565 1572 1563 1544 1578 1564 1559 1563 1578 1564 1559 1578 1575 1564 1579 1567 1560 1556 1573 1555 1560 1567 1571 1561 1576 1553 1571 1572 1570 1553 1569 1572 1576 1553 1580 1566 1565 1572 1581 1577 1566 1572 1569 1568 1582 1572 1577 1583 1568 1572 1574 1580 1565 1572 1570 1584 1574 1572 1584 1570 1571 1572 1585 1563 1578 1559 1586 1575 1578 1564 1585 1578 1575 1559 1556 1579 1567 1587 1560 1573 1567 1579 1573 1560 1555 1588 1571 1576 1572 1553 1569 1582 1576 1572 1580 1581 1566 1572 1577 1581 1589 1572 1583 1582 1568 1572 1577 1589 1583 1572 1574 1590 1580 1572 1584 1591 1574 1572 1571 1592 1584 1572 1593 1563 1578 1585 1586 1578 1575 1585 1573 1567 1579 1587 1579 1560 1573 1588 1571 1576 1592 1572 1576 1582 1594 1572 1581 1572 1580 1595 1589 1572 1581 1595 1583 1596 1582 1572 1589 1583 1572 1595 1574 1591 1590 1572 1590 1580 1572 1595 1584 1592 1591 1572 1586 1593 1578 1585 1585 1575 1586 1597 1567 1573 1598 1587 1587 1579 1573 1588 1599 1560 1579 1588 1576 1594 1592 1572 1594 1582 1596 1572 1600 1581 1580 1595 1601 1589 1581 1595 1596 1572 1583 1595 1602 1583 1589 1595 1591 1590 1572 1595 1590 1600 1580 1595 1603 1591 1592 1572 1586 1578 1593 1604 1585 1586 1593 1597 1575 1605 1586 1597 1573 1598 1587 1588 1599 1579 1587 1588 1603 1592 1594 1572 1594 1572 1596 1595 1600 1601 1581 1595 1589 1601 1606 1595 1602 1596 1583 1595 1589 1606 1602 1595 1591 1607 1590 1595 1591 1572 1603 1595 1600 1590 1608 1595 1593 1586 1604 1597 1609 1586 1605 1597 1573 1610 1598 1588 1587 1598 1599 1588 1603 1572 1594 1595 1594 1596 1611 1595 1600 1612 1601 1595 1601 1613 1606 1595 1602 1614 1596 1595 1602 1606 1613 1595 1590 1607 1608 1595 1591 1603 1607 1595 1600 1608 1612 1595 1615 1593 1604 1597 1586 1609 1604 1597 1609 1605 1615 1597 1598 1610 1599 1588 1598 1599 1616 1587 1603 1594 1611 1595 1611 1596 1614 1595 1601 1612 1613 1595 1617 1606 1601 1613 1602 1613 1614 1595 1618 1602 1606 1613 1607 1613 1608 1595 1603 1619 1607 1595 1608 1613 1612 1595 1604 1609 1615 1597 1605 1615 1597 1620 1609 1615 1605 1621 1599 1610 1622 1588 1598 1599 1610 1616 1603 1611 1619 1595 1614 1613 1611 1595 1612 1617 1601 1613 1617 1623 1606 1613 1618 1614 1602 1613 1623 1618 1606 1613 1607 1624 1608 1613 1607 1619 1613 1595 1625 1612 1608 1613 1621 1609 1615 1604 1621 1615 1605 1620 1605 1609 1621 1626 1616 1599 1610 1622 1598 1610 1627 1616 1611 1613 1619 1595 1611 1614 1628 1613 1629 1617 1612 1613 1630 1623 1617 1613 1631 1614 1618 1613 1623 1632 1618 1613 1607 1619 1624 1613 1625 1608 1624 1613 1629 1612 1625 1613 1615 1621 1633 1620 1621 1605 1626 1620 1634 1616 1622 1599 1616 1610 1627 1622 1611 1628 1619 1613 1631 1628 1614 1613 1629 1630 1617 1613 1630 1635 1623 1613 1632 1631 1618 1613 1623 1635 1632 1613 1636 1624 1619 1613 1637 1625 1624 1613 1638 1629 1625 1613 1626 1633 1621 1620 1626 1605 1639 1620 1622 1616 1634 1640 1610 1641 1627 1622 1627 1640 1616 1622 1628 1636 1619 1613 1628 1631 1642 1613 1629 1635 1630 1613 1623 1630 1643 1635 1632 1635 1631 1613 1623 1643 1632 1635 1636 1637 1624 1613 1638 1625 1637 1613 1638 1635 1629 1613 1644 1633 1621 1626 1626 1620 1645 1633 1626 1645 1620 1639 1640 1641 1634 1622 1627 1641 1640 1622 1636 1628 1642 1613 1631 1635 1642 1613 1646 1630 1629 1635 1647 1643 1630 1635 1631 1632 1648 1635 1649 1632 1643 1635 1636 1635 1637 1613 1638 1637 1635 1613 1646 1629 1638 1635 1644 1645 1633 1626 1639 1645 1644 1626 1622 1641 1634 1650 1641 1634 1651 1640 1651 1627 1641 1640 1636 1642 1635 1613 1631 1648 1642 1635 1647 1630 1646 1635 1647 1643 1635 1652 1649 1648 1632 1635 1649 1635 1643 1652 1636 1653 1637 1635 1654 1638 1637 1635 1655 1646 1638 1635 1633 1656 1645 1644 1651 1634 1657 1640 1658 1639 1644 1626 1639 1645 1656 1644 1641 1651 1634 1650 1636 1642 1653 1635 1642 1648 1659 1635 1647 1635 1646 1652 1647 1660 1643 1652 1648 1635 1649 1652 1660 1649 1643 1652 1653 1654 1637 1635 1655 1638 1654 1635 1646 1635 1655 1652 1661 1657 1634 1640 1662 1651 1634 1657 1662 1651 1641 1650 1657 1662 1651 1663 1644 1656 1639 1658 1656 1645 1639 1664 1634 1651 1662 1650 1653 1642 1659 1635 1659 1635 1648 1652 1665 1647 1646 1652 1666 1660 1647 1652 1667 1648 1649 1652 1668 1649 1660 1652 1654 1635 1653 1652 1655 1635 1654 1652 1665 1646 1655 1652 1634 1661 1662 1657 1661 1662 1657 1663 1644 1669 1656 1658 1661 1663 1657 1670 1658 1656 1639 1664 1662 1661 1634 1650 1659 1653 1635 1652 1667 1659 1648 1652 1666 1647 1665 1652 1666 1671 1660 1652 1668 1667 1649 1652 1668 1660 1671 1652 1672 1654 1653 1652 1654 1673 1655 1652 1674 1665 1655 1652 1670 1662 1661 1663 1644 1675 1669 1658 1658 1669 1656 1664 1639 1676 1658 1664 1677 1634 1661 1650 1670 1661 1662 1650 1659 1672 1653 1652 1659 1667 1678 1652 1666 1665 1671 1652 1666 1679 1660 1671 1668 1671 1667 1652 1679 1668 1660 1671 1654 1672 1673 1652 1674 1655 1673 1652 1674 1671 1665 1652 1662 1680 1663 1670 1675 1669 1658 1664 1656 1669 1681 1664 1656 1681 1669 1682 1658 1676 1675 1664 1677 1661 1670 1650 1670 1683 1650 1662 1659 1678 1672 1652 1667 1671 1678 1652 1684 1666 1665 1671 1685 1679 1666 1671 1686 1667 1668 1671 1687 1668 1679 1671 1672 1671 1673 1652 1674 1673 1671 1652 1684 1665 1674 1671 1680 1688 1662 1663 1680 1662 1683 1670 1669 1664 1675 1689 1689 1681 1669 1664 1689 1669 1681 1682 1669 1690 1682 1689 1675 1664 1676 1689 1670 1650 1683 1677 1678 1671 1672 1652 1686 1678 1667 1671 1685 1666 1684 1671 1685 1679 1671 1691 1687 1686 1668 1671 1687 1671 1679 1691 1692 1673 1672 1671 1693 1674 1673 1671 1694 1684 1674 1671 1688 1662 1683 1680 1695 1683 1670 1680 1669 1675 1690 1689 1676 1664 1681 1689 1682 1696 1681 1689 1690 1697 1682 1689 1682 1697 1696 1689 1676 1698 1675 1689 1699 1677 1683 1650 1695 1670 1683 1677 1692 1672 1678 1671 1678 1686 1700 1671 1685 1671 1684 1691 1685 1701 1679 1691 1686 1671 1687 1691 1701 1687 1679 1691 1693 1673 1692 1671 1694 1674 1693 1671 1684 1671 1694 1691 1683 1702 1662 1688 1683 1688 1680 1695 1703 1690 1675 1689 1681 1704 1676 1689 1696 1704 1681 1689 1703 1697 1690 1689 1705 1696 1697 1689 1706 1707 1708 1709 1710 1708 1711 1712 1713 1712 1714 1715 1716 1698 1676 1689 1703 1675 1698 1689 1695 1677 1683 1699 1678 1700 1692 1671 1700 1671 1686 1691 1717 1685 1684 1691 1718 1701 1685 1691 1719 1686 1687 1691 1720 1687 1701 1691 1693 1671 1692 1691 1694 1671 1693 1691 1717 1684 1694 1691 1683 1702 1688 1699 1721 1680 1688 1695 1695 1683 1688 1699 1676 1704 1716 1689 1705 1704 1696 1689 1703 1705 1697 1689 1697 1722 1696 1705 1706 1708 1710 1709 1709 1706 1707 1723 1724 1710 1711 1712 1711 1708 1710 1706 1715 1714 1713 1725 1712 1713 1714 1726 1705 1727 1696 1704 1728 1707 1706 1723 1712 1724 1713 1726 1729 1730 1731 1732 1732 1730 1731 1733 1707 1728 1732 1733 1727 1724 1710 1734 1716 1705 1698 1689 1705 1703 1698 1689 1695 1735 1677 1699 1700 1692 1671 1691 1719 1700 1686 1691 1718 1685 1717 1691 1718 1736 1701 1691 1720 1719 1687 1691 1720 1701 1736 1691 1737 1693 1692 1691 1738 1694 1693 1691 1739 1717 1694 1691 1740 1699 1688 1702 1688 1721 1695 1699 1716 1704 1705 1689 1705 1697 1741 1703 1696 1722 1727 1705 1741 1722 1697 1705 1710 1706 1709 1734 1706 1723 1709 1742 1712 1711 1724 1726 1724 1711 1710 1734 1710 1711 1706 1734 1713 1715 1725 1743 1714 1713 1725 1726 1712 1714 1711 1726 1744 1727 1705 1704 1728 1707 1723 1733 1728 1723 1706 1742 1724 1745 1713 1726 1731 1730 1729 1746 1730 1732 1728 1733 1733 1730 1731 1747 1722 1724 1727 1734 1710 1709 1727 1734 1688 1699 1740 1721 1748 1725 1715 1743 1745 1749 1713 1726 1729 1750 1731 1746 1751 1750 1729 1746 1706 1752 1753 1754 1706 1711 1752 1754 1755 1752 1756 1711 1757 1756 1758 1714 1756 1757 1711 1714 1725 1759 1758 1760 1714 1758 1760 1725 1722 1761 1745 1762 1724 1722 1745 1762 1705 1763 1716 1698 1703 1764 1705 1698 1695 1721 1735 1699 1700 1737 1692 1691 1700 1719 1765 1691 1718 1717 1736 1691 1766 1701 1718 1736 1720 1736 1719 1691 1766 1720 1701 1736 1737 1738 1693 1691 1738 1739 1694 1691 1739 1736 1717 1691 1702 1767 1740 1699 1705 1716 1744 1704 1705 1741 1764 1703 1705 1722 1727 1762 1722 1705 1741 1762 1706 1742 1709 1734 1744 1709 1723 1742 1724 1711 1734 1726 1711 1754 1706 1734 1725 1713 1743 1726 1760 1726 1714 1725 1757 1711 1714 1726 1705 1727 1744 1734 1733 1723 1728 1742 1706 1753 1728 1742 1724 1762 1745 1726 1730 1746 1731 1747 1733 1728 1730 1747 1733 1731 1768 1747 1722 1734 1727 1762 1724 1734 1722 1762 1734 1744 1709 1727 1721 1769 1699 1740 1743 1748 1725 1770 1743 1713 1749 1726 1749 1745 1761 1726 1731 1746 1750 1747 1746 1751 1750 1771 1706 1754 1753 1742 1711 1755 1752 1754 1756 1757 1755 1711 1772 1757 1758 1714 1773 1759 1725 1760 1760 1758 1714 1772 1741 1761 1722 1762 1745 1762 1761 1726 1723 1774 1744 1742 1757 1734 1711 1726 1733 1774 1723 1742 1775 1730 1728 1747 1768 1774 1733 1747 1754 1776 1753 1742 1777 1775 1778 1730 1778 1779 1777 1730 1730 1779 1777 1746 1728 1753 1775 1776 1764 1763 1705 1698 1705 1716 1763 1780 1721 1699 1769 1735 1737 1700 1765 1691 1719 1736 1765 1691 1781 1718 1717 1736 1782 1766 1718 1736 1783 1719 1720 1736 1720 1766 1784 1736 1737 1736 1738 1691 1738 1736 1739 1691 1781 1717 1739 1736 1767 1699 1769 1740 1744 1716 1705 1785 1764 1741 1705 1762 1705 1727 1734 1762 1754 1742 1706 1734 1734 1709 1744 1742 1724 1734 1762 1726 1755 1754 1711 1734 1743 1786 1725 1726 1760 1725 1786 1726 1714 1726 1760 1772 1772 1757 1714 1726 1705 1744 1785 1734 1733 1742 1728 1747 1753 1776 1728 1742 1779 1746 1730 1747 1787 1768 1731 1747 1748 1773 1725 1770 1743 1770 1725 1786 1743 1749 1788 1726 1749 1761 1762 1726 1750 1787 1731 1747 1750 1747 1746 1771 1746 1789 1751 1771 1751 1790 1750 1771 1755 1711 1757 1734 1760 1773 1759 1791 1725 1773 1760 1786 1761 1741 1792 1762 1744 1774 1716 1742 1757 1793 1734 1726 1774 1742 1733 1747 1775 1728 1776 1747 1775 1778 1730 1747 1768 1794 1774 1747 1754 1795 1776 1742 1778 1779 1730 1747 1779 1796 1777 1746 1797 1773 1748 1770 1798 1770 1743 1786 1799 1759 1773 1791 1751 1789 1800 1790 1789 1800 1790 1801 1716 1774 1794 1802 1763 1764 1705 1780 1763 1716 1803 1780 1705 1785 1716 1780 1767 1769 1699 1735 1737 1765 1736 1691 1783 1765 1719 1736 1782 1718 1781 1736 1766 1736 1782 1804 1720 1784 1783 1736 1784 1736 1766 1804 1805 1738 1737 1736 1806 1739 1738 1736 1806 1781 1739 1736 1807 1740 1767 1769 1744 1716 1785 1742 1764 1808 1741 1762 1764 1705 1785 1762 1705 1734 1785 1762 1795 1742 1754 1734 1744 1742 1785 1734 1788 1762 1734 1726 1795 1754 1755 1734 1743 1788 1786 1726 1760 1786 1772 1726 1772 1793 1757 1726 1728 1742 1776 1747 1746 1747 1779 1771 1747 1794 1787 1768 1725 1770 1773 1786 1743 1788 1749 1786 1749 1762 1788 1726 1762 1749 1792 1761 1787 1747 1750 1771 1789 1746 1796 1771 1789 1790 1751 1771 1750 1790 1809 1771 1755 1757 1793 1734 1773 1791 1760 1786 1762 1792 1808 1741 1716 1742 1774 1802 1788 1734 1793 1726 1774 1802 1742 1747 1775 1776 1778 1747 1794 1802 1774 1747 1810 1776 1795 1742 1811 1779 1778 1747 1746 1779 1796 1771 1773 1797 1812 1770 1743 1749 1798 1786 1798 1813 1770 1786 1773 1814 1799 1791 1815 1790 1800 1801 1790 1789 1801 1816 1794 1803 1716 1802 1716 1802 1803 1780 1809 1787 1750 1771 1817 1812 1797 1770 1818 1815 1800 1801 1812 1819 1817 1797 1789 1796 1820 1821 1820 1789 1821 1801 1822 1823 1824 1819 1819 1824 1822 1812 1814 1799 1825 1812 1763 1826 1764 1780 1764 1785 1705 1780 1803 1827 1763 1780 1716 1785 1742 1780 1699 1767 1735 1828 1769 1735 1767 1829 1805 1737 1765 1736 1765 1783 1830 1736 1782 1736 1781 1804 1831 1766 1782 1804 1783 1736 1784 1804 1784 1766 1831 1804 1738 1805 1832 1736 1806 1738 1832 1736 1806 1781 1736 1804 1767 1807 1769 1829 1762 1808 1785 1764 1793 1785 1734 1762 1795 1785 1742 1734 1793 1734 1788 1762 1793 1795 1755 1734 1772 1786 1788 1726 1760 1833 1772 1786 1772 1788 1793 1726 1776 1742 1802 1747 1779 1747 1811 1771 1747 1787 1794 1802 1812 1773 1770 1786 1749 1788 1798 1786 1762 1792 1749 1788 1787 1834 1747 1771 1789 1796 1821 1771 1790 1771 1789 1816 1809 1790 1835 1771 1833 1760 1791 1786 1773 1814 1791 1786 1762 1808 1792 1836 1716 1742 1802 1780 1776 1811 1778 1747 1810 1742 1795 1802 1776 1742 1810 1802 1779 1821 1796 1771 1770 1813 1817 1786 1837 1813 1798 1786 1812 1814 1799 1773 1790 1801 1815 1816 1821 1801 1789 1816 1794 1838 1803 1802 1803 1802 1827 1780 1809 1834 1787 1771 1812 1770 1817 1786 1815 1818 1839 1801 1819 1817 1824 1812 1840 1820 1821 1801 1823 1841 1822 1824 1822 1812 1824 1842 1825 1822 1814 1812 1795 1742 1785 1802 1843 1798 1749 1788 1843 1749 1792 1788 1844 1792 1808 1836 1803 1838 1827 1802 1840 1845 1820 1801 1818 1839 1846 1847 1839 1845 1848 1849 1850 1825 1822 1851 1850 1822 1841 1851 1826 1763 1827 1780 1852 1764 1826 1780 1780 1785 1808 1764 1785 1802 1742 1780 1829 1735 1767 1828 1765 1830 1805 1736 1783 1830 1736 1804 1853 1782 1781 1804 1854 1831 1782 1804 1783 1784 1855 1804 1856 1784 1831 1804 1832 1736 1805 1804 1832 1806 1736 1804 1806 1853 1781 1804 1767 1807 1829 1828 1762 1785 1808 1836 1793 1785 1795 1734 1793 1788 1785 1762 1833 1788 1772 1786 1772 1833 1793 1788 1776 1802 1811 1747 1779 1811 1857 1771 1747 1834 1811 1771 1787 1838 1794 1802 1802 1747 1787 1834 1773 1812 1814 1786 1788 1858 1798 1786 1792 1836 1788 1762 1821 1789 1771 1816 1835 1771 1790 1816 1809 1835 1834 1771 1791 1859 1833 1786 1814 1859 1791 1786 1810 1795 1785 1802 1811 1776 1810 1802 1779 1857 1821 1771 1817 1786 1813 1860 1837 1798 1858 1786 1813 1786 1837 1860 1835 1790 1815 1816 1839 1815 1801 1816 1821 1840 1801 1816 1827 1802 1861 1780 1809 1862 1787 1834 1817 1812 1786 1842 1839 1818 1815 1847 1824 1812 1817 1842 1863 1841 1823 1824 1841 1822 1824 1842 1814 1812 1822 1842 1825 1822 1851 1814 1798 1788 1843 1858 1843 1788 1792 1836 1844 1808 1864 1836 1843 1792 1844 1836 1838 1865 1827 1802 1840 1845 1801 1849 1847 1846 1866 1839 1801 1845 1839 1849 1866 1839 1848 1849 1841 1867 1850 1851 1841 1851 1822 1842 1808 1764 1852 1780 1837 1798 1843 1858 1868 1813 1837 1860 1865 1861 1827 1802 1869 1863 1841 1823 1847 1866 1846 1870 1867 1850 1871 1841 1870 1866 1846 1872 1873 1874 1875 1869 1875 1841 1869 1876 1826 1827 1861 1780 1852 1826 1877 1780 1780 1808 1785 1836 1861 1802 1785 1780 1878 1735 1829 1828 1830 1805 1736 1804 1783 1855 1830 1804 1854 1782 1853 1804 1854 1879 1831 1804 1856 1855 1784 1804 1856 1831 1879 1804 1880 1832 1805 1804 1832 1881 1806 1804 1882 1853 1806 1804 1883 1807 1767 1828 1807 1884 1829 1828 1788 1836 1785 1762 1885 1795 1793 1785 1793 1886 1785 1788 1833 1858 1788 1786 1793 1833 1886 1788 1811 1747 1802 1834 1811 1834 1857 1771 1838 1802 1787 1834 1814 1786 1812 1842 1821 1771 1887 1816 1834 1771 1835 1816 1809 1835 1888 1834 1859 1858 1833 1786 1814 1859 1786 1860 1795 1885 1810 1785 1785 1861 1810 1802 1810 1889 1811 1802 1857 1887 1821 1771 1817 1813 1868 1860 1817 1842 1786 1860 1837 1786 1858 1860 1815 1890 1835 1816 1849 1801 1816 1839 1839 1847 1815 1816 1821 1887 1840 1816 1849 1816 1801 1840 1862 1809 1888 1834 1862 1838 1787 1834 1817 1868 1824 1842 1841 1824 1863 1842 1851 1814 1822 1842 1843 1858 1788 1836 1844 1864 1891 1836 1808 1892 1864 1836 1836 1843 1893 1844 1838 1865 1802 1894 1866 1847 1839 1895 1848 1866 1849 1896 1849 1866 1839 1895 1841 1867 1851 1842 1808 1852 1892 1780 1843 1893 1837 1858 1837 1897 1868 1860 1865 1898 1827 1861 1861 1802 1865 1894 1869 1841 1863 1876 1847 1866 1870 1895 1867 1841 1871 1876 1872 1870 1866 1899 1900 1873 1874 1875 1874 1875 1869 1876 1875 1871 1841 1876 1826 1827 1898 1861 1808 1892 1836 1780 1859 1858 1786 1860 1810 1861 1889 1802 1815 1847 1890 1816 1836 1893 1843 1858 1852 1864 1808 1892 1838 1862 1865 1894 1866 1848 1901 1896 1869 1863 1874 1876 1873 1902 1900 1874 1899 1903 1872 1904 1901 1905 1899 1906 1871 1907 1908 1875 1826 1861 1877 1780 1852 1877 1892 1780 1785 1836 1892 1780 1785 1892 1861 1780 1829 1884 1878 1828 1830 1880 1805 1804 1830 1855 1909 1804 1854 1853 1879 1804 1910 1831 1854 1879 1856 1879 1855 1804 1910 1856 1831 1879 1881 1832 1880 1804 1882 1806 1881 1804 1882 1879 1853 1804 1884 1807 1883 1828 1785 1788 1886 1836 1885 1793 1886 1785 1886 1788 1833 1858 1811 1802 1889 1834 1857 1811 1889 1834 1857 1834 1887 1771 1838 1894 1802 1834 1814 1786 1842 1860 1887 1771 1834 1816 1911 1834 1835 1816 1835 1911 1888 1834 1833 1859 1912 1858 1814 1913 1859 1860 1810 1785 1885 1861 1817 1868 1842 1860 1837 1858 1897 1860 1890 1914 1835 1816 1849 1895 1839 1816 1839 1895 1847 1816 1840 1887 1915 1816 1849 1840 1915 1816 1888 1916 1862 1834 1838 1862 1894 1834 1917 1824 1868 1842 1917 1863 1824 1842 1863 1841 1842 1876 1913 1814 1851 1842 1886 1788 1858 1836 1836 1893 1891 1844 1864 1892 1891 1836 1849 1896 1866 1895 1918 1851 1867 1842 1841 1867 1842 1876 1837 1893 1897 1858 1868 1897 1919 1860 1898 1861 1865 1894 1889 1802 1861 1894 1847 1870 1920 1895 1899 1870 1866 1895 1871 1908 1867 1876 1872 1870 1899 1904 1874 1900 1875 1921 1874 1921 1875 1876 1871 1875 1908 1876 1898 1877 1826 1861 1912 1858 1859 1860 1810 1922 1889 1861 1847 1914 1890 1816 1893 1923 1858 1836 1852 1877 1864 1892 1865 1862 1916 1894 1896 1901 1866 1906 1863 1924 1874 1876 1900 1925 1902 1873 1900 1874 1902 1921 1904 1899 1903 1926 1899 1866 1901 1906 1905 1899 1906 1927 1908 1907 1928 1875 1922 1810 1885 1861 1929 1898 1865 1894 1870 1904 1920 1895 1890 1847 1920 1914 1930 1904 1903 1926 1900 1928 1907 1875 1930 1903 1931 1926 1927 1926 1899 1932 1861 1892 1877 1780 1785 1886 1892 1836 1885 1861 1785 1892 1884 1883 1878 1828 1880 1830 1909 1804 1855 1879 1909 1804 1933 1854 1853 1879 1934 1910 1854 1879 1855 1856 1935 1879 1936 1856 1910 1879 1881 1880 1879 1804 1882 1881 1879 1804 1933 1853 1882 1879 1883 1937 1807 1884 1886 1885 1785 1892 1886 1833 1912 1858 1889 1802 1894 1834 1938 1857 1889 1834 1938 1887 1857 1834 1814 1842 1913 1860 1887 1834 1911 1816 1835 1914 1911 1816 1939 1888 1835 1911 1916 1888 1911 1834 1940 1859 1913 1860 1917 1842 1868 1860 1897 1858 1923 1860 1890 1939 1835 1914 1915 1895 1849 1816 1847 1895 1914 1816 1887 1914 1915 1816 1916 1894 1862 1834 1863 1842 1917 1876 1918 1913 1851 1842 1886 1858 1923 1836 1836 1891 1893 1923 1864 1941 1891 1892 1891 1892 1923 1836 1915 1896 1849 1895 1896 1906 1866 1895 1867 1918 1842 1876 1897 1858 1893 1923 1917 1868 1919 1860 1897 1942 1919 1860 1861 1894 1898 1943 1922 1889 1861 1894 1847 1920 1914 1895 1899 1866 1906 1895 1899 1904 1870 1895 1867 1908 1944 1876 1928 1875 1900 1921 1908 1875 1921 1876 1874 1945 1921 1876 1877 1861 1898 1943 1940 1912 1859 1860 1912 1923 1858 1860 1877 1941 1864 1892 1929 1865 1916 1894 1863 1917 1924 1876 1924 1945 1874 1876 1925 1900 1902 1921 1946 1902 1874 1921 1899 1926 1904 1932 1947 1905 1906 1927 1906 1927 1899 1932 1928 1908 1875 1921 1922 1885 1948 1861 1898 1894 1929 1943 1920 1904 1949 1895 1950 1890 1920 1914 1904 1926 1930 1932 1928 1907 1951 1900 1931 1952 1930 1926 1927 1952 1926 1932 1944 1918 1867 1876 1877 1898 1953 1943 1947 1954 1905 1927 1953 1898 1929 1943 1877 1892 1861 1943 1886 1923 1892 1836 1948 1861 1885 1892 1828 1883 1878 1955 1883 1955 1884 1878 1880 1909 1879 1804 1855 1935 1909 1879 1934 1854 1933 1879 1934 1956 1910 1879 1936 1935 1856 1879 1956 1936 1910 1879 1879 1957 1880 1881 1957 1882 1881 1879 1958 1933 1882 1879 1883 1884 1955 1937 1886 1948 1885 1892 1886 1858 1912 1923 1889 1894 1959 1834 1938 1889 1959 1834 1938 1911 1887 1834 1913 1842 1942 1860 1911 1914 1887 1816 1939 1911 1835 1914 1960 1888 1939 1911 1916 1888 1960 1911 1916 1911 1894 1834 1940 1913 1942 1860 1917 1942 1842 1860 1897 1923 1942 1860 1950 1939 1890 1914 1915 1914 1895 1816 1915 1887 1961 1914 1917 1842 1945 1876 1962 1913 1918 1842 1963 1893 1891 1923 1891 1892 1941 1923 1915 1964 1896 1895 1906 1896 1965 1895 1918 1962 1842 1876 1963 1897 1893 1923 1917 1919 1942 1860 1919 1897 1966 1942 1922 1894 1861 1943 1922 1959 1889 1894 1950 1914 1920 1895 1906 1932 1899 1895 1904 1899 1932 1895 1908 1945 1944 1876 1951 1928 1900 1921 1908 1921 1945 1876 1946 1874 1945 1921 1940 1923 1912 1860 1877 1941 1892 1943 1967 1929 1916 1894 1917 1945 1924 1876 1946 1874 1924 1945 1925 1968 1900 1921 1969 1925 1902 1921 1902 1946 1970 1921 1947 1927 1906 1932 1928 1944 1908 1921 1948 1922 1861 1943 1929 1894 1971 1943 1949 1950 1920 1895 1904 1972 1949 1895 1930 1973 1904 1932 1930 1926 1952 1932 1930 1952 1931 1974 1947 1952 1927 1932 1876 1962 1944 1918 1877 1953 1941 1943 1947 1952 1954 1927 1953 1929 1971 1943 1887 1938 1961 1911 1951 1900 1968 1921 1967 1916 1929 1975 1948 1861 1892 1943 1976 1892 1886 1923 1977 1884 1955 1878 1978 1880 1909 1879 1909 1935 1979 1879 1934 1933 1980 1879 1956 1879 1934 1981 1936 1982 1935 1879 1936 1879 1956 1981 1880 1957 1879 1978 1958 1882 1957 1879 1958 1983 1933 1879 1937 1883 1984 1955 1977 1955 1884 1937 1886 1976 1948 1892 1976 1886 1912 1923 1911 1834 1959 1894 1959 1834 1911 1938 1962 1942 1913 1842 1887 1911 1961 1914 1911 1914 1939 1985 1960 1911 1939 1985 1916 1911 1960 1967 1916 1894 1911 1967 1962 1940 1913 1942 1940 1942 1923 1860 1942 1945 1917 1842 1963 1897 1923 1942 1950 1939 1914 1985 1915 1914 1964 1895 1915 1961 1964 1914 1945 1842 1962 1876 1986 1963 1891 1923 1891 1941 1986 1923 1941 1923 1892 1943 1964 1965 1896 1895 1906 1965 1932 1895 1987 1917 1919 1942 1963 1966 1897 1942 1919 1966 1987 1942 1988 1894 1922 1943 1988 1959 1922 1894 1895 1972 1950 1914 1904 1932 1972 1895 1944 1945 1908 1921 1876 1944 1962 1945 1951 1989 1928 1921 1946 1945 1970 1921 1940 1990 1912 1923 1971 1894 1929 1967 1987 1924 1917 1945 1924 1991 1946 1945 1968 1925 1969 1921 1969 1902 1970 1921 1947 1906 1965 1932 1992 1944 1928 1921 1948 1988 1922 1943 1894 1971 1943 1993 1895 1950 1972 1949 1973 1949 1904 1972 1973 1930 1994 1932 1973 1972 1904 1932 1974 1930 1952 1932 1995 1931 1952 1974 1947 1954 1952 1932 1941 1953 1996 1943 1971 1943 1996 1953 1997 1961 1938 1911 1951 1968 1989 1921 1971 1929 1975 1967 1975 1916 1960 1967 1980 1956 1934 1981 1936 1956 1998 1981 1999 1960 1939 1985 1950 1999 1939 1985 1969 1968 2000 1925 1954 2001 1952 1932 2002 1952 1954 2001 1948 1892 1976 1943 1892 1923 1976 1943 2003 1878 1977 1955 1978 1909 1979 1879 1979 1935 1982 1879 1983 1980 1933 1879 1980 1934 1879 1981 1936 1982 1879 1981 1957 1978 2004 1879 1958 1957 2004 1879 1958 1983 1879 1981 1977 1937 1984 1955 1912 1990 1976 1923 1959 1911 1894 1967 1938 1959 1997 1911 1962 1945 1942 1842 1961 1914 1911 1985 1960 1967 1911 1985 1962 2005 1940 1942 1990 1923 1940 1942 1987 1917 1942 1945 1942 1963 2006 1923 2007 1950 1914 1985 1964 1914 1972 1895 1961 2008 1964 1914 2006 1963 1986 1923 1941 2009 1986 1923 1941 2010 1923 1943 1964 1972 1965 1895 1972 1932 1965 1895 1942 2006 1963 1966 1987 1966 2011 1942 1988 1894 1943 1993 1959 1894 1988 1967 2007 1914 1950 1972 1992 1945 1944 1921 1962 1944 2012 1945 1989 1992 1928 1921 1970 1946 1991 1945 1945 2013 1970 1921 1971 1993 1894 1967 1991 1924 1987 1945 1969 2014 1968 1921 1969 1970 2015 1921 1965 2016 1947 1932 2017 1988 1948 1943 1971 1996 1943 1993 1949 2007 1950 1972 1973 2018 1949 1972 1974 1994 1930 1932 1973 1994 1972 1932 1974 1952 1995 1932 2019 1931 1995 1974 1947 2001 1954 1932 1941 1996 2010 1943 1997 1961 1911 1985 1968 2020 1951 1989 1968 2014 1989 1921 1967 1971 2021 1975 1960 2022 1975 1967 1980 2023 1956 1981 1936 1998 1982 1981 1956 2024 1998 1981 2022 1960 1999 1985 1950 2007 1999 1985 1968 1969 2000 2014 1952 2001 2002 1932 2002 1954 2025 2001 1937 1984 2026 1977 2022 1967 1960 1985 2005 1990 1940 1942 2006 1986 1963 2027 1952 2002 1995 1932 2017 1948 1976 1943 1923 2010 1976 1943 1977 1984 2003 1955 2028 1978 1979 1879 1979 1879 1982 1981 1980 1879 1983 1981 2028 2004 1978 1879 1958 1879 2004 1981 1958 2004 1983 1981 1990 2029 1976 1923 1959 1997 1911 1967 1962 2012 1942 1945 2008 1914 1961 1985 1997 1911 1967 1985 1962 2012 2005 1942 1923 1942 1990 2006 1987 1945 1942 2030 2007 1914 2031 1985 1972 2008 1914 1964 1986 1923 2009 2006 2009 1923 1941 2010 1964 2032 1965 1972 1965 1972 2016 1932 1963 2027 1966 2006 2011 1942 1966 2006 2011 1987 1942 2030 1894 1993 1988 1967 2017 1988 1943 1993 2033 1959 1988 1967 2031 1914 2007 1972 1992 2012 1944 1945 1945 1992 2013 1921 1989 2014 1992 1921 1970 1945 1991 2013 1921 2015 2013 1970 1967 2021 1971 1993 1991 1945 1987 2030 1969 2015 2014 1921 1947 2016 2001 1932 1996 1971 2034 1993 1996 2010 1943 1993 1949 2018 2007 1972 2018 1973 1994 1972 1974 2035 1994 1932 1972 1932 1994 2036 1995 2035 1974 1932 1974 1995 2019 2035 1996 2009 1941 2010 1997 2008 1961 1985 1968 2020 1989 2014 2022 2021 1975 1967 1980 2037 2023 1981 2023 2024 1956 1981 1982 1998 2038 1981 1998 2024 2038 1981 2022 1999 2039 1985 1999 2007 2039 1985 1968 2000 2040 2014 2041 2000 1969 2014 2002 2001 2042 1932 2042 2025 2001 2002 1984 2026 1977 2043 2022 2044 1967 1985 2005 1990 1942 2006 1986 2009 2027 2006 2002 2042 1995 1932 1977 2003 1984 2043 2004 2045 1958 1983 1970 1991 2046 2013 1991 1987 2046 2030 2040 2020 1968 2014 2047 1970 2046 2013 2048 2049 2025 2042 2050 2041 2040 2000 2051 2020 2052 2040 2024 2023 2046 2053 2023 2047 2046 2053 2017 1976 2010 1943 2029 1976 1923 2010 1984 2003 1955 2054 1979 2028 1879 1981 1979 1982 2055 1981 1983 2037 1980 1981 2004 1879 2028 1981 2004 2045 1983 1981 1990 2029 1923 2006 1997 1959 2033 1967 1942 1945 2012 2030 2008 2031 1914 1985 1997 1967 2044 1985 2012 2005 1942 2030 2007 2031 2039 1985 2008 2032 1964 1972 1972 1914 2008 2031 1923 2010 2009 2006 2016 1965 2032 1972 2016 1932 1972 2036 2027 2011 1966 2006 2011 1942 2006 2030 2011 2046 1987 2030 2033 1988 1993 1967 2017 2056 1988 1993 2017 1943 2010 1993 2018 2031 2007 1972 1992 2012 1945 2013 2014 2013 1992 1921 2057 1992 1989 2014 1991 1945 2030 2013 1970 2047 2015 2013 1921 2013 2015 2014 2034 1971 2021 1993 2044 1993 2021 1967 2041 1969 2015 2014 2058 2001 2016 1932 2034 2059 1996 1993 2059 2010 1996 1993 2018 1972 1994 2036 2035 1994 1932 2036 1995 2035 1932 2060 2035 1995 2019 2042 2009 1996 2061 2010 2062 2008 1997 1985 2051 1989 2020 2014 2022 2044 2021 1967 2037 2053 2023 1981 2023 2053 2024 1981 1982 2038 2063 1981 2024 2064 2038 1981 2022 2039 2044 1985 2041 2040 2000 2014 2060 2042 2001 1932 2042 2001 2025 2048 1984 2043 2065 2026 2005 2066 1990 2006 2005 2006 1942 2030 2027 2009 2067 2006 1995 1932 2042 2060 2065 2043 1984 2003 1991 2030 2046 2013 2040 2051 2020 2014 2046 2053 2047 2013 2048 2068 2049 2042 2041 2069 2050 2040 2052 2070 2051 2040 2046 2011 2024 2053 2023 2037 2047 2053 1988 2056 2033 1993 2035 2071 1994 2036 2035 2019 2072 2042 2022 2039 2073 2044 2029 2017 1976 2010 2029 2010 1923 2006 2003 1984 2065 2054 2028 1979 2055 1981 2055 1982 2063 1981 1983 2045 2037 1981 2004 2028 2074 1981 2004 2074 2045 1981 1990 2066 2029 2006 1997 2033 2044 1967 2012 2030 1945 2013 2062 2031 2008 1985 2062 1997 2044 1985 2012 2075 2005 2030 2039 2007 2076 2031 2039 2031 2044 1985 2008 2031 2032 1972 2009 2010 2067 2006 2032 2016 1972 2036 2016 2058 1932 2036 2067 2011 2027 2006 2011 2006 2077 2030 2011 2053 2046 2030 2033 1993 2044 1967 2017 2010 2056 1993 2007 2018 2076 2031 2031 1972 2018 2036 1992 2078 2012 2013 1992 2014 2057 2013 1989 2051 2057 2014 2015 2013 2047 2079 2015 2014 2013 2079 2021 2080 2034 1993 2021 2044 2080 1993 2041 2015 2081 2014 2001 1932 2058 2060 2059 1993 2034 2082 2059 2061 1996 2010 2010 1993 2059 2082 2083 2018 1994 2036 2035 2036 1932 2060 1995 2042 2035 2060 2009 2061 2067 2010 2022 2073 2021 2044 2084 2053 2037 1981 2024 2053 2064 1981 2064 2063 2038 1981 2038 2024 2011 2064 2014 2040 2069 2041 2060 2001 2042 2048 2043 2065 2026 2085 2066 2006 2005 2030 2003 2065 2043 2085 2046 2030 2053 2013 2051 2040 2070 2014 2047 2013 2053 2079 2049 2068 2048 2086 2048 2068 2042 2060 2069 2070 2050 2040 2087 2052 2070 2051 2064 2024 2011 2053 2088 2047 2037 2053 2089 2033 2056 1993 2083 1994 2071 2036 2071 2036 2035 2060 2042 2072 2035 2090 2073 2044 2039 2031 2078 1992 2057 2013 2070 2050 2091 2069 2090 2042 2072 2068 2091 2092 2093 2069 2029 2094 2017 2010 2010 2006 2029 2077 2003 2065 2085 2054 2095 2028 2055 1981 2055 2063 2096 1981 2045 2084 2037 1981 2095 2074 2028 1981 2074 2084 2045 1981 2066 2029 2006 2077 2033 2062 1997 2044 2075 2030 2012 2013 2097 2008 2062 2031 2062 2044 2031 1985 2066 2005 2075 2030 2098 2039 2076 2031 2097 2032 2008 2031 2032 1972 2031 2036 2067 2006 2010 2077 2032 2099 2016 2036 2016 2099 2058 2036 1932 2036 2058 2060 2067 2011 2006 2077 2064 2011 2077 2030 2066 2077 2006 2030 2064 2053 2011 2030 2089 2044 2033 1993 2017 2094 2056 2010 2056 1993 2010 2082 2076 2031 2018 2036 2078 2075 2012 2013 2057 2013 2014 2079 2057 2051 2087 2014 2081 2015 2047 2079 2015 2081 2014 2079 2034 1993 2080 2082 2080 2021 2073 2044 2044 2100 2080 1993 2041 2081 2101 2014 2048 2001 2058 2060 2102 2059 2034 2082 2061 2010 2059 2082 2083 2076 2018 2036 2090 2035 2042 2060 2067 2010 2061 2103 2037 2084 2088 2053 2084 2064 2053 1981 2067 2038 2064 2063 2096 2063 2064 1981 2038 2011 2067 2064 2069 2040 2014 2070 2069 2041 2101 2014 2104 2026 2065 2085 2053 2013 2030 2079 2051 2070 2087 2014 2047 2053 2088 2079 2086 2105 2049 2068 2086 2068 2048 2060 2090 2042 2068 2060 2106 2052 2070 2087 2089 1993 2056 2082 2083 2071 2107 2036 2108 2071 2035 2060 2060 2036 2107 2071 2073 2039 2098 2031 2109 2073 2031 2044 2057 2078 2013 2079 2070 2091 2093 2069 2110 2090 2072 2068 2093 2111 2092 2091 2093 2069 2092 2112 2029 2094 2010 2103 2010 2077 2029 2103 2054 2003 2113 2085 2085 2065 2104 2054 2095 2055 2096 1981 2096 2055 2114 2063 2084 2088 2045 2037 2096 2074 2095 1981 2115 2045 2074 2084 2096 2084 2074 1981 2066 2116 2029 2077 2089 2062 2033 2044 2075 2030 2013 2079 2062 2097 2031 2109 2062 2031 2044 2109 2066 2075 2077 2030 2076 2098 2031 2109 2032 2097 2099 2031 2032 2031 2099 2036 2067 2077 2010 2103 2058 2099 2117 2036 2058 2036 2117 2060 2067 2064 2011 2077 2064 2077 2053 2030 2089 2100 2044 1993 2094 2056 2010 2082 2036 2109 2076 2031 2075 2013 2078 2079 2057 2014 2101 2079 2057 2087 2101 2014 2047 2088 2081 2079 2101 2014 2081 2079 2034 2080 2102 2082 2080 1993 2100 2082 2080 2044 2073 2100 2118 2041 2081 2101 2048 2058 2119 2060 2061 2059 2102 2082 2061 2103 2010 2082 2036 2076 2109 2083 2108 2035 2090 2060 2067 2061 2114 2103 2088 2053 2084 2079 2064 2084 2053 2120 2096 2064 2084 1981 2064 2096 2067 2063 2069 2101 2070 2014 2069 2041 2118 2101 2053 2030 2120 2079 2087 2070 2101 2014 2068 2086 2105 2121 2086 2048 2119 2060 2086 2122 2068 2060 2068 2122 2090 2060 2070 2123 2106 2087 2124 2089 2056 2082 2089 2100 1993 2082 2083 2107 2125 2036 2108 2107 2071 2060 2060 2107 2036 2125 2109 2031 2073 2098 2073 2100 2044 2109 2057 2126 2078 2079 2070 2069 2093 2112 2068 2110 2090 2127 2111 2093 2092 2112 2092 2069 2118 2112 2096 2114 2067 2063 2077 2120 2053 2030 2053 2120 2084 2079 2123 2106 2093 2070 2127 2068 2110 2121 2111 2128 2093 2112 2093 2129 2106 2123 2121 2110 2127 2130 2131 2128 2132 2111 2029 2116 2094 2103 2094 2010 2103 2082 2116 2029 2077 2103 2054 2113 2003 2133 2113 2085 2104 2054 2065 2134 2104 2054 2095 2055 2114 2096 2045 2115 2088 2084 2074 2095 2135 2096 2096 2115 2074 2084 2136 2116 2066 2077 2089 2062 2044 2100 2075 2120 2030 2079 2062 2137 2097 2109 2099 2031 2097 2109 2100 2109 2062 2044 2066 2075 2136 2077 2075 2120 2077 2030 2076 2138 2098 2109 2099 2031 2109 2036 2067 2103 2096 2077 2099 2125 2117 2036 2119 2058 2117 2060 2117 2036 2125 2060 2064 2067 2096 2077 2064 2053 2077 2120 2094 2124 2056 2082 2075 2078 2139 2079 2057 2101 2126 2079 2126 2057 2087 2101 2088 2101 2081 2079 2080 2100 2102 2082 2080 2073 2140 2100 2118 2081 2141 2101 2142 2061 2102 2082 2142 2103 2061 2082 2083 2138 2076 2109 2083 2125 2109 2036 2108 2090 2122 2060 2114 2061 2142 2103 2096 2103 2067 2114 2088 2084 2120 2079 2084 2064 2096 2120 2069 2112 2070 2101 2118 2112 2069 2101 2101 2123 2070 2087 2143 2105 2086 2121 2086 2121 2068 2122 2086 2119 2122 2060 2127 2090 2068 2122 2124 2100 2089 2082 2107 2138 2083 2125 2108 2125 2107 2060 2073 2098 2100 2109 2126 2139 2078 2079 2093 2123 2070 2112 2131 2111 2092 2112 2092 2118 2144 2112 2127 2068 2121 2122 2128 2129 2093 2112 2131 2128 2111 2112 2129 2123 2093 2112 2145 2130 2121 2127 2131 2146 2132 2128 2088 2141 2081 2101 2102 2080 2147 2100 2140 2073 2098 2100 2108 2090 2148 2122 2143 2149 2105 2121 2094 2116 2150 2103 2094 2103 2150 2082 2151 2116 2077 2103 2113 2104 2133 2054 2104 2152 2085 2113 2133 2104 2134 2054 2095 2114 2135 2096 2088 2084 2115 2120 2135 2115 2074 2096 2096 2115 2084 2120 2136 2151 2116 2077 2089 2137 2062 2100 2075 2139 2120 2079 2097 2137 2153 2109 2100 2062 2109 2137 2153 2099 2097 2109 2136 2077 2075 2120 2098 2138 2154 2109 2109 2125 2099 2036 2155 2077 2096 2103 2117 2099 2153 2125 2119 2117 2125 2060 2064 2077 2096 2120 2094 2150 2124 2082 2126 2101 2156 2079 2157 2126 2087 2101 2101 2088 2158 2079 2102 2147 2082 2100 2080 2140 2147 2100 2118 2141 2144 2101 2142 2102 2159 2082 2142 2159 2103 2082 2138 2109 2083 2125 2108 2122 2125 2060 2142 2160 2114 2103 2114 2155 2096 2103 2120 2158 2088 2079 2101 2070 2123 2112 2118 2144 2112 2101 2157 2087 2123 2101 2086 2143 2121 2122 2086 2119 2143 2122 2119 2125 2122 2060 2148 2090 2127 2122 2161 2089 2124 2100 2159 2100 2124 2082 2138 2107 2162 2125 2163 2107 2108 2125 2098 2140 2100 2109 2126 2156 2139 2079 2092 2144 2131 2112 2121 2145 2127 2122 2129 2128 2164 2112 2131 2146 2128 2112 2129 2164 2123 2112 2145 2121 2130 2165 2131 2132 2146 2166 2088 2141 2101 2158 2163 2108 2148 2122 2143 2149 2121 2167 2139 2136 2075 2120 2098 2154 2140 2109 2102 2082 2147 2168 2102 2168 2159 2082 2128 2169 2129 2164 2150 2116 2151 2103 2150 2103 2159 2082 2151 2077 2155 2103 2113 2104 2134 2133 2134 2104 2113 2152 2054 2134 2133 2170 2135 2096 2114 2155 2115 2088 2120 2158 2115 2096 2135 2120 2151 2077 2136 2120 2137 2089 2161 2100 2139 2158 2120 2079 2137 2171 2153 2109 2171 2137 2100 2109 2099 2109 2153 2125 2138 2162 2154 2109 2096 2077 2155 2120 2153 2172 2117 2125 2173 2119 2117 2125 2150 2159 2124 2082 2156 2126 2157 2101 2101 2158 2156 2079 2159 2082 2147 2100 2154 2147 2140 2100 2158 2144 2141 2101 2102 2168 2142 2159 2142 2159 2160 2103 2138 2162 2109 2125 2163 2125 2108 2122 2160 2155 2114 2103 2157 2123 2112 2101 2144 2112 2101 2174 2121 2143 2167 2122 2143 2119 2175 2122 2119 2125 2173 2122 2127 2145 2148 2122 2124 2159 2161 2100 2107 2163 2162 2125 2154 2100 2140 2109 2156 2158 2139 2079 2144 2176 2131 2112 2145 2121 2165 2122 2146 2164 2128 2112 2166 2146 2131 2112 2157 2123 2164 2112 2165 2130 2145 2177 2166 2178 2132 2146 2088 2179 2141 2158 2163 2122 2148 2180 2121 2149 2165 2167 2139 2181 2136 2120 2159 2147 2082 2168 2164 2169 2146 2128 2096 2155 2135 2120 2151 2136 2181 2120 2150 2151 2155 2103 2150 2155 2159 2103 2151 2155 2077 2120 2134 2182 2113 2133 2183 2104 2134 2152 2113 2182 2134 2152 2133 2134 2182 2170 2114 2160 2135 2155 2115 2179 2088 2158 2115 2158 2120 2184 2115 2120 2135 2184 2171 2137 2161 2100 2139 2181 2120 2158 2171 2153 2109 2125 2171 2100 2185 2109 2154 2162 2186 2109 2171 2172 2153 2125 2117 2172 2173 2125 2150 2187 2124 2159 2156 2101 2157 2158 2188 2159 2147 2100 2147 2154 2189 2100 2158 2141 2144 2179 2144 2101 2158 2174 2142 2168 2190 2159 2142 2190 2160 2159 2160 2159 2155 2103 2162 2185 2109 2125 2163 2125 2122 2180 2157 2101 2112 2174 2144 2176 2112 2174 2175 2167 2143 2122 2121 2167 2165 2122 2175 2119 2173 2122 2173 2122 2125 2180 2148 2122 2145 2191 2161 2124 2187 2159 2161 2159 2188 2100 2192 2162 2163 2125 2185 2100 2154 2109 2139 2156 2181 2158 2131 2112 2176 2174 2145 2122 2165 2191 2146 2164 2112 2174 2166 2146 2112 2174 2131 2166 2112 2174 2157 2112 2164 2174 2165 2177 2145 2191 2146 2166 2178 2193 2148 2192 2163 2180 2148 2180 2122 2191 2165 2149 2194 2167 2168 2147 2195 2159 2164 2146 2169 2196 2135 2120 2155 2184 2151 2120 2181 2184 2154 2186 2185 2109 2169 2197 2196 2146 2198 2150 2151 2155 2198 2159 2150 2155 2151 2155 2120 2184 2152 2134 2183 2182 2182 2199 2133 2170 2182 2134 2183 2170 2200 2135 2160 2155 2115 2201 2179 2158 2201 2158 2115 2184 2181 2120 2158 2184 2202 2115 2135 2184 2171 2161 2185 2100 2171 2109 2185 2125 2162 2185 2186 2109 2171 2172 2125 2203 2172 2173 2125 2180 2198 2187 2150 2159 2204 2156 2157 2158 2157 2158 2101 2174 2147 2188 2195 2159 2189 2100 2188 2147 2154 2185 2189 2100 2144 2158 2179 2174 2168 2195 2190 2159 2190 2160 2159 2155 2185 2125 2162 2203 2192 2125 2163 2180 2144 2179 2176 2174 2167 2122 2175 2191 2165 2122 2167 2191 2173 2175 2122 2180 2148 2145 2205 2191 2161 2187 2188 2159 2161 2188 2185 2100 2192 2162 2125 2203 2181 2156 2206 2158 2131 2176 2166 2174 2146 2196 2164 2174 2166 2193 2146 2174 2204 2157 2164 2174 2207 2177 2165 2191 2208 2145 2177 2191 2146 2178 2209 2193 2210 2178 2166 2193 2205 2192 2148 2180 2205 2180 2148 2191 2122 2180 2175 2191 2194 2165 2167 2211 2202 2135 2155 2184 2181 2212 2151 2184 2186 2189 2154 2185 2146 2197 2196 2209 2190 2200 2160 2155 2165 2194 2207 2211 2151 2212 2198 2155 2159 2155 2198 2213 2212 2155 2151 2184 2199 2182 2214 2170 2215 2183 2134 2170 2183 2215 2182 2170 2200 2202 2135 2155 2201 2216 2179 2158 2202 2201 2115 2184 2216 2158 2201 2184 2181 2158 2206 2184 2217 2171 2161 2185 2171 2125 2185 2203 2162 2186 2185 2203 2203 2218 2171 2172 2172 2180 2125 2203 2172 2219 2173 2180 2198 2187 2159 2213 2156 2204 2206 2158 2157 2204 2158 2174 2147 2189 2195 2188 2195 2188 2190 2159 2188 2100 2189 2185 2179 2158 2216 2174 2190 2155 2159 2213 2192 2125 2180 2203 2220 2176 2179 2174 2167 2175 2221 2191 2167 2211 2165 2191 2173 2221 2175 2180 2145 2208 2205 2191 2187 2217 2161 2188 2188 2159 2187 2213 2217 2185 2161 2188 2192 2222 2162 2203 2176 2193 2166 2174 2196 2223 2164 2174 2146 2193 2196 2174 2164 2223 2204 2174 2207 2208 2177 2191 2165 2211 2207 2191 2210 2209 2178 2193 2146 2209 2196 2193 2210 2166 2224 2193 2225 2192 2205 2180 2205 2180 2191 2226 2221 2175 2180 2191 2202 2155 2227 2184 2181 2206 2212 2184 2186 2228 2189 2185 2197 2229 2196 2209 2200 2155 2190 2213 2194 2230 2207 2211 2224 2166 2176 2193 2208 2231 2207 2177 2209 2210 2178 2232 2213 2212 2155 2198 2227 2155 2212 2184 2214 2215 2199 2170 2214 2182 2215 2170 2182 2215 2183 2214 2200 2227 2202 2155 2201 2220 2179 2216 2202 2227 2201 2184 2227 2216 2201 2184 2206 2158 2216 2184 2217 2218 2171 2185 2203 2171 2218 2185 2162 2222 2186 2203 2186 2185 2203 2233 2218 2219 2172 2203 2172 2219 2180 2203 2219 2221 2173 2180 2198 2234 2187 2213 2204 2216 2206 2158 2204 2216 2158 2174 2189 2235 2195 2188 2190 2195 2236 2188 2190 2159 2188 2213 2189 2185 2235 2188 2220 2179 2216 2174 2225 2192 2180 2203 2224 2176 2220 2174 2221 2211 2167 2191 2205 2191 2208 2226 2187 2234 2217 2188 2234 2188 2187 2213 2237 2185 2217 2188 2225 2222 2192 2203 2224 2193 2176 2174 2196 2193 2223 2174 2223 2238 2204 2174 2207 2208 2191 2226 2207 2191 2211 2226 2209 2210 2239 2193 2196 2209 2229 2193 2210 2224 2240 2193 2241 2225 2205 2180 2205 2241 2180 2226 2221 2191 2180 2226 2206 2227 2212 2184 2189 2228 2235 2185 2186 2228 2185 2233 2229 2197 2242 2209 2200 2190 2236 2213 2200 2227 2155 2213 2207 2230 2243 2211 2244 2231 2207 2208 2232 2209 2210 2245 2223 2196 2229 2193 2186 2222 2228 2233 2231 2246 2244 2207 2247 2248 2232 2245 2198 2212 2249 2213 2213 2155 2212 2227 2215 2199 2170 2250 2251 2215 2199 2214 2215 2251 2183 2214 2252 2202 2200 2227 2220 2201 2253 2216 2254 2201 2202 2227 2254 2201 2227 2216 2206 2216 2227 2184 2237 2218 2217 2185 2218 2203 2185 2233 2186 2203 2222 2233 2218 2255 2219 2203 2255 2180 2219 2203 2219 2221 2180 2226 2249 2234 2198 2213 2206 2204 2238 2216 2238 2216 2204 2174 2236 2195 2235 2188 2190 2188 2236 2213 2235 2188 2185 2233 2224 2220 2216 2174 2225 2180 2255 2203 2211 2191 2221 2226 2205 2208 2241 2226 2234 2237 2217 2188 2256 2188 2234 2213 2237 2185 2188 2233 2225 2257 2222 2203 2224 2258 2193 2174 2258 2174 2223 2193 2258 2223 2174 2238 2207 2244 2208 2226 2207 2211 2243 2226 2210 2245 2209 2239 2209 2239 2229 2193 2210 2240 2239 2193 2240 2193 2224 2258 2241 2225 2180 2226 2206 2259 2212 2227 2228 2235 2185 2233 2242 2229 2209 2260 2261 2200 2236 2213 2252 2227 2200 2213 2246 2230 2243 2207 2209 2232 2248 2245 2223 2229 2262 2193 2228 2222 2257 2233 2244 2263 2246 2231 2246 2244 2207 2226 2248 2247 2264 2245 2255 2180 2225 2226 2245 2210 2240 2239 2265 2230 2243 2246 2212 2227 2249 2213 2251 2199 2215 2250 2214 2199 2251 2266 2202 2252 2254 2227 2254 2253 2201 2216 2224 2220 2253 2216 2254 2227 2267 2216 2259 2227 2206 2216 2237 2218 2185 2233 2218 2255 2203 2233 2222 2203 2257 2233 2268 2219 2218 2255 2219 2180 2255 2226 2219 2269 2221 2226 2249 2256 2234 2213 2259 2206 2238 2216 2216 2238 2258 2174 2236 2235 2270 2188 2236 2188 2256 2213 2235 2271 2188 2233 2224 2216 2258 2174 2225 2255 2257 2203 2243 2211 2221 2226 2241 2208 2244 2226 2234 2256 2237 2188 2237 2188 2271 2233 2262 2223 2193 2258 2262 2238 2223 2258 2246 2207 2243 2226 2248 2209 2245 2239 2209 2260 2229 2239 2229 2239 2262 2193 2239 2193 2240 2258 2272 2240 2224 2258 2241 2255 2225 2226 2249 2212 2259 2227 2228 2273 2235 2233 2248 2242 2209 2260 2252 2200 2261 2213 2261 2236 2256 2213 2252 2227 2213 2274 2228 2257 2273 2233 2263 2244 2246 2275 2246 2275 2244 2226 2276 2264 2247 2245 2248 2277 2245 2264 2240 2278 2245 2239 2265 2246 2243 2275 2279 2225 2241 2255 2248 2280 2242 2260 2281 2246 2265 2275 2264 2280 2248 2282 2249 2213 2227 2274 2215 2283 2251 2250 2266 2199 2251 2250 2254 2227 2252 2274 2254 2267 2253 2216 2253 2224 2216 2258 2267 2227 2254 2274 2267 2227 2259 2216 2237 2271 2218 2233 2268 2255 2218 2233 2257 2203 2255 2233 2268 2269 2219 2255 2219 2255 2269 2226 2243 2221 2269 2226 2284 2234 2249 2256 2249 2256 2213 2274 2238 2259 2216 2258 2270 2235 2271 2188 2236 2270 2256 2188 2273 2271 2235 2233 2225 2279 2257 2255 2241 2244 2275 2226 2234 2284 2237 2256 2237 2256 2271 2188 2262 2193 2239 2258 2262 2285 2238 2258 2246 2243 2275 2226 2248 2260 2209 2239 2248 2245 2277 2239 2229 2260 2262 2239 2272 2239 2240 2258 2253 2272 2224 2258 2241 2279 2255 2226 2249 2259 2267 2227 2252 2213 2261 2274 2261 2236 2270 2256 2261 2213 2256 2274 2286 2273 2257 2233 2263 2246 2281 2275 2244 2263 2287 2275 2288 2264 2247 2276 2276 2245 2277 2264 2248 2264 2282 2277 2245 2278 2276 2239 2278 2240 2272 2239 2265 2243 2289 2275 2280 2248 2282 2260 2281 2265 2289 2275 2264 2290 2280 2282 2268 2218 2271 2233 2291 2241 2244 2275 2276 2277 2245 2239 2241 2292 2279 2226 2289 2293 2265 2281 2287 2294 2281 2263 2249 2227 2267 2274 2266 2251 2283 2250 2250 2199 2295 2266 2296 2254 2252 2274 2253 2254 2297 2267 2253 2216 2267 2258 2296 2267 2254 2274 2267 2216 2259 2258 2268 2218 2237 2271 2268 2271 2255 2233 2286 2257 2255 2233 2269 2255 2268 2292 2255 2292 2269 2226 2243 2269 2275 2226 2284 2256 2249 2274 2285 2259 2238 2258 2235 2273 2270 2271 2270 2271 2256 2188 2286 2271 2273 2233 2286 2257 2279 2255 2291 2241 2275 2226 2284 2271 2237 2256 2262 2239 2298 2258 2285 2262 2298 2258 2248 2260 2239 2277 2260 2298 2262 2239 2278 2239 2272 2258 2253 2297 2272 2258 2279 2292 2255 2226 2299 2249 2259 2267 2300 2252 2261 2274 2301 2261 2270 2256 2301 2261 2256 2274 2281 2287 2263 2275 2287 2291 2244 2275 2276 2288 2264 2277 2248 2282 2260 2277 2282 2264 2290 2277 2278 2276 2239 2277 2243 2269 2289 2275 2302 2281 2289 2275 2241 2291 2279 2292 2291 2292 2241 2226 2302 2293 2289 2281 2303 2287 2294 2281 2297 2254 2296 2267 2299 2284 2249 2274 2304 2278 2272 2258 2299 2249 2267 2274 2305 2251 2283 2266 2283 2305 2266 2250 2250 2295 2199 2306 2295 2266 2305 2250 2296 2252 2300 2274 2253 2267 2297 2258 2307 2267 2296 2274 2285 2267 2259 2258 2237 2308 2268 2271 2268 2255 2271 2292 2286 2255 2271 2233 2269 2268 2309 2292 2292 2275 2269 2226 2310 2256 2284 2274 2270 2273 2311 2271 2270 2256 2271 2312 2273 2286 2311 2271 2286 2255 2279 2292 2291 2275 2292 2226 2284 2308 2237 2271 2284 2271 2256 2312 2298 2239 2313 2258 2285 2298 2313 2258 2260 2298 2239 2277 2304 2239 2278 2258 2272 2297 2304 2258 2259 2285 2299 2267 2301 2300 2261 2274 2301 2256 2270 2312 2301 2256 2312 2274 2287 2281 2303 2275 2287 2314 2291 2275 2315 2264 2288 2277 2276 2316 2288 2277 2260 2282 2298 2277 2264 2315 2290 2277 2290 2317 2282 2277 2278 2318 2276 2277 2278 2239 2313 2277 2309 2289 2269 2275 2275 2302 2309 2289 2302 2319 2281 2275 2320 2279 2291 2292 2293 2302 2321 2281 2294 2321 2303 2281 2297 2296 2307 2267 2299 2310 2284 2274 2322 2293 2302 2321 2315 2323 2290 2317 2299 2267 2310 2274 2324 2305 2283 2250 2250 2324 2295 2306 2305 2325 2266 2295 2250 2295 2324 2305 2307 2296 2300 2274 2297 2267 2304 2258 2307 2326 2267 2274 2285 2313 2267 2258 2308 2268 2271 2292 2286 2271 2255 2292 2308 2309 2268 2292 2309 2269 2292 2275 2284 2256 2310 2312 2310 2312 2256 2274 2270 2271 2311 2312 2286 2327 2311 2271 2286 2279 2320 2292 2319 2292 2291 2275 2284 2308 2271 2312 2313 2239 2298 2277 2313 2239 2304 2258 2285 2298 2328 2313 2278 2304 2313 2239 2328 2299 2285 2267 2301 2312 2300 2274 2301 2270 2311 2312 2303 2275 2314 2287 2281 2319 2303 2275 2314 2319 2291 2275 2315 2288 2316 2277 2276 2318 2316 2277 2317 2298 2282 2277 2315 2317 2290 2277 2278 2313 2318 2277 2275 2309 2302 2319 2302 2321 2281 2319 2291 2329 2320 2292 2330 2321 2303 2294 2321 2303 2281 2319 2304 2297 2307 2267 2331 2284 2299 2310 2321 2302 2322 2332 2315 2323 2317 2333 2267 2326 2310 2274 2334 2315 2288 2316 2309 2335 2302 2319 2331 2308 2284 2310 2302 2336 2322 2332 2337 2322 2336 2332 2308 2335 2309 2338 2331 2335 2308 2338 2310 2267 2299 2326 2306 2324 2339 2250 2324 2340 2295 2306 2305 2295 2324 2325 2307 2300 2326 2274 2267 2313 2304 2258 2304 2267 2307 2326 2285 2328 2267 2313 2308 2271 2338 2292 2286 2327 2271 2292 2308 2338 2309 2292 2309 2292 2319 2275 2308 2284 2310 2312 2310 2300 2312 2274 2327 2311 2271 2312 2327 2286 2320 2292 2291 2319 2329 2292 2338 2271 2308 2312 2317 2313 2298 2277 2328 2298 2317 2313 2278 2304 2318 2313 2328 2299 2267 2326 2341 2300 2301 2312 2301 2311 2342 2312 2314 2275 2303 2319 2329 2291 2314 2319 2316 2333 2315 2277 2318 2313 2316 2277 2315 2333 2317 2277 2302 2321 2319 2343 2344 2320 2329 2292 2321 2303 2345 2330 2303 2319 2321 2343 2331 2299 2328 2310 2302 2332 2321 2343 2323 2315 2346 2333 2347 2317 2323 2333 2300 2310 2326 2274 2316 2334 2315 2333 2336 2302 2335 2319 2309 2338 2335 2319 2331 2338 2308 2310 2302 2336 2332 2343 2336 2346 2337 2332 2335 2338 2331 2348 2330 2345 2321 2332 2349 2331 2328 2310 2347 2346 2337 2336 2349 2335 2331 2348 2346 2337 2323 2347 2349 2336 2335 2348 2350 2330 2351 2332 2328 2310 2299 2326 2324 2340 2306 2339 2340 2352 2295 2306 2295 2340 2324 2325 2340 2325 2305 2324 2353 2307 2300 2326 2304 2313 2267 2326 2354 2304 2307 2326 2328 2267 2313 2326 2338 2271 2327 2292 2309 2338 2319 2292 2308 2310 2338 2312 2341 2310 2300 2312 2311 2327 2342 2312 2327 2271 2338 2312 2292 2327 2344 2320 2319 2292 2344 2329 2317 2333 2313 2277 2349 2328 2317 2313 2354 2318 2304 2313 2301 2342 2341 2312 2303 2314 2319 2343 2329 2314 2355 2319 2316 2313 2333 2277 2356 2316 2318 2313 2302 2319 2336 2343 2345 2303 2321 2343 2345 2321 2332 2343 2346 2315 2334 2333 2323 2346 2347 2333 2347 2349 2317 2333 2300 2310 2341 2326 2316 2357 2334 2333 2336 2319 2335 2348 2335 2319 2338 2348 2338 2310 2331 2358 2332 2336 2348 2343 2346 2332 2336 2348 2338 2331 2348 2358 2345 2330 2350 2332 2349 2310 2328 2313 2349 2331 2310 2348 2346 2336 2347 2348 2347 2336 2349 2348 2350 2351 2359 2332 2300 2341 2353 2326 2303 2355 2314 2343 2346 2359 2351 2332 2351 2359 2346 2334 2328 2313 2310 2326 2324 2360 2340 2339 2339 2340 2306 2352 2306 2361 2352 2295 2295 2352 2340 2325 2354 2307 2353 2326 2354 2313 2304 2326 2292 2344 2327 2338 2319 2344 2292 2338 2310 2358 2338 2312 2342 2310 2341 2312 2327 2338 2342 2312 2362 2344 2329 2319 2349 2313 2317 2333 2356 2318 2354 2313 2355 2319 2314 2343 2329 2355 2362 2319 2316 2313 2356 2333 2319 2348 2336 2343 2345 2355 2303 2343 2350 2345 2332 2343 2334 2359 2346 2333 2346 2348 2347 2333 2347 2348 2349 2333 2341 2310 2353 2326 2334 2357 2359 2333 2357 2316 2356 2333 2338 2348 2319 2358 2310 2348 2331 2358 2346 2332 2348 2343 2349 2348 2310 2313 2359 2350 2332 2343 2359 2332 2346 2343 2342 2358 2310 2312 2310 2313 2358 2326 2339 2360 2340 2352 2339 2306 2361 2352 2354 2353 2363 2326 2354 2363 2313 2326 2364 2327 2344 2338 2362 2338 2344 2319 2342 2338 2358 2312 2341 2342 2358 2310 2342 2327 2364 2338 2349 2348 2313 2333 2354 2363 2356 2313 2362 2319 2355 2343 2356 2313 2365 2333 2319 2358 2348 2343 2366 2355 2345 2343 2350 2366 2345 2343 2346 2359 2348 2333 2358 2353 2341 2310 2358 2326 2353 2310 2359 2357 2367 2333 2357 2356 2365 2333 2362 2338 2319 2358 2310 2313 2348 2358 2359 2346 2348 2343 2343 2367 2359 2350 2363 2358 2313 2326 2360 2368 2340 2352 2339 2361 2360 2352 2353 2326 2358 2363 2344 2364 2338 2358 2344 2338 2362 2358 2342 2338 2364 2358 2358 2342 2341 2369 2365 2313 2348 2333 2365 2356 2363 2313 2362 2355 2366 2343 2362 2358 2319 2343 2343 2366 2358 2348 2366 2350 2367 2343 2359 2367 2348 2333 2341 2353 2358 2369 2365 2367 2357 2333 2365 2348 2313 2358 2343 2359 2367 2348 2365 2313 2363 2358 2352 2360 2368 2370 2339 2360 2361 2371 2352 2361 2360 2370 2358 2369 2353 2363 2344 2362 2364 2358 2369 2342 2364 2358 2365 2348 2367 2333 2343 2358 2366 2362 2372 2366 2348 2358 2366 2367 2348 2343 2372 2348 2365 2358 2363 2372 2365 2358 2370 2371 2360 2368 2370 2360 2371 2361 2369 2372 2363 2358 2372 2364 2362 2358 2364 2372 2369 2358 2365 2372 2367 2348 2372 2362 2366 2358 2367 2372 2366 2348 2365 2363 2373 2372 2360 2374 2368 2371 2370 2371 2368 2375 2370 2361 2371 2375 2376 2363 2369 2372 2377 2364 2362 2372 2369 2364 2377 2372 2378 2367 2365 2372 2372 2366 2362 2379 2372 2367 2366 2379 2373 2378 2365 2372 2373 2363 2376 2372 2374 2368 2371 2375 2361 2380 2371 2375 2377 2376 2369 2372 2362 2379 2377 2372 2372 2378 2367 2379 2373 2378 2372 2379 2377 2373 2376 2372 2368 2374 2381 2375 2380 2374 2371 2375 2377 2379 2362 2382 2372 2377 2373 2379 2373 2383 2378 2379 2384 2373 2376 2377 2375 2385 2374 2381 2375 2374 2385 2380 2374 2371 2386 2380 2377 2382 2373 2379 2374 2386 2371 2387 2383 2378 2388 2373 2373 2382 2383 2379 2373 2376 2389 2384 2382 2373 2384 2377 2381 2385 2374 2386 2374 2385 2380 2386 2387 2371 2380 2386 2388 2389 2383 2373 2373 2383 2382 2384 2373 2389 2383 2384 2386 2385 2380 2390 2380 2371 2387 2391 2380 2390 2387 2386 2383 2388 2384 2389 2383 2384 2388 2382 2387 2390 2380 2391 2392 2386 2387 2390 2393 2384 2388 2389 2388 2383 2382 2394 2395 2388 2384 2382 2380 2396 2391 2390 2391 2392 2387 2390 2388 2384 2393 2395 2395 2388 2382 2394 2396 2392 2391 2390 2387 2397 2392 2391 2393 2388 2395 2394 2382 2398 2395 2394 2392 2396 2399 2390 2392 2397 2396 2391 2393 2400 2388 2394 2395 2398 2393 2394 2397 2396 2399 2392 2397 2396 2391 2401 2399 2397 2392 2402 2400 2393 2398 2394 2403 2398 2393 2395 2397 2399 2396 2401 2399 2397 2402 2404 2397 2399 2401 2404 2405 2400 2398 2394 2400 2398 2393 2403 2401 2399 2396 2404 2401 2402 2397 2404 2397 2406 2402 2401 2403 2400 2398 2405 2400 2393 2407 2403 2408 2401 2396 2404 2406 2402 2401 2404 2406 2404 2409 2402 2403 2398 2410 2405 2403 2407 2400 2405 2401 2396 2411 2408 2408 2406 2401 2404 2412 2406 2409 2402 2409 2404 2406 2408 2405 2403 2413 2410 2400 2407 2414 2405 2405 2413 2403 2407 2401 2411 2406 2408 2406 2408 2412 2409 2410 2414 2413 2405 2413 2414 2407 2405 2406 2411 2401 2415 2406 2412 2408 2411 2416 2412 2408 2409 2405 2410 2414 2417 2406 2418 2412 2415 2414 2410 2413 2417 2419 2414 2407 2413 2412 2411 2406 2415 2416 2408 2412 2411 2418 2412 2415 2416 2412 2418 2420 2416 2413 2410 2419 2417 2413 2419 2414 2417 2415 2412 2411 2416 2415 2420 2418 2416 2421 2410 2419 2413 2410 2421 2419 2417 2419 2422 2414 2417 2411 2423 2415 2416 2416 2415 2420 2423 2424 2415 2420 2418 2419 2421 2422 2417 2415 2423 2411 2425 2423 2424 2415 2420 2420 2418 2426 2424 2417 2421 2422 2427 2419 2422 2421 2428 2423 2415 2424 2425 2424 2426 2420 2423 2423 2426 2420 2429 2428 2422 2421 2427 2430 2419 2421 2428 2415 2424 2425 2431 2423 2424 2429 2425 2423 2429 2424 2426 2428 2421 2430 2427 2431 2424 2425 2429 2429 2423 2425 2432 2424 2429 2433 2426 2421 2434 2430 2427 2435 2428 2430 2427 2425 2431 2429 2432 2433 2429 2424 2431 2433 2436 2424 2426 2435 2430 2434 2427 2431 2425 2437 2432 2429 2431 2433 2432 2424 2436 2433 2431 2427 2434 2435 2438 2434 2439 2430 2435 2437 2433 2431 2432 2431 2433 2437 2436 2435 2434 2439 2438 2437 2433 2432 2440 2441 2437 2436 2431 2436 2433 2437 2440 2442 2433 2436 2440 2434 2443 2439 2438 2444 2435 2439 2438 2440 2436 2441 2437 2436 2440 2445 2442 2444 2439 2443 2438 2437 2446 2441 2440 2445 2440 2436 2441 2447 2442 2445 2440 2443 2444 2438 2448 2443 2449 2439 2444 2441 2446 2447 2440 2441 2447 2445 2440 2445 2450 2442 2447 2443 2449 2444 2448 2446 2447 2440 2451 2447 2445 2446 2441 2450 2445 2446 2447 2447 2450 2452 2451 2449 2443 2453 2448 2454 2444 2449 2448 2446 2450 2447 2451 2441 2445 2446 2455 2446 2456 2445 2450 2452 2450 2456 2451 2454 2449 2453 2448 2446 2456 2450 2451 2445 2456 2446 2455 2450 2456 2457 2452 2455 2452 2456 2451 2448 2453 2454 2458 2454 2453 2449 2459 2455 2456 2446 2451 2456 2457 2452 2455 2451 2460 2455 2452 2454 2453 2459 2458 2446 2460 2455 2451 2457 2456 2461 2455 2457 2452 2455 2460 2462 2452 2457 2460 2453 2463 2459 2458 2459 2464 2454 2458 2446 2460 2465 2455 2460 2461 2455 2457 2462 2457 2461 2460 2461 2457 2462 2466 2459 2463 2464 2458 2460 2455 2461 2465 2466 2461 2460 2462 2463 2464 2458 2467 2459 2464 2463 2468 2469 2465 2461 2455 2460 2461 2466 2465 2460 2470 2466 2462 2468 2464 2463 2467 2466 2465 2461 2469 2466 2470 2460 2465 2463 2471 2468 2467 2468 2472 2464 2467 2466 2461 2473 2469 2469 2466 2465 2470 2471 2472 2468 2467 2473 2466 2469 2470 2465 2474 2469 2470 2466 2473 2475 2470 2472 2471 2468 2476 2472 2471 2477 2467 2469 2474 2473 2470 2473 2474 2475 2470 2472 2477 2471 2476 2478 2474 2473 2469 2470 2474 2475 2479 2478 2473 2474 2475 2480 2473 2478 2475 2477 2481 2471 2476 2477 2472 2482 2476 2474 2478 2483 2469 2474 2478 2475 2479 2475 2478 2480 2479 2481 2477 2482 2476 2483 2478 2474 2479 2480 2475 2479 2484 2480 2478 2483 2479 2481 2482 2485 2476 2481 2477 2486 2482 2474 2487 2483 2479 2479 2483 2480 2484 2488 2480 2478 2483 2482 2486 2481 2485 2487 2483 2479 2484 2488 2480 2483 2484 2489 2486 2482 2485 2488 2490 2480 2484 2481 2486 2491 2485 2483 2487 2488 2484 2489 2491 2486 2485 2490 2488 2487 2484 2481 2491 2486 2492 2493 2487 2488 2483 2494 2489 2485 2491 2491 2486 2495 2489 2484 2487 2490 2496 2490 2487 2488 2493 2491 2495 2486 2492 2493 2487 2483 2497 2491 2489 2495 2494 2493 2490 2487 2496 2488 2498 2490 2493 2499 2489 2494 2495 2500 2495 2491 2492 2497 2493 2487 2496 2495 2494 2499 2491 2498 2490 2493 2496 2491 2494 2499 2501 2491 2502 2500 2492 2491 2495 2500 2501 2497 2487 2502 2496 2497 2498 2493 2496 2491 2495 2501 2499 2503 2490 2498 2496 2500 2502 2491 2501 2500 2495 2499 2501 2504 2497 2502 2496 2493 2505 2498 2497 2497 2503 2498 2496 2499 2505 2495 2500 2501 2500 2502 2504 2501 2500 2505 2499 2504 2497 2500 2502 2503 2497 2504 2496 2505 2493 2500 2497 2505 2503 2498 2497 2505 2500 2501 2504 2505 2503 2501 2499 2504 2500 2497 2505 2504 2505 2497 2503 2501 2503 2505 2504 </DataArray>
        <DataArray type="Int32" Name="offsets" format="ascii">4 8 12 16 20 24 28 32 36 40 44 48 52 56 60 64 68 72 76 80 84 88 92 96 100 104 108 112 116 120 124 128 132 136 140 144 148 152 156 160 164 168 172 176 180 184 188 192 196 200 204 208 212 216 220 224 228 232 236 240 244 248 252 256 260 264 268 272 276 280 284 288 292 296 300 304 308 312 316 320 324 328 332 336 340 344 348 352 356 360 364 368 372 376 380 384 388 392 396 400 404 408 412 416 420 424 428 432 436 440 444 448 452 456 460 464 468 472 476 480 484 488 492 496 500 504 508 512 516 520 524 528 532 536 540 544 548 552 556 560 564 568 572 576 580 584 588 592 596 600 604 608 612 616 620 624 628 632 636 640 644 648 652 656 660 664 668 672 676 680 684 688 692 696 700 704 708 712 716 720 724 728 732 736 740 744 748 752 756 760 764 768 772 776 780 784 788 792 796 800 804 808 812 816 820 824 828 832 836 840 844 848 852 856 860 864 868 872 876 880 884 888 892 896 900 904 908 912 916 920 924 928 932 936 940 944 948 952 956 960 964 968 972 976 980 984 988 992 996 1000 1004 1008 1012 1016 1020 1024 1028 1032 1036 1040 1044 1048 1052 1056 1060 1064 1068 1072 1076 1080 1084 1088 1092 1096 1100 1104 1108 1112 1116 1120 1124 1128 1132 1136 1140 1144 1148 1152 1156 1160 1164 1168 1172 1176 1180 1184 1188 1192 1196 1200 1204 1208 1212 1216 1220 1224 1228 1232 1236 1240 1244 1248 1252 1256 1260 1264 1268 1272 1276 1280 1284 1288 1292 1296 1300 1304 1308 1312 1316 1320 1324 1328 1332 1336 1340 1344 1348 1352 1356 1360 1364 1368 1372 1376 1380 1384 1388 1392 1396 1400 1404 1408 1412 1416 1420 1424 1428 1432 1436 1440 1444 1448 1452 1456 1460 1464 1468 1472 1476 1480 1484 1488 1492 1496 1500 1504 1508 1512 1516 1520 1524 1528 1532 1536 1540 1544 1548 1552 1556 1560 1564 1568 1572 1576 1580 1584 1588 1592 1596 1600 1604 1608 1612 1616 1620 1624 1628 1632 1636 1640 1644 1648 1652 1656 1660 1664 1668 1672 1676 1680 1684 1688 1692 1696 1700 1704 1708 1712 1716 1720 1724 1728 1732 1736 1740 1744 1748 1752 1756 1760 1764 1768 1772 1776 1780 1784 1788 1792 1796 1800 1804 1808 1812 1816 1820 1824 1828 1832 1836 1840 1844 1848 1852 1856 1860 1864 1868 1872 1876 1880 1884 1888 1892 1896 1900 1904 1908 1912 1916 1920 1924 1928 1932 1936 1940 1944 1948 1952 1956 1960 1964 1968 1972 1976 1980 1984 1988 1992 1996 2000 2004 2008 2012 2016 2020 2024 2028 2032 2036 2040 2044 2048 2052 2056 2060 2064 2068 2072 2076 2080 2084 2088 2092 2096 2100 2104 2108 2112 2116 2120 2124 2128 2132 2136 2140 2144 2148 2152 2156 2160 2164 2168 2172 2176 2180 2184 2188 2192 2196 2200 2204 2208 2212 2216 2220 2224 2228 2232 2236 2240 2244 2248 2252 2256 2260 2264 2268 2272 2276 2280 2284 2288 2292 2296 2300 2304 2308 2312 2316 2320 2324 2328 2332 2336 2340 2344 2348 2352 2356 2360 2364 2368 2372 2376 2380 2384 2388 2392 2396 2400 2404 2408 2412 2416 2420 2424 2428 2432 2436 2440 2444 2448 2452 2456 2460 2464 2468 2472 2476 2480 2484 2488 2492 2496 2500 2504 2508 2512 2516 2520 2524 2528 2532 2536 2540 2544 2548 2552 2556 2560 2564 2568 2572 2576 2580 2584 2588 2592 2596 2600 2604 2608 2612 2616 2620 2624 2628 2632 2636 2640 2644 2648 2652 2656 2660 2664 2668 2672 2676 2680 2684 2688 2692 2696 2700 2704 2708 2712 2716 2720 2724 2728 2732 2736 2740 2744 2748 2752 2756 2760 2764 2768 2772 2776 2780 2784 2788 2792 2796 2800 2804 2808 2812 2816 2820 2824 2828 2832 2836 2840 2844 2848 2852 2856 2860 2864 2868 2872 2876 2880 2884 2888 2892 2896 2900 2904 2908 2912 2916 2920 2924 2928 2932 2936 2940 2944 2948 2952 2956 2960 2964 2968 2972 2976 2980 2984 2988 2992 2996 3000 3004 3008 3012 3016 3020 3024 3028 3032 3036 3040 3044 3048 3052 3056 3060 3064 3068 3072 3076 3080 3084 3088 3092 3096 3100 3104 3108 3112 3116 3120 3124 3128 3132 3136 3140 3144 3148 3152 3156 3160 3164 3168 3172 3176 3180 3184 3188 3192 3196 3200 3204 3208 3212 3216 3220 3224 3228 3232 3236 3240 3244 3248 3252 3256 3260 3264 3268 3272 3276 3280 3284 3288 3292 3296 3300 3304 3308 3312 3316 3320 3324 3328 3332 3336 3340 3344 3348 3352 3356 3360 3364 3368 3372 3376 3380 3384 3388 3392 3396 3400 3404 3408 3412 3416 3420 3424 3428 3432 3436 3440 3444 3448 3452 3456 3460 3464 3468 3472 3476 3480 3484 3488 3492 3496 3500 3504 3508 3512 3516 3520 3524 3528 3532 3536 3540 3544 3548 3552 3556 3560 3564 3568 3572 3576 3580 3584 3588 3592 3596 3600 3604 3608 3612 3616 3620 3624 3628 3632 3636 3640 3644 3648 3652 3656 3660 3664 3668 3672 3676 3680 3684 3688 3692 3696 3700 3704 3708 3712 3716 3720 3724 3728 3732 3736 3740 3744 3748 3752 3756 3760 3764 3768 3772 3776 3780 3784 3788 3792 3796 3800 3804 3808 3812 3816 3820 3824 3828 3832 3836 3840 3844 3848 3852 3856 3860 3864 3868 3872 3876 3880 3884 3888 3892 3896 3900 3904 3908 3912 3916 3920 3924 3928 3932 3936 3940 3944 3948 3952 3956 3960 3964 3968 3972 3976 3980 3984 3988 3992 3996 4000 4004 4008 4012 4016 4020 4024 4028 4032 4036 4040 4044 4048 4052 4056 4060 4064 4068 4072 4076 4080 4084 4088 4092 4096 4100 4104 4108 4112 4116 4120 4124 4128 4132 4136 4140 4144 4148 4152 4156 4160 4164 4168 4172 4176 4180 4184 4188 4192 4196 4200 4204 4208 4212 4216 4220 4224 4228 4232 4236 4240 4244 4248 4252 4256 4260 4264 4268 4272 4276 4280 4284 4288 4292 4296 4300 4304 4308 4312 4316 4320 4324 4328 4332 4336 4340 4344 4348 4352 4356 4360 4364 4368 4372 4376 4380 4384 4388 4392 4396 4400 4404 4408 4412 4416 4420 4424 4428 4432 4436 4440 4444 4448 4452 4456 4460 4464 4468 4472 4476 4480 4484 4488 4492 4496 4500 4504 4508 4512 4516 4520 4524 4528 4532 4536 4540 4544 4548 4552 4556 4560 4564 4568 4572 4576 4580 4584 4588 4592 4596 4600 4604 4608 4612 4616 4620 4624 4628 4632 4636 4640 4644 4648 4652 4656 4660 4664 4668 4672 4676 4680 4684 4688 4692 4696 4700 4704 4708 4712 4716 4720 4724 4728 4732 4736 4740 4744 4748 4752 4756 4760 4764 4768 4772 4776 4780 4784 4788 4792 4796 4800 4804 4808 4812 4816 4820 4824 4828 4832 4836 4840 4844 4848 4852 4856 4860 4864 4868 4872 4876 4880 4884 4888 4892 4896 4900 4904 4908 4912 4916 4920 4924 4928 4932 4936 4940 4944 4948 4952 4956 4960 4964 4968 4972 4976 4980 4984 4988 4992 4996 5000 5004 5008 5012 5016 5020 5024 5028 5032 5036 5040 5044 5048 5052 5056 5060 5064 5068 5072 5076 5080 5084 5088 5092 5096 5100 5104 5108 5112 5116 5120 5124 5128 5132 5136 5140 5144 5148 5152 5156 5160 5164 5168 5172 5176 5180 5184 5188 5192 5196 5200 5204 5208 5212 5216 5220 5224 5228 5232 5236 5240 5244 5248 5252 5256 5260 5264 5268 5272 5276 5280 5284 5288 5292 5296 5300 5304 5308 5312 5316 5320 5324 5328 5332 5336 5340 5344 5348 5352 5356 5360 5364 5368 5372 5376 5380 5384 5388 5392 5396 5400 5404 5408 5412 5416 5420 5424 5428 5432 5436 5440 5444 5448 5452 5456 5460 5464 5468 5472 5476 5480 5484 5488 5492 5496 5500 5504 5508 5512 5516 5520 5524 5528 5532 5536 5540 5544 5548 5552 5556 5560 5564 5568 5572 5576 5580 5584 5588 5592 5596 5600 5604 5608 5612 5616 5620 5624 5628 5632 5636 5640 5644 5648 5652 5656 5660 5664 5668 5672 5676 5680 5684 5688 5692 5696 5700 5704 5708 5712 5716 5720 5724 5728 5732 5736 5740 5744 5748 5752 5756 5760 5764 5768 5772 5776 5780 5784 5788 5792 5796 5800 5804 5808 5812 5816 5820 5824 5828 5832 5836 5840 5844 5848 5852 5856 5860 5864 5868 5872 5876 5880 5884 5888 5892 5896 5900 5904 5908 5912 5916 5920 5924 5928 5932 5936 5940 5944 5948 5952 5956 5960 5964 5968 5972 5976 5980 5984 5988 5992 5996 6000 6004 6008 6012 6016 6020 6024 6028 6032 6036 6040 6044 6048 6052 6056 6060 6064 6068 6072 6076 6080 6084 6088 6092 6096 6100 6104 6108 6112 6116 6120 6124 6128 6132 6136 6140 6144 6148 6152 6156 6160 6164 6168 6172 6176 6180 6184 6188 6192 6196 6200 6204 6208 6212 6216 6220 6224 6228 6232 6236 6240 6244 6248 6252 6256 6260 6264 6268 6272 6276 6280 6284 6288 6292 6296 6300 6304 6308 6312 6316 6320 6324 6328 6332 6336 6340 6344 6348 6352 6356 6360 6364 6368 6372 6376 6380 6384 6388 6392 6396 6400 6404 6408 6412 6416 6420 6424 6428 6432 6436 6440 6444 6448 6452 6456 6460 6464 6468 6472 6476 6480 6484 6488 6492 6496 6500 6504 6508 6512 6516 6520 6524 6528 6532 6536 6540 6544 6548 6552 6556 6560 6564 6568 6572 6576 6580 6584 6588 6592 6596 6600 6604 6608 6612 6616 6620 6624 6628 6632 6636 6640 6644 6648 6652 6656 6660 6664 6668 6672 6676 6680 6684 6688 6692 6696 6700 6704 6708 6712 6716 6720 6724 6728 6732 6736 6740 6744 6748 6752 6756 6760 6764 6768 6772 6776 6780 6784 6788 6792 6796 6800 6804 6808 6812 6816 6820 6824 6828 6832 6836 6840 6844 6848 6852 6856 6860 6864 6868 6872 6876 6880 6884 6888 6892 6896 6900 6904 6908 6912 6916 6920 6924 6928 6932 6936 6940 6944 6948 6952 6956 6960 6964 6968 6972 6976 6980 6984 6988 6992 6996 7000 7004 7008 7012 7016 7020 7024 7028 7032 7036 7040 7044 7048 7052 7056 7060 7064 7068 7072 7076 7080 7084 7088 7092 7096 7100 7104 7108 7112 7116 7120 7124 7128 7132 7136 7140 7144 7148 7152 7156 7160 7164 7168 7172 7176 7180 7184 7188 7192 7196 7200 7204 7208 7212 7216 7220 7224 7228 7232 7236 7240 7244 7248 7252 7256 7260 7264 7268 7272 7276 7280 7284 7288 7292 7296 7300 7304 7308 7312 7316 7320 7324 7328 7332 7336 7340 7344 7348 7352 7356 7360 7364 7368 7372 7376 7380 7384 7388 7392 7396 7400 7404 7408 7412 7416 7420 7424 7428 7432 7436 7440 7444 7448 7452 7456 7460 7464 7468 7472 7476 7480 7484 7488 7492 7496 7500 7504 7508 7512 7516 7520 7524 7528 7532 7536 7540 7544 7548 7552 7556 7560 7564 7568 7572 7576 7580 7584 7588 7592 7596 7600 7604 7608 7612 7616 7620 7624 7628 7632 7636 7640 7644 7648 7652 7656 7660 7664 7668 7672 7676 7680 7684 7688 7692 7696 7700 7704 7708 7712 7716 7720 7724 7728 7732 7736 7740 7744 7748 7752 7756 7760 7764 7768 7772 7776 7780 7784 7788 7792 7796 7800 7804 7808 7812 7816 7820 7824 7828 7832 7836 7840 7844 7848 7852 7856 7860 7864 7868 7872 7876 7880 7884 7888 7892 7896 7900 7904 7908 7912 7916 7920 7924 7928 7932 7936 7940 7944 7948 7952 7956 7960 7964 7968 7972 7976 7980 7984 7988 7992 7996 8000 8004 8008 8012 8016 8020 8024 8028 8032 8036 8040 8044 8048 8052 8056 8060 8064 8068 8072 8076 8080 8084 8088 8092 8096 8100 8104 8108 8112 8116 8120 8124 8128 8132 8136 8140 8144 8148 8152 8156 8160 8164 8168 8172 8176 8180 8184 8188 8192 8196 8200 8204 8208 8212 8216 8220 8224 8228 8232 8236 8240 8244 8248 8252 8256 8260 8264 8268 8272 8276 8280 8284 8288 8292 8296 8300 8304 8308 8312 8316 8320 8324 8328 8332 8336 8340 8344 8348 8352 8356 8360 8364 8368 8372 8376 8380 8384 8388 8392 8396 8400 8404 8408 8412 8416 8420 8424 8428 8432 8436 8440 8444 8448 8452 8456 8460 8464 8468 8472 8476 8480 8484 8488 8492 8496 8500 8504 8508 8512 8516 8520 8524 8528 8532 8536 8540 8544 8548 8552 8556 8560 8564 8568 8572 8576 8580 8584 8588 8592 8596 8600 8604 8608 8612 8616 8620 8624 8628 8632 8636 8640 8644 8648 8652 8656 8660 8664 8668 8672 8676 8680 8684 8688 8692 8696 8700 8704 8708 8712 8716 8720 8724 8728 8732 8736 8740 8744 8748 8752 8756 8760 8764 8768 8772 8776 8780 8784 8788 8792 8796 8800 8804 8808 8812 8816 8820 8824 8828 8832 8836 8840 8844 8848 8852 8856 8860 8864 8868 8872 8876 8880 8884 8888 8892 8896 8900 8904 8908 8912 8916 8920 8924 8928 8932 8936 8940 8944 8948 8952 8956 8960 8964 8968 8972 8976 8980 8984 8988 8992 8996 9000 9004 9008 9012 9016 9020 9024 9028 9032 9036 9040 9044 9048 9052 9056 9060 9064 9068 9072 9076 9080 9084 9088 9092 9096 9100 9104 9108 9112 9116 9120 9124 9128 9132 9136 9140 9144 9148 9152 9156 9160 9164 9168 9172 9176 9180 9184 9188 9192 9196 9200 9204 9208 9212 9216 9220 9224 9228 9232 9236 9240 9244 9248 9252 9256 9260 9264 9268 9272 9276 9280 9284 9288 9292 9296 9300 9304 9308 9312 9316 9320 9324 9328 9332 9336 9340 9344 9348 9352 9356 9360 9364 9368 9372 9376 9380 9384 9388 9392 9396 9400 9404 9408 9412 9416 9420 9424 9428 9432 9436 9440 9444 9448 9452 9456 9460 9464 9468 9472 9476 9480 9484 9488 9492 9496 9500 9504 9508 9512 9516 9520 9524 9528 9532 9536 9540 9544 9548 9552 9556 9560 9564 9568 9572 9576 9580 9584 9588 9592 9596 9600 9604 9608 9612 9616 9620 9624 9628 9632 9636 9640 9644 9648 9652 9656 9660 9664 9668 9672 9676 9680 9684 9688 9692 9696 9700 9704 9708 9712 9716 9720 9724 9728 9732 9736 9740 9744 9748 9752 9756 9760 9764 9768 9772 9776 9780 9784 9788 9792 9796 9800 9804 9808 9812 9816 9820 9824 9828 9832 9836 9840 9844 9848 9852 9856 9860 9864 9868 9872 9876 9880 9884 9888 9892 9896 9900 9904 9908 9912 9916 9920 9924 9928 9932 9936 9940 9944 9948 9952 9956 9960 9964 9968 9972 9976 9980 9984 9988 9992 9996 10000 10004 10008 10012 10016 10020 10024 10028 10032 10036 10040 10044 10048 10052 10056 10060 10064 10068 10072 10076 10080 10084 10088 10092 10096 10100 10104 10108 10112 10116 10120 10124 10128 10132 10136 10140 10144 10148 10152 10156 10160 10164 10168 10172 10176 10180 10184 10188 10192 10196 10200 10204 10208 10212 10216 10220 10224 10228 10232 10236 10240 10244 10248 10252 10256 10260 10264 10268 10272 10276 10280 10284 10288 10292 10296 10300 10304 10308 10312 10316 10320 10324 10328 10332 10336 10340 10344 10348 10352 10356 10360 10364 10368 10372 10376 10380 10384 10388 10392 10396 10400 10404 10408 10412 10416 10420 10424 10428 10432 10436 10440 10444 10448 10452 10456 10460 10464 10468 10472 10476 10480 10484 10488 10492 10496 10500 10504 10508 10512 10516 10520 10524 10528 10532 10536 10540 10544 10548 10552 10556 10560 10564 10568 10572 10576 10580 10584 10588 10592 10596 10600 10604 10608 10612 10616 10620 10624 10628 10632 10636 10640 10644 10648 10652 10656 10660 10664 10668 10672 10676 10680 10684 10688 10692 10696 10700 10704 10708 10712 10716 10720 10724 10728 10732 10736 10740 10744 10748 10752 10756 10760 10764 10768 10772 10776 10780 10784 10788 10792 10796 10800 10804 10808 10812 10816 10820 10824 10828 10832 10836 10840 10844 10848 10852 10856 10860 10864 10868 10872 10876 10880 10884 10888 10892 10896 10900 10904 10908 10912 10916 10920 10924 10928 10932 10936 10940 10944 10948 10952 10956 10960 10964 10968 10972 10976 10980 10984 10988 10992 10996 11000 11004 11008 11012 11016 11020 11024 11028 11032 11036 11040 11044 11048 11052 11056 11060 11064 11068 11072 11076 11080 11084 11088 11092 11096 11100 11104 11108 11112 11116 11120 11124 11128 11132 11136 11140 11144 11148 11152 11156 11160 11164 11168 11172 11176 11180 11184 11188 11192 11196 11200 11204 11208 11212 11216 11220 11224 11228 11232 11236 11240 11244 11248 11252 11256 11260 11264 11268 11272 11276 11280 11284 11288 11292 11296 11300 11304 11308 11312 11316 11320 11324 11328 11332 11336 11340 11344 11348 11352 11356 11360 11364 11368 11372 11376 11380 11384 11388 11392 11396 11400 11404 11408 11412 11416 11420 11424 11428 11432 11436 11440 11444 11448 11452 11456 11460 11464 11468 11472 11476 11480 11484 11488 11492 11496 11500 11504 11508 11512 11516 11520 11524 11528 11532 11536 11540 11544 11548 11552 11556 11560 11564 11568 11572 11576 11580 11584 11588 11592 11596 11600 11604 11608 11612 11616 11620 11624 11628 11632 11636 11640 11644 11648 11652 11656 11660 11664 11668 11672 11676 11680 11684 11688 11692 11696 11700 11704 11708 11712 11716 11720 11724 11728 11732 11736 11740 11744 11748 11752 11756 11760 11764 11768 11772 11776 11780 11784 11788 11792 11796 11800 11804 11808 11812 11816 11820 11824 11828 11832 11836 11840 11844 11848 11852 11856 11860 11864 11868 11872 11876 11880 11884 11888 11892 11896 11900 11904 11908 11912 11916 11920 11924 11928 11932 11936 11940 11944 11948 11952 11956 11960 11964 11968 11972 11976 11980 11984 11988 11992 11996 12000 12004 12008 12012 12016 12020 12024 12028 12032 12036 12040 12044 12048 12052 12056 12060 12064 12068 12072 12076 12080 12084 12088 12092 12096 12100 12104 12108 12112 12116 12120 12124 12128 12132 12136 12140 12144 12148 12152 12156 12160 12164 12168 12172 12176 12180 12184 12188 12192 12196 12200 12204 12208 12212 12216 12220 12224 12228 12232 12236 12240 12244 12248 12252 12256 12260 12264 12268 12272 12276 12280 12284 12288 12292 12296 12300 12304 12308 12312 12316 12320 12324 12328 12332 12336 12340 12344 12348 12352 12356 12360 12364 12368 12372 12376 12380 12384 12388 12392 12396 12400 12404 12408 12412 12416 12420 12424 12428 12432 12436 12440 12444 12448 12452 12456 12460 12464 12468 12472 12476 12480 12484 12488 12492 12496 12500 12504 12508 12512 12516 12520 12524 12528 12532 12536 12540 12544 12548 12552 12556 12560 12564 12568 12572 12576 12580 12584 12588 12592 12596 12600 12604 12608 12612 12616 12620 12624 12628 12632 12636 12640 12644 12648 12652 12656 12660 12664 12668 12672 12676 12680 12684 12688 12692 12696 12700 12704 12708 12712 12716 12720 12724 12728 12732 12736 12740 12744 12748 12752 12756 12760 12764 12768 12772 12776 12780 12784 12788 12792 12796 12800 12804 12808 12812 12816 12820 12824 12828 12832 12836 12840 12844 12848 12852 12856 12860 12864 12868 12872 12876 12880 12884 12888 12892 12896 12900 12904 12908 12912 12916 12920 12924 12928 12932 12936 12940 12944 12948 12952 12956 12960 12964 12968 12972 12976 12980 12984 12988 12992 12996 13000 13004 13008 13012 13016 13020 13024 13028 13032 13036 13040 13044 13048 13052 13056 13060 13064 13068 13072 13076 13080 13084 13088 13092 13096 13100 13104 13108 13112 13116 13120 13124 13128 13132 13136 13140 13144 13148 13152 13156 13160 13164 13168 13172 13176 13180 13184 13188 13192 13196 13200 13204 13208 13212 13216 13220 13224 13228 13232 13236 13240 13244 13248 13252 13256 13260 13264 13268 13272 13276 13280 13284 13288 13292 13296 13300 13304 13308 13312 13316 13320 13324 13328 13332 13336 13340 13344 13348 13352 13356 13360 13364 13368 13372 13376 13380 13384 13388 13392 13396 13400 13404 13408 13412 13416 13420 13424 13428 13432 13436 13440 13444 13448 13452 13456 13460 13464 13468 13472 13476 13480 13484 13488 13492 13496 13500 13504 13508 13512 13516 13520 13524 13528 13532 13536 13540 13544 13548 13552 13556 13560 13564 13568 13572 13576 13580 13584 13588 13592 13596 13600 13604 13608 13612 13616 13620 13624 13628 13632 13636 13640 13644 13648 13652 13656 13660 13664 13668 13672 13676 13680 13684 13688 13692 13696 13700 13704 13708 13712 13716 13720 13724 13728 13732 13736 13740 13744 13748 13752 13756 13760 13764 13768 13772 13776 13780 13784 13788 13792 13796 13800 13804 13808 13812 13816 13820 13824 13828 13832 13836 13840 13844 13848 13852 13856 13860 13864 13868 13872 13876 13880 13884 13888 13892 13896 13900 13904 13908 13912 13916 13920 13924 13928 13932 13936 13940 13944 13948 13952 13956 13960 13964 13968 13972 13976 13980 13984 13988 13992 13996 14000 14004 14008 14012 14016 14020 14024 14028 14032 14036 14040 14044 14048 14052 14056 14060 14064 14068 14072 14076 14080 14084 14088 14092 14096 14100 14104 14108 14112 14116 14120 14124 14128 14132 14136 14140 14144 14148 14152 14156 14160 14164 14168 14172 14176 14180 14184 14188 14192 14196 14200 14204 14208 14212 14216 14220 14224 14228 14232 14236 14240 14244 14248 14252 14256 14260 14264 14268 14272 14276 14280 14284 14288 14292 14296 14300 14304 14308 14312 14316 14320 14324 14328 14332 14336 14340 14344 14348 14352 14356 14360 14364 14368 14372 14376 14380 14384 14388 14392 14396 14400 14404 14408 14412 14416 14420 14424 14428 14432 14436 14440 14444 14448 14452 14456 14460 14464 14468 14472 14476 14480 14484 14488 14492 14496 14500 14504 14508 14512 14516 14520 14524 14528 14532 14536 14540 14544 14548 14552 14556 14560 14564 14568 14572 14576 14580 14584 14588 14592 14596 14600 14604 14608 14612 14616 14620 14624 14628 14632 14636 14640 14644 14648 14652 14656 14660 14664 14668 14672 14676 14680 14684 14688 14692 14696 14700 14704 14708 14712 14716 14720 14724 14728 14732 14736 14740 14744 14748 14752 14756 14760 14764 14768 14772 14776 14780 14784 14788 14792 14796 14800 14804 14808 14812 14816 14820 14824 14828 14832 14836 14840 14844 14848 14852 14856 14860 14864 14868 14872 14876 14880 14884 14888 14892 14896 14900 14904 14908 14912 14916 14920 14924 14928 14932 14936 14940 14944 14948 14952 14956 14960 14964 14968 14972 14976 14980 14984 14988 14992 14996 15000 15004 15008 15012 15016 15020 15024 15028 15032 15036 15040 15044 15048 15052 15056 15060 15064 15068 15072 15076 15080 15084 15088 15092 15096 15100 15104 15108 15112 15116 15120 15124 15128 15132 15136 15140 15144 15148 15152 15156 15160 15164 15168 15172 15176 15180 15184 15188 15192 15196 15200 15204 15208 15212 15216 15220 15224 15228 15232 15236 15240 15244 15248 15252 15256 15260 15264 15268 15272 15276 15280 15284 15288 15292 15296 15300 15304 15308 15312 15316 15320 15324 15328 15332 15336 15340 15344 15348 15352 15356 15360 15364 15368 15372 15376 15380 15384 15388 15392 15396 15400 15404 15408 15412 15416 15420 15424 15428 15432 15436 15440 15444 15448 15452 15456 15460 15464 15468 15472 15476 15480 15484 15488 15492 15496 15500 15504 15508 15512 15516 15520 15524 15528 15532 15536 15540 15544 15548 15552 15556 15560 15564 15568 15572 15576 15580 15584 15588 15592 15596 15600 15604 15608 15612 15616 15620 15624 15628 15632 15636 15640 15644 15648 15652 15656 15660 15664 15668 15672 15676 15680 15684 15688 15692 15696 15700 15704 15708 15712 15716 15720 15724 15728 15732 15736 15740 15744 15748 15752 15756 15760 15764 15768 15772 15776 15780 15784 15788 15792 15796 15800 15804 15808 15812 15816 15820 15824 15828 15832 15836 15840 15844 15848 15852 15856 15860 15864 15868 15872 15876 15880 15884 15888 15892 15896 15900 15904 15908 15912 15916 15920 15924 15928 15932 15936 15940 15944 15948 15952 15956 15960 15964 15968 15972 15976 15980 15984 15988 15992 15996 16000 16004 16008 16012 16016 16020 16024 16028 16032 16036 16040 16044 16048 16052 16056 16060 16064 16068 16072 16076 16080 16084 16088 16092 16096 16100 16104 16108 16112 16116 16120 16124 16128 16132 16136 16140 16144 16148 16152 16156 16160 16164 16168 16172 16176 16180 16184 16188 16192 16196 16200 16204 16208 16212 16216 16220 16224 16228 16232 16236 16240 16244 16248 16252 16256 16260 16264 16268 16272 16276 16280 16284 16288 16292 16296 16300 16304 16308 16312 16316 16320 16324 16328 16332 16336 16340 16344 16348 16352 16356 16360 16364 16368 16372 16376 16380 16384 16388 16392 16396 16400 16404 16408 16412 16416 16420 16424 16428 16432 16436 16440 16444 16448 16452 16456 16460 16464 16468 16472 16476 16480 16484 16488 16492 16496 16500 16504 16508 16512 16516 16520 16524 16528 16532 16536 16540 16544 16548 16552 16556 16560 16564 16568 16572 16576 16580 16584 16588 16592 16596 16600 16604 16608 16612 16616 16620 16624 16628 16632 16636 16640 16644 16648 16652 16656 16660 16664 16668 16672 16676 16680 16684 16688 16692 16696 16700 16704 16708 16712 16716 16720 16724 16728 16732 16736 16740 16744 16748 16752 16756 16760 16764 16768 16772 16776 16780 16784 16788 16792 16796 16800 16804 16808 16812 16816 16820 16824 16828 16832 16836 16840 16844 16848 16852 16856 16860 16864 16868 16872 16876 16880 16884 16888 16892 16896 16900 16904 16908 16912 16916 16920 16924 16928 16932 16936 16940 16944 16948 16952 16956 16960 16964 16968 16972 16976 16980 16984 16988 16992 16996 17000 17004 17008 17012 17016 17020 17024 17028 17032 17036 17040 17044 17048 17052 17056 17060 17064 17068 17072 17076 17080 17084 17088 17092 17096 17100 17104 17108 17112 17116 17120 17124 17128 17132 17136 17140 17144 17148 17152 17156 17160 17164 17168 17172 17176 17180 17184 17188 17192 17196 17200 17204 17208 17212 17216 17220 17224 17228 17232 17236 17240 17244 17248 17252 17256 17260 17264 17268 17272 17276 17280 17284 17288 17292 17296 17300 17304 17308 17312 17316 17320 17324 17328 17332 17336 17340 17344 17348 17352 17356 17360 17364 17368 17372 17376 17380 17384 17388 17392 17396 17400 17404 17408 17412 17416 17420 17424 17428 17432 17436 17440 17444 17448 17452 17456 17460 17464 17468 17472 17476 17480 17484 17488 17492 17496 17500 17504 17508 17512 17516 17520 17524 17528 17532 17536 17540 17544 17548 17552 17556 17560 17564 17568 17572 17576 17580 17584 17588 17592 17596 17600 17604 17608 17612 17616 17620 17624 17628 17632 17636 17640 17644 17648 17652 17656 17660 17664 17668 17672 17676 17680 17684 17688 17692 17696 17700 17704 17708 17712 17716 17720 17724 17728 17732 17736 17740 17744 17748 17752 17756 17760 17764 17768 17772 17776 17780 17784 17788 17792 17796 17800 17804 17808 17812 17816 17820 17824 17828 17832 17836 17840 17844 17848 17852 17856 17860 17864 17868 17872 17876 17880 17884 17888 17892 17896 17900 17904 17908 17912 17916 17920 17924 17928 17932 17936 17940 17944 17948 17952 17956 17960 17964 17968 17972 17976 17980 17984 17988 17992 17996 18000 18004 18008 18012 18016 18020 18024 18028 18032 18036 18040 18044 18048 18052 18056 18060 18064 18068 18072 18076 18080 18084 18088 18092 18096 18100 18104 18108 18112 18116 18120 18124 18128 18132 18136 18140 18144 18148 18152 18156 18160 18164 18168 18172 18176 18180 18184 18188 18192 18196 18200 18204 18208 18212 18216 18220 18224 18228 18232 18236 18240 18244 18248 18252 18256 18260 18264 18268 18272 18276 18280 18284 18288 18292 18296 18300 18304 18308 18312 18316 18320 18324 18328 18332 18336 18340 18344 18348 18352 18356 18360 18364 18368 18372 18376 18380 18384 18388 18392 18396 18400 18404 18408 18412 18416 18420 18424 18428 18432 18436 18440 18444 18448 18452 18456 18460 18464 18468 18472 18476 18480 18484 18488 18492 18496 18500 18504 18508 18512 18516 18520 18524 18528 18532 18536 18540 18544 18548 18552 18556 18560 18564 18568 18572 18576 18580 18584 18588 18592 18596 18600 18604 18608 18612 18616 18620 18624 18628 18632 18636 18640 18644 18648 18652 18656 18660 18664 18668 18672 18676 18680 18684 18688 18692 18696 18700 18704 18708 18712 18716 18720 18724 18728 18732 18736 18740 18744 18748 18752 18756 18760 18764 18768 18772 18776 18780 18784 18788 18792 18796 18800 18804 18808 18812 18816 18820 18824 18828 18832 18836 18840 18844 18848 18852 18856 18860 18864 18868 18872 18876 18880 18884 18888 18892 18896 18900 18904 18908 18912 18916 18920 18924 18928 18932 18936 18940 18944 18948 18952 18956 18960 18964 18968 18972 18976 18980 18984 18988 18992 18996 19000 19004 19008 19012 19016 19020 19024 19028 19032 19036 19040 19044 19048 19052 19056 19060 19064 19068 19072 19076 19080 19084 19088 19092 19096 19100 19104 19108 19112 19116 19120 19124 19128 19132 19136 19140 19144 19148 19152 19156 19160 19164 19168 19172 19176 19180 19184 19188 19192 19196 19200 19204 19208 19212 19216 19220 19224 19228 19232 19236 19240 19244 19248 19252 19256 19260 19264 19268 19272 19276 19280 19284 19288 19292 19296 19300 19304 19308 19312 19316 19320 19324 19328 19332 19336 19340 19344 19348 19352 19356 19360 19364 19368 19372 19376 19380 19384 19388 19392 19396 19400 19404 19408 19412 19416 19420 19424 19428 19432 19436 19440 19444 19448 19452 19456 19460 19464 19468 19472 19476 19480 19484 19488 19492 19496 19500 19504 19508 19512 19516 19520 19524 19528 19532 19536 19540 19544 19548 19552 19556 19560 19564 19568 19572 19576 19580 19584 19588 19592 19596 19600 19604 19608 19612 19616 19620 19624 19628 19632 19636 19640 19644 19648 19652 19656 19660 19664 19668 19672 19676 19680 19684 19688 19692 19696 19700 19704 19708 19712 19716 19720 19724 19728 19732 19736 19740 19744 19748 19752 19756 19760 19764 19768 19772 19776 19780 19784 19788 19792 19796 19800 19804 19808 19812 19816 19820 19824 19828 19832 19836 19840 19844 19848 19852 19856 19860 19864 19868 19872 19876 19880 19884 19888 19892 19896 19900 19904 19908 19912 19916 19920 19924 19928 19932 19936 19940 19944 19948 19952 19956 19960 19964 19968 19972 19976 19980 19984 19988 19992 19996 20000 20004 20008 20012 20016 20020 20024 20028 20032 20036 20040 20044 20048 20052 20056 20060 20064 20068 20072 20076 20080 20084 20088 20092 20096 20100 20104 20108 20112 20116 20120 20124 20128 20132 20136 20140 20144 20148 20152 20156 20160 20164 20168 20172 20176 20180 20184 20188 20192 20196 20200 20204 20208 20212 20216 20220 20224 20228 20232 20236 20240 20244 20248 20252 20256 20260 20264 20268 20272 20276 20280 20284 20288 20292 20296 20300 20304 20308 20312 20316 20320 20324 20328 20332 20336 20340 20344 20348 20352 20356 20360 20364 20368 20372 20376 20380 20384 20388 20392 20396 20400 20404 20408 20412 20416 20420 20424 20428 20432 20436 20440 20444 20448 20452 20456 20460 20464 20468 20472 20476 20480 20484 20488 20492 20496 20500 20504 20508 20512 20516 20520 20524 20528 20532 20536 20540 20544 20548 20552 20556 20560 20564 20568 20572 20576 20580 20584 20588 20592 20596 20600 20604 20608 20612 20616 20620 20624 20628 20632 20636 20640 20644 20648 20652 20656 20660 20664 20668 20672 20676 20680 20684 20688 20692 20696 20700 20704 20708 20712 20716 20720 20724 20728 20732 20736 20740 20744 20748 20752 20756 20760 20764 20768 20772 20776 20780 20784 20788 20792 20796 20800 20804 20808 20812 20816 20820 20824 20828 20832 20836 20840 20844 20848 20852 20856 20860 20864 20868 20872 20876 20880 20884 20888 20892 20896 20900 20904 20908 20912 20916 20920 20924 20928 20932 20936 20940 20944 20948 20952 20956 20960 20964 20968 20972 20976 20980 20984 20988 20992 20996 21000 21004 21008 21012 21016 21020 21024 21028 21032 21036 21040 21044 21048 21052 21056 21060 21064 21068 21072 21076 21080 21084 21088 21092 21096 21100 21104 21108 21112 21116 21120 21124 21128 21132 21136 21140 21144 21148 21152 21156 21160 21164 21168 21172 21176 21180 21184 21188 21192 21196 21200 21204 21208 21212 21216 21220 21224 21228 21232 21236 21240 21244 21248 21252 21256 21260 21264 21268 21272 21276 21280 21284 21288 21292 21296 21300 21304 21308 21312 21316 21320 21324 21328 21332 21336 21340 21344 21348 21352 21356 21360 21364 21368 21372 21376 21380 21384 21388 21392 21396 21400 21404 21408 21412 21416 21420 21424 21428 21432 21436 21440 21444 21448 21452 21456 21460 21464 21468 21472 21476 21480 21484 21488 21492 21496 21500 21504 21508 21512 21516 21520 21524 21528 21532 21536 21540 21544 21548 21552 21556 21560 21564 21568 21572 21576 21580 21584 21588 21592 21596 21600 21604 21608 21612 21616 21620 21624 21628 21632 21636 21640 21644 21648 21652 21656 21660 21664 21668 21672 21676 21680 21684 21688 21692 21696 21700 21704 21708 21712 21716 21720 21724 21728 21732 21736 21740 21744 21748 21752 21756 21760 21764 21768 21772 21776 21780 21784 21788 21792 21796 21800 21804 21808 21812 21816 21820 21824 21828 21832 21836 21840 21844 21848 21852 21856 21860 21864 21868 21872 21876 21880 21884 21888 21892 21896 21900 21904 21908 21912 21916 21920 21924 21928 21932 21936 21940 21944 21948 21952 21956 21960 21964 21968 21972 21976 21980 21984 21988 21992 21996 22000 22004 22008 22012 22016 22020 22024 22028 22032 22036 22040 22044 22048 22052 22056 22060 22064 22068 22072 22076 22080 22084 22088 22092 22096 22100 22104 22108 22112 22116 22120 22124 22128 22132 22136 22140 22144 22148 22152 22156 22160 22164 22168 22172 22176 22180 22184 22188 22192 22196 22200 22204 22208 22212 22216 22220 22224 22228 22232 22236 22240 22244 22248 22252 22256 22260 22264 22268 22272 22276 22280 22284 22288 22292 22296 22300 22304 22308 22312 22316 22320 22324 22328 22332 22336 22340 22344 22348 22352 22356 22360 22364 22368 22372 22376 22380 22384 22388 22392 22396 22400 22404 22408 22412 22416 22420 22424 22428 22432 22436 22440 22444 22448 22452 22456 22460 22464 22468 22472 22476 22480 22484 22488 22492 22496 22500 22504 22508 22512 22516 22520 22524 22528 22532 22536 22540 22544 22548 22552 22556 22560 22564 22568 22572 22576 22580 22584 22588 22592 22596 22600 22604 22608 22612 22616 22620 22624 22628 22632 22636 22640 22644 22648 22652 22656 22660 22664 22668 22672 22676 22680 22684 22688 22692 22696 22700 22704 22708 22712 22716 22720 22724 22728 22732 22736 22740 22744 22748 22752 22756 22760 22764 22768 22772 22776 22780 22784 22788 22792 22796 22800 22804 22808 22812 22816 22820 22824 22828 22832 22836 22840 22844 22848 22852 22856 22860 22864 22868 22872 22876 22880 22884 22888 22892 22896 22900 22904 22908 22912 22916 22920 22924 22928 22932 22936 22940 22944 22948 22952 22956 22960 22964 22968 22972 22976 22980 22984 22988 22992 22996 23000 23004 23008 23012 23016 23020 23024 23028 23032 23036 23040 23044 23048 23052 23056 23060 23064 23068 23072 23076 23080 23084 23088 23092 23096 23100 23104 23108 23112 23116 23120 23124 23128 23132 23136 23140 23144 23148 23152 23156 23160 23164 23168 23172 23176 23180 23184 23188 23192 23196 23200 23204 23208 23212 23216 23220 23224 23228 23232 23236 23240 23244 23248 23252 23256 23260 23264 23268 23272 23276 23280 23284 23288 23292 23296 23300 23304 23308 23312 23316 23320 23324 23328 23332 23336 23340 23344 23348 23352 23356 23360 23364 23368 23372 23376 23380 23384 23388 23392 23396 23400 23404 23408 23412 23416 23420 23424 23428 23432 23436 23440 23444 23448 23452 23456 23460 23464 23468 23472 23476 23480 23484 23488 23492 23496 23500 23504 23508 23512 23516 23520 23524 23528 23532 23536 23540 23544 23548 23552 23556 23560 23564 23568 23572 23576 23580 23584 23588 23592 23596 23600 23604 23608 23612 23616 23620 23624 23628 23632 23636 23640 23644 23648 23652 23656 23660 23664 23668 23672 23676 23680 23684 23688 23692 23696 23700 23704 23708 23712 23716 23720 23724 23728 23732 23736 23740 23744 23748 23752 23756 23760 23764 23768 23772 23776 23780 23784 23788 23792 23796 23800 23804 23808 23812 23816 23820 23824 23828 23832 23836 23840 23844 23848 23852 23856 23860 23864 23868 23872 23876 23880 23884 23888 23892 23896 23900 23904 23908 23912 23916 23920 23924 23928 23932 23936 23940 23944 23948 23952 23956 23960 23964 23968 23972 23976 23980 23984 23988 23992 23996 24000 24004 24008 24012 24016 24020 24024 24028 24032 24036 24040 24044 24048 24052 24056 24060 24064 24068 24072 24076 24080 24084 24088 24092 24096 24100 24104 24108 24112 24116 24120 24124 24128 24132 24136 24140 24144 24148 24152 24156 24160 24164 24168 24172 24176 24180 24184 24188 24192 24196 24200 24204 24208 24212 24216 24220 24224 24228 24232 24236 24240 24244 24248 24252 24256 24260 24264 24268 24272 24276 24280 24284 24288 24292 24296 24300 24304 24308 24312 24316 24320 24324 24328 24332 24336 24340 24344 24348 24352 24356 24360 24364 24368 24372 24376 24380 24384 24388 24392 24396 24400 24404 24408 24412 24416 24420 24424 24428 24432 24436 24440 24444 24448 24452 24456 24460 24464 24468 24472 24476 24480 24484 24488 24492 24496 24500 24504 24508 24512 24516 24520 24524 24528 24532 24536 24540 24544 24548 24552 24556 24560 24564 24568 24572 24576 24580 24584 24588 24592 24596 24600 24604 24608 24612 24616 24620 24624 24628 24632 24636 24640 24644 24648 24652 24656 24660 24664 24668 24672 24676 24680 24684 24688 24692 24696 24700 24704 24708 24712 24716 24720 24724 24728 24732 24736 24740 24744 24748 24752 24756 24760 24764 24768 24772 24776 24780 24784 24788 24792 24796 24800 24804 24808 24812 24816 24820 24824 24828 24832 24836 24840 24844 24848 24852 24856 24860 24864 24868 24872 24876 24880 24884 24888 24892 24896 24900 24904 24908 24912 24916 24920 24924 24928 24932 24936 24940 24944 24948 24952 24956 24960 24964 24968 24972 24976 24980 24984 24988 24992 24996 25000 25004 25008 25012 25016 25020 25024 25028 25032 25036 25040 25044 25048 25052 25056 25060 25064 25068 25072 25076 25080 25084 25088 25092 25096 25100 25104 25108 25112 25116 25120 25124 25128 25132 25136 25140 25144 25148 25152 25156 25160 25164 25168 25172 25176 25180 25184 25188 25192 25196 25200 25204 25208 25212 25216 25220 25224 25228 25232 25236 25240 25244 25248 25252 25256 25260 25264 25268 25272 25276 25280 25284 25288 25292 25296 25300 25304 25308 25312 25316 25320 25324 25328 25332 25336 25340 25344 25348 25352 25356 25360 25364 25368 25372 25376 25380 25384 25388 25392 25396 25400 25404 25408 25412 25416 25420 25424 25428 25432 25436 25440 25444 25448 25452 25456 25460 25464 25468 25472 25476 25480 25484 25488 25492 25496 25500 25504 25508 25512 25516 25520 25524 25528 25532 25536 25540 25544 25548 25552 25556 25560 25564 25568 25572 25576 25580 25584 25588 25592 25596 25600 25604 25608 25612 25616 25620 25624 25628 25632 25636 25640 25644 25648 25652 25656 25660 25664 25668 25672 25676 25680 25684 25688 25692 25696 25700 25704 25708 25712 25716 25720 25724 25728 25732 25736 25740 25744 25748 25752 25756 25760 25764 25768 25772 25776 25780 25784 25788 25792 25796 25800 25804 25808 25812 25816 25820 25824 25828 25832 25836 25840 25844 25848 25852 25856 25860 25864 25868 25872 25876 25880 25884 25888 25892 25896 25900 25904 25908 25912 25916 25920 25924 25928 25932 25936 25940 25944 25948 25952 25956 25960 25964 25968 25972 25976 25980 25984 25988 25992 25996 26000 26004 26008 26012 26016 26020 26024 26028 26032 26036 26040 26044 26048 26052 26056 26060 26064 26068 26072 26076 26080 26084 26088 26092 26096 26100 26104 26108 26112 26116 26120 26124 26128 26132 26136 26140 26144 26148 26152 26156 26160 26164 26168 26172 26176 26180 26184 26188 26192 26196 26200 26204 26208 26212 26216 26220 26224 26228 26232 26236 26240 26244 26248 26252 26256 26260 26264 26268 26272 26276 26280 26284 26288 26292 26296 26300 26304 26308 26312 26316 26320 26324 26328 26332 26336 26340 26344 26348 26352 26356 26360 26364 26368 26372 26376 26380 26384 26388 26392 26396 26400 26404 26408 26412 26416 26420 26424 26428 26432 26436 26440 26444 26448 26452 26456 26460 26464 26468 26472 26476 26480 26484 26488 26492 26496 26500 26504 26508 26512 26516 26520 26524 26528 26532 26536 26540 26544 26548 26552 26556 26560 26564 26568 26572 26576 26580 26584 26588 26592 26596 26600 26604 26608 26612 26616 26620 26624 26628 26632 26636 26640 26644 26648 26652 26656 26660 26664 26668 26672 26676 26680 26684 26688 26692 26696 26700 26704 26708 26712 26716 26720 26724 26728 26732 26736 26740 26744 26748 26752 26756 26760 26764 26768 26772 26776 26780 26784 26788 26792 26796 26800 26804 26808 26812 26816 26820 26824 26828 26832 26836 26840 26844 26848 26852 26856 26860 26864 26868 26872 26876 26880 26884 26888 26892 26896 26900 26904 26908 26912 26916 26920 26924 26928 26932 26936 26940 26944 26948 26952 26956 26960 26964 26968 26972 26976 26980 26984 26988 26992 26996 27000 27004 27008 27012 27016 27020 27024 27028 27032 27036 27040 27044 27048 27052 27056 27060 27064 27068 27072 27076 27080 27084 27088 27092 27096 27100 27104 27108 27112 27116 27120 27124 27128 27132 27136 27140 27144 27148 27152 27156 27160 27164 27168 27172 27176 27180 27184 27188 27192 27196 27200 27204 27208 27212 27216 27220 27224 27228 27232 27236 27240 27244 27248 27252 27256 27260 27264 27268 27272 27276 27280 27284 27288 27292 27296 27300 27304 27308 27312 27316 27320 27324 27328 27332 27336 27340 27344 27348 27352 27356 27360 27364 27368 27372 27376 27380 27384 27388 27392 27396 27400 27404 27408 27412 27416 27420 27424 27428 27432 27436 27440 27444 27448 27452 27456 27460 27464 27468 27472 27476 27480 27484 27488 27492 27496 27500 27504 27508 27512 27516 27520 27524 27528 27532 27536 27540 27544 27548 27552 27556 27560 27564 27568 27572 27576 27580 27584 27588 27592 27596 27600 27604 27608 27612 27616 27620 27624 27628 27632 27636 27640 27644 27648 27652 27656 27660 27664 27668 27672 27676 27680 27684 27688 27692 27696 27700 27704 27708 27712 27716 27720 27724 27728 27732 27736 27740 27744 27748 27752 27756 27760 27764 27768 27772 27776 27780 27784 27788 27792 27796 27800 27804 27808 27812 27816 27820 27824 27828 27832 27836 27840 27844 27848 27852 27856 27860 27864 27868 27872 27876 27880 27884 27888 27892 27896 27900 27904 27908 27912 27916 27920 27924 27928 27932 27936 27940 27944 27948 27952 27956 27960 27964 27968 27972 27976 27980 27984 27988 27992 27996 28000 28004 28008 28012 28016 28020 28024 28028 28032 28036 28040 28044 28048 28052 28056 28060 28064 28068 28072 28076 28080 28084 28088 28092 28096 28100 28104 28108 28112 28116 28120 28124 28128 28132 28136 28140 28144 28148 28152 28156 28160 28164 28168 28172 28176 28180 28184 28188 28192 28196 28200 28204 28208 28212 28216 28220 28224 28228 28232 28236 28240 28244 28248 28252 28256 28260 28264 28268 28272 28276 28280 28284 28288 28292 28296 28300 28304 28308 28312 28316 28320 28324 28328 28332 28336 28340 28344 28348 28352 28356 28360 28364 28368 28372 28376 28380 28384 28388 28392 28396 28400 28404 28408 28412 28416 28420 28424 28428 28432 28436 28440 28444 28448 28452 28456 28460 28464 28468 28472 28476 28480 28484 28488 28492 28496 28500 28504 28508 28512 28516 28520 28524 28528 28532 28536 28540 28544 28548 28552 28556 28560 28564 28568 28572 28576 28580 28584 28588 28592 28596 28600 28604 28608 28612 28616 28620 28624 28628 28632 28636 28640 28644 28648 28652 28656 28660 28664 28668 28672 28676 28680 28684 28688 28692 28696 28700 28704 28708 28712 28716 28720 28724 28728 28732 28736 28740 28744 28748 28752 28756 28760 28764 28768 28772 28776 28780 28784 28788 28792 28796 28800 28804 28808 28812 28816 28820 28824 28828 28832 28836 28840 28844 28848 28852 28856 28860 28864 28868 28872 28876 28880 28884 28888 28892 28896 28900 28904 28908 28912 28916 28920 28924 28928 28932 28936 28940 28944 28948 28952 28956 28960 28964 28968 28972 28976 28980 28984 28988 28992 28996 29000 29004 29008 29012 29016 29020 29024 29028 29032 29036 29040 29044 29048 29052 29056 29060 29064 29068 29072 29076 29080 29084 29088 29092 29096 29100 29104 29108 29112 29116 29120 29124 29128 29132 29136 29140 29144 29148 29152 29156 29160 29164 29168 29172 29176 29180 29184 29188 29192 29196 29200 29204 29208 29212 29216 29220 29224 29228 29232 29236 29240 29244 29248 29252 29256 29260 29264 29268 29272 29276 29280 29284 </DataArray>
        <DataArray type="Int8" Name="types" format="ascii">71 71 71 71 71 71 71 71 71 71 71 71 71 71 71 71 71 71 71 71 71 71 71 71 71 71 71 71 71 71 71 71 71 71 71 71 71 71 71 71 71 71 71 71 71 71 71 71 71 71 71 71 71 71 71 71 71 71 71 71 71 71 71 71 71 71 71 71 71 71 71 71 71 71 71 71 71 71 71 71 71 71 71 71 71 71 71 71 71 71 71 71 71 71 71 71 71 71 71 71 71 71 71 71 71 71 71 71 71 71 71 71 71 71 71 71 71 71 71 71 71 71 71 71 71 71 71 71 71 71 71 71 71 71 71 71 71 71 71 71 71 71 71 71 71 71 71 71 71 71 71 71 71 71 71 71 71 71 71 71 71 71 71 71 71 71 71 71 71 71 71 71 71 71 71 71 71 71 71 71 71 71 71 71 71 71 71 71 71 71 71 71 71 71 71 71 71 71 71 71 71 71 71 71 71 71 71 71 71 71 71 71 71 71 71 71 71 71 71 71 71 71 71 71 71 71 71 71 71 71 71 71 71 71 71 71 71 71 71 71 71 71 71 71 71 71 71 71 71 71 71 71 71 71 71 71 71 71 71 71 71 71 71 71 71 71 71 71 71 71 71 71 71 71 71 71 71 71 71 71 71 71 71 71 71 71 71 71 71 71 71 71 71 71 71 71 71 71 71 71 71 71 71 71 71 71 71 71 71 71 71 71 71 71 71 71 71 71 71 71 71 71 71 71 71 71 71 71 71 71 71 71 71 71 71 71 71 71 71 71 71 71 71 71 71 71 71 71 71 71 71 71 71 71 71 71 71 71 71 71 71 71 71 71 71 71 71 71 71 71 71 71 71 71 71 71 71 71 71 71 71 71 71 71 71 71 71 71 71 71 71 71 71 71 71 71 71 71 71 71 71 71 71 71 71 71 71 71 71 71 71 71 71 71 71 71 71 71 71 71 71 71 71 71 71 71 71 71 71 71 71 71 71 71 71 71 71 71 71 71 71 71 71 71 71 71 71 71 71 71 71 71 71 71 71 71 71 71 71 71 71 71 71 71 71 71 71 71 71 71 71 71 71 71 71 71 71 71 71 71 71 71 71 71 71 71 71 71 71 71 71 71 71 71 71 71 71 71 71 71 71 71 71 71 71 71 71 71 71 71 71 71 71 71 71 71 71 71 71 71 71 71 71 71 71 71 71 71 71 71 71 71 71 71 71 71 71 71 71 71 71 71 71 71 71 71 71 71 71 71 71 71 71 71 71 71 71 71 71 71 71 71 71 71 71 71 71 71 71 71 71 71 71 71 71 71 71 71 71 71 71 71 71 71 71 71 71 71 71 71 71 71 71 71 71 71 71 71 71 71 71 71 71 71 71 71 71 71 71 71 71 71 71 71 71 71 71 71 71 71 71 71 71 71 71 71 71 71 71 71 71 71 71 71 71 71 71 71 71 71 71 71 71 71 71 71 71 71 71 71 71 71 71 71 71 71 71 71 71 71 71 71 71 71 71 71 71 71 71 71 71 71 71 71 71 71 71 71 71 71 71 71 71 71 71 71 71 71 71 71 71 71 71 71 71 71 71 71 71 71 71 71 71 71 71 71 71 71 71 71 71 71 71 71 71 71 71 71 71 71 71 71 71 71 71 71 71 71 71 71 71 71 71 71 71 71 71 71 71 71 71 71 71 71 71 71 71 71 71 71 71 71 71 71 71 71 71 71 71 71 71 71 71 71 71 71 71 71 71 71 71 71 71 71 71 71 71 71 71 71 71 71 71 71 71 71 71 71 71 71 71 71 71 71 71 71 71 71 71 71 71 71 71 71 71 71 71 71 71 71 71 71 71 71 71 71 71 71 71 71 71 71 71 71 71 71 71 71 71 71 71 71 71 71 71 71 71 71 71 71 71 71 71 71 71 71 71 71 71 71 71 71 71 71 71 71 71 71 71 71 71 71 71 71 71 71 71 71 71 71 71 71 71 71 71 71 71 71 71 71 71 71 71 71 71 71 71 71 71 71 71 71 71 71 71 71 71 71 71 71 71 71 71 71 71 71 71 71 71 71 71 71 71 71 71 71 71 71 71 71 71 71 71 71 71 71 71 71 71 71 71 71 71 71 71 71 71 71 71 71 71 71 71 71 71 71 71 71 71 71 71 71 71 71 71 71 71 71 71 71 71 71 71 71 71 71 71 71 71 71 71 71 71 71 71 71 71 71 71 71 71 71 71 71 71 71 71 71 71 71 71 71 71 71 71 71 71 71 71 71 71 71 71 71 71 71 71 71 71 71 71 71 71 71 71 71 71 71 71 71 71 71 71 71 71 71 71 71 71 71 71 71 71 71 71 71 71 71 71 71 71 71 71 71 71 71 71 71 71 71 71 71 71 71 71 71 71 71 71 71 71 71 71 71 71 71 71 71 71 71 71 71 71 71 71 71 71 71 71 71 71 71 71 71 71 71 71 71 71 71 71 71 71 71 71 71 71 71 71 71 71 71 71 71 71 71 71 71 71 71 71 71 71 71 71 71 71 71 71 71 71 71 71 71 71 71 71 71 71 71 71 71 71 71 71 71 71 71 71 71 71 71 71 71 71 71 71 71 71 71 71 71 71 71 71 71 71 71 71 71 71 71 71 71 71 71 71 71 71 71 71 71 71 71 71 71 71 71 71 71 71 71 71 71 71 71 71 71 71 71 71 71 71 71 71 71 71 71 71 71 71 71 71 71 71 71 71 71 71 71 71 71 71 71 71 71 71 71 71 71 71 71 71 71 71 71 71 71 71 71 71 71 71 71 71 71 71 71 71 71 71 71 71 71 71 71 71 71 71 71 71 71 71 71 71 71 71 71 71 71 71 71 71 71 71 71 71 71 71 71 71 71 71 71 71 71 71 71 71 71 71 71 71 71 71 71 71 71 71 71 71 71 71 71 71 71 71 71 71 71 71 71 71 71 71 71 71 71 71 71 71 71 71 71 71 71 71 71 71 71 71 71 71 71 71 71 71 71 71 71 71 71 71 71 71 71 71 71 71 71 71 71 71 71 71 71 71 71 71 71 71 71 71 71 71 71 71 71 71 71 71 71 71 71 71 71 71 71 71 71 71 71 71 71 71 71 71 71 71 71 71 71 71 71 71 71 71 71 71 71 71 71 71 71 71 71 71 71 71 71 71 71 71 71 71 71 71 71 71 71 71 71 71 71 71 71 71 71 71 71 71 71 71 71 71 71 71 71 71 71 71 71 71 71 71 71 71 71 71 71 71 71 71 71 71 71 71 71 71 71 71 71 71 71 71 71 71 71 71 71 71 71 71 71 71 71 71 71 71 71 71 71 71 71 71 71 71 71 71 71 71 71 71 71 71 71 71 71 71 71 71 71 71 71 71 71 71 71 71 71 71 71 71 71 71 71 71 71 71 71 71 71 71 71 71 71 71 71 71 71 71 71 71 71 71 71 71 71 71 71 71 71 71 71 71 71 71 71 71 71 71 71 71 71 71 71 71 71 71 71 71 71 71 71 71 71 71 71 71 71 71 71 71 71 71 71 71 71 71 71 71 71 71 71 71 71 71 71 71 71 71 71 71 71 71 71 71 71 71 71 71 71 71 71 71 71 71 71 71 71 71 71 71 71 71 71 71 71 71 71 71 71 71 71 71 71 71 71 71 71 71 71 71 71 71 71 71 71 71 71 71 71 71 71 71 71 71 71 71 71 71 71 71 71 71 71 71 71 71 71 71 71 71 71 71 71 71 71 71 71 71 71 71 71 71 71 71 71 71 71 71 71 71 71 71 71 71 71 71 71 71 71 71 71 71 71 71 71 71 71 71 71 71 71 71 71 71 71 71 71 71 71 71 71 71 71 71 71 71 71 71 71 71 71 71 71 71 71 71 71 71 71 71 71 71 71 71 71 71 71 71 71 71 71 71 71 71 71 71 71 71 71 71 71 71 71 71 71 71 71 71 71 71 71 71 71 71 71 71 71 71 71 71 71 71 71 71 71 71 71 71 71 71 71 71 71 71 71 71 71 71 71 71 71 71 71 71 71 71 71 71 71 71 71 71 71 71 71 71 71 71 71 71 71 71 71 71 71 71 71 71 71 71 71 71 71 71 71 71 71 71 71 71 71 71 71 71 71 71 71 71 71 71 71 71 71 71 71 71 71 71 71 71 71 71 71 71 71 71 71 71 71 71 71 71 71 71 71 71 71 71 71 71 71 71 71 71 71 71 71 71 71 71 71 71 71 71 71 71 71 71 71 71 71 71 71 71 71 71 71 71 71 71 71 71 71 71 71 71 71 71 71 71 71 71 71 71 71 71 71 71 71 71 71 71 71 71 71 71 71 71 71 71 71 71 71 71 71 71 71 71 71 71 71 71 71 71 71 71 71 71 71 71 71 71 71 71 71 71 71 71 71 71 71 71 71 71 71 71 71 71 71 71 71 71 71 71 71 71 71 71 71 71 71 71 71 71 71 71 71 71 71 71 71 71 71 71 71 71 71 71 71 71 71 71 71 71 71 71 71 71 71 71 71 71 71 71 71 71 71 71 71 71 71 71 71 71 71 71 71 71 71 71 71 71 71 71 71 71 71 71 71 71 71 71 71 71 71 71 71 71 71 71 71 71 71 71 71 71 71 71 71 71 71 71 71 71 71 71 71 71 71 71 71 71 71 71 71 71 71 71 71 71 71 71 71 71 71 71 71 71 71 71 71 71 71 71 71 71 71 71 71 71 71 71 71 71 71 71 71 71 71 71 71 71 71 71 71 71 71 71 71 71 71 71 71 71 71 71 71 71 71 71 71 71 71 71 71 71 71 71 71 71 71 71 71 71 71 71 71 71 71 71 71 71 71 71 71 71 71 71 71 71 71 71 71 71 71 71 71 71 71 71 71 71 71 71 71 71 71 71 71 71 71 71 71 71 71 71 71 71 71 71 71 71 71 71 71 71 71 71 71 71 71 71 71 71 71 71 71 71 71 71 71 71 71 71 71 71 71 71 71 71 71 71 71 71 71 71 71 71 71 71 71 71 71 71 71 71 71 71 71 71 71 71 71 71 71 71 71 71 71 71 71 71 71 71 71 71 71 71 71 71 71 71 71 71 71 71 71 71 71 71 71 71 71 71 71 71 71 71 71 71 71 71 71 71 71 71 71 71 71 71 71 71 71 71 71 71 71 71 71 71 71 71 71 71 71 71 71 71 71 71 71 71 71 71 71 71 71 71 71 71 71 71 71 71 71 71 71 71 71 71 71 71 71 71 71 71 71 71 71 71 71 71 71 71 71 71 71 71 71 71 71 71 71 71 71 71 71 71 71 71 71 71 71 71 71 71 71 71 71 71 71 71 71 71 71 71 71 71 71 71 71 71 71 71 71 71 71 71 71 71 71 71 71 71 71 71 71 71 71 71 71 71 71 71 71 71 71 71 71 71 71 71 71 71 71 71 71 71 71 71 71 71 71 71 71 71 71 71 71 71 71 71 71 71 71 71 71 71 71 71 71 71 71 71 71 71 71 71 71 71 71 71 71 71 71 71 71 71 71 71 71 71 71 71 71 71 71 71 71 71 71 71 71 71 71 71 71 71 71 71 71 71 71 71 71 71 71 71 71 71 71 71 71 71 71 71 71 71 71 71 71 71 71 71 71 71 71 71 71 71 71 71 71 71 71 71 71 71 71 71 71 71 71 71 71 71 71 71 71 71 71 71 71 71 71 71 71 71 71 71 71 71 71 71 71 71 71 71 71 71 71 71 71 71 71 71 71 71 71 71 71 71 71 71 71 71 71 71 71 71 71 71 71 71 71 71 71 71 71 71 71 71 71 71 71 71 71 71 71 71 71 71 71 71 71 71 71 71 71 71 71 71 71 71 71 71 71 71 71 71 71 71 71 71 71 71 71 71 71 71 71 71 71 71 71 71 71 71 71 71 71 71 71 71 71 71 71 71 71 71 71 71 71 71 71 71 71 71 71 71 71 71 71 71 71 71 71 71 71 71 71 71 71 71 71 71 71 71 71 71 71 71 71 71 71 71 71 71 71 71 71 71 71 71 71 71 71 71 71 71 71 71 71 71 71 71 71 71 71 71 71 71 71 71 71 71 71 71 71 71 71 71 71 71 71 71 71 71 71 71 71 71 71 71 71 71 71 71 71 71 71 71 71 71 71 71 71 71 71 71 71 71 71 71 71 71 71 71 71 71 71 71 71 71 71 71 71 71 71 71 71 71 71 71 71 71 71 71 71 71 71 71 71 71 71 71 71 71 71 71 71 71 71 71 71 71 71 71 71 71 71 71 71 71 71 71 71 71 71 71 71 71 71 71 71 71 71 71 71 71 71 71 71 71 71 71 71 71 71 71 71 71 71 71 71 71 71 71 71 71 71 71 71 71 71 71 71 71 71 71 71 71 71 71 71 71 71 71 71 71 71 71 71 71 71 71 71 71 71 71 71 71 71 71 71 71 71 71 71 71 71 71 71 71 71 71 71 71 71 71 71 71 71 71 71 71 71 71 71 71 71 71 71 71 71 71 71 71 71 71 71 71 71 71 71 71 71 71 71 71 71 71 71 71 71 71 71 71 71 71 71 71 71 71 71 71 71 71 71 71 71 71 71 71 71 71 71 71 71 71 71 71 71 71 71 71 71 71 71 71 71 71 71 71 71 71 71 71 71 71 71 71 71 71 71 71 71 71 71 71 71 71 71 71 71 71 71 71 71 71 71 71 71 71 71 71 71 71 71 71 71 71 71 71 71 71 71 71 71 71 71 71 71 71 71 71 71 71 71 71 71 71 71 71 71 71 71 71 71 71 71 71 71 71 71 71 71 71 71 71 71 71 71 71 71 71 71 71 71 71 71 71 71 71 71 71 71 71 71 71 71 71 71 71 71 71 71 71 71 71 71 71 71 71 71 71 71 71 71 71 71 71 71 71 71 71 71 71 71 71 71 71 71 71 71 71 71 71 71 71 71 71 71 71 71 71 71 71 71 71 71 71 71 71 71 71 71 71 71 71 71 71 71 71 71 71 71 71 71 71 71 71 71 71 71 71 71 71 71 71 71 71 71 71 71 71 71 71 71 71 71 71 71 71 71 71 71 71 71 71 71 71 71 71 71 71 71 71 71 71 71 71 71 71 71 71 71 71 71 71 71 71 71 71 71 71 71 71 71 71 71 71 71 71 71 71 71 71 71 71 71 71 71 71 71 71 71 71 71 71 71 71 71 71 71 71 71 71 71 71 71 71 71 71 71 71 71 71 71 71 71 71 71 71 71 71 71 71 71 71 71 71 71 71 71 71 71 71 71 71 71 71 71 71 71 71 71 71 71 71 71 71 71 71 71 71 71 71 71 71 71 71 71 71 71 71 71 71 71 71 71 71 71 71 71 71 71 71 71 71 71 71 71 71 71 71 71 71 71 71 71 71 71 71 71 71 71 71 71 71 71 71 71 71 71 71 71 71 71 71 71 71 71 71 71 71 71 71 71 71 71 71 71 71 71 71 71 71 71 71 71 71 71 71 71 71 71 71 71 71 71 71 71 71 71 71 71 71 71 71 71 71 71 71 71 71 71 71 71 71 71 71 71 71 71 71 71 71 71 71 71 71 71 71 71 71 71 71 71 71 71 71 71 71 71 71 71 71 71 71 71 71 71 71 71 71 71 71 71 71 71 71 71 71 71 71 71 71 71 71 71 71 71 71 71 71 71 71 71 71 71 71 71 71 71 71 71 71 71 71 71 71 71 71 71 71 71 71 71 71 71 71 71 71 71 71 71 71 71 71 71 71 71 71 71 71 71 71 71 71 71 71 71 71 71 71 71 71 71 71 71 71 71 71 71 71 71 71 71 71 71 71 71 71 71 71 71 71 71 71 71 71 71 71 71 71 71 71 71 71 71 71 71 71 71 71 71 71 71 71 71 71 71 71 71 71 71 71 71 71 71 71 71 71 71 71 71 71 71 71 71 71 71 71 71 71 71 71 71 71 71 71 71 71 71 71 71 71 71 71 71 71 71 71 71 71 71 71 71 71 71 71 71 71 71 71 71 71 71 71 71 71 71 71 71 71 71 71 71 71 71 71 71 71 71 71 71 71 71 71 71 71 71 71 71 71 71 71 71 71 71 71 71 71 71 71 71 71 71 71 71 71 71 71 71 71 71 71 71 71 71 71 71 71 71 71 71 71 71 71 71 71 71 71 71 71 71 71 71 71 71 71 71 71 71 71 71 71 71 71 71 71 71 71 71 71 71 71 71 71 71 71 71 71 71 71 71 71 71 71 71 71 71 71 71 71 71 71 71 71 71 71 71 71 71 71 71 71 71 71 71 71 71 71 71 71 71 71 71 71 71 71 71 71 71 71 71 71 71 71 71 71 71 71 71 71 71 71 71 71 71 71 71 71 71 71 71 71 71 71 71 71 71 71 71 71 71 71 71 71 71 71 71 71 71 71 71 71 71 71 71 71 71 71 71 71 71 71 71 71 71 71 71 71 71 71 71 71 71 71 71 71 71 71 71 71 71 71 71 71 71 71 71 71 71 71 71 71 71 71 71 71 71 71 71 71 71 71 71 71 71 71 71 71 71 71 71 71 71 71 71 71 71 71 71 71 71 71 71 71 71 71 71 71 71 71 71 71 71 71 71 71 71 71 71 71 71 71 71 71 71 71 71 71 71 71 71 71 71 71 71 71 71 71 71 71 71 71 71 71 71 71 71 71 71 71 71 71 71 71 71 71 71 71 71 71 71 71 71 71 71 71 71 71 71 71 71 71 71 71 71 71 71 71 71 71 71 71 71 71 71 71 71 71 71 71 71 71 71 71 71 71 71 71 71 71 71 71 71 71 71 71 71 71 71 71 71 71 71 71 71 71 71 71 71 71 71 71 71 71 71 71 71 71 71 71 71 71 71 71 71 71 71 71 71 71 71 71 71 71 71 71 71 71 71 71 71 71 71 71 71 71 71 71 71 71 71 71 71 71 71 71 71 71 71 71 71 71 71 71 71 71 71 71 71 71 71 71 71 71 71 71 71 71 71 71 71 71 71 71 71 71 71 71 71 71 71 71 71 71 71 71 71 71 71 71 71 71 71 71 71 71 71 71 71 71 71 71 71 71 71 71 71 71 71 71 71 71 71 71 71 71 71 71 71 71 71 71 71 71 71 71 71 71 71 71 71 71 71 71 71 71 71 71 71 71 71 71 71 71 71 71 71 71 71 71 71 71 71 71 71 71 71 71 71 71 71 71 71 71 71 71 71 71 71 71 71 71 71 71 71 71 71 71 71 71 71 71 71 71 71 71 71 71 71 71 71 71 71 71 71 71 71 71 71 71 71 71 71 71 71 71 71 71 71 71 71 71 71 71 71 71 71 71 71 71 71 71 71 71 71 71 71 71 71 71 71 71 71 71 71 71 71 71 71 71 71 71 71 71 71 71 71 71 71 71 71 71 71 71 71 71 71 71 71 71 71 71 71 71 71 71 71 71 71 71 71 71 71 71 71 71 71 71 71 71 71 71 71 71 71 71 71 71 71 71 71 71 71 71 71 71 71 71 71 71 71 71 71 71 71 71 71 71 71 71 71 71 71 71 71 71 71 71 71 71 71 71 71 71 71 71 71 71 71 71 71 71 71 71 71 71 71 71 71 71 71 71 71 71 71 71 71 71 71 71 71 71 71 71 71 71 71 71 71 71 71 71 71 71 71 71 71 71 71 71 71 71 71 71 71 71 71 71 71 71 71 71 71 71 71 71 71 71 71 71 71 71 71 71 71 71 71 71 71 71 71 71 71 71 71 71 71 71 71 71 71 71 71 71 71 71 71 71 71 71 71 71 71 71 71 71 71 71 71 71 71 71 71 71 71 71 71 71 71 71 71 71 71 71 71 71 71 71 71 71 71 71 71 71 71 71 71 71 71 71 71 71 71 71 71 71 71 71 71 71 71 71 71 71 71 71 71 71 71 71 71 71 71 71 71 71 71 71 71 71 71 71 71 71 71 71 71 71 71 71 71 71 71 71 71 71 71 71 71 71 71 71 71 71 71 71 71 71 71 71 71 71 71 71 71 71 71 71 71 71 71 71 71 71 71 71 71 71 71 71 71 71 71 71 71 71 71 71 71 71 71 71 71 71 71 71 71 71 71 71 71 71 71 71 71 71 71 71 71 71 71 71 71 71 71 71 71 71 71 71 71 71 71 71 71 71 71 71 71 71 71 71 71 71 71 71 71 71 71 71 71 71 71 71 71 71 71 71 71 71 71 71 71 71 71 71 71 71 71 71 71 71 71 71 71 71 71 71 71 71 71 71 71 71 71 71 71 71 71 71 71 71 71 71 71 71 71 71 71 71 71 71 71 71 71 71 71 71 71 71 71 71 71 71 71 71 71 71 71 71 71 71 71 71 71 71 71 71 71 71 71 71 71 71 71 71 71 71 71 71 71 71 71 71 71 71 71 71 71 71 71 71 71 71 71 71 71 71 71 71 71 71 71 71 71 71 71 71 71 71 71 71 71 71 71 71 71 71 71 71 71 71 71 71 71 71 71 71 71 71 71 71 71 71 71 71 71 71 71 71 71 71 71 71 71 71 71 71 71 71 71 71 71 71 71 71 71 71 71 71 71 71 71 71 71 71 71 71 71 71 71 71 71 71 71 71 71 71 71 71 71 71 71 71 71 71 71 71 71 71 71 71 71 71 71 71 71 71 71 71 71 71 71 71 71 71 71 71 71 71 71 71 71 71 71 71 71 71 71 71 71 71 71 71 71 71 71 71 71 71 71 71 71 71 71 71 71 71 71 71 71 71 71 71 71 71 71 71 71 71 71 71 71 71 71 71 71 71 71 71 71 71 71 71 71 71 71 71 71 71 71 71 71 71 71 71 71 71 71 71 71 71 71 71 71 71 71 71 71 71 71 71 71 71 71 71 71 71 71 71 71 71 71 71 71 71 71 71 71 71 71 71 71 71 71 71 71 71 71 71 71 71 71 71 71 71 71 71 71 71 71 71 71 71 71 71 71 71 71 71 71 71 71 71 71 71 71 71 71 71 71 71 71 71 71 71 71 71 71 71 71 71 71 71 71 71 71 71 71 71 71 71 71 71 71 71 71 71 71 71 71 71 71 71 71 71 71 71 71 71 71 71 71 71 71 71 71 71 71 71 71 71 71 71 71 71 71 71 71 71 71 71 71 71 71 71 71 71 71 71 71 71 71 71 71 71 71 71 71 71 71 71 71 71 71 71 71 71 71 71 71 71 71 71 71 71 71 71 71 71 71 71 71 71 71 71 71 71 71 71 71 71 71 71 71 71 71 71 71 71 71 71 71 71 71 71 71 71 71 71 71 71 71 71 71 71 71 71 71 71 71 71 71 71 71 71 71 71 71 71 71 71 71 71 71 71 71 71 71 71 71 71 71 71 71 71 71 71 71 71 71 71 71 71 71 71 71 71 71 71 71 71 71 71 71 71 71 71 71 71 71 71 71 71 71 71 71 71 71 71 71 71 71 71 71 71 71 71 71 71 71 71 71 71 71 71 71 71 71 71 71 71 71 71 71 71 71 71 71 71 71 71 71 71 71 71 71 71 71 71 71 71 71 71 71 71 71 71 71 71 71 71 71 71 71 71 71 71 71 71 71 71 71 71 71 71 71 71 71 71 71 71 71 71 71 71 71 71 71 71 71 71 71 71 71 71 71 71 71 71 71 71 71 71 71 71 71 71 71 71 71 71 71 71 71 71 71 71 71 71 71 71 71 71 71 71 71 71 71 71 71 71 71 71 71 71 71 71 71 71 71 71 71 71 71 71 71 71 71 71 71 71 71 71 71 71 71 71 71 71 71 71 71 71 71 71 71 71 71 71 71 71 71 71 71 71 71 71 71 71 71 71 71 71 71 71 71 71 71 71 71 71 71 71 71 71 71 71 71 71 71 71 71 71 71 71 71 71 71 71 71 71 71 71 71 71 71 71 71 71 71 71 71 71 71 71 71 71 71 71 71 71 71 71 71 71 71 71 71 71 71 71 71 71 71 71 71 71 71 71 71 71 71 71 71 71 71 71 71 71 71 71 71 71 71 71 71 71 71 71 71 71 71 71 71 71 71 71 71 71 71 71 71 71 71 71 71 71 71 71 71 71 71 71 71 71 71 71 71 71 71 71 71 71 71 71 71 71 71 71 71 71 71 71 71 71 71 71 71 71 71 71 71 71 71 71 71 71 71 71 71 71 71 71 71 71 71 71 71 71 71 71 71 71 71 71 71 71 71 71 71 71 71 71 71 71 71 71 71 71 71 71 71 71 71 71 71 71 71 71 71 71 71 71 71 71 71 71 71 71 71 71 71 71 71 71 71 71 71 71 71 71 71 71 71 71 71 71 71 71 71 71 71 71 71 71 71 71 71 71 71 71 71 71 71 71 71 71 71 71 71 71 71 71 71 71 71 71 71 71 71 71 71 71 71 71 71 71 71 71 71 71 71 71 71 71 71 71 71 71 71 71 71 71 71 71 71 71 71 71 71 71 71 71 71 71 71 71 71 71 71 71 71 71 71 71 71 71 71 71 71 71 71 71 71 71 71 71 71 71 71 71 71 71 71 71 71 71 71 71 71 71 71 71 71 71 71 71 71 71 71 71 71 71 71 71 71 71 71 71 71 71 71 71 71 71 71 71 71 71 71 71 71 71 71 71 71 71 71 71 71 71 71 71 71 71 71 71 71 71 71 71 71 71 71 71 71 71 71 71 71 71 71 71 71 71 71 71 71 71 71 71 71 71 71 71 71 71 71 71 71 71 71 71 71 71 71 71 71 71 71 71 71 71 71 71 71 71 71 71 71 71 71 71 71 71 71 71 71 71 71 71 71 71 71 71 71 71 71 71 71 71 71 71 71 71 71 71 71 71 71 71 71 71 71 71 71 71 71 71 71 71 71 71 71 71 71 71 71 71 71 71 71 71 71 71 71 71 71 71 71 71 71 71 71 71 71 71 71 71 71 71 71 71 71 71 71 71 71 71 71 71 71 71 71 71 71 71 71 71 71 71 71 71 71 71 71 71 71 71 71 71 71 71 71 71 71 71 71 71 71 71 71 71 71 71 71 71 71 71 71 71 71 71 71 71 71 71 71 71 71 71 71 71 71 71 71 71 71 71 71 71 71 71 71 71 71 71 71 71 71 71 71 71 71 71 71 71 71 71 71 71 71 71 71 71 71 71 71 71 71 71 71 71 71 71 71 71 71 71 71 71 71 71 71 71 71 71 71 71 71 71 71 71 71 71 71 71 71 71 71 71 71 71 71 71 71 71 71 71 71 71 71 71 71 71 71 71 71 71 71 71 71 71 71 71 71 71 71 71 71 71 71 71 71 71 71 71 71 71 71 71 71 71 71 71 71 71 71 71 71 71 71 71 71 71 71 71 71 71 71 71 71 71 71 71 71 71 71 71 71 71 71 71 71 71 71 71 71 71 71 71 71 71 71 71 71 71 71 71 71 71 71 71 71 71 71 71 71 71 71 71 71 71 71 71 71 71 71 71 71 71 71 71 71 71 71 71 71 71 71 71 71 71 71 71 71 71 71 71 71 71 71 71 71 71 71 71 71 71 71 71 71 71 71 71 71 71 71 71 71 71 71 71 71 71 71 71 71 71 71 71 71 71 71 71 71 71 71 71 71 71 71 71 71 71 71 71 71 71 71 71 71 71 71 71 71 71 71 71 71 71 71 71 71 71 71 71 71 71 71 71 71 71 71 71 71 71 71 71 71 71 71 71 71 71 71 71 71 71 71 71 71 71 71 71 71 71 71 71 71 71 71 71 71 71 71 71 71 71 71 71 71 71 71 71 71 71 71 71 71 71 71 71 71 71 71 71 71 71 71 71 71 71 71 71 71 71 71 71 71 71 71 71 71 71 71 71 71 71 71 71 71 71 71 71 71 71 71 71 71 71 71 71 71 71 71 71 71 71 71 71 71 71 71 71 71 71 71 71 71 71 71 71 71 71 71 71 71 71 71 71 71 71 71 71 71 71 71 71 71 71 71 71 71 71 71 71 71 71 71 71 71 71 71 71 71 71 71 71 71 71 71 71 71 71 71 71 71 71 71 71 71 71 71 71 71 71 71 71 71 71 71 71 71 71 71 71 71 71 71 71 71 71 71 71 71 71 71 71 71 71 71 71 71 71 71 71 71 71 71 71 71 71 71 71 71 71 71 71 71 71 71 71 71 71 71 71 71 71 71 71 71 71 71 71 71 71 71 71 71 71 71 71 71 71 71 71 71 71 71 71 71 71 71 71 71 71 71 71 71 71 71 71 71 71 71 71 71 71 71 71 71 71 71 71 71 71 71 71 71 71 71 71 71 71 71 71 71 71 71 71 71 71 71 71 71 71 71 71 71 71 71 71 71 71 71 71 71 71 71 71 71 71 71 71 71 71 71 71 71 71 71 71 71 71 71 71 71 71 71 71 71 71 71 71 71 71 71 71 71 71 71 71 71 71 71 71 71 71 71 71 71 71 71 71 71 71 71 71 71 71 71 71 71 71 71 71 71 71 71 71 71 71 71 71 71 71 71 71 71 71 71 71 71 71 71 71 71 71 71 71 71 71 71 71 71 71 71 71 71 71 71 71 71 71 71 71 71 71 71 71 71 71 71 71 71 71 71 71 71 71 71 71 71 71 71 71 71 71 71 71 71 71 71 71 71 71 71 71 71 71 71 71 71 71 71 71 71 71 71 71 71 71 71 71 71 71 71 71 71 71 71 71 71 71 71 71 71 71 71 71 71 71 71 71 71 71 71 71 71 71 71 71 71 71 71 71 71 71 71 71 71 71 71 71 71 71 71 71 71 71 71 71 71 71 71 71 71 71 71 71 71 71 71 71 71 71 71 71 71 71 71 71 71 71 71 71 71 71 71 71 71 71 71 71 71 71 71 71 71 71 71 71 71 71 71 71 71 71 71 71 71 71 71 71 71 71 71 71 71 71 71 71 71 71 71 71 71 71 71 71 71 71 71 71 71 71 71 71 71 71 71 71 71 71 71 71 71 71 71 71 71 71 71 71 71 71 71 71 71 71 71 71 71 71 71 71 71 71 71 71 71 71 71 71 71 71 71 71 71 71 71 71 71 71 71 71 71 71 71 71 71 71 71 71 71 71 71 71 71 71 71 71 71 71 71 71 71 71 71 71 71 71 71 71 71 71 71 71 71 71 71 71 71 71 71 71 71 71 71 71 71 71 71 71 71 71 71 71 71 71 71 71 71 71 71 71 71 71 71 71 71 71 71 71 71 71 71 71 71 71 71 71 71 71 71 71 71 71 71 71 71 71 71 71 71 71 71 71 71 71 71 71 71 71 71 71 71 71 71 71 71 71 71 71 71 71 71 71 71 71 71 71 71 71 71 71 71 71 71 71 71 71 71 71 71 71 71 71 71 71 71 71 71 71 71 71 71 71 71 71 71 71 71 71 71 71 71 71 71 71 71 71 71 71 71 71 71 71 71 71 71 71 71 71 71 71 71 71 71 71 71 71 71 71 71 71 71 71 71 71 71 71 71 71 71 71 71 71 71 71 71 71 71 71 71 71 71 71 71 71 71 71 71 71 71 71 71 71 71 71 71 71 71 71 71 71 71 71 71 71 71 71 71 71 71 71 71 71 71 71 71 71 71 71 71 71 71 71 71 71 71 71 71 71 71 71 71 71 71 71 71 71 71 71 71 71 71 71 71 71 71 71 71 71 71 71 71 71 71 71 71 71 71 71 71 71 71 71 71 71 71 71 71 71 71 71 71 71 71 71 71 71 71 71 71 71 71 71 71 71 71 71 71 71 71 71 71 71 71 71 71 71 71 71 71 71 71 71 71 71 71 71 71 71 71 71 71 71 71 71 71 71 71 71 71 71 71 71 71 71 71 71 71 71 71 71 71 71 71 71 71 71 71 71 71 71 71 71 71 71 71 71 71 71 71 71 71 71 71 71 71 71 71 71 71 71 71 71 71 71 71 71 71 71 71 71 71 71 71 71 71 71 71 71 71 71 71 71 71 71 71 71 71 71 71 71 71 71 71 71 71 71 71 71 71 71 71 71 71 71 71 71 71 71 71 71 71 71 71 71 71 71 71 71 71 71 71 71 71 71 71 71 71 71 71 71 71 71 71 71 71 71 71 71 71 71 71 71 71 71 71 71 71 71 71 71 71 71 71 71 71 71 71 71 71 71 71 71 71 71 71 71 71 71 71 71 71 71 71 71 71 71 71 71 71 71 71 71 71 71 71 71 71 71 71 71 71 71 71 71 71 71 71 71 71 71 71 71 71 71 71 71 71 71 71 71 71 71 71 71 71 71 71 71 71 71 71 71 71 71 71 71 71 71 71 71 71 71 71 71 71 71 71 71 71 71 71 71 71 71 71 71 71 71 71 71 71 71 71 71 71 71 71 71 71 71 71 71 71 71 71 71 71 71 71 71 71 71 71 71 71 71 71 71 71 71 71 71 71 71 71 71 71 71 71 71 71 71 71 71 71 71 71 71 71 71 71 71 71 71 </DataArray>
      </Cells>
      <CellData Vectors="heat_flux" Scalars="region_ID">
        <DataArray type="UInt8" Name="vtkGhostType" format="ascii" RangeMin="0" RangeMax="1">0 0 0 0 0 0 0 0 0 0 0 0 0 0 0 0 0 0 0 0 0 0 0 0 0 0 0 0 0 0 0 0 0 0 0 0 0 0 0 0 0 0 0 0 0 0 0 0 0 0 0 0 0 0 0 0 0 0 0 0 0 0 0 0 0 0 0 0 0 0 0 0 0 0 0 0 0 0 0 0 0 0 0 0 0 0 0 0 0 0 0 0 0 0 0 0 0 0 0 0 0 0 0 0 0 0 0 0 0 0 0 0 0 0 0 0 0 0 0 0 0 0 0 0 0 0 0 0 0 0 0 0 0 0 0 0 0 0 0 0 0 0 0 0 0 0 0 0 0 0 0 0 0 0 0 0 0 0 0 0 0 0 0 0 0 0 0 0 0 0 0 0 0 0 0 0 0 0 0 0 0 0 0 0 0 0 0 0 0 0 0 0 0 0 0 0 0 0 0 0 0 0 0 0 0 0 0 0 0 0 0 0 0 0 0 0 0 0 0 0 0 0 0 0 0 0 0 0 0 0 0 0 0 0 0 0 0 0 0 0 0 0 0 0 0 0 0 0 0 0 0 0 0 0 0 0 0 0 0 0 0 0 0 0 0 0 0 0 0 0 0 0 0 0 0 0 0 0 0 0 0 0 0 0 0 0 0 0 0 0 0 0 0 0 0 0 0 0 0 0 0 0 0 0 0 0 0 0 0 0 0 0 0 0 0 0 0 0 0 0 0 0 0 0 0 0 0 0 0 0 0 0 0 0 0 0 0 0 0 0 0 0 0 0 0 0 0 0 0 0 0 0 0 0 0 0 0 0 0 0 0 0 0 0 0 0 0 0 0 0 0 0 0 0 0 0 0 0 0 0 0 0 0 0 0 0 0 0 0 0 0 0 0 0 0 0 0 0 0 0 0 0 0 0 0 0 0 0 0 0 0 0 0 0 0 0 0 0 0 0 0 0 0 0 0 0 0 0 0 0 0 0 0 0 0 0 0 0 0 0 0 0 0 0 0 0 0 0 0 0 0 0 0 0 0 0 0 0 0 0 0 0 0 0 0 0 0 0 0 0 0 0 0 0 0 0 0 0 0 0 0 0 0 0 0 0 0 0 0 0 0 0 0 0 0 0 0 0 0 0 0 0 0 0 0 0 0 0 0 0 0 0 0 0 0 0 0 0 0 0 0 0 0 0 0 0 0 0 0 0 0 0 0 0 0 0 0 0 0 0 0 0 0 0 0 0 0 0 0 0 0 0 0 0 0 0 0 0 0 0 0 0 0 0 0 0 0 0 0 0 0 0 0 0 0 0 0 0 0 0 0 0 0 0 0 0 0 0 0 0 0 0 0 0 0 0 0 0 0 0 0 0 0 0 0 0 0 0 0 0 0 0 0 0 0 0 0 0 0 0 0 0 0 0 0 0 0 0 0 0 0 0 0 0 0 0 0 0 0 0 0 0 0 0 0 0 0 0 0 0 0 0 0 0 0 0 0 0 0 0 0 0 0 0 0 0 0 0 0 0 0 0 0 0 0 0 0 0 0 0 0 0 0 0 0 0 0 0 0 0 0 0 0 0 0 0 0 0 0 0 0 0 0 0 0 0 0 0 0 0 0 0 0 0 0 0 0 0 0 0 0 0 0 0 0 0 0 0 0 0 0 0 0 0 0 0 0 0 0 0 0 0 0 0 0 0 0 0 0 0 0 0 0 0 0 0 0 0 0 0 0 0 0 0 0 0 0 0 0 0 0 0 0 0 0 0 0 0 0 0 0 0 0 0 0 0 0 0 0 0 0 0 0 0 0 0 0 0 0 0 0 0 0 0 0 0 0 0 0 0 0 0 0 0 0 0 0 0 0 0 0 0 0 0 0 0 0 0 0 0 0 0 0 0 0 0 0 0 0 0 0 0 0 0 0 0 0 0 0 0 0 0 0 0 0 0 0 0 0 0 0 0 0 0 0 0 0 0 0 0 0 0 0 0 0 0 0 0 0 0 0 0 0 0 0 0 0 0 0 0 0 0 0 0 0 0 0 0 0 0 0 0 0 0 0 0 0 0 0 0 0 0 0 0 0 0 0 0 0 0 0 0 0 0 0 0 0 0 0 0 0 0 0 0 0 0 0 0 0 0 0 0 0 0 0 0 0 0 0 0 0 0 0 0 0 0 0 0 0 0 0 0 0 0 0 0 0 0 0 0 0 0 0 0 0 0 0 0 0 0 0 0 0 0 0 0 0 0 0 0 0 0 0 0 0 0 0 0 0 0 0 0 0 0 0 0 0 0 0 0 0 0 0 0 0 0 0 0 0 0 0 0 0 0 0 0 0 0 0 0 0 0 0 0 0 0 0 0 0 0 0 0 0 0 0 0 0 0 0 0 0 0 0 0 0 0 0 0 0 0 0 0 0 0 0 0 0 0 0 0 0 0 0 0 0 0 0 0 0 0 0 0 0 0 0 0 0 0 0 0 0 0 0 0 0 0 0 0 0 0 0 0 0 0 0 0 0 0 0 0 0 0 0 0 0 0 0 0 0 0 0 0 0 0 0 0 0 0 0 0 0 0 0 0 0 0 0 0 0 0 0 0 0 0 0 0 0 0 0 0 0 0 0 0 0 0 0 0 0 0 0 0 0 0 0 0 0 0 0 0 0 0 0 0 0 0 0 0 0 0 0 0 0 0 0 0 0 0 0 0 0 0 0 0 0 0 0 0 0 0 0 0 0 0 0 0 0 0 0 0 0 0 0 0 0 0 0 0 0 0 0 0 0 0 0 0 0 0 0 0 0 0 0 0 0 0 0 0 0 0 0 0 0 0 0 0 0 0 0 0 0 0 0 0 0 0 0 0 0 0 0 0 0 0 0 0 0 0 0 0 0 0 0 0 0 0 0 0 0 0 0 0 0 0 0 0 0 0 0 0 0 0 0 0 0 0 0 0 0 0 0 0 0 0 0 0 0 0 0 0 0 0 0 0 0 0 0 0 0 0 0 0 0 0 0 0 0 0 0 0 0 0 0 0 0 0 0 0 0 0 0 0 0 0 0 0 0 0 0 0 0 0 0 0 0 0 0 0 0 0 0 0 0 0 0 0 0 0 0 0 0 0 0 0 0 0 0 0 0 0 0 0 0 0 0 0 0 0 0 0 0 0 0 0 0 0 0 0 0 0 0 0 0 0 0 0 0 0 0 0 0 0 0 0 0 0 0 0 0 0 0 0 0 0 0 0 0 0 0 0 0 0 0 0 0 0 0 0 0 0 0 0 0 0 0 0 0 0 0 0 0 0 0 0 0 0 0 0 0 0 0 0 0 0 0 0 0 0 0 0 0 0 0 0 0 0 0 0 0 0 0 0 0 0 0 0 0 0 0 0 0 0 0 0 0 0 0 0 0 0 0 0 0 0 0 0 0 0 0 0 0 0 0 0 0 0 0 0 0 0 0 0 0 0 0 0 0 0 0 0 0 0 0 0 0 0 0 0 0 0 0 0 0 0 0 0 0 0 0 0 0 0 0 0 0 0 0 0 0 0 0 0 0 0 0 0 0 0 0 0 0 0 0 0 0 0 0 0 0 0 0 0 0 0 0 0 0 0 0 0 0 0 0 0 0 0 0 0 0 0 0 0 0 0 0 0 0 0 0 0 0 0 0 0 0 0 0 0 0 0 0 0 0 0 0 0 0 0 0 0 0 0 0 0 0 0 0 0 0 0 0 0 0 0 0 0 0 0 0 0 0 0 0 0 0 0 0 0 0 0 0 0 0 0 0 0 0 0 0 0 0 0 0 0 0 0 0 0 0 0 0 0 0 0 0 0 0 0 0 0 0 0 0 0 0 0 0 0 0 0 0 0 0 0 0 0 0 0 0 0 0 0 0 0 0 0 0 0 0 0 0 0 0 0 0 0 0 0 0 0 0 0 0 0 0 0 0 0 0 0 0 0 0 0 0 0 0 0 0 0 0 0 0 0 0 0 0 0 0 0 0 0 0 0 0 0 0 0 0 0 0 0 0 0 0 0 0 0 0 0 0 0 0 0 0 0 0 0 0 0 0 0 0 0 0 0 0 0 0 0 0 0 0 0 0 0 0 0 0 0 0 0 0 0 0 0 0 0 0 0 0 0 0 0 0 0 0 0 0 0 0 0 0 0 0 0 0 0 0 0 0 0 0 0 0 0 0 0 0 0 0 0 0 0 0 0 0 0 0 0 0 0 0 0 0 0 0 0 0 0 0 0 0 0 0 0 0 0 0 0 0 0 0 0 0 0 0 0 0 0 0 0 0 0 0 0 0 0 0 0 0 0 0 0 0 0 0 0 0 0 0 0 0 0 0 0 0 0 0 0 0 0 0 0 0 0 0 0 0 0 0 0 0 0 0 0 0 0 0 0 0 0 0 0 0 0 0 0 0 0 0 0 0 0 0 0 0 0 0 0 0 0 0 0 0 0 0 0 0 0 0 0 0 0 0 0 0 0 0 0 0 0 0 0 0 0 0 0 0 0 0 0 0 0 0 0 0 0 0 0 0 0 0 0 0 0 0 0 0 0 0 0 0 0 0 0 0 0 0 0 0 0 0 0 0 0 0 0 0 0 0 0 0 0 0 0 0 0 0 0 0 0 0 0 0 0 0 0 0 0 0 0 0 0 0 0 0 0 0 0 0 0 0 0 0 0 0 0 0 0 0 0 0 0 0 0 0 0 0 0 0 0 0 0 0 0 0 0 0 0 0 0 0 0 0 0 0 0 0 0 0 0 0 0 0 0 0 0 0 0 0 0 0 0 0 0 0 0 0 0 0 0 0 0 0 0 0 0 0 0 0 0 0 0 0 0 0 0 0 0 0 0 0 0 0 0 0 0 0 0 0 0 0 0 0 0 0 0 0 0 0 0 0 0 0 0 0 0 0 0 0 0 0 0 0 0 0 0 0 0 0 0 0 0 0 0 0 0 0 0 0 0 0 0 0 0 0 0 0 0 0 0 0 0 0 0 0 0 0 0 0 0 0 0 0 0 0 0 0 0 0 0 0 0 0 0 0 0 0 0 0 0 0 0 0 0 0 0 0 0 0 0 0 0 0 0 0 0 0 0 0 0 0 0 0 0 0 0 0 0 0 0 0 0 0 0 0 0 0 0 0 0 0 0 0 0 0 0 0 0 0 0 0 0 0 0 0 0 0 0 0 0 0 0 0 0 0 0 0 0 0 0 0 0 0 0 0 0 0 0 0 0 0 0 0 0 0 0 0 0 0 0 0 0 0 0 0 0 0 0 0 0 0 0 0 0 0 0 0 0 0 0 0 0 0 0 0 0 0 0 0 0 0 0 0 0 0 0 0 0 0 0 0 0 0 0 0 0 0 0 0 0 0 0 0 0 0 0 0 0 0 0 0 0 0 0 0 0 0 0 0 0 0 0 0 0 0 0 0 0 0 0 0 0 0 0 0 0 0 0 0 0 0 0 0 0 0 0 0 0 0 0 0 0 0 0 0 0 0 0 0 0 0 0 0 0 0 0 0 0 0 0 0 0 0 0 0 0 0 0 0 0 0 0 0 0 0 0 0 0 0 0 0 0 0 0 0 0 0 0 0 0 0 0 0 0 0 0 0 0 0 0 0 0 0 0 0 0 0 0 0 0 0 0 0 0 0 0 0 0 0 0 0 0 0 0 0 0 0 0 0 0 0 0 0 0 0 0 0 0 0 0 0 0 0 0 0 0 0 0 0 0 0 0 0 0 0 0 0 0 0 0 0 0 0 0 0 0 0 0 0 0 0 0 0 0 0 0 0 0 0 0 0 0 0 0 0 0 0 0 0 0 0 0 0 0 0 0 0 0 0 0 0 0 0 0 0 0 0 0 0 0 0 0 0 0 0 0 0 0 0 0 0 0 0 0 0 0 0 0 0 0 0 0 0 0 0 0 0 0 0 0 0 0 0 0 0 0 0 0 0 0 0 0 0 0 0 0 0 0 0 0 0 0 0 0 0 0 0 0 0 0 0 0 0 0 0 0 0 0 0 0 0 0 0 0 0 0 0 0 0 0 0 0 0 0 0 0 0 0 0 0 0 0 0 0 0 0 0 0 0 0 0 0 0 0 0 0 0 0 0 0 0 0 0 0 0 0 0 0 0 0 0 0 0 0 0 0 0 0 0 0 0 0 0 0 0 0 0 0 0 0 0 0 0 0 0 0 0 0 0 0 0 0 0 0 0 0 0 0 0 0 0 0 0 0 0 0 0 0 0 0 0 0 0 0 0 0 0 0 0 0 0 0 0 0 0 0 0 0 0 0 0 0 0 0 0 0 0 0 0 0 0 0 0 0 0 0 0 0 0 0 0 0 0 0 0 0 0 0 0 0 0 0 0 0 0 0 0 0 0 0 0 0 0 0 0 0 0 0 0 0 0 0 0 0 0 0 0 0 0 0 0 0 0 0 0 0 0 0 0 0 0 0 0 0 0 0 0 0 0 0 0 0 0 0 0 0 0 0 0 0 0 0 0 0 0 0 0 0 0 0 0 0 0 0 0 0 0 0 0 0 0 0 0 0 0 0 0 0 0 0 0 0 0 0 0 0 0 0 0 0 0 0 0 0 0 0 0 0 0 0 0 0 0 0 0 0 0 0 0 0 0 0 0 0 0 0 0 0 0 0 0 0 0 0 0 0 0 0 0 0 0 0 0 0 0 0 0 0 0 0 0 0 0 0 0 0 0 0 0 0 0 0 0 0 0 0 0 0 0 0 0 0 0 0 0 0 0 0 0 0 0 0 0 0 0 0 0 0 0 0 0 0 0 0 0 0 0 0 0 0 0 0 0 0 0 0 0 0 0 0 0 0 0 0 0 0 0 0 0 0 0 0 0 0 0 0 0 0 0 0 0 0 0 0 0 0 0 0 0 0 0 0 0 0 0 0 0 0 0 0 0 0 0 0 0 0 0 0 0 0 0 0 0 0 0 0 0 0 0 0 0 0 0 0 0 0 0 0 0 0 0 0 0 0 0 0 0 0 0 0 0 0 0 0 0 0 0 0 0 0 0 0 0 0 0 0 0 0 0 0 0 0 0 0 0 0 0 0 0 0 0 0 0 0 0 0 0 0 0 0 0 0 0 0 0 0 0 0 0 0 0 0 0 0 0 0 0 0 0 0 0 0 0 0 0 0 0 0 0 0 0 0 0 0 0 0 0 0 0 0 0 0 0 0 0 0 0 0 0 0 0 0 0 0 0 0 0 0 0 0 0 0 0 0 0 0 0 0 0 0 0 0 0 0 0 0 0 0 0 0 0 0 0 0 0 0 0 0 0 0 0 0 0 0 0 0 0 0 0 0 0 0 0 0 0 0 0 0 0 0 0 0 0 0 0 0 0 0 0 0 0 0 0 0 0 0 0 0 0 0 0 0 0 0 0 0 0 0 0 0 0 0 0 0 0 0 0 0 0 0 0 0 0 0 0 0 0 0 0 0 0 0 0 0 0 0 0 0 0 0 0 0 0 0 0 0 0 0 0 0 0 0 0 0 0 0 0 0 0 0 0 0 0 0 0 0 0 0 0 0 0 0 0 0 0 0 0 0 0 0 0 0 0 0 0 0 0 0 0 0 0 0 0 0 0 0 0 0 0 0 0 0 0 0 0 0 0 0 0 0 0 0 0 0 0 0 0 0 0 0 0 0 0 0 0 0 0 0 0 0 0 0 0 0 0 0 0 0 0 0 0 0 0 0 0 0 0 0 0 0 0 0 0 0 0 0 0 0 0 0 0 0 0 0 0 0 0 0 0 0 0 0 0 0 0 0 0 0 0 0 0 0 0 0 0 0 0 0 0 0 0 0 0 0 0 0 0 0 0 0 0 0 0 0 0 0 0 0 0 0 0 0 0 0 0 0 0 0 0 0 0 0 0 0 0 0 0 0 0 0 0 0 0 0 0 0 0 0 0 0 0 0 0 0 0 0 0 0 0 0 0 0 0 0 0 0 0 0 0 0 0 0 0 0 0 0 0 0 0 0 0 0 0 0 0 0 0 0 0 0 0 0 0 0 0 0 0 0 0 0 0 0 0 0 0 0 0 0 0 0 0 0 0 0 0 0 0 0 0 0 0 0 0 0 0 0 0 0 0 0 0 0 0 0 0 0 0 0 0 0 0 0 0 0 0 0 0 0 0 0 0 0 0 0 0 0 0 0 0 0 0 0 0 0 0 0 0 0 0 0 0 0 0 0 0 0 0 0 0 0 0 0 0 0 0 0 0 0 0 0 0 0 0 0 0 0 0 0 0 0 0 0 0 0 0 0 0 0 0 0 0 0 0 0 0 0 0 0 0 0 0 0 0 0 0 0 0 0 0 0 0 0 0 0 0 0 0 0 0 0 0 0 0 0 0 0 0 0 0 0 0 0 0 0 0 0 0 0 0 0 0 0 0 0 0 0 0 0 0 0 0 0 0 0 0 0 0 0 0 0 0 0 0 0 0 0 0 0 0 0 0 0 0 0 0 0 0 0 0 0 0 0 0 0 0 0 0 0 0 0 0 0 0 0 0 0 0 0 0 0 0 0 0 0 0 0 0 0 0 0 0 0 0 0 0 0 0 0 0 0 0 0 0 0 0 0 0 0 0 0 0 0 0 0 0 0 0 0 0 0 0 0 0 0 0 0 0 0 0 0 0 0 0 0 0 0 0 0 0 0 0 0 0 0 0 0 0 0 0 0 0 0 0 0 0 0 0 0 0 0 0 0 0 0 0 0 0 0 0 0 0 0 0 0 0 0 0 0 0 0 0 0 0 0 0 0 0 0 0 0 0 0 0 0 0 0 0 0 0 0 0 0 0 0 0 0 0 0 0 0 0 0 0 0 0 0 0 0 0 0 0 0 0 0 0 0 0 0 0 0 0 0 0 0 0 0 0 0 0 0 0 0 0 0 0 0 0 0 0 0 0 0 0 0 0 0 0 0 0 0 0 0 0 0 0 0 0 0 0 0 0 0 0 0 0 0 0 0 0 0 0 0 0 0 0 0 0 0 0 0 0 0 0 0 0 0 0 0 0 0 0 0 0 0 0 0 0 0 0 0 0 0 0 0 0 0 0 0 0 0 0 0 0 0 0 0 0 0 0 0 0 0 0 0 0 0 0 0 0 0 0 0 0 0 0 0 0 0 0 0 0 0 0 0 0 0 0 0 0 0 0 0 0 0 0 0 0 0 0 0 0 0 0 0 0 0 0 0 0 0 0 0 0 0 0 0 0 0 0 0 0 0 0 0 0 0 0 0 0 0 0 0 0 0 0 0 0 0 0 0 0 0 0 0 0 0 0 0 0 0 0 0 0 0 0 0 0 0 0 0 0 0 0 0 0 0 0 0 0 0 0 0 0 0 0 0 0 0 0 0 0 0 0 0 0 0 0 0 0 0 0 0 0 0 0 0 0 0 0 0 0 0 0 0 0 0 0 0 0 0 0 0 0 0 0 0 0 0 0 0 0 0 0 0 0 0 0 0 0 0 0 0 0 0 0 0 0 0 0 0 0 0 0 0 0 0 0 0 0 0 0 0 0 0 0 0 0 0 0 0 0 0 0 0 0 0 0 0 0 0 0 0 0 0 0 0 0 0 0 0 0 0 0 0 0 0 0 0 0 0 0 0 0 0 0 0 0 0 0 0 0 0 0 0 0 0 0 0 0 0 0 0 0 0 0 0 0 0 0 0 0 0 0 0 0 0 0 0 0 0 0 0 0 0 0 0 0 0 0 0 0 0 0 0 0 0 0 0 0 0 0 0 0 0 0 0 0 0 0 0 0 0 0 0 0 0 0 0 0 0 0 0 0 0 0 0 0 0 0 0 0 0 0 0 0 0 0 0 0 0 0 0 0 0 0 0 0 0 0 0 0 0 0 0 0 0 0 0 0 0 0 0 0 0 0 0 0 0 0 0 0 0 0 0 0 0 0 0 0 0 0 0 0 0 0 0 0 0 0 0 0 0 0 0 0 0 0 0 0 0 0 0 0 0 0 0 0 0 0 0 0 0 0 0 0 0 0 0 0 0 0 0 0 0 0 0 0 0 0 0 0 0 0 0 0 0 0 0 0 0 0 0 0 0 0 0 0 0 0 0 0 0 0 0 0 0 0 0 0 0 0 0 0 0 0 0 0 0 0 0 0 0 0 0 0 0 0 0 0 0 0 0 0 0 0 0 0 0 0 0 0 0 0 0 0 0 0 0 0 0 0 0 0 0 0 0 0 0 0 0 0 0 0 0 0 0 0 0 0 0 0 0 0 0 0 0 0 0 0 0 0 0 0 0 0 0 0 0 0 0 0 0 0 0 0 0 0 0 0 0 0 0 0 0 0 0 0 0 0 0 0 0 0 0 0 0 0 0 0 0 0 0 0 0 0 0 0 0 0 0 0 0 0 0 0 0 0 0 0 0 0 0 0 0 0 0 0 0 0 0 0 0 0 0 0 0 0 0 0 0 0 0 0 0 0 0 0 0 0 0 0 0 0 0 0 0 0 0 0 0 0 0 0 0 0 0 0 0 0 0 0 0 0 0 0 0 0 0 0 0 0 0 0 0 0 0 0 0 0 0 0 0 0 0 0 0 0 0 0 0 0 0 0 0 0 0 0 0 0 0 0 0 0 0 0 0 0 0 0 0 0 0 0 0 0 0 0 0 0 0 0 0 0 0 0 0 0 0 0 0 0 0 0 0 0 0 0 0 0 0 0 0 0 0 0 0 0 0 0 0 0 0 0 0 0 0 0 0 0 0 0 0 0 0 0 0 0 0 0 0 0 0 0 0 0 0 0 0 0 0 0 0 0 0 0 0 0 0 0 0 0 0 0 0 0 0 0 0 0 0 0 0 0 0 0 0 0 0 0 0 0 0 0 0 0 0 0 0 0 0 0 0 0 0 0 0 0 0 0 0 0 0 0 0 0 0 0 0 0 0 0 0 0 0 0 0 0 0 0 0 0 0 0 0 0 0 0 0 0 0 0 0 0 0 0 0 0 0 0 0 0 0 0 0 0 0 0 0 0 0 0 0 0 0 0 0 0 0 0 0 0 0 0 0 0 0 0 0 0 0 0 0 0 0 0 0 0 0 0 0 0 0 0 0 0 0 0 0 0 0 0 0 0 0 0 0 0 0 0 0 0 0 0 0 0 0 0 0 0 0 0 0 0 0 0 0 0 0 0 0 0 0 0 0 0 0 0 0 0 0 0 0 0 0 0 0 0 0 0 0 0 0 0 0 0 0 0 0 0 0 0 0 0 0 0 0 0 0 0 0 0 0 0 0 0 0 0 0 0 0 0 0 0 0 0 0 0 0 0 0 0 0 0 0 0 0 0 0 0 0 0 0 0 0 0 0 0 0 0 0 0 0 0 0 0 0 0 0 0 0 0 0 0 0 0 0 0 0 0 0 0 0 0 0 0 0 0 0 0 0 0 0 0 0 0 0 0 0 0 0 0 0 0 0 0 0 0 0 0 0 0 0 0 0 0 0 0 0 0 0 0 0 0 0 0 0 0 0 0 0 0 0 0 0 0 0 0 0 0 0 0 0 0 0 0 0 0 0 0 0 0 0 0 0 0 0 0 0 0 0 0 0 0 0 0 0 0 0 0 0 0 0 0 0 0 0 0 0 0 0 0 0 0 0 0 0 0 0 0 0 0 0 0 0 0 0 0 0 0 0 0 0 0 0 0 0 0 0 0 0 0 0 0 0 0 0 0 0 0 0 0 0 0 0 0 0 0 0 0 0 0 0 0 0 0 0 0 0 0 0 0 0 0 0 0 0 0 0 0 0 0 0 0 0 0 0 0 0 0 0 0 0 0 0 0 0 0 0 0 0 0 0 0 0 0 0 0 0 0 0 0 0 0 0 0 0 0 0 0 0 0 0 0 0 0 0 0 0 0 0 0 0 0 0 0 0 0 0 0 0 0 0 0 0 0 0 0 0 0 0 0 0 0 0 0 0 0 0 0 0 0 0 0 0 0 0 0 0 0 0 0 0 0 0 0 0 0 0 0 0 0 0 0 0 0 0 0 0 0 0 0 0 0 0 0 0 0 0 0 0 0 0 0 0 0 0 0 0 0 0 0 0 0 0 0 0 0 0 0 0 0 0 0 0 0 0 0 0 0 0 0 0 0 0 0 0 0 0 0 0 0 0 0 0 0 0 0 0 0 0 0 0 0 0 0 0 0 0 0 0 0 0 0 0 0 0 0 0 0 0 0 0 0 0 0 0 0 0 0 0 0 0 0 0 0 0 0 0 0 0 0 0 0 0 0 0 0 0 0 0 0 0 0 0 0 0 0 0 0 0 0 0 0 0 0 0 0 0 0 0 0 0 0 0 0 0 0 0 0 0 0 0 0 0 0 0 0 0 0 0 0 0 0 0 0 0 0 0 0 0 0 0 0 0 0 0 0 0 0 0 0 0 0 0 0 0 0 0 0 0 0 0 0 0 0 0 0 0 0 0 0 0 0 0 0 0 0 0 0 0 0 0 0 0 0 0 0 0 0 0 0 0 0 0 0 0 0 0 0 0 0 0 0 0 0 0 0 0 0 0 0 0 0 0 0 0 0 0 0 0 0 0 0 0 0 0 0 0 0 0 0 0 0 0 0 0 0 0 0 0 0 0 0 0 0 0 0 0 0 0 0 0 0 0 0 0 0 0 0 0 0 0 0 0 0 0 0 0 0 0 0 0 0 0 0 0 0 0 0 0 0 0 0 0 0 0 0 0 0 0 0 0 0 0 0 0 0 0 0 0 0 0 0 0 0 0 0 0 0 0 0 0 0 0 0 0 0 0 0 0 0 0 0 0 0 0 0 0 0 0 0 0 0 0 0 0 0 0 0 0 0 0 0 0 0 0 0 0 0 0 0 0 0 0 0 0 0 0 0 0 0 0 0 0 0 0 0 0 0 0 0 0 0 0 0 0 0 0 0 0 0 0 0 0 0 0 0 0 0 0 0 0 0 0 0 0 0 0 0 0 0 0 0 0 0 0 0 0 0 0 0 0 0 0 0 0 0 0 0 0 0 0 0 0 0 0 0 0 0 0 0 0 0 0 0 0 0 0 0 0 0 0 0 0 0 0 0 0 0 0 0 0 0 0 0 0 0 0 0 0 0 0 0 0 0 0 0 0 0 0 0 0 0 0 0 0 0 0 0 0 0 0 0 0 0 0 0 0 0 0 0 0 0 0 0 0 0 0 0 0 0 0 0 0 0 0 0 0 0 0 0 0 0 0 0 0 0 0 0 0 0 0 0 0 0 0 0 0 0 0 0 0 0 0 0 0 0 0 0 0 0 0 0 0 0 0 0 0 0 0 0 0 0 0 0 0 0 0 0 0 0 0 0 0 0 0 0 0 0 0 0 0 0 0 0 0 0 0 0 0 0 0 0 0 0 0 0 0 0 0 0 0 0 0 0 0 0 0 0 0 0 0 0 0 0 0 0 0 0 0 0 0 0 0 0 0 0 0 0 0 0 0 0 0 0 0 0 0 0 0 0 0 0 0 0 0 0 0 0 0 0 0 0 0 0 0 0 0 0 0 0 0 0 0 0 0 0 0 0 0 0 0 0 0 0 0 0 0 0 0 0 0 0 0 0 0 0 0 0 0 0 0 0 0 0 0 0 0 0 0 0 0 0 0 0 0 0 0 0 0 0 0 0 0 0 0 0 0 0 0 0 0 0 0 0 0 0 0 0 0 0 0 0 0 0 0 0 0 0 0 0 0 0 0 0 0 0 0 0 0 0 0 0 0 0 0 0 0 0 0 0 0 0 0 0 0 0 0 0 0 0 0 0 0 0 0 0 0 0 0 0 0 0 0 0 0 0 0 0 0 0 0 0 0 0 0 0 0 0 0 0 0 0 0 0 0 0 0 0 0 0 0 0 0 0 0 0 0 0 0 0 0 0 0 0 0 0 0 0 0 0 0 0 0 0 0 0 0 0 0 0 0 0 0 0 0 0 0 0 0 0 0 0 0 0 0 0 0 0 0 0 0 0 0 0 0 0 0 0 0 0 0 0 0 0 0 0 0 0 0 0 0 0 0 0 0 0 0 0 0 0 0 0 0 0 0 0 0 0 0 0 0 0 0 0 0 0 0 0 0 0 0 0 0 0 0 0 0 0 0 0 0 0 0 0 0 0 0 0 0 0 0 0 0 0 0 0 0 0 0 0 0 0 0 0 0 0 0 0 0 0 0 0 0 0 0 0 0 0 0 0 0 0 0 0 0 0 0 0 0 0 0 0 0 0 0 0 0 0 0 0 0 0 0 0 0 0 0 0 0 0 0 0 0 0 0 0 0 0 0 0 0 0 0 0 0 0 0 0 0 0 0 0 0 0 0 0 0 0 0 0 0 0 0 0 0 0 0 0 0 0 0 0 0 0 0 0 0 0 0 0 0 0 0 0 0 0 0 0 0 0 0 0 0 0 0 0 0 0 0 0 0 0 0 0 0 0 0 0 0 0 0 0 0 0 0 0 0 0 0 0 0 0 0 0 0 0 0 0 0 0 0 0 0 0 0 0 0 0 0 0 0 0 0 0 0 0 0 0 0 0 0 0 0 0 0 0 0 0 0 0 0 0 0 0 0 0 0 0 0 0 0 0 0 0 0 0 0 0 0 0 0 0 0 0 0 0 0 0 0 0 0 0 0 0 0 0 0 0 0 0 0 0 0 0 0 0 0 0 0 0 0 0 0 0 0 0 0 0 0 0 0 0 0 0 0 0 0 0 0 0 0 0 0 0 0 0 0 0 0 0 0 0 0 0 0 0 0 0 0 0 0 0 0 0 0 0 0 0 0 0 0 0 0 0 0 0 0 0 0 0 0 0 0 0 0 0 0 0 0 0 0 0 0 0 0 0 0 0 0 0 0 0 0 0 0 0 0 0 0 0 0 0 0 0 0 0 0 0 0 0 0 0 0 0 0 0 0 0 0 0 0 0 0 0 0 0 0 0 0 0 0 0 0 0 0 0 0 0 0 0 0 0 0 0 0 0 0 0 0 0 0 0 0 0 0 0 0 0 0 0 0 0 0 0 0 0 0 0 0 0 0 0 0 0 0 0 0 0 0 0 0 0 0 0 0 0 0 0 0 0 0 0 0 0 0 0 0 0 0 0 0 0 0 0 0 0 0 0 0 0 0 0 0 0 0 0 0 0 0 0 0 0 0 0 0 0 0 0 0 0 0 0 0 0 0 0 0 0 0 0 0 0 0 0 0 0 0 0 0 0 0 0 0 0 0 0 0 0 0 0 0 0 0 0 0 0 0 0 0 0 0 0 0 0 0 0 0 0 0 0 0 0 0 0 0 0 0 0 0 0 0 0 0 0 0 0 0 0 0 0 0 0 0 0 0 0 0 0 0 0 0 0 0 0 0 0 0 0 0 0 0 0 0 0 0 0 0 0 0 0 0 0 0 0 0 0 0 0 0 0 0 0 0 0 0 0 0 0 0 0 0 0 0 0 0 0 0 0 0 0 0 0 0 0 0 0 0 0 0 0 0 0 0 0 0 0 0 0 0 0 0 0 0 0 0 0 0 0 0 0 0 0 0 0 0 0 0 0 0 0 0 0 0 0 0 0 0 0 0 0 0 0 0 0 0 0 0 0 0 0 0 0 0 0 0 0 0 0 0 0 0 0 0 0 0 0 0 0 0 0 0 0 0 0 0 0 0 0 0 0 0 0 0 0 0 0 0 0 0 0 0 0 0 0 0 0 0 0 0 0 0 0 0 0 0 0 0 0 0 0 0 0 0 0 0 0 0 0 0 0 0 0 0 0 0 0 0 0 0 0 0 0 0 0 0 0 0 0 0 0 0 0 0 0 0 0 0 0 0 0 0 0 0 0 0 0 0 0 0 0 0 0 0 0 0 0 0 0 0 0 0 0 0 0 0 0 0 0 0 0 0 0 0 0 0 0 0 0 0 0 0 0 0 0 0 0 0 0 0 0 0 0 0 0 0 0 0 0 0 0 0 0 0 0 0 0 0 0 0 0 0 0 0 0 0 0 0 0 0 0 0 0 0 0 0 0 0 0 0 0 0 0 0 0 0 0 0 0 0 0 0 0 0 0 0 0 0 0 0 0 0 0 0 0 0 0 0 0 0 0 0 0 0 0 0 0 0 0 0 0 0 0 0 0 0 0 0 0 0 0 0 0 0 0 0 0 0 0 0 0 0 0 0 0 0 0 0 0 0 0 0 0 0 0 0 0 0 0 0 0 0 0 0 0 0 0 0 0 0 0 0 0 0 0 0 0 0 0 0 0 0 0 0 0 0 0 0 0 0 0 0 0 0 0 0 0 0 0 0 0 0 0 0 0 0 0 0 0 0 0 0 0 0 0 0 0 0 0 0 0 0 0 0 0 0 0 0 0 0 0 0 0 0 0 0 0 0 0 0 0 0 0 0 0 0 0 0 0 0 0 0 0 0 0 0 0 0 0 0 0 0 0 0 0 0 0 0 0 0 0 0 0 0 0 0 0 0 0 0 0 0 0 0 0 0 0 0 0 </DataArray>
        <DataArray type="Int64" IdType="1" Name="vtkOriginalCellIds" format="ascii" RangeMin="0" RangeMax="7320">0 1 2 3 4 5 6 7 8 9 10 11 12 13 14 15 16 17 18 19 20 21 22 23 24 25 26 27 28 29 30 31 32 33 34 35 36 37 38 39 40 41 42 43 44 45 46 47 48 49 50 51 52 53 54 55 56 57 58 59 60 61 62 63 64 65 66 67 68 69 70 71 72 73 74 75 76 77 78 79 80 81 82 83 84 85 86 87 88 89 90 91 92 93 94 95 96 97 98 99 100 101 102 103 104 105 106 107 108 109 110 111 112 113 114 115 116 117 118 119 120 121 122 123 124 125 126 127 128 129 130 131 132 133 134 135 136 137 138 139 140 141 142 143 144 145 146 147 148 149 150 151 152 153 154 155 156 157 158 159 160 161 162 163 164 165 166 167 168 169 170 171 172 173 174 175 176 177 178 179 180 181 182 183 184 185 186 187 188 189 190 191 192 193 194 195 196 197 198 199 200 201 202 203 204 205 206 207 208 209 210 211 212 213 214 215 216 217 218 219 220 221 222 223 224 225 226 227 228 229 230 231 232 233 234 235 236 237 238 239 240 241 242 243 244 245 246 247 248 249 250 251 252 253 254 255 256 257 258 259 260 261 262 263 264 265 266 267 268 269 270 271 272 273 274 275 276 277 278 279 280 281 282 283 284 285 286 287 288 289 290 291 292 293 294 295 296 297 298 299 300 301 302 303 304 305 306 307 308 309 310 311 312 313 314 315 316 317 318 319 320 321 322 323 324 325 326 327 328 329 330 331 332 333 334 335 336 337 338 339 340 341 342 343 344 345 346 347 348 349 350 351 352 353 354 355 356 357 358 359 360 361 362 363 364 365 366 367 368 369 370 371 372 373 374 375 376 377 378 379 380 381 382 383 384 385 386 387 388 389 390 391 392 393 394 395 396 397 398 399 400 401 402 403 404 405 406 407 408 409 410 411 412 413 414 415 416 417 418 419 420 421 422 423 424 425 426 427 428 429 430 431 432 433 434 435 436 437 438 439 440 441 442 443 444 445 446 447 448 449 450 451 452 453 454 455 456 457 458 459 460 461 462 463 464 465 466 467 468 469 470 471 472 473 474 475 476 477 478 479 480 481 482 483 484 485 486 487 488 489 490 491 492 493 494 495 496 497 498 499 500 501 502 503 504 505 506 507 508 509 510 511 512 513 514 515 516 517 518 519 520 521 522 523 524 525 526 527 528 529 530 531 532 533 534 535 536 537 538 539 540 541 542 543 544 545 546 547 548 549 550 551 552 553 554 555 556 557 558 559 560 561 562 563 564 565 566 567 568 569 570 571 572 573 574 575 576 577 578 579 580 581 582 583 584 585 586 587 588 589 590 591 592 593 594 595 596 597 598 599 600 601 602 603 604 605 606 607 608 609 610 611 612 613 614 615 616 617 618 619 620 621 622 623 624 625 626 627 628 629 630 631 632 633 634 635 636 637 638 639 640 641 642 643 644 645 646 647 648 649 650 651 652 653 654 655 656 657 658 659 660 661 662 663 664 665 666 667 668 669 670 671 672 673 674 675 676 677 678 679 680 681 682 683 684 685 686 687 688 689 690 691 692 693 694 695 696 697 698 699 700 701 702 703 704 705 706 707 708 709 710 711 712 713 714 715 716 717 718 719 720 721 722 723 724 725 726 727 728 729 730 731 732 733 734 735 736 737 738 739 740 741 742 743 744 745 746 747 748 749 750 751 752 753 754 755 756 757 758 759 760 761 762 763 764 765 766 767 768 769 770 771 772 773 774 775 776 777 778 779 780 781 782 783 784 785 786 787 788 789 790 791 792 793 794 795 796 797 798 799 800 801 802 803 804 805 806 807 808 809 810 811 812 813 814 815 816 817 818 819 820 821 822 823 824 825 826 827 828 829 830 831 832 833 834 835 836 837 838 839 840 841 842 843 844 845 846 847 848 849 850 851 852 853 854 855 856 857 858 859 860 861 862 863 864 865 866 867 868 869 870 871 872 873 874 875 876 877 878 879 880 881 882 883 884 885 886 887 888 889 890 891 892 893 894 895 896 897 898 899 900 901 902 903 904 905 906 907 908 909 910 911 912 913 914 915 916 917 918 919 920 921 922 923 924 925 926 927 928 929 930 931 932 933 934 935 936 937 938 939 940 941 942 943 944 945 946 947 948 949 950 951 952 953 954 955 956 957 958 959 960 961 962 963 964 965 966 967 968 969 970 971 972 973 974 975 976 977 978 979 980 981 982 983 984 985 986 987 988 989 990 991 992 993 994 995 996 997 998 999 1000 1001 1002 1003 1004 1005 1006 1007 1008 1009 1010 1011 1012 1013 1014 1015 1016 1017 1018 1019 1020 1021 1022 1023 1024 1025 1026 1027 1028 1029 1030 1031 1032 1033 1034 1035 1036 1037 1038 1039 1040 1041 1042 1043 1044 1045 1046 1047 1048 1049 1050 1051 1052 1053 1054 1055 1056 1057 1058 1059 1060 1061 1062 1063 1064 1065 1066 1067 1068 1069 1070 1071 1072 1073 1074 1075 1076 1077 1078 1079 1080 1081 1082 1083 1084 1085 1086 1087 1088 1089 1090 1091 1092 1093 1094 1095 1096 1097 1098 1099 1100 1101 1102 1103 1104 1105 1106 1107 1108 1109 1110 1111 1112 1113 1114 1115 1116 1117 1118 1119 1120 1121 1122 1123 1124 1125 1126 1127 1128 1129 1130 1131 1132 1133 1134 1135 1136 1137 1138 1139 1140 1141 1142 1143 1144 1145 1146 1147 1148 1149 1150 1151 1152 1153 1154 1155 1156 1157 1158 1159 1160 1161 1162 1163 1164 1165 1166 1167 1168 1169 1170 1171 1172 1173 1174 1175 1176 1177 1178 1179 1180 1181 1182 1183 1184 1185 1186 1187 1188 1189 1190 1191 1192 1193 1194 1195 1196 1197 1198 1199 1200 1201 1202 1203 1204 1205 1206 1207 1208 1209 1210 1211 1212 1213 1214 1215 1216 1217 1218 1219 1220 1221 1222 1223 1224 1225 1226 1227 1228 1229 1230 1231 1232 1233 1234 1235 1236 1237 1238 1239 1240 1241 1242 1243 1244 1245 1246 1247 1248 1249 1250 1251 1252 1253 1254 1255 1256 1257 1258 1259 1260 1261 1262 1263 1264 1265 1266 1267 1268 1269 1270 1271 1272 1273 1274 1275 1276 1277 1278 1279 1280 1281 1282 1283 1284 1285 1286 1287 1288 1289 1290 1291 1292 1293 1294 1295 1296 1297 1298 1299 1300 1301 1302 1303 1304 1305 1306 1307 1308 1309 1310 1311 1312 1313 1314 1315 1316 1317 1318 1319 1320 1321 1322 1323 1324 1325 1326 1327 1328 1329 1330 1331 1332 1333 1334 1335 1336 1337 1338 1339 1340 1341 1342 1343 1344 1345 1346 1347 1348 1349 1350 1351 1352 1353 1354 1355 1356 1357 1358 1359 1360 1361 1362 1363 1364 1365 1366 1367 1368 1369 1370 1371 1372 1373 1374 1375 1376 1377 1378 1379 1380 1381 1382 1383 1384 1385 1386 1387 1388 1389 1390 1391 1392 1393 1394 1395 1396 1397 1398 1399 1400 1401 1402 1403 1404 1405 1406 1407 1408 1409 1410 1411 1412 1413 1414 1415 1416 1417 1418 1419 1420 1421 1422 1423 1424 1425 1426 1427 1428 1429 1430 1431 1432 1433 1434 1435 1436 1437 1438 1439 1440 1441 1442 1443 1444 1445 1446 1447 1448 1449 1450 1451 1452 1453 1454 1455 1456 1457 1458 1459 1460 1461 1462 1463 1464 1465 1466 1467 1468 1469 1470 1471 1472 1473 1474 1475 1476 1477 1478 1479 1480 1481 1482 1483 1484 1485 1486 1487 1488 1489 1490 1491 1492 1493 1494 1495 1496 1497 1498 1499 1500 1501 1502 1503 1504 1505 1506 1507 1508 1509 1510 1511 1512 1513 1514 1515 1516 1517 1518 1519 1520 1521 1522 1523 1524 1525 1526 1527 1528 1529 1530 1531 1532 1533 1534 1535 1536 1537 1538 1539 1540 1541 1542 1543 1544 1545 1546 1547 1548 1549 1550 1551 1552 1553 1554 1555 1556 1557 1558 1559 1560 1561 1562 1563 1564 1565 1566 1567 1568 1569 1570 1571 1572 1573 1574 1575 1576 1577 1578 1579 1580 1581 1582 1583 1584 1585 1586 1587 1588 1589 1590 1591 1592 1593 1594 1595 1596 1597 1598 1599 1600 1601 1602 1603 1604 1605 1606 1607 1608 1609 1610 1611 1612 1613 1614 1615 1616 1617 1618 1619 1620 1621 1622 1623 1624 1625 1626 1627 1628 1629 1630 1631 1632 1633 1634 1635 1636 1637 1638 1639 1640 1641 1642 1643 1644 1645 1646 1647 1648 1649 1650 1651 1652 1653 1654 1655 1656 1657 1658 1659 1660 1661 1662 1663 1664 1665 1666 1667 1668 1669 1670 1671 1672 1673 1674 1675 1676 1677 1678 1679 1680 1681 1682 1683 1684 1685 1686 1687 1688 1689 1690 1691 1692 1693 1694 1695 1696 1697 1698 1699 1700 1701 1702 1703 1704 1705 1706 1707 1708 1709 1710 1711 1712 1713 1714 1715 1716 1717 1718 1719 1720 1721 1722 1723 1724 1725 1726 1727 1728 1729 1730 1731 1732 1733 1734 1735 1736 1737 1738 1739 1740 1741 1742 1743 1744 1745 1746 1747 1748 1749 1750 1751 1752 1753 1754 1755 1756 1757 1758 1759 1760 1761 1762 1763 1764 1765 1766 1767 1768 1769 1770 1771 1772 1773 1774 1775 1776 1777 1778 1779 1780 1781 1782 1783 1784 1785 1786 1787 1788 1789 1790 1791 1792 1793 1794 1795 1796 1797 1798 1799 1800 1801 1802 1803 1804 1805 1806 1807 1808 1809 1810 1811 1812 1813 1814 1815 1816 1817 1818 1819 1820 1821 1822 1823 1824 1825 1826 1827 1828 1829 1830 1831 1832 1833 1834 1835 1836 1837 1838 1839 1840 1841 1842 1843 1844 1845 1846 1847 1848 1849 1850 1851 1852 1853 1854 1855 1856 1857 1858 1859 1860 1861 1862 1863 1864 1865 1866 1867 1868 1869 1870 1871 1872 1873 1874 1875 1876 1877 1878 1879 1880 1881 1882 1883 1884 1885 1886 1887 1888 1889 1890 1891 1892 1893 1894 1895 1896 1897 1898 1899 1900 1901 1902 1903 1904 1905 1906 1907 1908 1909 1910 1911 1912 1913 1914 1915 1916 1917 1918 1919 1920 1921 1922 1923 1924 1925 1926 1927 1928 1929 1930 1931 1932 1933 1934 1935 1936 1937 1938 1939 1940 1941 1942 1943 1944 1945 1946 1947 1948 1949 1950 1951 1952 1953 1954 1955 1956 1957 1958 1959 1960 1961 1962 1963 1964 1965 1966 1967 1968 1969 1970 1971 1972 1973 1974 1975 1976 1977 1978 1979 1980 1981 1982 1983 1984 1985 1986 1987 1988 1989 1990 1991 1992 1993 1994 1995 1996 1997 1998 1999 2000 2001 2002 2003 2004 2005 2006 2007 2008 2009 2010 2011 2012 2013 2014 2015 2016 2017 2018 2019 2020 2021 2022 2023 2024 2025 2026 2027 2028 2029 2030 2031 2032 2033 2034 2035 2036 2037 2038 2039 2040 2041 2042 2043 2044 2045 2046 2047 2048 2049 2050 2051 2052 2053 2054 2055 2056 2057 2058 2059 2060 2061 2062 2063 2064 2065 2066 2067 2068 2069 2070 2071 2072 2073 2074 2075 2076 2077 2078 2079 2080 2081 2082 2083 2084 2085 2086 2087 2088 2089 2090 2091 2092 2093 2094 2095 2096 2097 2098 2099 2100 2101 2102 2103 2104 2105 2106 2107 2108 2109 2110 2111 2112 2113 2114 2115 2116 2117 2118 2119 2120 2121 2122 2123 2124 2125 2126 2127 2128 2129 2130 2131 2132 2133 2134 2135 2136 2137 2138 2139 2140 2141 2142 2143 2144 2145 2146 2147 2148 2149 2150 2151 2152 2153 2154 2155 2156 2157 2158 2159 2160 2161 2162 2163 2164 2165 2166 2167 2168 2169 2170 2171 2172 2173 2174 2175 2176 2177 2178 2179 2180 2181 2182 2183 2184 2185 2186 2187 2188 2189 2190 2191 2192 2193 2194 2195 2196 2197 2198 2199 2200 2201 2202 2203 2204 2205 2206 2207 2208 2209 2210 2211 2212 2213 2214 2215 2216 2217 2218 2219 2220 2221 2222 2223 2224 2225 2226 2227 2228 2229 2230 2231 2232 2233 2234 2235 2236 2237 2238 2239 2240 2241 2242 2243 2244 2245 2246 2247 2248 2249 2250 2251 2252 2253 2254 2255 2256 2257 2258 2259 2260 2261 2262 2263 2264 2265 2266 2267 2268 2269 2270 2271 2272 2273 2274 2275 2276 2277 2278 2279 2280 2281 2282 2283 2284 2285 2286 2287 2288 2289 2290 2291 2292 2293 2294 2295 2296 2297 2298 2299 2300 2301 2302 2303 2304 2305 2306 2307 2308 2309 2310 2311 2312 2313 2314 2315 2316 2317 2318 2319 2320 2321 2322 2323 2324 2325 2326 2327 2328 2329 2330 2331 2332 2333 2334 2335 2336 2337 2338 2339 2340 2341 2342 2343 2344 2345 2346 2347 2348 2349 2350 2351 2352 2353 2354 2355 2356 2357 2358 2359 2360 2361 2362 2363 2364 2365 2366 2367 2368 2369 2370 2371 2372 2373 2374 2375 2376 2377 2378 2379 2380 2381 2382 2383 2384 2385 2386 2387 2388 2389 2390 2391 2392 2393 2394 2395 2396 2397 2398 2399 2400 2401 2402 2403 2404 2405 2406 2407 2408 2409 2410 2411 2412 2413 2414 2415 2416 2417 2418 2419 2420 2421 2422 2423 2424 2425 2426 2427 2428 2429 2430 2431 2432 2433 2434 2435 2436 2437 2438 2439 2440 2441 2442 2443 2444 2445 2446 2447 2448 2449 2450 2451 2452 2453 2454 2455 2456 2457 2458 2459 2460 2461 2462 2463 2464 2465 2466 2467 2468 2469 2470 2471 2472 2473 2474 2475 2476 2477 2478 2479 2480 2481 2482 2483 2484 2485 2486 2487 2488 2489 2490 2491 2492 2493 2494 2495 2496 2497 2498 2499 2500 2501 2502 2503 2504 2505 2506 2507 2508 2509 2510 2511 2512 2513 2514 2515 2516 2517 2518 2519 2520 2521 2522 2523 2524 2525 2526 2527 2528 2529 2530 2531 2532 2533 2534 2535 2536 2537 2538 2539 2540 2541 2542 2543 2544 2545 2546 2547 2548 2549 2550 2551 2552 2553 2554 2555 2556 2557 2558 2559 2560 2561 2562 2563 2564 2565 2566 2567 2568 2569 2570 2571 2572 2573 2574 2575 2576 2577 2578 2579 2580 2581 2582 2583 2584 2585 2586 2587 2588 2589 2590 2591 2592 2593 2594 2595 2596 2597 2598 2599 2600 2601 2602 2603 2604 2605 2606 2607 2608 2609 2610 2611 2612 2613 2614 2615 2616 2617 2618 2619 2620 2621 2622 2623 2624 2625 2626 2627 2628 2629 2630 2631 2632 2633 2634 2635 2636 2637 2638 2639 2640 2641 2642 2643 2644 2645 2646 2647 2648 2649 2650 2651 2652 2653 2654 2655 2656 2657 2658 2659 2660 2661 2662 2663 2664 2665 2666 2667 2668 2669 2670 2671 2672 2673 2674 2675 2676 2677 2678 2679 2680 2681 2682 2683 2684 2685 2686 2687 2688 2689 2690 2691 2692 2693 2694 2695 2696 2697 2698 2699 2700 2701 2702 2703 2704 2705 2706 2707 2708 2709 2710 2711 2712 2713 2714 2715 2716 2717 2718 2719 2720 2721 2722 2723 2724 2725 2726 2727 2728 2729 2730 2731 2732 2733 2734 2735 2736 2737 2738 2739 2740 2741 2742 2743 2744 2745 2746 2747 2748 2749 2750 2751 2752 2753 2754 2755 2756 2757 2758 2759 2760 2761 2762 2763 2764 2765 2766 2767 2768 2769 2770 2771 2772 2773 2774 2775 2776 2777 2778 2779 2780 2781 2782 2783 2784 2785 2786 2787 2788 2789 2790 2791 2792 2793 2794 2795 2796 2797 2798 2799 2800 2801 2802 2803 2804 2805 2806 2807 2808 2809 2810 2811 2812 2813 2814 2815 2816 2817 2818 2819 2820 2821 2822 2823 2824 2825 2826 2827 2828 2829 2830 2831 2832 2833 2834 2835 2836 2837 2838 2839 2840 2841 2842 2843 2844 2845 2846 2847 2848 2849 2850 2851 2852 2853 2854 2855 2856 2857 2858 2859 2860 2861 2862 2863 2864 2865 2866 2867 2868 2869 2870 2871 2872 2873 2874 2875 2876 2877 2878 2879 2880 2881 2882 2883 2884 2885 2886 2887 2888 2889 2890 2891 2892 2893 2894 2895 2896 2897 2898 2899 2900 2901 2902 2903 2904 2905 2906 2907 2908 2909 2910 2911 2912 2913 2914 2915 2916 2917 2918 2919 2920 2921 2922 2923 2924 2925 2926 2927 2928 2929 2930 2931 2932 2933 2934 2935 2936 2937 2938 2939 2940 2941 2942 2943 2944 2945 2946 2947 2948 2949 2950 2951 2952 2953 2954 2955 2956 2957 2958 2959 2960 2961 2962 2963 2964 2965 2966 2967 2968 2969 2970 2971 2972 2973 2974 2975 2976 2977 2978 2979 2980 2981 2982 2983 2984 2985 2986 2987 2988 2989 2990 2991 2992 2993 2994 2995 2996 2997 2998 2999 3000 3001 3002 3003 3004 3005 3006 3007 3008 3009 3010 3011 3012 3013 3014 3015 3016 3017 3018 3019 3020 3021 3022 3023 3024 3025 3026 3027 3028 3029 3030 3031 3032 3033 3034 3035 3036 3037 3038 3039 3040 3041 3042 3043 3044 3045 3046 3047 3048 3049 3050 3051 3052 3053 3054 3055 3056 3057 3058 3059 3060 3061 3062 3063 3064 3065 3066 3067 3068 3069 3070 3071 3072 3073 3074 3075 3076 3077 3078 3079 3080 3081 3082 3083 3084 3085 3086 3087 3088 3089 3090 3091 3092 3093 3094 3095 3096 3097 3098 3099 3100 3101 3102 3103 3104 3105 3106 3107 3108 3109 3110 3111 3112 3113 3114 3115 3116 3117 3118 3119 3120 3121 3122 3123 3124 3125 3126 3127 3128 3129 3130 3131 3132 3133 3134 3135 3136 3137 3138 3139 3140 3141 3142 3143 3144 3145 3146 3147 3148 3149 3150 3151 3152 3153 3154 3155 3156 3157 3158 3159 3160 3161 3162 3163 3164 3165 3166 3167 3168 3169 3170 3171 3172 3173 3174 3175 3176 3177 3178 3179 3180 3181 3182 3183 3184 3185 3186 3187 3188 3189 3190 3191 3192 3193 3194 3195 3196 3197 3198 3199 3200 3201 3202 3203 3204 3205 3206 3207 3208 3209 3210 3211 3212 3213 3214 3215 3216 3217 3218 3219 3220 3221 3222 3223 3224 3225 3226 3227 3228 3229 3230 3231 3232 3233 3234 3235 3236 3237 3238 3239 3240 3241 3242 3243 3244 3245 3246 3247 3248 3249 3250 3251 3252 3253 3254 3255 3256 3257 3258 3259 3260 3261 3262 3263 3264 3265 3266 3267 3268 3269 3270 3271 3272 3273 3274 3275 3276 3277 3278 3279 3280 3281 3282 3283 3284 3285 3286 3287 3288 3289 3290 3291 3292 3293 3294 3295 3296 3297 3298 3299 3300 3301 3302 3303 3304 3305 3306 3307 3308 3309 3310 3311 3312 3313 3314 3315 3316 3317 3318 3319 3320 3321 3322 3323 3324 3325 3326 3327 3328 3329 3330 3331 3332 3333 3334 3335 3336 3337 3338 3339 3340 3341 3342 3343 3344 3345 3346 3347 3348 3349 3350 3351 3352 3353 3354 3355 3356 3357 3358 3359 3360 3361 3362 3363 3364 3365 3366 3367 3368 3369 3370 3371 3372 3373 3374 3375 3376 3377 3378 3379 3380 3381 3382 3383 3384 3385 3386 3387 3388 3389 3390 3391 3392 3393 3394 3395 3396 3397 3398 3399 3400 3401 3402 3403 3404 3405 3406 3407 3408 3409 3410 3411 3412 3413 3414 3415 3416 3417 3418 3419 3420 3421 3422 3423 3424 3425 3426 3427 3428 3429 3430 3431 3432 3433 3434 3435 3436 3437 3438 3439 3440 3441 3442 3443 3444 3445 3446 3447 3448 3449 3450 3451 3452 3453 3454 3455 3456 3457 3458 3459 3460 3461 3462 3463 3464 3465 3466 3467 3468 3469 3470 3471 3472 3473 3474 3475 3476 3477 3478 3479 3480 3481 3482 3483 3484 3485 3486 3487 3488 3489 3490 3491 3492 3493 3494 3495 3496 3497 3498 3499 3500 3501 3502 3503 3504 3505 3506 3507 3508 3509 3510 3511 3512 3513 3514 3515 3516 3517 3518 3519 3520 3521 3522 3523 3524 3525 3526 3527 3528 3529 3530 3531 3532 3533 3534 3535 3536 3537 3538 3539 3540 3541 3542 3543 3544 3545 3546 3547 3548 3549 3550 3551 3552 3553 3554 3555 3556 3557 3558 3559 3560 3561 3562 3563 3564 3565 3566 3567 3568 3569 3570 3571 3572 3573 3574 3575 3576 3577 3578 3579 3580 3581 3582 3583 3584 3585 3586 3587 3588 3589 3590 3591 3592 3593 3594 3595 3596 3597 3598 3599 3600 3601 3602 3603 3604 3605 3606 3607 3608 3609 3610 3611 3612 3613 3614 3615 3616 3617 3618 3619 3620 3621 3622 3623 3624 3625 3626 3627 3628 3629 3630 3631 3632 3633 3634 3635 3636 3637 3638 3639 3640 3641 3642 3643 3644 3645 3646 3647 3648 3649 3650 3651 3652 3653 3654 3655 3656 3657 3658 3659 3660 3661 3662 3663 3664 3665 3666 3667 3668 3669 3670 3671 3672 3673 3674 3675 3676 3677 3678 3679 3680 3681 3682 3683 3684 3685 3686 3687 3688 3689 3690 3691 3692 3693 3694 3695 3696 3697 3698 3699 3700 3701 3702 3703 3704 3705 3706 3707 3708 3709 3710 3711 3712 3713 3714 3715 3716 3717 3718 3719 3720 3721 3722 3723 3724 3725 3726 3727 3728 3729 3730 3731 3732 3733 3734 3735 3736 3737 3738 3739 3740 3741 3742 3743 3744 3745 3746 3747 3748 3749 3750 3751 3752 3753 3754 3755 3756 3757 3758 3759 3760 3761 3762 3763 3764 3765 3766 3767 3768 3769 3770 3771 3772 3773 3774 3775 3776 3777 3778 3779 3780 3781 3782 3783 3784 3785 3786 3787 3788 3789 3790 3791 3792 3793 3794 3795 3796 3797 3798 3799 3800 3801 3802 3803 3804 3805 3806 3807 3808 3809 3810 3811 3812 3813 3814 3815 3816 3817 3818 3819 3820 3821 3822 3823 3824 3825 3826 3827 3828 3829 3830 3831 3832 3833 3834 3835 3836 3837 3838 3839 3840 3841 3842 3843 3844 3845 3846 3847 3848 3849 3850 3851 3852 3853 3854 3855 3856 3857 3858 3859 3860 3861 3862 3863 3864 3865 3866 3867 3868 3869 3870 3871 3872 3873 3874 3875 3876 3877 3878 3879 3880 3881 3882 3883 3884 3885 3886 3887 3888 3889 3890 3891 3892 3893 3894 3895 3896 3897 3898 3899 3900 3901 3902 3903 3904 3905 3906 3907 3908 3909 3910 3911 3912 3913 3914 3915 3916 3917 3918 3919 3920 3921 3922 3923 3924 3925 3926 3927 3928 3929 3930 3931 3932 3933 3934 3935 3936 3937 3938 3939 3940 3941 3942 3943 3944 3945 3946 3947 3948 3949 3950 3951 3952 3953 3954 3955 3956 3957 3958 3959 3960 3961 3962 3963 3964 3965 3966 3967 3968 3969 3970 3971 3972 3973 3974 3975 3976 3977 3978 3979 3980 3981 3982 3983 3984 3985 3986 3987 3988 3989 3990 3991 3992 3993 3994 3995 3996 3997 3998 3999 4000 4001 4002 4003 4004 4005 4006 4007 4008 4009 4010 4011 4012 4013 4014 4015 4016 4017 4018 4019 4020 4021 4022 4023 4024 4025 4026 4027 4028 4029 4030 4031 4032 4033 4034 4035 4036 4037 4038 4039 4040 4041 4042 4043 4044 4045 4046 4047 4048 4049 4050 4051 4052 4053 4054 4055 4056 4057 4058 4059 4060 4061 4062 4063 4064 4065 4066 4067 4068 4069 4070 4071 4072 4073 4074 4075 4076 4077 4078 4079 4080 4081 4082 4083 4084 4085 4086 4087 4088 4089 4090 4091 4092 4093 4094 4095 4096 4097 4098 4099 4100 4101 4102 4103 4104 4105 4106 4107 4108 4109 4110 4111 4112 4113 4114 4115 4116 4117 4118 4119 4120 4121 4122 4123 4124 4125 4126 4127 4128 4129 4130 4131 4132 4133 4134 4135 4136 4137 4138 4139 4140 4141 4142 4143 4144 4145 4146 4147 4148 4149 4150 4151 4152 4153 4154 4155 4156 4157 4158 4159 4160 4161 4162 4163 4164 4165 4166 4167 4168 4169 4170 4171 4172 4173 4174 4175 4176 4177 4178 4179 4180 4181 4182 4183 4184 4185 4186 4187 4188 4189 4190 4191 4192 4193 4194 4195 4196 4197 4198 4199 4200 4201 4202 4203 4204 4205 4206 4207 4208 4209 4210 4211 4212 4213 4214 4215 4216 4217 4218 4219 4220 4221 4222 4223 4224 4225 4226 4227 4228 4229 4230 4231 4232 4233 4234 4235 4236 4237 4238 4239 4240 4241 4242 4243 4244 4245 4246 4247 4248 4249 4250 4251 4252 4253 4254 4255 4256 4257 4258 4259 4260 4261 4262 4263 4264 4265 4266 4267 4268 4269 4270 4271 4272 4273 4274 4275 4276 4277 4278 4279 4280 4281 4282 4283 4284 4285 4286 4287 4288 4289 4290 4291 4292 4293 4294 4295 4296 4297 4298 4299 4300 4301 4302 4303 4304 4305 4306 4307 4308 4309 4310 4311 4312 4313 4314 4315 4316 4317 4318 4319 4320 4321 4322 4323 4324 4325 4326 4327 4328 4329 4330 4331 4332 4333 4334 4335 4336 4337 4338 4339 4340 4341 4342 4343 4344 4345 4346 4347 4348 4349 4350 4351 4352 4353 4354 4355 4356 4357 4358 4359 4360 4361 4362 4363 4364 4365 4366 4367 4368 4369 4370 4371 4372 4373 4374 4375 4376 4377 4378 4379 4380 4381 4382 4383 4384 4385 4386 4387 4388 4389 4390 4391 4392 4393 4394 4395 4396 4397 4398 4399 4400 4401 4402 4403 4404 4405 4406 4407 4408 4409 4410 4411 4412 4413 4414 4415 4416 4417 4418 4419 4420 4421 4422 4423 4424 4425 4426 4427 4428 4429 4430 4431 4432 4433 4434 4435 4436 4437 4438 4439 4440 4441 4442 4443 4444 4445 4446 4447 4448 4449 4450 4451 4452 4453 4454 4455 4456 4457 4458 4459 4460 4461 4462 4463 4464 4465 4466 4467 4468 4469 4470 4471 4472 4473 4474 4475 4476 4477 4478 4479 4480 4481 4482 4483 4484 4485 4486 4487 4488 4489 4490 4491 4492 4493 4494 4495 4496 4497 4498 4499 4500 4501 4502 4503 4504 4505 4506 4507 4508 4509 4510 4511 4512 4513 4514 4515 4516 4517 4518 4519 4520 4521 4522 4523 4524 4525 4526 4527 4528 4529 4530 4531 4532 4533 4534 4535 4536 4537 4538 4539 4540 4541 4542 4543 4544 4545 4546 4547 4548 4549 4550 4551 4552 4553 4554 4555 4556 4557 4558 4559 4560 4561 4562 4563 4564 4565 4566 4567 4568 4569 4570 4571 4572 4573 4574 4575 4576 4577 4578 4579 4580 4581 4582 4583 4584 4585 4586 4587 4588 4589 4590 4591 4592 4593 4594 4595 4596 4597 4598 4599 4600 4601 4602 4603 4604 4605 4606 4607 4608 4609 4610 4611 4612 4613 4614 4615 4616 4617 4618 4619 4620 4621 4622 4623 4624 4625 4626 4627 4628 4629 4630 4631 4632 4633 4634 4635 4636 4637 4638 4639 4640 4641 4642 4643 4644 4645 4646 4647 4648 4649 4650 4651 4652 4653 4654 4655 4656 4657 4658 4659 4660 4661 4662 4663 4664 4665 4666 4667 4668 4669 4670 4671 4672 4673 4674 4675 4676 4677 4678 4679 4680 4681 4682 4683 4684 4685 4686 4687 4688 4689 4690 4691 4692 4693 4694 4695 4696 4697 4698 4699 4700 4701 4702 4703 4704 4705 4706 4707 4708 4709 4710 4711 4712 4713 4714 4715 4716 4717 4718 4719 4720 4721 4722 4723 4724 4725 4726 4727 4728 4729 4730 4731 4732 4733 4734 4735 4736 4737 4738 4739 4740 4741 4742 4743 4744 4745 4746 4747 4748 4749 4750 4751 4752 4753 4754 4755 4756 4757 4758 4759 4760 4761 4762 4763 4764 4765 4766 4767 4768 4769 4770 4771 4772 4773 4774 4775 4776 4777 4778 4779 4780 4781 4782 4783 4784 4785 4786 4787 4788 4789 4790 4791 4792 4793 4794 4795 4796 4797 4798 4799 4800 4801 4802 4803 4804 4805 4806 4807 4808 4809 4810 4811 4812 4813 4814 4815 4816 4817 4818 4819 4820 4821 4822 4823 4824 4825 4826 4827 4828 4829 4830 4831 4832 4833 4834 4835 4836 4837 4838 4839 4840 4841 4842 4843 4844 4845 4846 4847 4848 4849 4850 4851 4852 4853 4854 4855 4856 4857 4858 4859 4860 4861 4862 4863 4864 4865 4866 4867 4868 4869 4870 4871 4872 4873 4874 4875 4876 4877 4878 4879 4880 4881 4882 4883 4884 4885 4886 4887 4888 4889 4890 4891 4892 4893 4894 4895 4896 4897 4898 4899 4900 4901 4902 4903 4904 4905 4906 4907 4908 4909 4910 4911 4912 4913 4914 4915 4916 4917 4918 4919 4920 4921 4922 4923 4924 4925 4926 4927 4928 4929 4930 4931 4932 4933 4934 4935 4936 4937 4938 4939 4940 4941 4942 4943 4944 4945 4946 4947 4948 4949 4950 4951 4952 4953 4954 4955 4956 4957 4958 4959 4960 4961 4962 4963 4964 4965 4966 4967 4968 4969 4970 4971 4972 4973 4974 4975 4976 4977 4978 4979 4980 4981 4982 4983 4984 4985 4986 4987 4988 4989 4990 4991 4992 4993 4994 4995 4996 4997 4998 4999 5000 5001 5002 5003 5004 5005 5006 5007 5008 5009 5010 5011 5012 5013 5014 5015 5016 5017 5018 5019 5020 5021 5022 5023 5024 5025 5026 5027 5028 5029 5030 5031 5032 5033 5034 5035 5036 5037 5038 5039 5040 5041 5042 5043 5044 5045 5046 5047 5048 5049 5050 5051 5052 5053 5054 5055 5056 5057 5058 5059 5060 5061 5062 5063 5064 5065 5066 5067 5068 5069 5070 5071 5072 5073 5074 5075 5076 5077 5078 5079 5080 5081 5082 5083 5084 5085 5086 5087 5088 5089 5090 5091 5092 5093 5094 5095 5096 5097 5098 5099 5100 5101 5102 5103 5104 5105 5106 5107 5108 5109 5110 5111 5112 5113 5114 5115 5116 5117 5118 5119 5120 5121 5122 5123 5124 5125 5126 5127 5128 5129 5130 5131 5132 5133 5134 5135 5136 5137 5138 5139 5140 5141 5142 5143 5144 5145 5146 5147 5148 5149 5150 5151 5152 5153 5154 5155 5156 5157 5158 5159 5160 5161 5162 5163 5164 5165 5166 5167 5168 5169 5170 5171 5172 5173 5174 5175 5176 5177 5178 5179 5180 5181 5182 5183 5184 5185 5186 5187 5188 5189 5190 5191 5192 5193 5194 5195 5196 5197 5198 5199 5200 5201 5202 5203 5204 5205 5206 5207 5208 5209 5210 5211 5212 5213 5214 5215 5216 5217 5218 5219 5220 5221 5222 5223 5224 5225 5226 5227 5228 5229 5230 5231 5232 5233 5234 5235 5236 5237 5238 5239 5240 5241 5242 5243 5244 5245 5246 5247 5248 5249 5250 5251 5252 5253 5254 5255 5256 5257 5258 5259 5260 5261 5262 5263 5264 5265 5266 5267 5268 5269 5270 5271 5272 5273 5274 5275 5276 5277 5278 5279 5280 5281 5282 5283 5284 5285 5286 5287 5288 5289 5290 5291 5292 5293 5294 5295 5296 5297 5298 5299 5300 5301 5302 5303 5304 5305 5306 5307 5308 5309 5310 5311 5312 5313 5314 5315 5316 5317 5318 5319 5320 5321 5322 5323 5324 5325 5326 5327 5328 5329 5330 5331 5332 5333 5334 5335 5336 5337 5338 5339 5340 5341 5342 5343 5344 5345 5346 5347 5348 5349 5350 5351 5352 5353 5354 5355 5356 5357 5358 5359 5360 5361 5362 5363 5364 5365 5366 5367 5368 5369 5370 5371 5372 5373 5374 5375 5376 5377 5378 5379 5380 5381 5382 5383 5384 5385 5386 5387 5388 5389 5390 5391 5392 5393 5394 5395 5396 5397 5398 5399 5400 5401 5402 5403 5404 5405 5406 5407 5408 5409 5410 5411 5412 5413 5414 5415 5416 5417 5418 5419 5420 5421 5422 5423 5424 5425 5426 5427 5428 5429 5430 5431 5432 5433 5434 5435 5436 5437 5438 5439 5440 5441 5442 5443 5444 5445 5446 5447 5448 5449 5450 5451 5452 5453 5454 5455 5456 5457 5458 5459 5460 5461 5462 5463 5464 5465 5466 5467 5468 5469 5470 5471 5472 5473 5474 5475 5476 5477 5478 5479 5480 5481 5482 5483 5484 5485 5486 5487 5488 5489 5490 5491 5492 5493 5494 5495 5496 5497 5498 5499 5500 5501 5502 5503 5504 5505 5506 5507 5508 5509 5510 5511 5512 5513 5514 5515 5516 5517 5518 5519 5520 5521 5522 5523 5524 5525 5526 5527 5528 5529 5530 5531 5532 5533 5534 5535 5536 5537 5538 5539 5540 5541 5542 5543 5544 5545 5546 5547 5548 5549 5550 5551 5552 5553 5554 5555 5556 5557 5558 5559 5560 5561 5562 5563 5564 5565 5566 5567 5568 5569 5570 5571 5572 5573 5574 5575 5576 5577 5578 5579 5580 5581 5582 5583 5584 5585 5586 5587 5588 5589 5590 5591 5592 5593 5594 5595 5596 5597 5598 5599 5600 5601 5602 5603 5604 5605 5606 5607 5608 5609 5610 5611 5612 5613 5614 5615 5616 5617 5618 5619 5620 5621 5622 5623 5624 5625 5626 5627 5628 5629 5630 5631 5632 5633 5634 5635 5636 5637 5638 5639 5640 5641 5642 5643 5644 5645 5646 5647 5648 5649 5650 5651 5652 5653 5654 5655 5656 5657 5658 5659 5660 5661 5662 5663 5664 5665 5666 5667 5668 5669 5670 5671 5672 5673 5674 5675 5676 5677 5678 5679 5680 5681 5682 5683 5684 5685 5686 5687 5688 5689 5690 5691 5692 5693 5694 5695 5696 5697 5698 5699 5700 5701 5702 5703 5704 5705 5706 5707 5708 5709 5710 5711 5712 5713 5714 5715 5716 5717 5718 5719 5720 5721 5722 5723 5724 5725 5726 5727 5728 5729 5730 5731 5732 5733 5734 5735 5736 5737 5738 5739 5740 5741 5742 5743 5744 5745 5746 5747 5748 5749 5750 5751 5752 5753 5754 5755 5756 5757 5758 5759 5760 5761 5762 5763 5764 5765 5766 5767 5768 5769 5770 5771 5772 5773 5774 5775 5776 5777 5778 5779 5780 5781 5782 5783 5784 5785 5786 5787 5788 5789 5790 5791 5792 5793 5794 5795 5796 5797 5798 5799 5800 5801 5802 5803 5804 5805 5806 5807 5808 5809 5810 5811 5812 5813 5814 5815 5816 5817 5818 5819 5820 5821 5822 5823 5824 5825 5826 5827 5828 5829 5830 5831 5832 5833 5834 5835 5836 5837 5838 5839 5840 5841 5842 5843 5844 5845 5846 5847 5848 5849 5850 5851 5852 5853 5854 5855 5856 5857 5858 5859 5860 5861 5862 5863 5864 5865 5866 5867 5868 5869 5870 5871 5872 5873 5874 5875 5876 5877 5878 5879 5880 5881 5882 5883 5884 5885 5886 5887 5888 5889 5890 5891 5892 5893 5894 5895 5896 5897 5898 5899 5900 5901 5902 5903 5904 5905 5906 5907 5908 5909 5910 5911 5912 5913 5914 5915 5916 5917 5918 5919 5920 5921 5922 5923 5924 5925 5926 5927 5928 5929 5930 5931 5932 5933 5934 5935 5936 5937 5938 5939 5940 5941 5942 5943 5944 5945 5946 5947 5948 5949 5950 5951 5952 5953 5954 5955 5956 5957 5958 5959 5960 5961 5962 5963 5964 5965 5966 5967 5968 5969 5970 5971 5972 5973 5974 5975 5976 5977 5978 5979 5980 5981 5982 5983 5984 5985 5986 5987 5988 5989 5990 5991 5992 5993 5994 5995 5996 5997 5998 5999 6000 6001 6002 6003 6004 6005 6006 6007 6008 6009 6010 6011 6012 6013 6014 6015 6016 6017 6018 6019 6020 6021 6022 6023 6024 6025 6026 6027 6028 6029 6030 6031 6032 6033 6034 6035 6036 6037 6038 6039 6040 6041 6042 6043 6044 6045 6046 6047 6048 6049 6050 6051 6052 6053 6054 6055 6056 6057 6058 6059 6060 6061 6062 6063 6064 6065 6066 6067 6068 6069 6070 6071 6072 6073 6074 6075 6076 6077 6078 6079 6080 6081 6082 6083 6084 6085 6086 6087 6088 6089 6090 6091 6092 6093 6094 6095 6096 6097 6098 6099 6100 6101 6102 6103 6104 6105 6106 6107 6108 6109 6110 6111 6112 6113 6114 6115 6116 6117 6118 6119 6120 6121 6122 6123 6124 6125 6126 6127 6128 6129 6130 6131 6132 6133 6134 6135 6136 6137 6138 6139 6140 6141 6142 6143 6144 6145 6146 6147 6148 6149 6150 6151 6152 6153 6154 6155 6156 6157 6158 6159 6160 6161 6162 6163 6164 6165 6166 6167 6168 6169 6170 6171 6172 6173 6174 6175 6176 6177 6178 6179 6180 6181 6182 6183 6184 6185 6186 6187 6188 6189 6190 6191 6192 6193 6194 6195 6196 6197 6198 6199 6200 6201 6202 6203 6204 6205 6206 6207 6208 6209 6210 6211 6212 6213 6214 6215 6216 6217 6218 6219 6220 6221 6222 6223 6224 6225 6226 6227 6228 6229 6230 6231 6232 6233 6234 6235 6236 6237 6238 6239 6240 6241 6242 6243 6244 6245 6246 6247 6248 6249 6250 6251 6252 6253 6254 6255 6256 6257 6258 6259 6260 6261 6262 6263 6264 6265 6266 6267 6268 6269 6270 6271 6272 6273 6274 6275 6276 6277 6278 6279 6280 6281 6282 6283 6284 6285 6286 6287 6288 6289 6290 6291 6292 6293 6294 6295 6296 6297 6298 6299 6300 6301 6302 6303 6304 6305 6306 6307 6308 6309 6310 6311 6312 6313 6314 6315 6316 6317 6318 6319 6320 6321 6322 6323 6324 6325 6326 6327 6328 6329 6330 6331 6332 6333 6334 6335 6336 6337 6338 6339 6340 6341 6342 6343 6344 6345 6346 6347 6348 6349 6350 6351 6352 6353 6354 6355 6356 6357 6358 6359 6360 6361 6362 6363 6364 6365 6366 6367 6368 6369 6370 6371 6372 6373 6374 6375 6376 6377 6378 6379 6380 6381 6382 6383 6384 6385 6386 6387 6388 6389 6390 6391 6392 6393 6394 6395 6396 6397 6398 6399 6400 6401 6402 6403 6404 6405 6406 6407 6408 6409 6410 6411 6412 6413 6414 6415 6416 6417 6418 6419 6420 6421 6422 6423 6424 6425 6426 6427 6428 6429 6430 6431 6432 6433 6434 6435 6436 6437 6438 6439 6440 6441 6442 6443 6444 6445 6446 6447 6448 6449 6450 6451 6452 6453 6454 6455 6456 6457 6458 6459 6460 6461 6462 6463 6464 6465 6466 6467 6468 6469 6470 6471 6472 6473 6474 6475 6476 6477 6478 6479 6480 6481 6482 6483 6484 6485 6486 6487 6488 6489 6490 6491 6492 6493 6494 6495 6496 6497 6498 6499 6500 6501 6502 6503 6504 6505 6506 6507 6508 6509 6510 6511 6512 6513 6514 6515 6516 6517 6518 6519 6520 6521 6522 6523 6524 6525 6526 6527 6528 6529 6530 6531 6532 6533 6534 6535 6536 6537 6538 6539 6540 6541 6542 6543 6544 6545 6546 6547 6548 6549 6550 6551 6552 6553 6554 6555 6556 6557 6558 6559 6560 6561 6562 6563 6564 6565 6566 6567 6568 6569 6570 6571 6572 6573 6574 6575 6576 6577 6578 6579 6580 6581 6582 6583 6584 6585 6586 6587 6588 6589 6590 6591 6592 6593 6594 6595 6596 6597 6598 6599 6600 6601 6602 6603 6604 6605 6606 6607 6608 6609 6610 6611 6612 6613 6614 6615 6616 6617 6618 6619 6620 6621 6622 6623 6624 6625 6626 6627 6628 6629 6630 6631 6632 6633 6634 6635 6636 6637 6638 6639 6640 6641 6642 6643 6644 6645 6646 6647 6648 6649 6650 6651 6652 6653 6654 6655 6656 6657 6658 6659 6660 6661 6662 6663 6664 6665 6666 6667 6668 6669 6670 6671 6672 6673 6674 6675 6676 6677 6678 6679 6680 6681 6682 6683 6684 6685 6686 6687 6688 6689 6690 6691 6692 6693 6694 6695 6696 6697 6698 6699 6700 6701 6702 6703 6704 6705 6706 6707 6708 6709 6710 6711 6712 6713 6714 6715 6716 6717 6718 6719 6720 6721 6722 6723 6724 6725 6726 6727 6728 6729 6730 6731 6732 6733 6734 6735 6736 6737 6738 6739 6740 6741 6742 6743 6744 6745 6746 6747 6748 6749 6750 6751 6752 6753 6754 6755 6756 6757 6758 6759 6760 6761 6762 6763 6764 6765 6766 6767 6768 6769 6770 6771 6772 6773 6774 6775 6776 6777 6778 6779 6780 6781 6782 6783 6784 6785 6786 6787 6788 6789 6790 6791 6792 6793 6794 6795 6796 6797 6798 6799 6800 6801 6802 6803 6804 6805 6806 6807 6808 6809 6810 6811 6812 6813 6814 6815 6816 6817 6818 6819 6820 6821 6822 6823 6824 6825 6826 6827 6828 6829 6830 6831 6832 6833 6834 6835 6836 6837 6838 6839 6840 6841 6842 6843 6844 6845 6846 6847 6848 6849 6850 6851 6852 6853 6854 6855 6856 6857 6858 6859 6860 6861 6862 6863 6864 6865 6866 6867 6868 6869 6870 6871 6872 6873 6874 6875 6876 6877 6878 6879 6880 6881 6882 6883 6884 6885 6886 6887 6888 6889 6890 6891 6892 6893 6894 6895 6896 6897 6898 6899 6900 6901 6902 6903 6904 6905 6906 6907 6908 6909 6910 6911 6912 6913 6914 6915 6916 6917 6918 6919 6920 6921 6922 6923 6924 6925 6926 6927 6928 6929 6930 6931 6932 6933 6934 6935 6936 6937 6938 6939 6940 6941 6942 6943 6944 6945 6946 6947 6948 6949 6950 6951 6952 6953 6954 6955 6956 6957 6958 6959 6960 6961 6962 6963 6964 6965 6966 6967 6968 6969 6970 6971 6972 6973 6974 6975 6976 6977 6978 6979 6980 6981 6982 6983 6984 6985 6986 6987 6988 6989 6990 6991 6992 6993 6994 6995 6996 6997 6998 6999 7000 7001 7002 7003 7004 7005 7006 7007 7008 7009 7010 7011 7012 7013 7014 7015 7016 7017 7018 7019 7020 7021 7022 7023 7024 7025 7026 7027 7028 7029 7030 7031 7032 7033 7034 7035 7036 7037 7038 7039 7040 7041 7042 7043 7044 7045 7046 7047 7048 7049 7050 7051 7052 7053 7054 7055 7056 7057 7058 7059 7060 7061 7062 7063 7064 7065 7066 7067 7068 7069 7070 7071 7072 7073 7074 7075 7076 7077 7078 7079 7080 7081 7082 7083 7084 7085 7086 7087 7088 7089 7090 7091 7092 7093 7094 7095 7096 7097 7098 7099 7100 7101 7102 7103 7104 7105 7106 7107 7108 7109 7110 7111 7112 7113 7114 7115 7116 7117 7118 7119 7120 7121 7122 7123 7124 7125 7126 7127 7128 7129 7130 7131 7132 7133 7134 7135 7136 7137 7138 7139 7140 7141 7142 7143 7144 7145 7146 7147 7148 7149 7150 7151 7152 7153 7154 7155 7156 7157 7158 7159 7160 7161 7162 7163 7164 7165 7166 7167 7168 7169 7170 7171 7172 7173 7174 7175 7176 7177 7178 7179 7180 7181 7182 7183 7184 7185 7186 7187 7188 7189 7190 7191 7192 7193 7194 7195 7196 7197 7198 7199 7200 7201 7202 7203 7204 7205 7206 7207 7208 7209 7210 7211 7212 7213 7214 7215 7216 7217 7218 7219 7220 7221 7222 7223 7224 7225 7226 7227 7228 7229 7230 7231 7232 7233 7234 7235 7236 7237 7238 7239 7240 7241 7242 7243 7244 7245 7246 7247 7248 7249 7250 7251 7252 7253 7254 7255 7256 7257 7258 7259 7260 7261 7262 7263 7264 7265 7266 7267 7268 7269 7270 7271 7272 7273 7274 7275 7276 7277 7278 7279 7280 7281 7282 7283 7284 7285 7286 7287 7288 7289 7290 7291 7292 7293 7294 7295 7296 7297 7298 7299 7300 7301 7302 7303 7304 7305 7306 7307 7308 7309 7310 7311 7312 7313 7314 7315 7316 7317 7318 7319 7320 </DataArray>
        <DataArray type="Float64" Name="heat_flux" format="ascii" NumberOfComponents="3">-3.3509349929511e-14 6.086983060757383e-15 -1.953985537614364e-14 0 0 0 -2.515266663160051e-14 -3.165324423748982e-15 -4.524481818714906e-14 1.456705630389615e-14 3.589292072320987e-14 3.585382890156178e-15 0 0 0 0 0 0 0 0 0 -2.215266062275396e-14 -2.032845500878546e-15 2.983433157343635e-14 4.395718353724694e-14 4.646215307060823e-15 -2.667637449146669e-15 2.650324011321154e-14 -1.218309608991407e-14 -2.826980875540593e-14 0 0 0 0 0 0 0 0 0 -2.745232075177385e-14 2.670404429910973e-15 2.409579475004668e-14 3.794027378955611e-14 3.481600525942205e-15 -5.109646771105797e-14 0 0 0 0 0 0 3.41314117066059e-14 -3.320108119257871e-15 -2.995825010381226e-14 1.035939263967458e-13 -7.708083594555485e-14 -1.976576309699924e-13 0 0 0 0 0 0 0 0 0 2.846312733587867e-13 3.286875171899802e-13 -4.352141538405455e-13 1.070171215661557e-13 -2.191846021797936e-14 -2.706632503744297e-13 0 0 0 0 0 0 2.687131302162601e-13 1.059430162885923e-13 -6.243973937264357e-13 1.343374528158524e-13 -1.807146918757772e-14 -1.947552058340792e-13 0 0 0 0 0 0 0 0 0 -3.194045729874757e-13 1.484362575824979e-13 2.826980875540582e-14 4.032383300626304e-13 1.460349748158926e-13 -4.122254118518788e-13 -6.531275507735065e-13 -1.091781374721699e-12 -9.29705731757731e-13 0 0 0 0 0 0 0 0 0 5.735557991284952e-14 2.604095392187519e-13 6.202365761759499e-13 -2.887080544856908e-13 -8.52200293504038e-13 -1.184689020774425e-12 0 0 0 0 0 0 -9.1589017952229e-14 6.098349983373604e-13 -3.574768827553009e-13 -9.716764687614573e-13 7.526431774267602e-13 1.977348330764873e-16 -1.857638955423644e-13 -1.071722287857437e-12 -5.142672663881701e-13 0 0 0 0 0 0 -2.808386545832696e-13 1.338861486185296e-13 1.380016975226033e-13 -5.70007629946002e-13 -1.459566215263203e-13 1.019990282821477e-12 0 0 0 0 0 0 -2.786831227137098e-13 1.263999931337587e-13 1.287546865337553e-13 -6.707291416721137e-13 -2.568639713119703e-13 9.082036600459032e-13 0 0 0 0 0 0 0 0 0 1.235938350379267e-11 -1.64345701045457e-12 -1.45589515090338e-11 -2.093495025144811e-13 2.110507548591701e-13 4.140009717841247e-13 0 0 0 0 0 0 1.08227156905893e-11 -2.354345140322761e-12 -1.636339665065099e-11 -2.242068602236849e-11 8.923999676885002e-12 -2.681357813368219e-11 0 0 0 0 0 0 0 0 0 5.276412213738237e-12 1.884677150651619e-11 -7.47305471362011e-13 -2.783301621589449e-13 3.105042008600172e-12 -4.896717615231956e-11 0 0 0 0 0 0 0 0 0 0 0 0 0 0 0 1.967172577864661e-12 2.275107106866207e-11 -6.534200157816196e-12 -1.313404230213981e-11 -3.743164648651036e-11 -1.781624641383686e-13 0 0 0 0 0 0 8.618409313855981e-12 2.708942357697963e-11 2.491595920830091e-13 4.675734039637972e-13 2.111224679499309e-11 1.168622314618596e-11 -3.846717230295081e-12 9.331231096860245e-12 3.545130839739382e-11 0 0 0 0 0 0 0 0 0 3.129781204001032e-11 6.708905920650185e-12 -6.876703788787225e-11 -9.195645655847874e-12 1.094668296478262e-11 3.15744805644839e-11 3.404736152889179e-11 -3.138508839218806e-11 -4.257410045010921e-11 0 0 0 0 0 0 -1.784401133711293e-10 -7.291105359840632e-10 -3.593312133024777e-10 2.665604095685317e-11 -3.359392251657768e-11 -6.393625817797905e-11 -1.686039439799701e-11 -5.213705960530832e-11 -1.055877357014263e-11 0 0 0 0 0 0 -1.996693147661295e-10 -3.276904950271867e-10 -6.118743762214063e-10 2.452961228631382e-11 -3.76737737880291e-11 4.132714690298823e-11 0 0 0 0 0 0 6.845601618624655e-10 2.742069113616266e-11 -5.938434372840643e-11 -2.066738813064518e-10 -3.373616854475298e-10 -5.811046693391563e-10 -3.683425371857418e-12 1.192105337489755e-11 -9.90212763055135e-11 0 0 0 0 0 0 6.815433698974579e-10 2.33867144532616e-11 -4.68050518640775e-11 -6.623877930414016e-10 4.48962445082384e-10 2.843468876218651e-10 -9.662613610505373e-11 -3.619456846342063e-10 -1.598629286122287e-10 5.284515552871676e-10 1.206093631176593e-09 -1.212229763090114e-09 0 0 0 0 0 0 7.138827972366939e-10 7.118191118012923e-11 3.831237584879302e-11 -1.424924120325516e-10 -1.54939689885344e-10 4.147459552370569e-10 4.825428051134659e-10 8.201293041161944e-10 -1.553157088498981e-09 0 0 0 0 0 0 0 0 0 0 0 0 8.82013767949552e-11 -3.396732743664369e-11 4.653121168208649e-10 1.759099299146215e-12 8.573932348162315e-10 -1.022759276053944e-09 -1.793706720271911e-10 7.109378172730478e-10 -2.471859628953827e-09 0 0 0 0 0 0 0 0 0 -3.69716187856197e-10 7.953688359846629e-10 -1.545998069943611e-09 -1.031872437845384e-11 6.645156342471136e-10 -2.291663037763832e-09 -1.081728553857426e-10 7.372039644659165e-10 -2.223850312397124e-09 0 0 0 0 0 0 1.52024495189436e-10 -5.337730216578101e-10 1.527692835857086e-09 -7.71288171240636e-10 -1.076222206498907e-09 -4.365500912822171e-09 -1.890603161075523e-09 -1.934807148007434e-09 -3.64480173263773e-09 0 0 0 0 0 0 2.979553359963854e-09 5.44347405594817e-09 -3.580771346881054e-09 1.164593624134178e-10 -2.976929188996964e-09 9.209831465805383e-10 5.435671537269254e-09 -1.48901724068532e-08 -1.41707675328786e-08 0 0 0 0 0 0 1.354570045251506e-08 -1.359600100604324e-08 -3.439432096634748e-08 5.262814733213501e-09 -1.451479085012685e-08 -1.472872723854372e-08 0 0 0 0 0 0 -1.292465864575032e-08 -5.366246195402022e-09 1.047877001110012e-09 1.060056308781329e-08 -3.702533084178216e-09 2.482180694977382e-09 2.059272762507952e-08 5.97548203114911e-09 3.816144982547162e-09 0 0 0 0 0 0 -1.01929964818377e-08 -4.496505542976638e-09 3.696222645947359e-09 2.196209108780578e-08 6.531949134200797e-09 1.74791139089896e-09 -5.617801020277443e-08 4.949526217597864e-08 -2.168196156009182e-07 0 0 0 0 0 0 0 0 0 -8.83121477447125e-08 3.833868847770163e-08 -1.751877102854593e-07 -1.547154985973514e-07 -3.13706242327925e-08 -2.260300122485053e-07 0 0 0 0 0 0 0 0 0 -1.436795478519597e-07 -1.327806204522445e-07 4.964731463510764e-09 -8.231141179413752e-08 2.403837635935065e-08 -2.310271772372443e-07 -1.133991631603956e-07 1.356990602639114e-08 -1.897980308746912e-07 0 0 0 0 0 0 0 0 0 -1.666785178538436e-07 -4.466635328244716e-08 2.558024787942706e-07 -2.171288293429215e-07 1.875337158923015e-07 2.632505913648867e-08 -1.468902467553994e-07 1.310241999632652e-09 1.746318043740916e-07 0 0 0 0 0 0 8.289155095398919e-14 2.221320027747938e-14 -1.272141393993268e-13 -2.628170114954806e-07 2.188270280217244e-08 -1.039178795551338e-07 -3.384059827842765e-07 -6.176397320327282e-08 -3.309021296926575e-08 0 0 0 0 0 0 -3.116160322057386e-13 4.012438259996429e-13 -1.272141393993267e-13 -2.139121513279225e-11 4.041013343065417e-12 -2.087666239045247e-11 -3.23394217691428e-08 -2.627146174836812e-07 1.748841664743121e-07 -6.112058093371477e-07 -1.019153152162344e-07 5.980114299842574e-07 0 0 0 0 0 0 -1.865137063453545e-11 8.640493125516371e-12 -1.184410058551565e-11 2.157890073653034e-11 3.598166831837506e-12 -2.111306713680569e-11 -5.554905677604492e-07 -2.787852923317949e-07 2.036099960073225e-07 0 0 0 0 0 0 -1.981951092713427e-11 1.000244268917036e-11 -7.350150276405334e-13 1.938881929519885e-11 2.557354334849103e-11 2.181885075896814e-11 -4.489933326975586e-07 -2.33906836398707e-07 2.889395147247784e-07 0 0 0 0 0 0 0 0 0 0 0 0 -1.144302230579355e-11 1.312217454436336e-11 2.748508600869861e-12 1.286269892498897e-11 1.666425521251331e-11 -2.26978126719801e-11 0 0 0 0 0 0 0 0 0 0 0 0 7.293592302514664e-12 5.222195901058009e-12 2.131945172787047e-11 5.81885719042398e-12 1.709053789350358e-11 -5.94960266718422e-12 2.742201596264579e-11 2.952299104826322e-12 -1.24349793628913e-12 6.09078446097617e-14 -1.933619530545489e-13 -2.305748520441694e-13 0 0 0 0 0 0 0 0 0 6.967710482303272e-12 1.119842869182315e-11 1.676634170670486e-11 -5.115724308540048e-11 -3.453659371364847e-11 -1.628963508889861e-10 1.197936847103091e-11 9.177495843116566e-12 1.235402476253177e-11 0 0 0 0 0 0 0 0 0 0 0 0 -3.624959392464579e-11 -6.796654892306714e-11 -9.112528209547159e-11 -1.036276357529092e-10 9.319823848531577e-11 -7.820910295948657e-12 -9.948846388355105e-11 -7.407188500586416e-11 -1.094060029686428e-10 0 0 0 0 0 0 0 0 0 -2.667494743079352e-11 -6.936094801277995e-11 -8.387135308812244e-11 -4.672835042716853e-11 -3.71486630877978e-11 1.547166629374762e-10 0 0 0 0 0 0 0 0 0 -1.036963694015369e-10 -3.495343746789051e-11 5.869582920625538e-11 1.604041281262945e-12 5.62066648620474e-13 -1.03613302308291e-12 0 0 0 0 0 0 0 0 0 -1.199311437679339e-10 -5.012416484843616e-11 3.95449088598646e-11 -1.037339220590787e-10 -3.634905073895415e-11 6.700709234533782e-11 2.816181312486154e-09 3.372046236626431e-09 -2.678262656223258e-09 4.482713755361831e-13 5.828316114100937e-13 8.622291670398835e-13 0 0 0 0 0 0 -1.256985400458528e-10 -5.748371135339263e-11 4.48411227868144e-11 2.699983158522561e-09 7.750349531698179e-09 8.622291670354119e-13 -4.223087047550691e-11 -5.490755741664328e-11 -8.122911758510533e-11 0 0 0 0 0 0 3.433162723727726e-10 6.876933525234902e-09 -7.214896282306577e-09 2.087250165694977e-09 -1.16367375882186e-08 -8.836164616620664e-09 -2.456827549944095e-12 -4.921246414322655e-11 5.163098105968427e-11 2.507314632298684e-09 3.267817369243083e-09 -3.616935722459558e-09 0 0 0 0 0 0 0 0 0 -1.748471953259505e-09 4.715831172407966e-09 1.676286375369226e-09 4.432235644887375e-09 -1.302491989482497e-08 -3.304428515496337e-09 0 0 0 0 0 0 0 0 0 -3.083920232397573e-09 3.672926608345988e-09 3.635360139815199e-09 2.59631216108226e-09 2.272665165553021e-09 -1.067414455447036e-08 7.508573253819134e-10 -8.495881877141822e-09 4.990312193843356e-09 5.965339654119374e-09 3.207652235921526e-09 1.196090325206674e-10 0 0 0 0 0 0 -4.094091590111863e-09 -8.67045462030342e-10 1.275837263927567e-09 -1.541629617323584e-09 2.636147389408431e-11 4.63849444150396e-09 -1.485702897013377e-09 -2.377606311442737e-11 4.695042996292988e-09 0 0 0 0 0 0 2.129435284875862e-07 -8.891119546032576e-08 -1.49202198726362e-07 8.651452668279068e-10 -1.129436797541981e-09 2.492302382742833e-09 2.221925070967123e-10 3.555800478617993e-12 -7.021614996984194e-10 0 0 0 0 0 0 3.098051307749407e-07 -3.307058426197216e-08 3.677662505124256e-08 4.029084180278773e-10 -3.120309161551749e-12 -1.359422340529498e-10 6.006296469211917e-11 -2.238028727453482e-10 -5.287251978865975e-12 0 0 0 0 0 0 0 0 0 3.147781333288206e-07 -2.846154874033184e-08 2.232612234686736e-08 5.035263878470896e-10 1.614849275071645e-10 2.597977182680185e-13 1.383211676316803e-10 -2.017605249214861e-10 1.111714665204234e-10 0 0 0 0 0 0 0 0 0 1.608582286198442e-07 2.146005350346904e-08 1.492021987268327e-07 8.999379631549545e-11 -7.276000635365852e-11 5.834513704134805e-10 -4.182530782302519e-12 2.666611263559475e-11 -1.95361217110567e-11 0 0 0 0 0 0 0 0 0 0 0 0 1.595186459053069e-10 -1.195550190541736e-10 4.336225842256191e-10 5.689088828207175e-12 8.223601604515618e-12 -3.673375691773365e-11 0 0 0 1.617236611131643e-10 -1.347510398633808e-10 4.20631812064393e-10 2.982446772054041e-11 1.140584569271867e-11 -1.055312646473849e-11 0 0 0 -9.169528616163001e-12 1.834917478314667e-11 -8.837838792189958e-12 0 0 0 0 0 0 -1.393823940208897e-11 1.161358975160717e-11 -3.625237554191609e-11 8.027698622346362e-12 1.846395629738089e-11 1.976449431146544e-12 0 0 0 0 0 0 -2.026742241760397e-11 -2.39743567002083e-12 1.522493260410174e-11 0 0 0 -1.169016453246043e-11 1.096328457072772e-11 4.295136818381876e-11 4.879722469350071e-12 1.398173828385984e-11 -8.714784979110957e-13 0 0 0 0 0 0 -8.91512979331941e-12 1.671515762223276e-11 2.716000489390186e-11 -4.393539649669436e-12 3.842933250548417e-12 -4.997940575206625e-13 2.889392060703175e-12 1.23322449288249e-11 7.136446177306038e-13 0 0 0 0 0 0 -768.315658166577 79.90382634849155 47.39646464458662 -733.2689018608652 13.90572154303325 29.97449067086198 -820.8323864244009 51.32605952318143 -13.63475095549724 0 0 0 -2.877293149329031e-12 1.10287047297553e-11 3.165414363785175e-11 -5.375878597611827e-12 1.529021249357083e-13 4.946741516228996e-12 2.307146047731477e-12 1.906280742330258e-12 2.210378509490484e-11 0 0 0 -922.0363927149692 304.0706210938098 -37.90789726929942 -733.8330905028402 98.90251752812487 31.25262090059333 -768.1421987778261 -25.57708947882286 49.76115938981091 -834.745619153279 110.5708454274066 -56.93057984859396 -775.6079615708836 258.5344614869059 33.80852487185103 -0.2485176579760311 0.0741589436352057 -3.138877423202628 0 0 0 -4.027583819674105e-13 4.244164237293738e-13 1.795562519091965e-11 5.649212330081017 -0.160676353418047 -5.198255998492758 -8.772862320127171e-12 1.233203651838346e-12 1.301933244103074e-11 -0.372646285609545 -0.3078992067523655 -3.570165582550318 0 0 0 -910.1114900437244 314.7800423892774 -45.59143811734276 -732.4557228052726 143.2576987888786 8.416249537599018 -697.7865190466205 -12.91337781355173 13.67100753736761 -828.3062528535314 112.5806032869958 -56.94049082107428 -868.4075898531879 254.3949397777021 8.130647279641096 -934.0404018860294 307.7964716897653 117.4802161218812 -767.6066433692936 337.160145351759 -38.32500487145731 -0.1116057143066763 0.04286353051728085 -3.058591102502921 -0.09936531186018593 0.04007269927885815 -3.216461959429454 -0.1051550383118669 1.38983906855108 -1.597688839922954 -954.4834499907781 274.8011551063075 -59.7254348602678 -744.7342280921498 -21.33242303223703 -9.770377362794809 -866.034036663655 199.1360516147629 -15.56982547481959 -927.3130877855447 207.7463788142082 -4.092065654602546 -839.9484026666433 350.364245752536 75.00570635565761 -0.1048945930919667 0.035673432946844 -3.220383527043637 -1040.205826271404 477.7904072896145 13.83831356261076 -621.2001050913686 -91.02897070481716 43.28100388703652 -1059.741897668291 482.591333502352 15.711144166917 -823.3642374503321 256.3797014075277 -83.62401542148919 -780.351104038608 266.4829358948544 -63.74598684006579 -817.1774967427643 158.5791713019675 -51.44439592618975 -874.6916065429619 132.9187402654887 -80.90413292317527 -731.7536079370969 60.43588739248084 -4.618737290015185 -688.7159403008726 38.56148976469583 -25.45033629262341 0 0 0 0 0 0 0.07697920040810825 -0.08111870143871935 -3.431858235383723 -0.1051550383118708 -1.468445494191672 -1.597688839922954 1.450834450631222 -0.2039441948868255 -2.153105262615619 -988.6954501202148 298.4710603362318 -22.57768576471863 -735.451224685099 143.779696761938 56.74121701902849 -696.773902612034 -18.72830452333837 18.67644102147551 -889.012034973636 95.38486635036217 -20.08790768426037 -993.6556102952552 284.1041322452518 -32.90837155092618 -945.2747460095766 453.2802202213433 4.518191825564659 -766.7413473913549 334.2488687780103 -17.88476591447538 0.532537731933678 -1.295197353876464 -3.765111633707512 -1088.082370552214 417.8912539130641 41.02854629741417 -968.9763784903115 390.7751940455352 -37.80745819174235 -744.1601701478924 -24.22075419699227 -7.226740841695183 -890.701831015657 173.4444118726121 -4.143178542047271 -882.2643265901421 388.6061518153745 49.03170733110508 -1022.921048717084 347.8835692639615 -15.92069059657373 -598.0357369751172 -78.93241599848307 30.62690347491309 -1144.931413201117 685.2174180538551 -33.45506541154833 -953.8373114766005 564.2455004966312 44.50619341741652 -974.92578889767 506.3849362749302 21.39457548579376 -920.119998505079 234.1113963943421 6.746279213201098 -860.2909345255274 220.4744748994261 0.5103276328716446 -704.8663602459823 24.32096276788026 -34.08793750121255 -510.2473638293582 -171.8516889152859 56.08315854194616 0 0 0 0 0 0 0.03992155675074256 0.1133375377730081 -3.65746509318245 -0.104887149858363 0.05779678688498316 -3.530068591861368 0.2535173855491433 0.8564103528779536 -4.258409120197241 -976.9136444807448 289.4748530697743 51.3095559544483 -891.1765210669746 96.41164228223889 39.46372840909493 -699.1784441370379 -16.86876796998235 -64.85141211294589 -910.4093006095643 177.5896905425553 9.583788311011025 -971.9727149099704 391.4214863475133 -38.84614423490584 -1132.548426982017 591.1319539676293 -85.56889812539774 -927.582287173034 295.8855827162396 62.34633788072327 -999.2583607115243 490.1587508582602 3.713971971073159 -0.1247184559524332 0.07012174794392162 -4.915027055917132 -1189.496049867834 628.6826769174148 -7.90390304915127 -781.2724119754749 150.4078235333758 59.83035242897158 -619.4989914880726 -7.301918015941578 -32.01020782518921 -899.3102833522364 288.3245854946392 -29.15900304093588 -981.5541141019003 478.1699489237037 110.2080932049231 -823.6952373090857 555.4597621300243 -87.41115635301206 -1022.710399352377 450.3695043196601 -89.17511830960683 -661.514235439442 -111.9314608754039 -5.200535539519687 -1146.133246561196 683.4501869664185 -32.68935703437471 -1090.070200613838 679.6745940864604 -14.00312158984314 -1089.488572962723 680.5354696326364 -13.87128702857796 -854.9128258834264 463.8372124872995 -40.86700211120638 -849.7523910644679 284.7836989038241 -20.83126887924071 -756.082254743493 -21.22543509267459 -4.291836578109452 -480.6384382755806 -127.2777162083937 32.96455994129598 0 0 0 -691.4570919552822 -29.88185243000364 -35.51106817900741 -523.7182384488281 -191.9388353298241 -0.7221616476335849 -455.6142363521188 -195.5065878067952 27.42277282957556 0 0 0 -0.1218174467038787 0.07613954928534719 -3.744124685967578 -0.1265483759961964 0.07507621659425966 -3.544086595727174 -1022.81972215302 563.6123546389061 47.80595085070809 -963.6221276310732 377.1852685559718 22.83036395184823 -930.7318130525583 265.9876148603359 -31.92553760923048 -753.5848657187739 -25.398597342651 -9.585070037274992 -931.8767234576153 265.563499359676 1.743416204438467 -965.2119241198615 472.0410006039 -95.37522405240503 -1184.848447921396 599.4746113492406 153.2640180599868 -1040.497258662071 688.3405692544823 28.07101342107073 -950.5173525542681 486.5994815026124 -13.86258126983054 -986.7842363198206 498.5298801672927 -4.916687024432076 -1215.888077552297 683.6213345574071 11.91995991776365 -1280.09536510056 683.5494085674136 -9.516084452297926 -806.8190082315413 100.8330158968486 49.57809633899042 -620.1695832673652 -8.276894234428958 2.13941843798363 -662.5077934424929 -58.63301382433715 -38.60408516178363 -852.6318457137996 506.3222523163945 55.60752390676246 -936.0378615377169 640.1978096375663 -10.61934703279677 -827.8996718088218 557.4681587404662 70.67227312708741 -1022.702450385403 425.8578590776452 -95.55844275170155 -1038.762178399053 444.5496176625105 -77.79791527014989 -1109.635850381256 629.850001967263 11.7692139555673 -1085.225396358122 648.1546577073545 7.246465119177675 -887.81656319697 475.4531910778214 -58.66831957337131 -467.0540883134324 -152.5761287010992 50.89311196055356 0 0 0 -674.4463097333776 -14.65567267645849 -25.14609877597161 -545.9639444118303 -161.4096927167415 -28.25300592756284 -433.2494514775206 -145.6607938243802 4.790496698264175 -811.8980041066379 98.91116312552789 50.14572027286267 -663.7137069005209 4.380962822318564 -17.37388803420853 -832.5796677360598 496.6472257931601 -36.18661858556138 -409.4469560197402 -141.6408186427709 -5.992816292064718 -335.6791207556018 -173.8161811103419 13.11124891952602 -341.1498991134271 -224.5094034958096 31.50868734713587 -285.1239288505062 -200.4554249221191 3.991947900450763 -262.0469963393172 -190.5523866852726 16.01805398996979 -527.5329783352779 -88.57186333291497 -26.95077774101509 -579.8116014616096 -162.7685898498294 -65.56909059522582 -471.034677491987 -150.032373811941 -14.30530712306678 -461.361024321507 -148.9122207176652 -18.91758356655181 -247.8239403899892 -186.9196762912568 -18.97433661744777 -665.8695601687206 3.745360743811457 41.09171696980437 0 0 0 -1187.599546458675 742.2852526096103 21.33483444127808 -1233.777385725917 731.9520105310744 28.15036347535294 -1105.84070910545 523.8007691626975 -2.320030078666786 -1178.662335622531 687.9482569105647 5.154235266557783 -1044.651183098816 442.9743149603124 -23.52444219255844 -929.1231742688052 489.9325952093373 79.70103657931662 -930.9386015450572 266.023879477799 -31.88428570520349 -984.1392779874021 468.9331770831678 68.03812383721687 -965.4657646093193 242.0911067048225 -11.43073009528641 -967.3526791871923 422.036397583528 -93.99938107844982 -1077.854309823326 669.2940949599929 78.87286657531854 -916.9939870485163 708.0906371133278 63.43074961899941 -1141.655272381828 609.6843595704455 36.51642620312407 -669.3223493894213 -67.20907383884962 34.7466694520833 -660.1489674332283 -55.73166940736893 -40.03816045729651 -876.5693109074881 543.9894949166033 37.04902875637499 -1025.42105446194 708.2496402802591 -31.32895991219026 -1023.795981952743 706.4723040224604 40.03917088011556 -973.20477428995 466.0367449160229 -240.5099777622102 -1339.410576404366 968.9645983674459 136.6421360226389 -1142.376203225318 1032.875382815163 86.25990131871696 -965.2597302364848 714.933531276058 98.95247471797977 -470.8240012681898 -150.5631435451745 -14.82570631375153 -671.0200014673571 -56.91261153929769 -41.01195183047976 0 0 0 0 0 0 -724.0951861810606 -58.94039735102067 -8.618571351533243 -652.9205191523323 -14.20694525885284 15.95167163891012 -451.5275623017952 -186.2960841917779 -18.29710764497768 -814.9894282738258 159.3083299198057 26.5973782358993 -710.970526322871 -11.07684410058188 23.57523216924486 -875.3828443675328 548.8104379589671 -5.342450308846627 -409.2278799503346 -142.0485316301794 5.197026411711604 -432.0176390080352 -184.2036581876811 -28.14219295331272 -402.2195784961735 -182.7269683123921 -14.64830345921621 -316.0035415295298 -166.2289752204109 -34.01194702971699 -262.9858673485489 -209.0627526257693 23.90059378748022 -644.3136747458152 -58.71230678092554 33.00176045069699 -461.4238507097714 -148.9890344064441 -18.95069935665733 -288.8377975720252 -196.1796116888777 -2.430471091557399 -248.033198586105 -187.7131349444851 -19.32069270779629 -685.3900441504364 -64.7180912696207 1.490285648893947 -1169.444595013679 841.3191010020644 2.866163572553344 -235.0745687076463 -194.9052960038658 9.061566159749983 -803.4534206917316 84.37718249900324 52.79554480998386 -210.2245009908951 -182.3012469127586 20.97906138688686 -348.9608786774553 -162.2715396396179 -12.8809661806316 0 0 0 -1395.095000732551 1002.714955715768 -47.93038835436964 -1221.628254895966 785.6447642730793 9.822346407025348 -950.0424703025996 405.9055148929835 -109.0228973131435 -1108.953304858211 467.5575673263205 -18.43785859884956 -1026.744349999292 534.6542240646639 14.74625839410568 -931.6044574834227 264.4067817794321 -31.4789973823959 -1068.665732142509 291.4339969119396 126.8347406372715 -947.9307554732676 430.0930270373755 -83.67610762282074 -1141.344898432239 615.2016960868775 61.56019553410243 -1029.980918304463 825.5144919632501 63.83028799675466 -1195.383474078688 1116.901385934785 18.47394161924528 -664.4238980228581 -61.3268827784821 37.55706054163926 -958.0447741594727 671.5560092736517 104.5026579478914 -773.8478863147891 755.3313999781005 -132.5887213200625 -1036.284188352017 886.1952728823829 -64.46872977672078 -1274.53125378731 1147.578130575924 71.16891730817247 -1277.750359650368 1131.533356931201 76.57199740944895 -1022.240595716306 890.8886192944257 -51.76800846319738 -769.1608005683902 747.6952091007817 148.8609315782274 -664.1503897242311 -60.42473020911538 24.41129738176087 0 0 0 -726.113263189813 54.5662417613803 -28.82443323016344 -669.9120919494874 -65.48336982470065 -11.79361046724295 -510.1882570031642 -73.23954006830503 21.01118309744954 -954.3366779620319 245.4125044041194 -12.26242882368723 -846.6602027084252 124.9041288887863 64.27087370960085 -988.8625611840531 686.8168507988321 -87.48759497314681 -426.1664362675282 -176.5708575637659 23.19287487639137 -434.4636921122076 -189.0149789848746 -27.30042661740945 -530.4133734850891 -94.98372884863902 53.22422242460192 -321.3009576672301 -166.8354077705584 31.62402987885775 -315.0305554949273 -164.9908097601902 -33.87164192504363 -716.831169905646 58.29719403146887 -66.1117506261717 -478.6046532931708 -186.2781115224853 1.121080094221964 -367.2730884882431 -213.9003583471026 -36.85341427858363 -253.531359807512 -210.6490103876455 -8.10194688922822 -302.7723802823662 -143.6346415468794 35.01689363946632 -1100.399903772678 1014.815404490351 -1.454139138014194 -302.2938465633737 -150.7216446317715 -50.11805406224811 -886.3059456610335 81.71650191597109 33.34247999409658 -805.8254308957693 52.03692520786331 65.97880339439435 -215.2745113349459 -128.1345610980346 -0.9758813686170693 -1345.626433376747 1009.82454448681 -31.5814711269151 -1096.159754089869 894.2928138724143 154.9378582104549 -842.749368664241 676.4039266511789 55.07359544398439 -1323.196231091712 1012.882064132699 -35.40652578595674 -1083.468164563768 325.1973519390723 40.271461973288 -773.9885723530057 673.3856066063612 8.006362351144519 -203.104852498365 -192.6763469017683 -29.91465151653987 -1046.645449435206 261.6355160432375 16.94809118509694 0 0 0 -1414.191532093091 958.774844871032 -32.28842961738186 -1242.001657775203 696.4221962068655 -23.10498415270389 -1213.967457256603 758.8877959368212 17.91336299032359 -1256.932769815836 219.6453591876743 -29.90369732265329 -1388.373574955303 647.8753080252321 -105.9065896235555 -1275.236468871031 388.3413913110431 31.11491392896157 -1012.298984066736 608.959341315266 -18.67016105914844 -970.4206499175458 255.4932816819938 -23.24471628627068 -1009.746052138797 343.7616819059738 71.41012831148298 -1087.871481933962 423.2327305038798 48.64435589763949 -1249.427236646445 234.9676032274206 -19.7715289164053 -1199.063131692679 1122.985546289825 -67.14923989034895 -1041.993265877955 1059.909323905122 117.6194212224573 -754.4804336659514 43.59667866882496 -48.64360216658342 -876.9480546015467 819.1878798131451 -25.00624584875479 -1061.279435547874 1375.686322866363 50.15299492022491 -1502.441221217183 1243.905050782787 76.53372870856367 -1228.119007414417 1289.187220793076 19.95878952933598 -991.2537790382637 1214.954935436609 167.7613159919277 -852.5769073674136 817.3674872161004 66.04003536012681 -862.0791075499113 808.1556737289623 69.13984773591288 -654.7201322336197 -15.71632138055455 4.489114192855494 0 0 0 -664.465250763318 -38.63656733107112 -25.77363758684114 -543.9434999164437 -109.6637737755389 35.2869428079886 -952.8659561731517 245.4924110675335 -12.71094644557944 -432.3410982239536 -188.3118682635787 18.92563149151724 -524.2939312040509 -172.8269852906685 24.34120265628516 -395.7781217569735 -181.3803692990951 1.940694907995399 -402.6844479718347 -90.7918318311097 17.48084878182253 -750.6788416635487 -31.76965073702945 -33.09008315450735 -601.8946996207761 -6.873309298788287 -18.5347211121332 -302.734517753229 -156.1436327396343 37.59903667263195 -1261.71704577473 1197.887572638269 129.4376573535433 -984.7160535407148 1025.592961754805 48.13012131555229 -302.1089186596455 -210.0725652784168 -29.55270873479635 -965.7527437870891 170.8483231164957 -24.29947674327293 -993.9141617680967 183.3674374893437 -36.54326223234349 -791.8161841197409 65.12690878066954 49.21237802785276 -205.5798980869697 -119.0657305810008 -7.181859056332771 -212.5175225373118 -157.7937621379475 -14.36535389175744 -812.8637630159208 936.1210530617666 32.04441442049187 -905.0844492918602 812.5292668419511 -9.43776703735884 -1503.450009867037 1243.74339573825 76.14756359743785 -1090.433682354478 244.5042250011019 25.83072944026983 -769.585190015071 665.6964314578788 4.25258501433854 -211.873209582716 -124.9449408511728 -2.107073075633493 -1072.159877902948 156.7157244614726 54.36610925004809 -1228.319698321408 565.7665758287829 -86.20999764751843 -302.3725662074244 -209.8917255200638 19.17589544495459 -329.3840518474707 -95.47790550992548 23.66914273309863 -701.1455750782566 779.1582248978715 94.74431079106468 -150.8771996810613 -117.9382634255603 5.362183749419087 0 0 0 0 0 0 -1383.776005823967 1026.306164153478 -17.97755913808902 -1529.06571162577 869.3922388451365 5.289289658497991 -1246.730254944339 701.4651587208253 -29.33195741605715 -1213.162075898167 758.625456697382 16.37228997718141 -1228.871555682504 352.2075797203993 -1.037285046961558 -1383.574213246013 565.7377597775558 -61.41280284669231 -1272.017951893224 441.8263040850131 1.860991230220685 -1389.898267866271 988.6765332791803 97.95914356651735 -974.0272636315507 244.0963507515652 -31.76267684371887 -1198.21563629648 239.1806791663049 58.14565246352079 -1181.378099165917 705.0848746008065 -4.595585708204983 -1355.000421629709 991.5396352043199 74.97867847124283 -1060.258930264258 1377.700361414363 97.57555580935892 -951.7399791454565 245.2960262221719 -20.51895617930191 -892.2945351195091 828.8611461705922 -25.28094998141715 -993.6853890492977 1327.570854569163 91.68953566783708 -1016.968542794135 1028.344720398112 249.7348163775632 -1104.91735210912 1336.433541797485 53.10681103723479 -1061.191548883036 1229.729503251832 9.715631110367333 -729.6478580997377 723.6801638317726 68.90848445949628 -660.9329616610343 -36.0362677857087 -2.364383782936613 -655.0218235587733 -35.04571674688215 -26.07396148310126 -573.4830506947851 -91.74252128704343 -20.88232088130483 -691.1567642888217 -15.45962385159309 -48.00491774484362 -486.6391373309428 -77.71091457918919 -59.10168934134096 -401.82755283904 -110.3417410534391 23.53303290083716 -895.559344079331 199.3572342736955 -31.19771141984892 -637.1661405484276 -102.0320391510902 -47.453578500635 -357.7657797395261 -95.18709089834113 0.9962195210794789 -1518.654515575558 1489.400925094001 -100.1888725213578 -1303.350480636016 1159.164774655117 76.41675145178387 -959.7041993784767 194.8259021112238 -33.00372943115897 -993.559945288993 185.3284476285789 -38.71098942680071 -878.0075634971718 -14.68193406161207 29.58932600242459 -206.0872482649083 -119.4644115225386 1.758776560910311 -202.4777339762329 -151.3030238386296 -21.83786898612521 -950.7365529498993 1143.791302170838 72.00359897382167 -690.739828832318 777.6962207221023 90.13859089050351 -1447.801323419905 1369.515145056674 102.902104771312 -865.0266631177078 837.4058072670982 -87.74505460931971 -208.5387512150857 -150.7511967608405 11.08216222971281 -1254.164974857447 291.7422651081813 21.27799594414998 -378.3127880655089 -133.7978841808313 -34.13498475133747 -325.6123139869036 -125.0781235936277 32.20866350215626 -400.5836297404376 -138.3613414883134 11.00646444670711 -731.5869014803991 889.5897832941329 46.80342610349987 -153.915663520993 -104.1697585595371 -0.8518750642974147 -1628.511651928466 1360.449139895635 139.801213470996 -1301.651067493568 1159.727961884546 50.67112866904263 -654.441964599045 -15.60871936285523 -17.07893360724864 -765.6685749819735 819.4814898522411 -42.73359028699892 -220.8727355813303 860.513090740367 64.45590257910123 -528.8659816196227 996.2917423022592 16.95288226971836 -548.5097711940771 900.8375012281684 27.90625227475291 -682.639056612143 942.2197163469484 -31.09619886600044 -221.5389283613866 884.4994208097791 134.107724876248 -163.0216267923951 -115.8235316213281 -8.402720729072152 -89.84664130831855 -69.96420684590429 -14.66908490649412 -77.68624134918392 -31.70131055852171 26.66466291183951 -141.347641733459 -92.99887782247148 5.353528527850617 0 0 0 0 0 0 -1545.505256455406 1014.961812455809 97.81832830225937 -1528.912661682274 869.3221587059916 7.340614477223558 -1547.353062098503 1015.237506802188 97.43956740420927 -1151.628791384539 793.0261667009738 -12.48556411131251 -1219.519887959832 287.5351332763382 20.26895063911423 -1393.377601354157 747.8247574336248 -1.88669591029505 -1430.772723837148 537.0470033336848 -43.94714924039491 -1344.319922816952 404.0060059133473 97.12454712316914 -1404.111718553269 954.7211625122828 77.51813410675867 -992.5649310877858 186.0199787848102 -15.5334702571137 -1209.740836893887 743.4234375660774 -14.07509226483358 -1165.416448184194 1457.869207067171 134.9510508515092 -965.3430945760832 189.8025783988367 -2.868487422536663 -654.4042804874123 1129.75280567913 139.3444511286503 -731.773222232685 723.7529631719383 143.1526315594049 -875.6396608119554 1498.61759540305 2.617016262180543 -1142.770881894086 1443.433628479653 180.3127975380177 -1342.146453413111 1430.166020980231 145.3207069135361 -1210.274411528628 1449.009621605103 116.3193705323995 -632.4742599245634 1157.775678211656 -31.74625723785319 -789.9023274551735 940.9968071710597 32.73126407357219 -683.9830953227819 -44.26228778834427 5.438805015095004 -922.9967158085128 133.0197568744152 -56.06412477254496 -655.4190948590417 -32.36489396960259 25.44888656396166 -690.359951869189 -4.971928601840895 -51.06539896016807 -500.7527439219387 -114.3345865550077 -57.78254704523682 -453.0807007052321 -58.99505289994309 0.3983637557530675 -1389.068865075468 1817.242262275874 103.6824178206581 -937.8398132288119 255.0253719352877 -96.73961062240765 -1045.061202228542 -21.1370292753156 -28.82215350051305 -1026.307874417542 200.2819026191892 -74.73951132865066 -872.9506906761718 -30.28089636105929 33.47505199558915 -204.8441648088134 -147.9157217601652 13.80543358906353 -202.676162676908 -147.3515793553751 -23.137783596745 -771.5304971663295 1536.049592291346 -37.73844036290283 -1825.367320805784 1934.747377605339 -13.81454657858287 -369.9728266415274 -118.0449711296645 -39.92495540478211 -1380.310211550074 385.3413083588367 81.55090984872128 -453.2385076933753 -58.85771275815989 -1.667907663173709 -448.768514859495 -48.44471594048296 -26.9035882057796 -303.9358303898701 -106.0619373293261 14.31412865314537 -470.861790599012 -79.63486323087326 -26.42691570589079 -784.9294118912164 1082.599047368634 137.5421425150653 -521.5931443126749 1111.680083847015 -193.197537948057 -141.6268939431702 -94.3869021649199 -7.887993990244911 -151.9739679024628 -112.9838539996312 -6.698327133892153 -1693.710978396068 1237.512967644897 192.6942108072093 -652.828377943466 28.33830987027562 -31.31007349776712 -835.7060053853722 989.3050998346795 41.72295019928693 -198.3005847900535 933.4249548416789 96.20359163510723 -49.53928917131705 770.7877534228433 144.7258335847894 -519.1998245824169 932.5196286149577 45.37309111935534 -550.0582139676734 910.0911185847626 32.08597769365797 -508.4201863778542 1105.885318449433 164.830831826108 -568.2317696115766 1010.90506104163 -15.28019779499695 -227.9170434001917 1074.509492744063 215.0750098467235 -163.4276846380624 -112.7587508839036 -7.101060088379537 -88.26303640741054 -73.2582157361699 -16.14901166142518 -140.7696066793625 -107.6629140256166 13.10289199770281 -76.86482928151969 -33.23945808320705 28.14734378380044 -100.9256866392406 -62.53305842953828 16.96366713019088 -1601.24724302552 1750.362367867689 313.6650150565959 -69.66559109807181 804.3988640307907 9.818422461587414 -35.36876772785506 887.9756315466037 92.19896497253552 -98.43746762960245 -69.56609524606917 15.06238117048095 -100.7445295004194 -63.03791713820266 12.38966131309463 86.96091649822512 973.5510998799305 134.2088576312178 71.34173155386499 831.4915952570909 194.9367641044971 -69.94361837585917 -34.50398116365351 -59.43745949577659 -17.31417809651027 18.12617404444636 -46.40623534638972 -21.00394911301879 27.95030331279915 -50.09572351450269 -150.6017612482507 -55.57564378912073 3.81539463137994 0 0 0 0 0 0 -1581.209911511849 1241.352452996208 111.9216939146983 -1500.350045723554 732.033195475727 77.75574138310502 -1655.110471464482 810.1778336177966 40.62556957513226 -1247.634349091507 508.0399504753616 159.2789331040682 -1458.58634668464 321.1253830783812 -350.878753653997 -1586.46783360059 630.379669333961 70.06819921260102 -1525.176970450197 512.8708050906788 44.38009295174533 -1246.065946048486 508.7708026370789 36.0237257529363 -1361.376536949764 493.5456866365128 84.32294052629354 -1148.570050476769 1445.390737632108 140.7282371512617 -957.5941613015672 255.7796786441665 31.28598380575861 -756.0319676593954 1516.556979901438 -27.49367342818065 -847.8735239758031 1155.203305733429 -45.52783841196126 -1034.342297623961 1698.512716301556 91.34209806570611 -820.2215384349778 1488.274767410772 229.145536659196 -1431.872212990811 2131.480482538161 143.7225000226944 -1064.105811853399 1842.141613864095 199.3345425022615 -853.4235709594961 1153.878359613006 152.8305117549993 -778.5611630628756 72.37452634026718 -44.16364992539597 -959.0730633502751 45.35862177211439 -3.186685069021623 -1017.168896064173 218.1678700070097 38.3138265834557 -653.4993158311203 26.06749082746979 32.84434800704096 -695.7111323046637 -77.5073463656329 -105.7660862318419 -825.3027030591303 -127.3240514960608 -33.95058269589303 -584.8369578135616 -6.361361318647822 -3.576469858539671 -651.9224703872479 -60.61650238039022 -28.51533631012661 -1238.686826245329 2195.873936262426 104.3016058068173 -1426.651631525073 2051.991411430231 230.3305645522048 -1086.215169342716 27.03534040141817 -82.49619286710278 -806.4926841351884 36.33525850983438 -1.551792366444472 -205.0198236688987 -146.0565280378299 14.53952574869456 -752.3578371854016 1517.025778681664 -26.91602616823003 -1965.013195584656 1748.073093866894 74.09934263393095 -1558.985706601146 1930.545705594664 86.27513672830024 -400.0304917802789 -64.60071623759022 -28.98269277797103 -1392.429303384807 148.7964692347607 46.35704701954695 -461.2901223122304 -70.99694481677531 3.610618885216825 -607.5025451076465 -58.3708041075451 -49.34077206351741 -460.4106712627711 -41.18855679597682 -17.88048572176028 -448.5098332672223 -47.97061405963791 -27.33900246477571 -276.3450139554549 -81.86141653900206 26.776320520098 -543.5010221194003 -18.90839119583018 35.55252835096123 -631.853454971636 1223.754100724966 -39.79553207391503 -141.4971746390651 -102.7686191817122 -11.84080026172734 -1958.782085184693 1747.06700619191 73.39853583054331 -717.2559722955817 1134.11819911374 218.0656658000875 56.64645620833382 971.635514217176 258.552254552211 -220.6497303366015 860.5796941993297 279.197706704498 -24.37685883576044 1015.117481719762 220.8506517111235 -564.5474381659204 1236.360253316344 189.8144398031076 -414.3358302310435 1007.802186759843 -64.38520880545262 -412.4670325989294 1010.813327689477 171.1397661210072 -355.8078908001089 1193.715505624006 192.306509571048 -162.0292857381457 -123.40152413227 -0.4961454945024987 -97.88120799652516 -53.29285701359031 -28.49873871562864 -142.1113015453927 -50.21078996986164 21.87580239937072 -93.78244658602785 -1.606402761237338 28.14694508782775 -141.4653118640668 -46.27715770208525 -30.30208870263047 -144.5561850575602 -55.63845773854823 -29.31570724607989 207.4371142173722 526.5773989754185 172.531223039007 232.2210879330992 879.4283014531592 235.8313651144505 -35.8871445357173 889.8189146052529 122.3458591928308 -143.1479524003634 -46.46105805261901 -21.39326029912149 -19.99296535739148 1047.907885183169 187.7528895391109 77.4575077332893 887.0526853531366 222.1714399484501 215.4965867284481 891.084403760211 67.35538055146507 -138.0480205410857 -8.921797846549941 -85.01554090980386 -50.1450391779892 -14.70523557378207 -79.23664614841161 -25.89446394813663 20.69095434573532 -47.3688579034101 -144.4512554772748 25.49569109757076 -173.540905642289 -145.1618607486717 -34.2188770957728 10.41995070629822 -142.031018462429 -48.09961592132355 27.55459474420959 -1124.596976960174 1812.125715948921 21.86063419943197 -1496.9139782114 1983.89154950413 112.1697305430893 -214.8043822354898 1051.72171811794 9.481586299407475 -84.44499442312937 -33.38123033108585 -42.72239975821459 -134.7948631101515 -10.14323564897739 -86.85265829642729 -31.59611200356512 -33.25321065190484 -97.78367381162266 -41.40503138407772 -2.330692902518858 -62.87956155198683 -118.8556078310301 -1.14604744093746 -95.85401433593934 414.5812106097874 -136.6676530867422 173.6642477597289 -1588.978817698903 438.2536189884702 11.12769702407608 0 0 0 0 0 0 -1938.640238267856 1230.955240869572 -1.157669398704178 -1560.970652105048 1141.696739387466 157.3536136276022 -1422.433989902071 912.5076365879927 -33.80638843463716 -1556.497311895993 1083.159822568951 93.08601612689311 -1566.665256479431 892.7254980995355 0.7562169599138465 -1465.882523357746 317.5876898150942 -5.064875420136743 -1585.771429246111 716.7951336159756 48.40788949637213 -1324.188098424469 301.634166382699 -92.67419389705914 -596.0199527221861 2485.512528430829 427.3897668350322 -774.9144303822117 1588.883093385972 52.42840296070029 -461.3310499387795 1540.883247256162 241.2190815933549 -955.1342928640208 1831.068968082867 177.9836538203104 -757.4814142139119 1377.804806862459 290.4300882641497 -425.8850683823235 1569.117297171511 -76.17005640926924 -1422.742162958987 2049.932386111683 173.0890363625929 -1479.695145355327 2359.654804038219 63.14265041413241 -792.2096541685474 37.47946062238232 -56.7555149637021 -1038.858459712443 152.7036572929798 71.88528108252432 -708.1072604724192 -23.71586842575306 51.03610194736576 -827.2627732859313 15.62597863783908 -14.2313573741812 -751.3934888547614 -59.56664429235546 -69.89582048380093 -1510.350303215045 1507.215781625822 505.1337629534232 -2206.077251279243 1404.995673529574 152.3275627425925 -1238.367252961024 204.4529332853753 1.033987526363128 -1077.031494768027 55.98574043887992 -103.9091456824587 -401.2871557057796 -67.10042054526879 -30.5532758358611 -809.1083954867875 1571.860397708185 33.6191703016005 -1912.317534094899 1647.034572391496 167.9833735011593 -1520.259778493814 1929.250990569911 73.5534020681437 -1730.566441797702 388.6956104774172 -47.32436361286141 -620.2400665264284 -87.59572525319204 -34.59865104472933 -444.6403097539791 -49.14440577571305 13.56894043249363 -756.2152487496377 -66.61727958565743 31.02771652431865 -539.315444989831 -74.76825123524276 12.57610741966643 -465.8345922825021 -73.26875781858105 -2.421118945266075 -436.1014676672623 -84.44390591473858 -27.79063528241875 -289.2221965820814 -54.56576435411637 25.89222656389433 -400.0176510074155 1438.092481266922 114.0300540762343 -143.2396362468427 -46.55667641649603 -21.45024146973234 -2258.559139921954 1579.326144772287 382.4076588551386 -547.7360154061736 1341.474487019477 88.06493273428197 483.2034100449102 1035.777852887977 108.1536903454064 386.2343057816825 1297.438863653331 83.29629913813453 -23.90858619664358 1015.072717473237 201.854309426087 1076.905513816903 1308.752622306783 -320.3944841133778 -438.1300171690795 1320.459484887394 55.58301468470896 -433.1487420767775 1261.363198355884 82.92995178047903 -168.6202980730079 1355.091897799784 123.817464003434 -258.393888187443 -57.55766644265955 -39.51924031986402 -142.6835108453713 -55.90214778381048 29.44773035114586 -143.9365836297507 -47.89118952999205 21.31113479767028 -77.40579321338255 29.43811233184872 28.14736203080493 -154.9592893804586 -2.45273323774164 -22.18223394070245 -276.7827572801929 -34.74523229537334 31.78491502161411 295.6879379294454 738.5465347676737 263.1346236945876 -214.7828724166109 1052.576164416538 8.996567741205585 -218.2408848211767 1185.543759095781 48.44926120548523 302.2393868296357 650.0656129647894 70.54955647504235 203.7198998404644 922.8399601720243 100.3472920741764 -122.6065739487431 66.63951596424016 -160.5709874917774 -129.4376581469656 64.59235830623275 -158.5270333896552 -149.673625953857 18.23027207877906 -171.1464518697592 -127.409154832923 25.83379733946302 -181.3488088670837 -141.3097325601547 -46.68479932996807 29.17454465099859 -487.5188620272947 1889.534991632324 123.1938910193725 -1040.460813907828 2016.143758051993 121.0295599881517 -96.0401431553114 -13.70932801614581 -24.37030221232781 -119.2337656907147 65.65596073912729 -162.7080726333025 -61.98517525527863 -2.861707046315787 -178.6927391855504 -26.33098857299751 -24.71530301130758 -47.80540635440526 -85.43937865507556 -20.01123609148166 -76.97080174237064 145.202356809204 -480.8269658265947 -10.60439622113139 488.4391310294113 -287.9146059928765 246.7921836827398 -1601.696107525454 449.1050796414049 -1.041868435938768 -1851.494646106565 1458.595980075232 127.2284374932103 -185.2726502777624 1465.897212480556 91.64324865768889 -77.62475166253243 29.02081454311899 27.74491625571498 420.8339716722736 427.9319288058478 106.800948339445 -19.12536917764448 -35.41621057797278 -51.82493366102912 608.495159269739 9.898875650364575 97.61825683809163 -12.17945926237244 -16.92286859757707 -44.87934918516411 436.5211120445412 219.6687084933504 209.8209272840107 0 0 0 0 0 0 -1987.492602727608 1041.050708241081 56.91364682143141 -1563.6133854501 1141.689967914104 124.4468725524103 -1688.945219001435 578.7384240907918 -117.3928004803108 -1521.409699559576 506.2331286576741 -17.6651556045286 -1520.477221098655 495.0798101467062 89.09318507636897 -1337.043334317328 267.4062081802633 -75.53620578834429 -559.343253442364 2489.944212907114 411.0487597958568 -874.5341714319746 1795.113570903104 746.2599669188215 -442.0436161662096 1454.931147547209 145.0119251588384 -430.4515201814348 1321.322401780989 147.6144541596275 -1582.626227868717 2123.39230694837 168.1212537016175 -822.4572460014314 -39.81758717083064 2.253698042160359 -1075.155609153302 50.90771236769086 34.06087681485529 -1143.700763183094 293.6803114715034 -40.32998234922003 -803.7281945951481 -244.9023654876505 -61.96401224367268 -709.4475316496951 -196.0253182454469 -112.7417308616366 -1957.32558096238 2071.178941082568 392.447519345768 -2116.513319944293 1483.776703008122 209.7593382882144 -1240.967691465203 185.2002563758624 11.56924782215066 -1109.576972228197 130.1369062120829 -100.5735729436065 -415.1256027402093 -95.40375929214041 -12.61818935964832 -2531.802951415987 2848.80584361249 525.1233316329176 -2122.88496925451 1498.164505044084 420.9073927080485 -2601.463403350766 3428.622626189307 621.2615021518151 -1727.269000270851 366.9317785482045 -36.04590879533355 -687.7027371190321 -0.9014051292487025 -23.11098834019497 -433.638593322979 -83.303551615741 5.771154304112904 -770.8935851415262 -13.32911824153383 24.03890351190787 -511.860620283183 -93.6400041452814 15.71975363402573 -461.7369777665255 -48.77052927845578 12.20869351032541 -542.2583959931827 -48.10907035203385 1.180042188807012 -415.2638634550046 -50.33457248625094 -16.34957509888533 -284.4912256446049 -47.02253786616262 23.03909298347424 -531.3558884555553 1982.750183180228 297.0906211877544 -2577.385170183517 1401.233059674956 240.9653556627686 -575.5738139941702 1402.84575267925 73.25933256325598 489.7000074114555 1045.877727793336 102.6310987283891 616.2757501252102 678.3769181817863 512.103978302159 224.956815889928 1729.101676937393 339.2801511820963 1055.880600264439 1305.265279330485 460.6007643551081 138.099904646458 1703.545759231421 377.2789578423278 -433.0587470989032 1260.872354482722 78.93191525228067 -343.1869857973704 1375.496309573246 12.44732560074752 -253.8696394446634 -45.40146260338229 -35.17273882533247 -260.3440443051577 -62.75507273679885 -22.07424522142194 -124.0324932243471 39.03738282646664 -14.69053799126903 -263.7890382309044 -3.958302860368444 27.26264814276071 -155.060636918788 -2.117395086332934 -22.41422089852277 -279.878688081761 -29.3938508466405 33.43717633742514 202.8775800563155 515.6165460113597 364.9234120779401 633.2438887255227 1633.10233632226 147.2553630996151 309.4725210930911 674.548366246723 58.6300179194429 1427.707332462869 1271.000647663131 413.134933047178 -110.5477085536471 46.4917611329389 -219.5752943274306 -127.4114696835125 62.56826961892894 -165.2574190340582 -148.189969995099 18.16564074356758 -174.3692476455948 -149.6786300337125 -22.26211900456377 -171.1514695731853 -93.00028552637372 -16.58705783593438 -197.1250045235594 -155.460177201358 -0.7570797180724732 18.48801286763898 -883.5862515655555 2304.484283786061 265.4648399023135 -956.9302172537494 2218.254450622055 1.886345051713392 -1135.700752080091 2267.185663718259 222.4389706314442 -106.2724670160322 3.656191731696495 -24.36979195524524 -102.793339091122 64.58285915387802 -161.6306914387968 -77.5918262344596 -26.32621443636214 -220.2441703460667 -166.816827725673 -50.57650904522342 -122.953509954608 258.8136312143283 -335.6925803743252 -95.88870504884832 395.8390093067616 -515.5573294300216 193.4915910301386 334.9903733219459 26.02295528444139 407.411948272143 -2196.756336455421 951.1700612389275 192.7068763075886 -1898.511593237538 1341.345560399073 23.36907807706996 -89.83099010833806 1514.321287286572 140.8317060915702 -98.87162167768147 57.69287987495461 18.73798263636167 424.0995459051931 434.1700326895038 194.029183170246 368.8584082776068 305.3164077149194 163.8470377360433 -141.985016102802 -32.97194874557384 -174.6821773844038 607.7108544711563 6.00259132483832 255.3339611883319 470.3417020716996 284.3472379126599 242.5803590128417 -51.89678175120433 22.79494213390544 -84.59612307592479 -2005.312733261945 971.0671751864821 10.32624955414163 -299.0938252728446 -12.45429878820049 -451.8410963080723 -89.33695250074271 -16.58659060703137 -196.7737873715785 -97.22462896384381 -9.861700127244944 -191.0761458805806 -65.87850423340755 -12.66489153941105 -160.8636946562 -32.65991196724122 42.03055311135603 -103.8306924958238 -74.88554981542596 45.78388792480492 -61.60652144135696 730.7449357142132 297.2067004293513 111.3739632842945 363.765662769135 -656.0899697400116 291.837191804113 625.2939651363401 -155.0781884623005 174.5755568362609 456.675945442042 -520.8745703418737 367.5997908836232 -142.9549864466228 -22.08955956192204 -237.9301466134734 -97.86364130668774 19.32301753335046 -196.5327459050953 -221.7541442975491 -1.606181314293694 -67.39368973965391 -147.3577621566883 -76.00669893830344 -265.4830501559903 -26.91195075358319 -1033.788201027291 207.6902639470844 0 0 0 0 0 0 -2305.879838845187 963.31688577044 146.7286689351159 -2045.272772194077 1024.517647297519 215.6494563360978 -1642.039395582194 585.9462066557992 -85.94394670448585 -1366.392303678203 627.2068870361613 -148.7912015789447 -1597.756154713626 593.0377116472326 8.93134458681415 -534.2125034841138 2455.470093849799 410.7429939342999 -1114.026308703568 2339.049077655659 678.2819588641751 -507.4709021297928 2003.645155200734 284.8154720535218 -513.4583526913158 2324.320647435603 96.45821136587817 -974.6404344773722 3508.824941199115 1158.723438381761 -941.172981563699 110.8541359237907 -50.51737353545825 -1111.694699044652 134.3501208023507 -5.354341594047684 -1195.399679083002 163.7373614879683 -94.66080852023288 -964.3537878848134 -145.9316418403906 -103.6382916170347 -741.9896486421877 -60.61222236763553 -202.2831927911164 -1999.490996716786 1961.718734744496 351.7767239001478 -2422.1156367095 2642.030230140533 273.5346376494597 -1309.146842356159 -309.5963036148767 -240.8762970981419 -1722.983539034758 370.5909761329777 -38.43716089307151 -1267.345102331647 -289.6837748658966 -254.5322397016417 -429.5395125362095 -75.8787865258486 0.5166551914985907 -2846.447903183982 2880.110042086344 633.9585306995768 -2491.766138453047 2895.278628927926 472.0920508333242 -1674.580183950207 -6.656220207063683 -185.8181600792936 -688.1946307730766 -1.927289316260633 -23.501635181596 -1004.537664840111 -48.20797602656721 -75.55694069171037 -756.5248236476826 -54.95301413700281 -11.98449060463149 -511.8617311829879 -17.77447022687109 -18.34152645626082 -457.8220995022471 -53.54848818045069 10.01795488943307 -547.7069983091803 -53.54048509824153 -2.699266145491831 -684.2286822204073 -9.329898683439927 -130.1564394031817 -412.1512304043695 -44.88310403733445 -18.50735959331645 -2546.392998638589 1211.23677703405 226.5116810057073 -349.8066958876955 1765.672410217075 184.2178903609228 802.8731909778249 595.9211590883504 156.6592508032352 913.1110366560406 1096.124195798882 311.5724175804566 16.33409334119833 1834.239942553718 371.1565603196769 1176.505272556944 1483.922851931659 638.9093052795906 638.582488545112 1521.483236434535 202.6190183548611 92.52278122352884 1947.637344077224 261.0241838961487 -174.0382915642777 1595.983513706296 73.22669531643429 -411.2151707437806 -45.75842836640413 9.26678235829918 -293.8502666007489 -18.94873512991794 -41.14181259277529 -127.6876678684534 33.54756233193757 3.435825389705793 -124.2747511172728 54.08274945972607 -8.42700207943227 -274.0121391259464 11.89740613349211 18.64140458121167 -154.755258724604 -3.041923185616195 16.82104133530923 -436.0592152130669 -12.21618462512007 -10.07590568241403 99.19529102123684 1910.542335255 249.9768731370857 360.87865231337 848.181932284908 111.0809847706624 1638.258491069124 1937.046086978878 616.7623484749164 -146.4489162784578 31.39756031037798 -218.8631558832024 -154.1964179622072 2.006183322979054 -161.2579295267616 -145.2467710601758 -22.06953103136668 -180.8055507377009 -106.8682414906845 -33.66936799591004 -190.7763749050782 -290.993607028204 -12.91721495932772 -40.45046370644448 -366.8443735776674 1761.328964197939 647.7564121603248 -1100.971663824335 2394.387922833403 169.896659321786 -99.05100033961605 18.31969902800466 -24.3702278474126 -86.78450751282686 -13.44136405036494 -195.1186432229 -187.6391402757855 51.40491723754526 -224.9283019541168 311.1287922402491 -663.3485429431499 65.23915303987168 475.2915352124277 -462.9265152965543 187.8421987432539 399.1516170995388 -510.2359453214846 424.1647116403238 833.2567783057053 10.34661124017013 247.3407212804039 -2524.332059512148 142.0154837705629 -138.2148626771539 -2300.138927847539 939.3639131443163 125.3221478503018 -1960.176319830513 1186.608767538854 116.331280274581 -99.74288562444573 55.22204802017399 19.40631495601512 507.9202230400898 629.1559826035991 282.1239675646023 411.4778592231528 404.5351814855511 206.7263222221686 -132.4665080572578 -57.7805312158791 -165.1633333797387 576.947354287336 -69.07231685433318 216.8905220204906 605.6087996003963 10.11963413025816 253.1797952006149 -445.4330065912602 -89.28818775480705 -271.3754319480228 -451.357294135392 0.6852720241209107 -451.7739824664509 -54.45937787061514 -59.55331331701076 -174.2068115163117 -69.85121248235822 -32.79760777550844 -150.4443496433974 -99.70626346626051 21.16643612078798 -194.6871384689258 -68.33977210667504 6.346825501262263 -198.8259182579139 -158.6610167948351 14.3148522423194 -93.07037662481287 224.3058756288702 -791.0755337408967 372.3525119726544 380.0320086982694 -686.9992446360383 278.0447239536286 -40.97487864276932 79.87915514898724 -509.3895107551561 -109.9977594258183 -12.97962430387791 -184.4027594900684 -358.7426443145584 135.4017545784202 -204.3956215539185 -225.711462623749 2.350983924584844 -267.0350303774612 -23.20036948999967 -1065.359237631097 193.0936649827931 19.95853183434077 -1059.833756219296 161.5372893718654 -2152.668331006247 1159.38164879846 141.7427918361595 -53.64540419860552 2400.374459967237 586.1685491784799 -3562.76312413229 1709.588418205336 -82.23978791271551 -511.8622293426249 -17.77448752553419 -357.5329035365618 -547.7010048160248 -53.53989921102087 -15.45630040382263 905.3060020405508 1095.056580855196 314.0075404454175 -93.13651868271441 30.32334046892688 -35.46091461780777 -90.32380818957354 81.94548120728092 30.32907303390856 -296.5574338857469 78.03334802523972 -451.742595751695 -75.97848174389381 10.60586712054275 -187.4824895789578 -119.6629948013028 28.96208359073956 -115.0884812479398 -246.5336907970851 38.04766261492515 -513.4431443748289 -130.5724169121901 35.12810926117628 -108.9221057546626 -152.7638363820022 1.670453229204207 -250.7716573810922 -48.60316149605009 105.8351402667425 -187.017324502822 -22.66879343654013 96.09696476769632 -196.7641568456346 -103.4219440416327 -22.73851911431052 -182.9105481989711 -129.2145572896132 -61.03697588574938 -157.1257204620543 0 0 0 0 0 0 -2294.178893727817 968.10322442058 28.11329154198144 -1669.611559755276 409.8598242999767 -67.52231466415905 -574.8349813224864 2369.664288856743 452.3430804316435 -567.105909388044 4331.919684015869 1790.761616523943 -517.2028427841403 2327.587406674383 126.1502915158841 48.41764352477136 1850.980808859816 384.98372574253 -1565.484927522067 4273.755484048085 820.8028012175952 -1133.755585928367 82.39570756316472 34.87079488096717 -1233.930755214399 67.55773010444828 -18.74794305453704 -1729.808208114497 371.4196884094086 -89.53931990565287 -964.1808484327327 460.5998800989832 -530.0350058298828 -1167.217559283328 -21.90259576462185 -155.6891549302781 -633.9196132833939 28.1001650480472 -146.704700467087 -2541.731889702932 2646.032309253411 993.6664798453787 -1019.49224486435 2106.440354252542 849.3138082342822 -2777.198350717844 2217.884988980896 710.1939026785305 -2419.589525240634 2619.803043471018 656.3361425251612 -1737.693422239406 -46.96528885247236 -239.2532609075721 -1660.115796330844 3.076453646888065 -193.7196109064693 -479.7874409064284 -7.875016127549684 -39.25106655611833 -4224.983921852064 4618.638219118165 -143.8558297224595 -704.9429412488294 -44.51920948953658 5.950447901642056 -687.2199258752967 -2.256853231059105 -24.28538284693845 -1016.281593793641 -33.16116678202668 -64.39650939828074 -433.5582488574439 -7.535947418134239 -6.898899405218698 -655.3415779742405 233.2519248506479 -144.7750106442528 -2353.157270511715 1329.475534783904 151.7570480987339 727.8747300372424 432.0587301079407 87.75187206761075 1060.815339803206 1311.316422367534 425.3860464811352 50.43743763917764 1936.436836031058 332.9536310460742 7.2627250879839 1839.74593776756 362.6433647210337 616.1502516361558 1959.363978493951 371.8049526570156 1513.08302564545 1967.255453369616 693.9113221311413 -3.204881784890233 1844.740156405439 331.3398154682649 8.466524996659693 1839.964649526165 320.4080881882826 -417.4771286109242 -35.06590663654583 4.075821016538807 -126.6624705894322 42.68778449845347 0.8441997735883526 -125.5307978304282 36.27320416313927 7.831523469106695 -288.469789410419 30.75403502179272 30.68780636389564 -126.1855143519981 41.54207351904468 -2.110633147696786 -287.368538397439 32.61783193813266 31.12948817920147 -396.4614916297111 28.07418910842994 -16.53552669345735 -312.2306457942686 17.62586698821865 -22.42665982521662 -434.7566397352437 -14.38266191959383 -8.923921281545434 2161.846747901478 1032.43962051848 490.320099042164 -142.6041083083471 28.18630736970833 -162.954492009939 -155.2866567943327 2.006079757762859 -172.879933409437 -136.6957986848514 -40.33403041070753 -177.0679883996484 -105.0388323486205 -42.60502653356156 -186.587956133671 -74.62548287147543 2404.265903018508 411.5692550558915 -981.2101303036505 2246.635428521711 267.9221674932323 -757.0037197703599 3649.807914001644 711.5093853518063 -94.3725126602159 -13.28973644169737 -200.0218656017896 -264.5669610136037 -63.95072212876791 -601.6877750458368 -104.4711873504183 16.39851468670141 -189.9149138549588 14.14175357315536 -1037.804099581547 -152.5833133315217 645.3879561754796 -562.8782522077734 99.01492695700216 768.331196406033 -264.8937247552903 456.3057742704361 35.77500212773264 -750.2276507652157 501.0712841483423 651.5184418807723 265.1184454006662 190.4966069524784 -3167.478470200123 840.0355111620662 -434.611526496489 410.6691830877557 399.6342867428539 392.92768322672 -122.6764903132181 -47.99405883303947 -197.7352383214443 -144.6074385286651 -54.13078477605827 -161.5093899478585 573.5673383562695 -63.21248692748267 213.3486051456742 -475.7407494245629 -13.26423364027535 -419.3674131176167 -28.99247553674549 65.12828033833163 -227.7225725044717 -89.47238859008266 -60.24567576872065 -196.8605890262122 54.46183365455497 -743.5553904561798 489.6945193904491 -73.66133260168387 98.10397481244763 -557.8799461140699 -106.9780419906205 13.8636389419785 -510.6492307742536 -104.8148212909785 -20.66533691301828 -181.5083088962085 -246.5558517913857 23.21587434511387 -316.5801138026811 22.20033184715918 -1035.777392130323 169.0497456756313 956.1633396592335 -1577.209399954955 465.2141405351545 -2343.272980720478 676.9160347082285 -24.42704215102362 -64.79888358066431 2446.912588967258 552.2682608178036 -3502.415338658535 1431.772354918711 91.32890827584873 -655.0521141324004 36.04395667291264 -303.6540535011801 -553.331246917024 -38.44539177689296 -9.787231437451982 1005.47817576807 1317.185707216684 453.4568872548958 -109.7283472740013 55.72752097131283 -18.72991440732797 -118.3466737971869 109.0939468608214 13.74113442775844 -668.2599498950528 -82.99241353805004 -909.9971358134624 -55.6257470257246 27.6719232837151 -217.6747112348556 -180.8940175702344 6.686733478102654 -137.3319170122912 -171.170739630603 50.69006114955305 -232.3527829239973 -132.5596981605086 21.87137007378094 -270.9673781719233 -32.52385665663768 -683.5626648290536 9.542896338271843 769.6350532335584 -269.2454221860415 57.16083879354043 -499.5811354190567 -18.91088357091933 -535.8874183727904 -272.8736617303639 -68.95367113228322 -853.6245856379537 -3703.006334993429 1200.197743633369 238.6013982649764 -466.4722666694219 142.5125563866681 -374.4772167208572 857.6034656847903 990.1507341253576 599.1130758103405 -110.7675087633387 52.77966560760655 -20.44291565522317 -121.6107843130055 112.2564282771568 15.76199064365214 -99.25304603427959 -11.42738304351135 -237.6508489112192 -7.490632695677911 -873.9291861640671 90.37588422238568 1427.574438887041 325.4565804527832 432.5657986193588 -100.8186544010161 81.02428887040901 -33.48961628592022 296.2915233952369 1991.956229478857 1690.868038447815 1126.446236119788 -325.5570510342067 1710.178997024567 939.3081229822068 -583.7863243138162 335.4086319601696 -228.8642050001144 239.346535154668 -918.4714180522905 0 0 0 0 0 0 -2258.331833030982 690.0459279118372 40.4150779792318 -1722.957304813707 273.6517125826753 -46.12602326421613 401.5330710453417 4386.75553168959 1384.25676996992 -748.3424248202086 3657.387467273945 1895.300383663419 47.91659895104802 1848.532655330823 312.6679450323369 49.26794928773796 1848.979909326693 384.251615724221 -2086.416972394124 2899.224351199109 885.4324730728453 -1172.137229984373 -17.44440127679368 18.45128894231422 -1429.144507398631 316.9231383755661 -134.8529075839374 -1701.060509150057 277.0572697807733 -33.18254776804937 -964.2144469817789 -250.4440509976075 -321.5817914617115 -654.9717748975727 36.03953604158153 -140.2511657578139 -2233.839933880866 2258.285798968084 1209.271993859581 -2543.806667645239 2644.346878256015 991.1271149327788 -2513.280451783307 1886.222101550528 1056.64233287848 -3691.87525630864 1200.274571618944 459.198777267284 -4387.620842706763 3307.664135485994 955.7049488299454 -1737.239110903489 246.4966383658289 -325.2255644206062 -1732.207438148113 250.5008561599705 -322.9496124473512 -496.2379433010814 -45.33490728898195 -45.96761108112908 254.9318678004279 4220.592340916159 1446.632549295225 -694.6155379630031 -57.9793606340739 -0.4538400090345705 -1098.50495167356 72.05050425288351 -125.1783453000603 -431.679301357428 -10.70538620089058 -5.23351240937476 -553.2450742905691 -38.43940451265845 -170.4267510136827 -691.4685321535998 -39.8337525778065 -29.09393404917323 -2340.627970292014 1155.811722274929 260.4610175280794 1404.638303883552 475.9788438859523 414.235599846381 1103.545026584503 1395.986610658385 1115.858472437824 1419.757092099063 2251.726614869391 1036.118103277219 2976.834028946897 3616.626319078451 996.1638652307772 3407.752825384102 1506.343113266097 1440.014674255783 1679.803106610873 2912.267300731568 732.5528840122497 -432.0562902018847 -9.484010023237641 17.87512102484991 -127.9260918516533 43.99345209883059 -3.477915503226678 -124.0475497033103 53.77480881596193 1.525292458989643 -305.797381638405 58.63748605766597 20.31931172864501 -165.277750422479 98.09041601722664 -22.46529476727219 -392.3666374155922 20.8734673910556 -21.09932147972962 -398.8551085736807 27.64426140143909 15.82124827354249 -322.5640187929092 32.50629445854031 -30.10479786515439 -454.388044691588 18.80923278067277 12.58870281504116 2182.201238327668 1091.167847491113 460.4307150604346 -147.3795417582357 17.05579568606236 -160.6690397142189 -166.880974194298 24.09096215416551 -190.8014935659849 -144.6037833717165 -46.99060484993959 -292.5670246634944 -192.1576483632767 -48.28471887621239 -192.2531920640878 -668.8144495643223 3057.556069087721 718.5089521538395 -545.7986930788263 3344.252117432464 877.9405151771683 -89.47166063640394 -20.96968663408986 -196.8454971285697 -220.9129394813181 -100.0628629967619 -624.6566227187794 611.6316495966432 -1044.098456448066 522.8081883071275 1005.077527483566 -452.6960900967244 277.3353738277607 1129.985528920645 -548.7504792156927 542.5342530501207 1306.554371473464 316.0795483189108 499.2150868900125 -3161.771756546631 323.7177430336122 -142.0603186058914 2506.93014182638 549.4924475969796 873.0255786626135 -137.226942778266 -41.86938330660511 -197.4383389274844 2962.88549078801 -214.1674699167482 613.5154867194317 -494.8764338030622 -43.31210487320362 -383.060434533402 -430.166880462471 -103.804249775752 -396.6145405811109 -122.0925752377233 51.66402887943087 -281.4206591121875 47.19891059303016 -714.3385237316381 81.52569835391672 511.6073694035478 -1553.013046608949 111.3837922544347 -195.4531813535593 -4.005380389248893 -578.7721003052875 -265.5791478266765 -32.72817804403328 -297.5308801468444 27.96923550959691 -956.6827296371073 130.1027225498952 -179.0856765649355 -1167.568211098255 39.90920956204427 1075.266936625846 -1500.523828432277 541.2812637872283 953.7381354050976 -1447.47196786775 585.4081780220797 -2732.18192963833 1168.74351971111 258.6889397579243 -425.7252349874708 3985.445691402661 1113.067217254842 -3708.39064031508 2435.534443497959 556.7764222379463 -716.8645904947863 -265.2920939577155 -604.9814057476981 -518.2638508502773 13.66810207365038 9.786605009243301 1939.33445295966 1323.08020528415 840.7729788023858 -165.8074399885652 96.75867474275533 -23.05497822793239 -723.1911100120232 -124.9715485615631 -641.8465464081953 -570.145311244476 -101.9008483178578 -911.7576299429895 -105.544748629015 -14.22211486465911 -291.794094305345 -57.85501106646941 -52.82125737080307 -345.6281004218786 -34.33147764297141 130.9105265924971 -1207.359455879361 -3914.755314821402 2316.341683235345 737.8770591026702 -964.5093025685904 -138.7945989768401 -655.640397494062 729.6891335418418 974.4555290524329 555.2047142386958 -120.1430866072627 118.8381092198928 18.55897621945978 -167.3245049552264 100.0175802688382 -20.0852305194406 -33.0308271513556 -77.64011704424897 -413.9216590268267 37.45452779639615 -839.4755361418642 114.2489007177356 1763.175627869389 1054.359815893219 887.1873110431499 -118.9767579893271 101.6891450260974 -19.69481963308675 170.0072313724199 1719.668265011259 1788.317714708842 1138.964641644208 -323.5538657882454 1705.589834806652 2099.620664455387 -1403.298701890766 783.4777287284113 2792.52099856554 -1978.269605657582 1374.882026388493 -719.5333073711485 -251.5956510181809 -2224.676588978896 -896.9525461654658 2454.973252652184 1260.976490621062 -770.5690173993354 42.25078507162728 -57.97048412586806 -367.5927156266237 46.05941530346859 -296.963103773 1190.629436515071 -395.8200322785297 148.9031333061739 -3164.413032857305 824.8565903471841 84.98993343293182 -28.73704347283211 326.2622009555042 -374.744197242828 -192.5980702219379 -28.65419984173344 -583.8672016638059 -688.2370140840072 -294.7007730385421 -811.4872014798398 -4937.00220732378 1715.655842424754 433.8868545513645 -115.8103133436268 112.1664517777663 -14.55773092892339 -267.1225964683363 1659.357197270968 1646.104225765752 506.3318883892414 493.894755265372 1458.86316539098 -111.9053113197794 125.0671602771076 -19.70277721061233 -1738.239483072809 -189.3099556291809 -1205.437663482941 0 0 0 0 0 0 -2074.276367919925 717.7932005905875 -1.701106709071806 -2363.013745748211 1157.306383819181 467.3884611818739 477.6100889392603 4287.461109135676 1355.592498923421 -4764.026540410127 9510.198088279985 3301.03093678767 694.0371833834482 3414.439521338552 1690.198931846449 671.0920430047676 3429.833144061752 -136.8211538193138 -1521.967957519323 4373.836552611249 1941.577617411972 -1232.940966224032 51.94823230314861 -17.39697220896058 -1553.282116512628 4.108199042398964 -188.5008861449808 -1700.222001502896 274.6703167484875 -34.12585527429596 -964.4502894622174 -138.7861068861866 -245.2298601093974 -1190.457754776992 6.547069958028613 -355.3830148486372 -670.7551543047823 -40.76880965990457 -133.56317989236 -2365.681175247173 1924.032646438184 1032.685571991458 -2608.061440836602 2609.293162528592 2057.794247505749 -2794.190163589671 1174.628959632265 1155.599539379685 -3652.585776464452 1048.542285508261 554.7187392222555 -3672.894853174078 8977.288416718497 3603.581345331285 -1737.329659772524 -189.2108676667428 -541.8222775837725 -2449.533614872392 -456.6008670576597 11.03447631854927 -3009.745235112127 461.5235328442914 -244.1953183249173 -526.7476987431003 -2.554921319184647 -26.10558187268596 -692.6192427334983 -39.36880676266938 4.404935495801157 -1132.619514438127 -12.30590119167539 -92.8487301739583 -638.2006274276299 7.423393342797802 -42.45747351440032 -563.2331526786026 -53.30306220477878 -155.9150555894038 1517.623210972399 460.2797916166762 1358.986673371753 3206.619402909461 1352.860943785115 1536.443661293372 1353.774460752364 784.1558153112891 1099.742135200879 1381.626891639644 4277.739067684659 1261.422898537542 -162.8729887547105 100.6397473925097 20.7255746893657 -325.8398132562906 26.27242912253447 -28.40632971552278 -421.92572415753 55.3300561482723 -38.01280470974434 -309.2521053252271 51.42733104383495 24.35222978699551 -457.5158177231696 13.58321295315288 12.62953324177065 -414.0104468741637 65.01903128087004 -34.59627600426855 -395.2565176742331 19.92600244854159 20.77681173226868 -514.8145299924465 18.8062969969685 -2.539045440782106 -226.1268961972513 19.47165865010545 -282.3427198596821 -166.7029619918024 23.68817629367866 -190.8773752897455 -224.1488054886363 22.32950055645532 -279.2878945573209 -246.418507694387 32.60619048350217 -456.8055981728198 -406.2662969039951 3137.513324510156 778.6126003884584 -256.3105960278403 -29.56359187526509 -629.55650394316 518.0304958589498 -1042.975176873133 589.1686796968057 511.8291285369005 -1553.112080185834 100.3716414546889 2159.657269445889 -1357.501968450562 715.0467807005319 2776.768928618357 -1836.896633622853 1438.738858822243 1831.42247555229 1024.602634016097 818.1032837374543 -308.0273247543621 11.50808067961338 -408.0159457297788 2634.454753225954 -576.7610977363764 759.3055186935317 -495.2730331826896 -37.28768058928831 -386.0670006871707 -200.4501152156474 55.69672832202724 -484.6464268430683 -466.6709413443681 -231.4697211635675 -1133.08971841487 25.95489891812496 -960.6661489952379 59.65966339132683 -177.8578122774448 -1119.446693521885 13.85731288547133 1051.228062373882 -1873.016670563139 432.3408703116357 993.6156693584987 -1437.261996365217 596.3740657541721 -2743.949991676914 1184.674940236521 250.2053635318009 -9639.115332500072 5369.003064335003 1858.294717175314 -670.7655369409225 -40.76944072134881 -631.0748641699964 -514.8007869641118 18.80579496088085 6.325140732585847 1320.81302128667 187.0589984745345 1303.374015584855 1927.638913070198 1452.222729215612 1864.784745188163 -165.6923653670189 93.31377546798355 20.49898078150618 -1227.159875331255 40.39223662024887 -976.3968100739706 -540.7064542222995 -72.6009511344878 -1089.277104390934 -145.1010652065512 45.29224387792674 -186.4671075917929 -127.3833576693933 16.71910827620691 -415.7711712466361 -3664.991097638729 1290.458846054875 1236.495038200768 964.0630323275773 1479.481908313086 870.7319593111445 -141.8545203876751 133.4015319199227 6.958557777431099 -303.4142660218904 63.59346345762393 29.22170426405434 -174.6910480968808 116.9070994397028 -20.84101785253564 -81.79628233607943 -104.8204106461796 -486.2680353452303 -204.9119207394907 -1025.567560108484 249.1956243109911 -163.9960778097774 97.58305965426059 22.18308136336843 741.7146627542436 -1225.02456178426 1396.762694886601 1330.155724819012 -1950.3292133009 799.1394945787039 3472.984132166615 -1621.957748365285 1510.2424129197 -1197.716301566535 -729.8574230786988 -1745.997933519694 -730.5468404315288 2243.97834570041 1139.238710592432 -802.0122183234643 -30.09256952869333 -99.65781450785028 -380.0610690644734 63.61869778136397 -297.1903658892355 -360.9585674408988 20.94090426021905 -333.9614705657359 734.2485333461286 -1374.220165699397 416.270504813981 -3033.122533151729 966.0752025852315 6.326498029467126 -194.4782059383072 -25.98902106620027 -585.9775052210359 -1219.817822623469 5.627733495354097 -1010.987030251905 -5022.308098021296 1065.897682434018 626.0019089309692 -297.1948716564048 1584.245394038023 1599.717324650923 829.9027036867708 544.4959480035442 1635.404220077951 -132.9379459141097 138.0487514889407 -9.323267623156548 -1211.274509748634 8.644750310649799 -352.0619415907027 -1713.856042240567 3567.759950021968 802.9399216639097 -631.2112041083485 -154.0604062142929 -169.3150135769423 -516.0469159794949 28.13068943329694 12.60459273763359 -240.2593910193171 56.37898891737731 -519.1897660618191 -174.1912035316292 -978.9881365724535 73.66636045632772 3351.652297255401 -3257.172072430469 1931.943869213429 -4545.810338452789 447.5053815416426 1092.582956947453 -524.6696150446646 1027.76350186077 1963.671614431354 -2530.46937063747 1502.011261215607 2146.230766404531 2877.724505214811 -9130.066270733156 3450.378850785595 0 0 0 0 0 0 0 0 0 -2225.928799219585 334.5133893295005 -268.212376675247 -3010.21794544081 501.1712823395457 146.5501417807333 1930.933947397114 8897.805816378443 540.711740822819 -4709.861991138574 9500.210070418176 3319.576046356616 -467.169895969067 3326.377283113043 6534.992954211866 733.889114637789 3513.710552841994 1673.831005304096 -1189.224022757952 2.787310773014229 -48.61488956906081 -1737.941721876546 238.5404722460976 -30.77493800202256 -1196.611630379267 -7.512808169215397 -370.5161758732511 -668.8842715329484 -43.03269022573941 -132.34770631018 -2592.461118545305 2718.318939680556 1474.878376765473 -4315.043453276666 9163.753342685364 3179.475312851868 -2999.571308768346 1435.963280357461 1156.958552536399 -3692.029819965943 1265.159941608121 637.755705875276 -1866.521440692355 -59.35702385347798 -479.8198661162087 -1910.974287327999 81.15851022653705 -480.5198140445008 -532.6710939921155 5.782913233133041 -32.35939436767055 -637.8830341413772 9.833005084025283 4.986996100333733 -1174.326614928842 40.43094258922386 -63.10243680992441 1851.751640634978 978.6472422357008 1214.615500593402 7286.240308337524 4472.161800038702 2699.401409304623 6952.699261259279 2858.19648093264 2456.803659583101 752.084322983378 3475.846997452161 1649.254578075815 -332.9970269413768 41.56633854984398 -21.68191129215128 -414.916419008581 14.75017558054246 -1.421333862311873 -456.8596479252151 12.41386303511735 12.96518026564489 -396.0018534415384 21.89184776713832 17.69346264047005 -537.7706735201759 -4.735393773400201 -29.89949238149507 -396.3766765203533 21.93815417782822 21.78766647973755 -648.8780908318995 217.9901026153915 -67.12010478084896 -226.1087346684066 17.53805897966786 -282.3195770149111 -209.9095165391784 -19.53846506964766 -293.5107586543927 -238.4458122205999 -15.43223994198556 -417.9943940362484 -246.1457973012914 -93.27687682742744 -603.2210592883717 262.8288231694332 -1619.457284563884 210.0450762723206 2196.722669062367 -1378.971125620363 1661.505481494905 -299.0836791591972 -5.77818547738882 -396.9872301316006 2012.659068338925 -216.8828352057546 1081.940483220124 -563.0222131330967 127.0464683893545 -412.1945631251596 -487.9949222731091 -171.4471906073564 -1145.187463871934 -212.2359907685902 -1139.913027949507 194.2623608954177 -276.6892392666039 -1194.424112990988 53.13820024073395 36.445841946828 -2393.744030493946 702.123566116716 1241.756711633483 -1370.98246171388 510.3366766531943 -3190.3235034669 57.70655346332907 70.92576237097823 -9126.989282552329 2808.023549300169 3161.482662313863 -684.9061568980901 -23.24967874989927 -643.4874660620544 -517.8098093860081 23.33527815547076 9.375818334654378 1701.575624490137 1005.674504515601 1815.795868677208 4782.108246788783 7504.751007090311 5170.231605458104 -175.7053202694855 116.0895369504363 21.95107422563367 -1187.313697502768 -153.0733808849258 -907.2197284831306 -509.7906917204022 -166.5141859063917 -1058.293796543174 -210.0393218424416 -19.65171547851098 -13.55462396039224 -238.1330770913423 26.34100194581664 -513.0262410718105 -183.1069711721593 161.0738446795425 29.57352635285799 -334.9564722087568 90.18732238547774 34.28761042845567 -225.9912387134472 137.9814865589864 -8.576325776724094 -263.6164015197298 47.7045384900672 -756.0794627942128 340.1054219477836 -1446.321689226563 140.5584759775073 -317.4235636823512 83.59320157961839 -41.71713246371866 229.5010068478545 -1297.372568723929 1116.91377966241 849.5904516157848 -1358.303421693476 440.0885227246098 1355.70683253045 -1933.136773129187 828.0356289816566 7336.951916864986 -3639.791888066673 474.8425191159261 -1867.369269720126 -59.38398556242379 -2415.417526277374 -675.1012682788925 2403.097381693277 1223.685734059726 -806.1951174795121 -39.50910223706222 -94.21471300881898 -1188.497148355455 6.715261925476614 -82.54196939334054 -394.2927903795187 54.01602142614582 -367.0144044751736 -553.4793439398741 -423.1209153757188 -620.5539541489264 -4007.597720950289 -59.30408010534475 -523.9145301389707 -2981.945356997988 -32.77433760029846 242.857598368691 -453.3287147968154 -25.98253614520874 -1027.396795251655 -286.300909705809 -85.62752649653982 -634.3960073054471 -1219.611776359008 5.626782883350737 -355.0724020422014 -4771.413010263118 1086.440423085299 538.8348599270505 -101.9844894999323 1167.067957526306 1437.060546606456 -34.94909274849752 408.7356170848886 2187.336310296827 1036.758317513774 -1797.880267258041 1489.860196677357 811.7654501632627 732.8938104310755 1449.708501663298 -189.957857220453 173.2465428456822 -37.94280406585598 -3939.29148501518 1294.32529262619 1286.202981194239 -521.9490329877638 12.41166040137844 18.50846747668886 -358.1177834723354 -1076.245584536367 165.6068615839199 1738.256609944815 -3933.677935932968 2708.505035149371 -4809.130412499511 796.4113771983898 1300.633464953299 -4238.862081052637 746.5686469167588 722.085025339568 -1982.534915799008 812.5005212898976 2410.14885824702 -424.4816921374013 900.9053463899708 1865.001060231863 3480.694140067658 -8386.652775244453 4082.026469839918 1231.675039176423 -2322.475184358073 6703.872145240642 -3950.968938283514 1021.42713404679 659.5917348763019 -199.1368797678664 -933.8842931005591 102.1797789444209 596.2588961763329 -2744.16693169148 347.965610061712 0 0 0 0 0 0 -2305.652021632338 133.085533777166 -200.4440108652348 -2982.746992213576 -31.10220383472512 194.716578519789 4701.631961509946 4744.623729191977 2768.286677846027 -4812.550380418937 9295.279179072704 3325.090216364135 -763.2214179687194 2494.088829547579 6639.537320366498 -1908.289714348347 78.19109892953701 -253.6242619900838 -1722.472476341152 219.489704336318 -15.62784043421405 -1192.12618942422 4.019548026167341 -370.5627456182073 -684.9112963710253 -23.24985321335457 -123.9375236341452 -2969.067606795784 2849.60647567478 6438.488499456642 -3118.822295732868 1132.225186585591 927.6457207637342 -1849.593929670978 -12.96718879406432 -502.2001117261723 -636.5964385991039 -11.43022934314456 26.42866645131631 -1210.425215033199 86.11136642584717 -93.5270818541545 6951.234534866854 -2083.60367389018 5271.620821114824 7079.927866610256 2731.552290565932 2467.746003581698 4342.749653208199 8036.106150996224 5032.579655962209 -338.6986878804723 53.77494254137456 -32.37877307135141 -418.5470699068916 35.97537237518706 5.332998336464321 -521.965261242372 12.41204630033097 -3.331377756513763 -470.8513243437358 49.85428090394196 -32.0246771390287 -564.1303663733697 31.39970414808525 -13.2911655623283 -470.1128127240177 48.5196640997056 20.68703052298651 -517.7421968364022 23.33223117253756 -144.5528468151699 -624.2742168611188 -260.1593334133122 13.5555061590134 -645.1939720350279 25.86433282355251 -443.874390291587 -349.9469668978332 -159.5742709631378 -153.4776569459098 -255.4684908065605 -29.72366147235619 -396.9532007562798 -326.7647821449632 -102.1014781906676 -517.4087235700156 1242.734801335864 -1370.397121234362 482.5299732075005 6232.897411107739 1434.198795906158 2781.003075150208 6948.770405310192 -3079.87101077979 5033.034155060169 -506.4159468719901 -173.0563403231152 -1061.846151784483 -274.3813498104741 -1189.027094480775 160.910775917821 -262.8952274607075 -1142.128984270402 66.40419718415048 130.4747981833809 -1895.61533181343 434.7348140720568 539.0615538138238 -2634.348150311871 406.9576125585755 -3131.931820994123 66.67247026952535 104.2402683145484 -9244.860609721334 3475.418759222681 3468.308721697635 -4083.593165119998 1673.126598342343 6316.476831385273 -1082.220888113241 -23.24332173407041 -876.3752080972315 1276.304826367554 840.4379206412414 6294.538539766228 -235.3543599032433 141.5160494178222 4.43771198106838 -1187.007138262884 -153.0338580028187 -407.4176676843204 -1897.795959483066 -138.84760587258 -2446.016709552151 -419.4597357666184 178.4375587750429 -983.231674446656 -184.6281403062275 147.824592664035 24.05782850225286 -336.5534015176795 78.43969396325087 36.92447081002804 -237.443393121401 142.9505733016742 -15.04765860485473 -70.24653547773252 -114.51746798363 -1042.970284825874 -80.69685579002139 -1550.714965331185 22.10833632663813 -317.5300520408982 84.07307689852662 -41.64908851447083 -199.5993822189359 -1358.773991595503 1255.092721524247 1104.126465725091 -806.6272895463926 804.2030631678475 -846.7967430212537 10.59002702936333 -117.2649936332354 -1221.034901924136 60.13080742304768 -108.1312286945478 -407.5881354653162 119.1555389592772 -432.1465682122526 -666.1533189583897 128.7649704088971 -665.9375117980644 -3848.013741468416 -462.2034455144438 -324.0914627436311 -443.5620850462456 -9.354712769743198 -1040.909341095935 -4462.211929699487 1110.848347254015 647.9941825729676 -172.5195172933071 1188.287989757485 8606.785997660143 -555.3360085069252 -911.3003672034781 2512.28801557875 384.956910639861 -2091.115819486129 1905.245803485636 1113.278137796123 -2251.894446070715 6696.230986166645 865.8131739604481 694.7318519790226 8759.026546989859 -189.239229508588 145.704133579511 -26.03591371426738 -3886.552101593125 1351.956510022476 1321.970432595692 -585.3406870133123 -1196.172724842419 47.39513575545967 345.5855901931794 -4518.286461481472 1326.242369168472 -11191.08069739533 1628.724747532031 3156.89747240725 -4425.299411026213 2189.268026849893 654.6974118724519 -4230.544138852933 754.8522984337347 295.0859058915911 -2513.07456164309 -527.1614966494842 1974.920877201606 -2355.02843753925 -723.095432635341 1821.482849268708 3402.882451703798 -8375.70999123627 4051.198032575198 -3303.350567840955 206.342263696201 1319.826042982773 -535.6651326091793 -1167.141358271554 -94.97197699406577 697.3003803955653 -2806.126509441459 348.3694619839707 -1897.607271941788 -138.8338010095057 -560.2068710538185 895.4929580601497 -2322.238019516094 6570.047413721642 -563.5256052450078 -1049.269553469269 112.6053498892966 -526.8679440189439 -949.2829197301334 1.627471467817516 -436.5101620880186 -2905.505403987283 7233.40871822521 -523.324416042178 -858.9849727659902 -34.61750405946037 794.7084319389664 -3892.672359750977 7917.936528232607 -2880.353842669993 -1088.678993456632 8643.875335532768 0 0 0 0 0 0 0 0 0 -2344.571749633395 183.6944803703757 -184.115907925439 -2679.786226496195 133.9188157275694 7.454602130407023 2501.82777575069 8014.12603467437 4907.652759223643 -2078.772721142238 2695.984056367206 6089.087731824786 -1824.29276790157 4751.490443600952 7760.215635175954 -1827.85632954827 -44.64912751897656 -175.9297135532497 -1175.846836584159 -23.24243242471406 -385.25893720044 -645.1175379179958 25.86126875673288 -118.7661240955365 -3498.08324044494 176.7028654797654 1254.470599149848 -2143.939733533498 441.525864059054 -729.4770759359377 -638.1886555256599 21.38177334858139 28.70738731165255 -1811.893898832691 -2.918767131863043 -192.1065508889213 1861.037180163003 569.8594048672056 5801.399704593478 -469.7340804023525 41.5916745868787 27.79487108371007 -471.0800229119667 56.47968862354878 -29.15400930773992 -536.9637997810979 27.43059257546269 -23.72825824822247 -571.2473476211952 15.99692594591768 -24.87214904792167 -638.1125479723229 -3.986884417693098 -106.0314711832142 -568.2837000901168 58.82107382485273 -371.8369905303029 -648.5414992661208 65.37027468234626 -881.1761865944781 -1103.862855021228 3.296251984892594 -860.8541619723069 548.0382015390301 -2605.524514662737 912.8951361962555 7161.772921110814 -2887.869852889931 5074.462751909704 -1893.603147050868 -145.4026904262037 -2448.747463819028 -452.4396191044669 -14.10426597454433 -1007.981468223451 -285.0527508857094 -1230.25159197946 171.7106215892873 -262.9271342902533 -1147.504556359552 230.4298168132127 -438.9909332178062 -1293.380827931706 -99.81219216004554 168.1171594623675 -1696.625416496014 470.8327994633395 754.0238160075132 -2523.724908285253 608.8160655742535 -4003.240484753248 1304.575275683768 6135.512659244529 -1081.941519531057 -23.2373216153244 -435.3570582384648 5835.202038858656 2249.172321437424 6294.192604298815 -237.4245992969011 142.3511088828269 5.35320440129459 -437.6588688057845 -28.43651235075587 -1025.287122823124 -466.0535450515767 121.3333627317279 -884.6401961194358 -242.0424711470754 180.1480395247344 -5.874611073840769 -350.2254060153774 86.41706643599566 27.1492496361749 -172.9148500938811 -171.772985872786 -890.3819617821289 -80.34714512010393 -1550.653163839138 21.81821590033714 -402.6903124085368 121.2734333129818 -1.837541732256205 -539.4042541660467 -2236.997673886487 1440.05575472771 446.8555693519012 -2230.975729284551 1136.215322515634 -854.4799508881525 -7.844197513477655 -124.4552580004488 -1264.924081727754 -49.55120753511497 -44.97290953414335 -1268.502291914797 140.2693383029734 -69.98968454816703 -645.8869112070358 29.61208753011663 -566.7720063388474 -1125.004895549773 330.5350066316868 -867.5522035935973 -5077.726112814343 -35.92894342127175 436.1058253795845 -605.0345292943928 817.3608811627987 8208.583035195112 -372.5192479737138 1622.111821724312 8286.366099447163 -2033.256680798948 -1130.39797459176 2088.611360052805 -619.0401354056493 -2442.161760763318 1482.001685280215 1310.93218040826 -4401.122181780542 7916.294464146919 994.4897022905179 -841.2665236507687 7945.437160242004 -240.3842019741311 166.6362053872961 -3.696197991383735 -3509.069240744161 -674.6159854529642 1367.868029190388 -11297.93396961772 2259.837080208036 2959.437106615829 -5933.666553020534 -3192.940991390459 134.9384475096607 -4029.422429384676 -990.0741801466086 1697.641119001371 -3943.597710450762 -1406.857719942647 348.1740622471402 -2584.187686561234 -919.5863116079388 1498.549303337281 2881.400919443399 -9179.212565238888 4214.618181714533 -93.75928330762267 -3210.36312856264 200.03483219005 -2181.432789096022 284.3984501342127 -781.0084728903585 1594.120901813307 -4008.516981151667 7914.15869416977 -760.9449238729457 -1115.8890360937 204.6174295498456 -1969.371545021577 -9628.929042230629 6890.684873966425 -602.0615546053996 -880.7353685411111 -68.72601745318727 -2140.887265842168 -3439.96756518904 6361.621773811697 -1890.942849213613 -1808.189020599984 7903.732701766451 -3627.45473320094 -1105.308981603464 8669.1410450809 -1548.849008205586 19.96668114440279 7886.747332275099 -4504.888948919408 4149.376149279535 5210.210987277342 -240.4476229998158 167.1396508040439 0.07801584960792154 -577.1707758172499 -2242.152584492429 1420.501646840173 -6469.127732815843 -3351.614427912043 6655.687304558271 0 0 0 0 0 0 0 0 0 -2280.438344884227 345.8691774046157 -85.79491671821935 1098.192912869142 4620.910180622295 5490.90406951605 -3045.513752681296 5035.392284179212 7321.259607609302 380.4961204847453 4221.829778388114 5981.870596464129 -2129.280263261649 423.0141531610986 -9.74849122679713 -1244.355853062633 88.22850939903596 -458.1698785620286 -687.3668870373793 233.2792568152022 -208.988577778869 -2892.889115185468 -583.6404796288343 1017.962002029019 -637.0611416361194 -6.758053123146461 -2.514878410545268 -1792.20386762714 -27.41052746889365 -203.3091384941549 5863.064059084164 2228.029194182275 6254.163029856258 -563.4484360540121 32.87609677461087 -35.50242322383791 -471.7067441758641 90.99987773966723 29.4855545743059 -533.2180400065076 80.73682079142418 -2.146022708713494 -469.845478442845 29.20534046317677 -20.35045375608538 -568.2793798968204 58.82062665663584 -1.983151940706521 -890.0098960764299 99.50818653128287 -102.1615640217918 -614.5506658467498 5.480044381130694 -1046.399935374144 -1173.849032341593 89.82726825066726 -891.0784492456976 690.2173750691279 -2547.192548358362 768.2298452107403 4483.165331391647 -1778.512599924151 5278.057720085152 -1966.617892702512 -35.99760899837973 -2521.568631271053 -504.0130419652799 103.129390004406 -1059.426979930217 -390.7981950325072 -1203.737233725315 256.4455641169628 -714.7054144774513 -1546.254113429521 150.6521962203573 -715.1027479441432 -1540.217114580575 -53.98385649062659 -534.8433267251851 -1989.245075665686 349.7020112058348 -566.8114052340624 -3143.126039674007 416.2193960371948 -5264.26414395807 1827.816876139099 6729.480662655802 -1180.960148937965 99.16836617447494 -502.7037792072912 -400.8736645576063 64.01106707790971 -53.79957964104349 -407.9613153586958 -29.99940457060752 -1104.037009337686 -397.9688342551376 53.3505615735675 -1094.081047277315 -273.5097275229259 197.8621370370635 12.22077999867398 -424.040326134611 129.4534278828169 69.868939908255 -676.0635810757524 331.5731813989749 -2229.747604651677 -151.8336248142802 -1694.381256135002 87.50622342003885 -454.1451589595303 -2342.895962216525 1423.962415003984 -922.7148729449671 77.14126655567617 -66.21011761420745 -1304.43667542666 0.8299928802108115 -10.60675691528781 -966.968203045299 211.124840057609 -748.1570079317399 -645.7751930150738 29.6069655670892 -328.2693772387826 -1172.940280343597 94.54794094853891 -631.4464615516603 -4316.843178959768 -1095.755918209472 699.8583820357625 -1965.095483163941 -35.96974232254594 -1020.864108833863 -719.7312558217969 415.1116410187313 7923.309483722554 -2106.934344021768 -1316.513982504426 1950.956779079493 2896.550438774573 -2234.96478282614 6073.876114435921 -240.4209618610934 167.00212913838 -3.532539812399817 -275.749047426073 181.1081518959956 -26.24978974466575 -3452.586606543317 -929.0088556863822 1105.281707966786 -10574.1110330157 -2268.418069779593 220.6593948589213 -2671.692419999532 -1371.404823622758 7361.593375715503 -5337.221526451767 -1064.597902201064 1517.900221441855 -4065.948667720649 -1101.606065293687 784.949412513572 -3993.350346844842 -1049.42641501199 515.6165991110839 -3673.999941217575 -720.1801676024764 256.8956509998864 1112.708512536457 -3600.603894953103 1197.232588700032 68.00073114544445 -2514.704380315012 329.1687975391609 -535.3941765975384 -3061.770750716713 489.2025682153583 -2292.589550900289 -229.5062248939357 -607.3402253849836 1586.317229560205 -3988.894157872503 26357.44984914541 -674.567647873146 -803.6818718587034 59.43739148359823 -652.0283740691355 -1216.675665107046 79.75906579578934 -5537.401415893159 -9960.922647580528 5071.148562927675 -739.8237225202289 -3025.449774097852 1700.152028734908 -791.6877818499368 -932.6817227364519 21.71193067828673 -590.6482698582663 -891.8199506088381 -57.77476326077938 -2128.736908620849 -3420.444428490688 25873.8991684063 -4071.44760303265 -4507.180325275168 5443.806487288311 -1600.887800557891 50.30496688074046 7910.488579267135 -4973.357177971727 1908.347221365407 6666.498223902158 -6913.151938461955 -3127.435530646311 6055.178215757519 -272.7217302748646 187.104841230782 17.61857043913756 -974.4591826063647 -2302.282692578126 1622.392758417946 -785.084272610518 -3052.391541659702 915.473047023188 -3547.251466878414 -1027.164643985895 6314.565656224343 -568.279601515668 56.84196531605109 -2.821578611514876 -534.2974976679235 64.34469697456078 14.71254771328951 -678.9904381065008 -819.1364028339332 52.71973789847626 -759.9543308212067 -833.8351264106864 -25.35847364362532 -4048.367136733305 -4481.62975119309 26951.28985561217 -271.5998580735944 171.7482676016228 11.35344997013962 -274.1994733822546 171.5198443177437 -15.89157441642857 0 0 0 0 0 0 -2462.800740368566 -115.1435859045799 -24.45368114484418 1091.787584228458 4593.958223476063 26248.38293817334 -3028.873634914916 5007.879842137243 27388.92965400742 378.2755504174812 4197.19123851804 25864.52246200545 -2244.742138694183 -104.786811280552 126.677056473115 -1301.458489346712 -153.8451421657252 -409.5141392069216 -3213.15853360236 -1388.292642269996 533.9426981120814 -889.043071058371 97.35685636282851 -24.59322940218582 -1799.994280327307 -16.79400113116465 -212.4863742586551 5829.999980415191 2215.464478564155 26770.39813779352 -582.9465944613498 58.40092882519988 -47.0314294633034 -589.4580567003879 39.34166544922305 -52.54711634722641 -469.9128600444459 29.34092551958252 -26.33074355953047 -534.8390928529944 56.26669746898847 7.30781139299349 -813.4115889300537 -33.31801943024848 -219.8169901771251 -637.3101993396441 -106.6192405562178 -934.0706078899593 -1173.379248834098 89.79131867965361 -507.7115673504183 -567.1176427470318 -3125.169659788746 814.006215937461 4459.931033963825 -1769.295342100439 26360.27291438468 -1892.100839090625 75.48127672919078 -2447.209555034234 -643.9265952993717 -1572.029489159748 87.0260708650052 -452.709347355125 -1648.595846890907 145.7481188426902 -5238.025895503997 1818.706635464774 27486.76355082492 -401.5531093580107 86.63405664625664 -61.17731151365633 -1841.943425736915 -58.48538343529511 -2537.636631619851 -1104.781242076367 760.3523820180063 -1800.510850777274 -430.5376070663975 98.19645130990205 67.02660846556361 -590.0672133174896 -1752.375242658208 21.18925998989411 -733.5616967058522 -3069.125597060342 931.0295976829148 -851.6963667716627 -10.97568436625198 -0.7152077811707163 -1337.863511008032 -188.4973843852439 -95.1905169134869 -1279.639256648732 -29.94892815162146 16.22661683104968 -966.800907542069 211.0883132760141 -211.235714239992 -1172.737298360835 94.53157905114175 -270.7747318875851 -3911.983515067132 58.26183427030948 -163.6385587265291 -2210.055844338048 -399.2834651316042 -694.7761292839971 -714.362365707035 412.0150841192489 23021.96128124117 -1991.239970981857 -1019.69468512278 1833.902538012397 2881.527800238128 -2223.373385133002 25457.77551371153 -276.873955691773 188.2193830991114 -23.34025945071146 -3722.989339456328 -1140.860133221284 1106.866238961625 -8327.052173716462 -3713.88871502827 986.6503878428941 -5684.903422699002 -677.9824026893738 1719.804963645705 -3102.399834169941 -97.44628669059324 231.4015505224644 -3492.456940719407 -262.6577962372758 -42.35496366727343 -3207.082296711907 -220.2455238295297 134.7226003969809 1117.496082134435 -3615.761291666602 1192.450669707872 -335.9926030350042 -2560.687055869833 536.9407806933184 -633.5484905220219 -3635.419729753888 24845.33560065746 2614.989898232162 -2566.444892206311 25069.93184619864 -590.4955637895811 -891.4644588465981 -35.77721723543664 -403.8819071710376 -1446.06040673759 237.6727265108525 -6006.474292729361 -9167.894786183369 4767.561662967889 -1413.783924800945 -3420.609328125332 1654.423125270318 -734.7801419643972 -1003.435149449303 94.40866475343284 -1714.714836753055 -802.4477878945776 22662.00362528778 -1588.948911235069 49.92980915153061 23017.84158217576 -4948.54456869066 1898.826273586696 27364.34972253994 -6872.233100864488 -3108.924288927016 28975.50832297178 -357.5375022314377 237.2551800168571 -5.218696067705883 -1418.908895435631 -3425.681746804832 1018.78915797071 -3613.268237503174 -1275.614728079272 6266.560603441563 -723.7564167512228 138.2005373819451 -81.76255912127638 -633.3699258719681 101.9363778696061 -36.32532808689549 -780.8841008633482 -835.8874015506815 95.90045883307282 -896.807684671016 -848.9106163555341 -83.00028836462673 -3227.603306999556 -4856.937575124109 27402.84866731876 -350.8917505793386 191.2402260744536 -22.23418163403476 -351.9016173196148 193.6078071158989 19.00619063266461 -2465.343213564994 -110.2898346257499 -23.90764775744288 -3796.561016178399 3726.712120746826 26412.37092374061 -474.573884586519 -1326.060822240072 -108.0870807128686 0 0 0 0 0 0 0 0 0 -2258.212000554701 -84.72187498595784 108.3380564703685 2910.586069709656 3657.75675657899 24929.41128686195 8.844474313322879 4269.526971468841 25550.19064075796 -433.7694791696605 1371.151257270733 22656.66611461534 -1237.318446491819 -222.7103769086954 -451.636571384885 -3016.850935289936 -888.6698569205792 206.9274542987937 -841.5396042020878 14.48145221601088 15.18211757934571 -1838.27313482442 -112.1868045676801 -177.6192457398907 4947.259358596128 -289.6571774319053 25253.45531597253 -843.3517206993929 10.33962541459161 17.75973476373425 -641.3724748932128 101.6600044504746 -10.95086237680906 -723.9739014044255 137.8261728035542 -81.65176822739379 -785.6965247923119 -81.43303713555865 -220.0488700262095 -1607.183599574199 257.8529751991683 -1297.957320933775 -1891.665583446761 75.46391314527192 -478.0818728158986 -206.4329907519853 -2242.992897257191 389.5309257648599 -542.18358206861 -1611.627878912894 81.59146849482478 -26.98531745863657 -1811.543354209429 29.95763337362793 -5488.813335979366 963.946919919358 26469.95158455078 -500.7068281964235 114.0774764565898 -47.48106044472033 -1863.509971924616 0.8181829594692497 -2558.939125595783 -472.9696978358805 144.9116080437935 44.69046375175004 -345.9484446382481 -2063.666183482118 465.1017135022339 -1298.863572783082 -77.18107475463194 -131.6643277366849 -1340.625401347174 -183.6386959953053 -98.47970568024577 -966.77961585751 -36.21696994086075 -136.7174803939936 -1255.500554215195 125.7322926159201 -318.2870166286331 -3933.80889651496 0.8169384604074922 -183.8883792889262 -2264.178032256355 -308.8228664633029 -721.2004498164487 935.2842398834448 -796.4604934606959 22318.02999676214 -3890.431467970666 -1301.247794936101 1122.512286466997 -357.6272576246877 237.4402338516536 -1.319929205320722 -3806.159251227636 -1478.421226093113 1265.783984394983 -8440.089339992319 -5025.36309988935 1010.471690559635 -5743.371473718706 -1835.167639698706 1750.415943255353 -3023.077206949653 -616.5060687966703 185.5380096734655 -3101.782854666648 -98.40183621610016 209.4980486465508 -2995.991636210534 -886.0738723416277 199.7154873890595 303.0384294902736 -4639.905970612172 931.983171137092 -684.4596715824156 -2600.316660161977 398.9595607691848 -409.6108433605257 -1417.752818163632 22204.76427073223 892.4185044722459 -916.0860786028665 22211.25828827193 -681.9683120009943 -963.7758634742522 -30.61035179354366 -795.2346852713849 -1603.373624004062 198.6326130814653 -973.8629924873203 -7540.983513220144 3460.145240952655 -1998.574601014644 -4349.25087650412 1394.535368949714 -3070.747611692159 -4393.9511265565 2281.96395457256 -757.5117649847192 -1021.557456310527 94.65237783977513 -539.1228605274338 -1093.447354516015 23068.25679076532 -1811.594750549093 175.1681847326333 22872.18643025928 -5912.574786982334 -315.7485358462057 26467.09607528768 -1112.585470310549 -2651.174103195264 660.8016414088011 253.3517177116566 -2447.63054174284 1951.173476429073 -765.7421389140412 160.2054234995415 -54.21529492977519 -682.5087888416818 70.23385844076728 -105.0140182189988 -611.2582916145425 -2.191576723055061 -23.52386550873394 -929.9300104918035 -860.1556280273896 26.01262326540077 -847.096296756379 -736.9494569962757 -29.29454774039385 -342.791625654577 129.6744285475176 2.741475795453203 -381.7499641622952 198.8214878294309 0.02714739974532445 -342.7470315019191 130.5882366282575 -7.534139583830001 -373.0968831355937 199.6280023847707 3.108542768198768 -2515.01757041731 -234.2032174797431 -120.4115106675264 -1606.550246684676 608.819499658055 22670.80296073523 -789.9872853947397 -1333.705468925838 -13.74373914300574 -2813.192371146733 -1142.621696150911 373.9124138749143 -8482.88029312505 -5652.817659884581 554.8279422526574 -3639.638481047779 -8417.453925704309 1376.869620707795 -373.3777823410995 200.5284641103245 -40.90226319646699 -381.5807350019664 198.4583103149692 42.09581831608556 0 0 0 0 0 0 0 0 0 -2141.305405099476 -307.3858055862764 49.77217394230995 468.7876971009486 1087.228560157181 22170.37387857504 -135.8857870489998 1201.220912117783 22676.40399655713 -1339.313281839386 -89.99280059448702 -470.4541640374648 -3018.169840325465 -886.7501298438484 208.3687775296685 -792.2242788594629 -71.04572554673165 -20.38633102488087 -1755.584707275838 -215.6116464784008 -223.863354081346 1075.529406368877 -558.8222890276022 22129.9604775904 -788.0191817651341 -58.35163019979445 -27.43718307952343 -575.5027672226281 22.65801933585642 0.2388091965239968 -729.4513900211285 138.2374095940929 32.06743482818011 -1606.70138319587 257.7756094720202 -151.675824678642 -1981.993319287636 318.5935487841168 -516.2144344518194 -42.05695015058757 -1821.518188289469 591.6110881716517 -552.395780336799 -1641.655843679124 101.875453495955 -699.7478795644068 -2103.490535251115 -47.44577434700871 -1089.164572524007 1004.670061041825 23306.83535978603 -500.9452607496816 115.5928518368137 -46.85569925265029 -1862.360238978146 0.8176781637241696 -683.4406290882023 -447.4442938630388 116.8693342872931 20.32140226673215 -605.7930726084853 30.36883265548903 -21.21647725855014 -1491.060455620601 -2175.537810959487 361.1839841345461 -1344.240463143197 -19.41663960933908 -110.2895295121897 -1395.132852926465 -121.7022696524196 -72.22911011679338 -966.7978937409674 38.18172752861788 -83.92784995464908 -1299.735183755063 32.37128324143914 -310.4238945128369 -3257.068380239757 -720.5256473988175 47.76580944371024 -3182.027851414343 -2956.439364173273 661.1811828844252 -5065.675868984228 -2431.069973666433 1987.560885254718 -3002.947600155472 -783.2530697062161 295.9363884815343 -3000.343816253564 -781.9165452709074 209.4814930302092 -2953.706879983609 -774.7363714705275 236.4568449521508 -1942.855578657838 -4503.58897592385 1329.747458463006 -596.0383305677827 -2483.877529295279 339.348769129301 -652.2886499265111 -305.080996096382 25168.51535966979 178.9385307607969 -136.6405737345758 24810.27693653808 -689.5886019994878 -966.9062321066913 173.6122614390422 -849.3432552200265 -962.6116929022608 -75.01801538806883 -678.6323921638204 -1179.996125848345 57.77148214557531 -842.6957513497896 -1579.656233705834 214.1217072415854 -2463.335527001731 -4369.220798116291 2201.47453803183 -955.6037690565792 -3155.532655670929 670.1302130468924 -705.3073627838381 -1086.45175243815 53.98406832119664 87.75115967664324 -644.2706849735144 25005.16591358857 -1063.412010770145 -380.3960495034267 22971.56851413463 -956.9965168065332 -3157.623713298614 750.8262724461023 -779.7347148265278 7.533816417740047 -32.25572022461107 -617.827067202973 -43.23866797792002 -38.39252805032895 -619.0901235476538 35.28533825608058 -6.598847574415599 -858.371925688371 -707.9509903655813 99.64540052633157 -820.9608727893911 -677.8717610954892 -56.10208808664304 -357.8690445945384 137.6930918472335 11.39731041600254 -351.3334413677753 136.0454194946074 -12.31773254638969 -498.8043921297393 103.6670158510417 -40.97572510195218 -2555.177171920268 -333.95599031728 -89.03256168836671 -619.9540712282175 -122.9191285502599 25665.04524396696 -3013.642178841801 -1644.270794075698 519.8484804138318 -3780.697945176867 -3565.801342645508 777.1153083616748 -4187.235167214634 -4445.080823512913 841.8979260397589 -465.0328954638317 199.635874250118 -6.858874076712278 -451.4859529710443 203.1185502544782 11.85212626381604 132.0919034225375 -170.8270265187291 24648.31247219955 0 0 0 0 0 0 -2129.215541652808 -270.9070972230779 37.62289705013852 -362.9123021709914 397.3947459094103 25297.83958677479 -3.752923292024269 163.3247904448137 25528.86726437665 -2181.2640547601 -218.1280658485912 -416.5370873260639 -2922.104253047206 -811.6581701048816 207.2475128522782 -1318.004216575479 47.26175042616807 -68.7608697328775 -1736.190714702622 -165.6176038170784 -186.5629083178471 -52.38076058033194 -320.5527799881605 25140.51877499247 -818.528822611075 -20.18390058219624 -47.26782220770948 -608.8359750880414 19.54572472455795 30.76663611643425 -621.7672762131936 -47.19832623231067 97.52501292200286 -1606.51617312809 47.46491653140022 -176.3854950543888 -2137.141532611899 -273.7177259964124 -467.6258509274718 -870.3223981018992 -2180.495930998316 389.0866326761011 -902.8740001223157 -1662.133732392244 -103.4838814290601 -871.9931597914651 -2179.782540479552 87.65383848793248 -676.0537978376726 -204.6201990404076 25614.50526609919 -606.5244698598158 33.28076166345667 31.95167282893297 -561.4104406588618 105.9740283530331 28.45483116156583 -612.9662109207294 42.83111568612151 -10.95174244374686 -1474.556719336426 -2133.067927174973 382.390879373857 -1240.28015078821 -150.1863691180157 7.55112542361205 -1419.799897158513 254.7093829324092 -232.7606242129019 -3259.474201572903 -871.2881967536216 130.2391798203608 -2097.920367615886 -2799.244044859912 -92.52702312594069 -3228.024042368877 -2839.68386211008 821.6566292388857 -2932.497862791914 -817.7527629192704 302.4346935217283 -3000.678902368295 -784.8267651981913 206.7078462554412 -2282.782351265234 -676.039765387798 -216.9762963009732 -944.511811380417 -3181.147620361505 658.0189333896958 -1351.891119001836 -2376.366485744981 451.066485070782 -300.2179214329273 -370.5826081272116 25266.81901488879 -86.13651850695538 -438.8755013797197 25018.69184883047 -942.6666128936835 -964.5878735664425 75.75800405496669 -943.2707611157718 -962.941578489322 -37.6414690918277 -928.9590924937094 -1192.675075766143 168.6714620427425 -902.7512808214794 -1639.669033763903 252.6806923687591 -3247.564774529899 -2832.235941785569 489.9515456678755 -933.4208352281368 -1135.314967295297 -82.34216713959223 -846.6936068666786 484.8556634025104 24632.40069136667 -855.9589695181595 76.53169473490233 -62.74502073244631 -876.0538232105797 -36.10012715147285 26.10723102830075 -866.5625259193076 17.398199656695 45.29048961636781 -981.8192079470467 -702.1498576861031 152.9620177662301 -953.0412842669704 -671.1615071793665 -110.6247349496246 -456.5641995668654 195.9688186366288 4.477497686263624 -464.3082918689814 201.6557692280559 -8.274457029350183 -500.1692594994699 104.4248771385669 -40.93607918455873 -352.0088230828568 85.13145341889664 25249.14073112838 -2340.338675219645 -1545.882600288393 681.6519247593575 -3387.93878148915 -1799.389850482575 603.4301846173084 -2543.307100281469 -2388.363157775843 759.0712869651388 -413.3866941157839 132.5810751528565 -45.9216859134408 -421.214357345049 131.9649048195736 47.28565674884696 -51.24833149000737 -544.5002175767115 25636.44997485221 -3260.233017757776 -1000.381768609666 47.13889180585746 -827.4943986787913 -509.1000851254758 36.14996100339238 -840.7781398767809 -483.6579834068517 -17.97477502875266 0 0 0 0 0 0 -2112.066836917938 -235.9520459099436 60.51732801494945 -13.52773175263969 164.902213717928 25412.79736583198 -87.97960414183575 -64.22256844906178 24841.77963446866 -2932.10624800798 -818.3114578515083 197.145181375107 -1230.870044102802 -125.7031224808119 22.75177854985684 -1760.641895123865 -227.1962236141652 -161.0248164080546 -1217.503805912404 -91.10872180007101 3.493125739971835 -825.2490635791243 -35.4908788386754 -53.48456397415433 -809.4204050902623 0.8733570227432544 -83.89575881199714 -1554.60888492517 14.01706647449918 -155.7716224702305 -1334.257945715258 213.9724506457097 -274.0221290337396 -1962.330419300755 -461.435780535885 -406.6101139442958 -1603.844781318638 -1883.899155962158 491.3839488962587 -1219.417187864253 -1680.278755111208 83.65909505669813 -1594.828281860991 -1887.070605025613 -13.45522817672436 -605.3189460134835 157.202276678173 26037.81017289517 -624.5897399772957 63.2971020924331 21.24042698565666 -546.499764420652 68.69066065998929 35.36970935385243 -647.1151802313966 99.55213747200686 -29.28669844093822 -1268.590036868399 -1614.61024079311 154.7921767179407 -1193.589461526756 -186.2189615898245 -103.0390648924309 -1852.966189289634 -2177.902057760683 344.2873345061823 -1941.045448967515 -2162.474690655409 434.7612124966111 -2668.387137713408 -1446.312443926167 15.76026638285682 -2230.257809609338 -541.8707891619644 -132.3588488510222 -1104.505906709912 -3394.385983814956 496.2485040057271 -1564.14515895898 -2347.307878619575 283.8836645501506 -327.7558382468513 -524.3392673110382 25555.76934909926 272.7726400046083 -250.3822737880429 25656.13753837311 -993.0958292262836 -1003.582319336437 80.69561034415918 -997.0657448621091 -1004.318247349909 -43.78555974135877 -1080.252287823151 -1200.548802938206 59.30849389539746 -898.0600772092366 -1635.227906658152 255.6697386915562 -1952.202844429155 -2202.385611441644 1115.108367050034 -1058.241332927394 -1162.329144225927 -8.877385445876333 -576.7339014269356 -398.0887676818243 26040.15134643193 -1071.702593660656 56.8760848898941 -113.1727029476565 -1051.632080701517 -28.07391098488681 -35.22211427410785 -808.2516850611014 -25.9723213867292 53.60099117320497 -932.5588544090031 -813.6325667338963 58.46499498350732 -911.0577740253988 -736.5300145715706 -54.03498600968841 -403.7300077458623 158.8589025257676 72.95317297144733 -387.686943869058 163.8366228921779 -83.9193156915573 -369.1403328170279 247.1649429614033 25453.30496461551 -2527.868718028793 -2018.168544071713 351.5508023974923 -3359.003430398779 -1833.86513977701 610.5737430056674 -1494.695170523751 -2295.163926410029 853.9084283349806 -2740.596087773824 -1961.072203597554 300.6898653650154 -441.3230846127592 168.9266885360613 -67.97641363025588 -424.5052261612167 139.8263892796839 50.78978670775507 -433.1282433109496 -79.79595181219827 26199.82368078705 -2473.450933723102 -146.8353850010935 113.5786429923954 -2584.794019499918 -1405.395137674714 80.05674163828331 -851.9102247085683 -539.4665113825498 18.20793332454777 -831.9871021415626 -500.4022499872644 44.19107697931416 -855.5922715371796 -508.0986327797094 -6.226881421270295 -833.0631267474928 -498.9331951138124 -6.975866486255831 -1014.334486049562 -1224.25297638332 -35.20927361722529 -41.08837029600906 145.6477179722983 26103.76298614569 0 0 0 0 0 0 -1935.838372257434 -442.4108947783427 -14.27776002342699 28.93373201840564 283.761565102245 25510.49199651811 298.8495452169178 50.14962197373477 25585.26664776321 -2420.55800736308 -2052.642643299949 466.4259554703793 -1193.444511223414 -194.0592493105795 -3.870040249158655 -1596.395239730178 -433.6246419399326 -228.5474982599 -1178.559419956925 -137.563144629429 -28.10485028670501 -1146.924583460831 -26.4038426271149 20.6450242910615 -768.5856891568775 -45.87779427076428 -60.11514248129701 -1748.670165072868 -20.02733600900756 -252.6401702852718 -1596.613559430944 -287.026133155682 24.69831514854414 -1274.128663642745 -211.0828343959963 -18.08226910972349 -1202.501121594866 -1702.101246058776 96.19387236534681 -948.9375476296708 -1580.97016753273 258.921060106955 -311.4189451251796 320.1716720610676 25403.75454666921 -745.0421424784367 23.45912630285364 -47.332472731595 -646.582697027019 101.3904692218284 59.18844512012522 -651.8834798493996 58.01629226428339 -35.76763076919311 -799.6592261970712 -66.88894632743076 69.71228598904001 -1500.547225982543 -1636.878884388766 183.7757107823336 -1153.419557149182 -40.11635844035071 -117.3776029124776 -1593.419489446319 -1520.185191578884 42.23098419310595 -1666.918549245235 -1427.283141392931 113.7995881288073 -2423.882624827034 -2038.493517602871 268.0880684247872 -2224.452821188405 -526.3316783726258 -139.9393323982709 -2105.7964112788 -3354.634993250464 353.3825519054116 71.92695670307789 89.9580155324649 26618.29279082213 -325.8959375358035 -524.2801822881746 25492.52052010369 -998.4588334798956 -1002.04538279023 86.24875804220949 -950.7418524036877 -1017.071408999474 2.581591896291147 -1229.693961013454 -1569.866999932965 187.4173711009154 -2261.1294714281 -3015.806986708842 544.225871580712 -1017.629646362275 -171.0830873582267 -64.99934086601621 -1148.600055298786 -21.92037004690026 -125.9222211271024 -884.1770866248852 -922.7646348298148 89.70755303008897 -903.5777348944425 -748.3169842962152 -60.42642623327663 -645.9479638809164 111.1871610557201 -72.49235108646093 -645.6311919102467 109.7692941607015 63.47699326429674 -16.8896804965147 -176.7631583886183 26337.44326637694 -2147.400543806715 -1052.61385441521 -91.75380287303233 -2861.880726816301 -2420.013952833649 263.7369074727517 -594.7247079227404 160.8569110493489 -2.020081730653104 -490.6313489286542 143.2000472448491 21.66815732463761 -118.3987535766273 101.9360496272333 26455.75785113067 -2183.336449894971 -863.3181090716166 116.4226539842452 -2571.501518740734 -1318.080423871193 82.78364369085406 -884.9678455758977 -532.1603452307081 32.24878919965152 -850.5581118767279 -509.6983321990766 -4.180000239751434 -1172.660039685685 -1242.310732813129 -69.00646109945187 -225.0500079301135 39.66510231275164 26245.7680155146 -1137.809461408439 -1816.418017965825 133.0254395645645 -245.5166396884809 28.83690050877442 26663.47227241639 0 0 0 0 0 0 -1956.057875892041 -486.7432251603117 5.572148611163065 -157.8519877332929 -182.6127083146157 26236.16259972699 -139.4462763142455 -151.5253026999385 26213.28073580559 -2042.553112662424 -1037.518502760749 -17.60862042382826 -1528.054000500963 -260.0661637052455 -120.9495212600158 -1103.771572753231 -227.3495579756597 55.59316012927351 -1075.254716332131 -156.2312640227069 97.06961775797406 -1051.241705708471 -96.21844401120353 47.37724654459601 -1894.372894937784 -342.4289020290512 -121.5682897785802 -1608.335629817139 -372.2370100028315 -1.49107505363296 -1277.627100087591 -187.3729459548865 -9.386518381566239 -1246.482684084132 -1723.541766217396 92.83830019959308 -1365.964688703537 -1777.196554996513 229.8115038478277 -171.5098494123849 -341.2470970479484 26206.77564089577 -728.2708694456674 9.779819027157952 -59.19463985474857 -696.6567490826782 53.46528306763959 5.0598641856774 -789.0604919540707 -117.1171421662572 46.64344455217068 -922.6362249002123 -203.049391531581 12.24813381750453 -1451.501600856458 -1506.877301101729 245.9564269956509 -1756.694433085494 -1545.203136695499 70.00731143217487 -1630.372423284611 -1328.998315097782 160.658020243745 -2213.686678710366 -1518.642264203174 386.4532373493209 -1841.627220071985 -1008.273760009877 -94.35021184075822 -1275.650695475813 -2196.627366154767 302.0135912868291 -93.56497600971495 339.6683981866685 26552.38876707809 107.8386457305288 53.21415539786031 26399.5985130509 -1096.579490657097 -973.8259109411256 86.33895840187024 -1057.318187971922 -986.7338508028906 -23.11628652880516 -969.031032030399 -1267.566755059888 100.0276078121031 -1956.274768544868 -2203.866056420282 651.6050414697658 -1000.341209812563 -290.2264385834083 -100.562718460823 -1086.323814356864 -895.1309881887288 22.08728082310226 -983.235231326412 -767.9643154369224 -38.29933744536685 -560.981267022097 20.90771123706363 -90.70327523475409 -623.2614457566893 85.94832925076841 76.40349964383866 -68.03003712381688 -201.6070222371635 26151.26578773985 -57.50859138236694 -191.4183316096021 26184.39302828817 -2533.506754919134 -1785.914091050837 387.1302119570029 -520.8861157426537 94.01819958911594 -51.25169539881784 -611.9416163463127 149.3984256163149 80.64320026799436 -1993.533189888432 -883.448026116812 127.5840816433737 -1799.339499583359 -538.861518237563 -127.8084980519631 -823.4315395354273 -493.2275927566936 -3.061902023904106 -1018.720644906038 -502.3719115855029 -14.18514621703727 -822.4617830522565 -493.2319310957355 11.26587727710338 -972.7837133239423 -472.9601641211266 50.91450438725098 -1164.858275601751 -1251.570969844131 -63.55173904722098 0.2112246196717993 170.3210430589291 26648.95808142029 -228.0159675777265 22.56148413752814 26245.65666936957 121.7877867468446 -172.4118965285852 26991.03396142781 -544.5704331051115 115.5328447026163 -65.81417289734723 0 0 0 0 0 0 0 0 0 0 0 0 -1892.776689244706 -357.7014520477208 75.6967069546466 -110.6341587500873 -200.604104723774 26116.99474708371 -1961.669567412877 -843.2424455445041 76.44741748420529 -1540.800567196736 -291.9817315697146 -109.1424060544064 -1001.509514549885 -289.2737538625325 58.92572907524671 -935.1834329873634 -217.6262732111321 -44.13063860230453 -1324.584384343127 -170.2941214042814 6.376676123953605 -1603.794194685082 -373.5303109109815 -0.05371376021404925 -1244.326606172786 -1721.361097718368 183.258744360364 -1471.164344764009 -1759.215411142925 212.8335700320666 16.82628021613653 226.0194661637914 27016.39557756635 -670.4102517317457 -37.75272670560179 -19.91637321898024 -668.0150198269987 -9.598122874744364 18.41968509935891 -912.146886837591 -117.3291268384593 50.63982387621424 -1031.36611198801 -166.2919186540422 32.4747855845761 -1296.362976654779 -1098.573983909518 32.2315805699405 -1675.517867180528 -1338.900102895072 166.8198813964493 -1631.177445955609 -1330.648141790022 109.245443439368 -1983.731360158466 -1647.410011671022 275.0321710036175 -1962.012855742475 -850.0899555924977 124.1023545244033 -1756.793653579324 -792.7666141652326 12.34438685310411 7.246746789363704 -60.30065220565153 27013.95036261938 18.25509121565989 -153.8113534043031 27096.39886084307 -1027.138194833607 -728.3983885349849 -52.24718073949319 -1111.452973708321 -969.7938607253296 72.32116809017749 -1113.038336633678 -970.4064502014701 -2.188905612312382 -1155.61178066809 -1227.717580882492 179.662921648264 -2222.155077396282 -2207.236940866182 536.5116171649091 -1046.124045217079 -269.7393809797035 -86.52150805221528 -953.9345411826897 -760.4035462109474 44.05441909136298 -555.2920061073728 13.89102391625525 37.29078265951774 -649.7379277649185 42.2273748752289 -27.99560317392915 -307.7891114566406 -221.0852913989738 26913.88551909021 253.758182299458 22.56245986072707 26969.08485076954 -575.1438827843776 78.53154219107678 47.70374572878566 -2001.048405617781 -855.8587347509217 107.5416321615172 -1686.652771890364 -783.8794721240098 48.62958139356967 -954.9857313741593 -454.9848456733984 -58.34078780967094 -949.6075022417793 -454.0403962850539 69.67029407605229 67.06787143302799 -208.5536021664325 26992.35852876641 -38.11263458336443 -289.342794161886 26885.44797436929 354.6200556235746 160.6876120627125 27349.21692715966 -693.7038663564482 93.70157425634696 -2.653883349105552 -1510.373815892322 -920.0661986427655 -52.56512131516849 202.6508500956075 201.2575035120979 27484.38630346306 -832.3923018112376 -363.8817022015971 9.72737439116956 -828.2898668358669 -355.2770353729313 -5.598189138261579 -710.7711031898018 -62.39756620534104 0.9102907428402289 -624.592473501542 34.1371627405277 -47.56140217376265 0 0 0 0 0 0 -1686.764795792615 -784.159133270586 50.1279795832881 -272.3432957866462 146.928808304522 26923.25509007882 -1662.784633566326 -1336.281115793571 176.4541483135492 -1346.411683543522 -536.6437528502245 -161.1888431010341 -1037.51732437989 -273.1453157807242 55.01655150738269 -922.2131786219169 -230.927800573348 -34.332100720468 -1315.336642724968 -349.1206822036878 64.18712970057426 -1601.005526272143 -613.7304965722545 75.18273375846147 -1354.00261124542 -1614.443968051012 90.17930254186101 -125.9237738676966 109.8222775576153 27052.61609016573 -863.5116419574676 -69.17951916128814 -76.67357850422407 -818.8415005602542 -44.11785574817515 31.07298037121836 -1013.018139547873 -256.8056561746031 -9.0567309233725 -856.9888395667016 -195.5815605573365 66.58780256668507 -1074.90405593937 -200.6570075450099 -14.52910020311612 -1363.188569418203 -1106.02653551422 37.8354404813424 -1637.734305108974 -1332.426334637184 107.6662562044028 -1743.998127259713 -1186.233275033598 55.36545733247092 -1674.994781916958 -584.9675772754648 -77.13966403898092 -126.1989898563476 52.44488138299725 27047.0636864721 -1060.230652574777 -733.6441850109973 -72.42820898979122 -1097.589242716238 -960.4654712766185 75.35302680300242 -1097.763138845868 -960.1000477213904 -1.765149735802958 -1360.829201471421 -1184.015045874931 27.02133797452218 -1118.197398651385 -719.7202563725025 102.6398982357437 -744.2777855759658 64.89546773099012 39.84087105301613 -744.2385902859256 69.43562246586879 -66.08551624444694 -195.4610357228715 18.16664041007435 27045.66340283626 148.5725387680945 100.6043839983804 26972.69337568035 -608.95789500861 83.36560257193145 30.16908581420386 -1919.831250720022 -1167.728789621549 -1.239363029741421 -1010.595266580705 -438.0148572213299 -39.61246358862032 -1010.076361711927 -436.582688440974 40.0531187571698 -516.9225581052638 -355.8251990802261 27624.41200330377 92.89362725021404 -107.1206657968597 26981.82946211863 -173.8128029776078 279.6675123478799 28683.08531125156 -621.1378492952956 31.05332826155791 -45.41168405777892 -716.9870704347974 31.60121800082128 65.02939315975661 -1461.703473820211 -913.1751904568313 -13.51058209007523 298.3348399991034 173.1712977499601 27390.34943835138 -982.0780215133442 -302.0808095831113 73.80891236931406 -970.2662991725444 -315.150528786764 -74.26579506311603 -789.0213577610448 -0.1784231417576222 -40.45727746990906 -785.8955546875047 -87.77914834503098 37.15215333356839 -713.9550056389271 15.48913650045212 -4.969241938478067 -830.0297587553088 -60.80617005890002 35.21049087524252 -860.6689226404703 -228.4579506336193 -9.059855387472483 -796.9628584661396 -178.0081381953033 -42.31679934721106 -644.5485937850221 42.47420426724604 41.62528146372829 0 0 0 0 0 0 0 0 0 0 0 0 -1592.198786992551 -572.8716222352012 -33.81026424893727 -41.72860728182307 163.1586302337348 27015.1104386677 -1702.161179869947 -1333.660077703489 545.8919149087998 -1265.345161311819 -331.2036254660448 -42.0595470269355 -1047.740010191301 -253.4068125521515 37.24747369541947 -1313.408768334646 -388.3450092273394 34.36269765991295 -1499.997982201444 -398.1258488513601 33.40588538662754 -1600.754097116115 -622.3672532088074 72.68881967965216 -1261.610382349936 -1500.272646662138 141.1071222658506 69.01577429145615 -464.8723518918928 27615.25902337662 -848.7706509808892 -83.13438274834874 -83.98806222213697 -827.0578423399151 -46.01327117323297 37.87845545250823 -1056.760615526618 -240.7886109708812 -26.78920164069659 -952.9675076832633 -240.4176006515582 19.23604794491527 -1286.926978367125 -922.3595814601114 120.7753336177104 -1615.773319157807 -1299.238667582227 121.5721008249565 -1366.154348084717 -1276.854818286248 57.68789778986753 -1737.391100329657 -1172.754963533091 64.30886140688897 -1746.261499593822 -1183.159653334439 54.15964033408536 -1419.044284784915 -907.2238549377482 -25.51903090074359 23.6612581389342 503.0331016350395 27456.93542335194 -1103.457232555253 -740.4211038156562 -53.12350078512804 -1124.664104648995 -954.5498984490869 -21.62462967618039 -1080.260110680481 -855.6553013133399 36.90546089342281 -1049.649183895259 -672.9421121177164 56.57243950070266 -643.7069151311581 -48.22026378595682 -95.87698047992936 464.0100214370831 12.00272564142298 27600.73841238066 -486.6923269921205 -200.6774483823016 27649.55785817841 -675.1541983388533 92.82849193305951 62.7757827179224 -1672.599901355869 -800.9938681825453 40.27954215560193 -981.7439990784101 -423.6074820825597 -29.51836594754126 -930.2534310526913 -397.5051852235879 16.55883678664897 -317.9624718968391 364.5206511652937 27595.38881640589 -77.73704889205156 345.89372940097 28638.33725008587 94.04445748057101 202.2289867480497 28810.9963758395 -651.1618737061917 -45.12693720596319 39.28717937517529 -783.5235928435006 -145.5207881208682 -21.95966243188176 -1403.014843294066 -758.3779091981162 52.01885391296898 -159.7144919661107 270.696770855487 28886.81489057617 -855.679472847344 -267.7965314716814 11.50755785964999 -810.0405966124172 -80.56517005790738 35.05157244401098 -713.1772436132243 -109.066897452792 1.276646250713166 -885.3745053848875 -121.3860794242018 14.51557808153071 -728.6561019094441 -106.2250930051399 121.4929047758351 -846.2790009719699 -355.0931504392685 80.699594697698 -812.9572993887762 -167.8429655444642 -50.0850459773769 -709.8305458096213 37.95008350546697 10.41825205288351 -1248.954580940337 -289.4456975613592 -57.69884820824707 -1014.852032271357 -329.6586412540148 -17.78726308567676 -771.9869380524556 -77.34097436619821 63.91559996527868 -713.3140471282668 -108.9711746691934 34.06395380143054 -735.7775830431642 -10.4757829700732 20.75604932154385 0 0 0 0 0 0 -1498.212229904103 -398.3664705292824 51.28223729388484 42.08919851787584 -448.1795192095624 27665.26923278493 -1388.9148853783 -788.7802438913291 -195.4409517990631 -1013.186375502352 -328.9533016204328 22.37895365517241 -1259.109632732201 -414.5188733736565 12.50334416171925 -1437.110057615896 -522.8221257594339 -63.50541345200559 -1408.239327257212 -737.7329096100359 -8.459554014874444 -1548.277576842397 -1453.189908529675 93.90666111788963 323.7064360010554 128.6353657251292 28414.13932160806 -785.1302610177061 -84.51102508448203 21.59343930721959 -1024.799746186398 -252.2588703207744 -39.01099017811957 -1122.965932668614 -319.8269756731245 34.00565178270985 -1175.671651746795 -654.8461448251004 -77.79107526457999 -1336.198937740982 -912.5728368156381 84.20155370548338 -1323.129400713289 -1315.153672041188 20.59911190313947 -1734.983787194614 -1178.106271589553 65.95125713050547 -1360.129435331639 -757.629722292387 37.01751843060133 326.0836532466561 -170.6461098027241 28415.99420528629 -939.9680479275211 -377.7093437012268 30.83993583143018 -1067.987751661226 -899.4693801021457 36.18906405261941 -1432.255136587412 -892.0396383617992 -76.15555457982312 -981.2545556474524 -626.2670475609532 73.99591717716862 -730.8181426445105 -24.17706037613442 -40.83140294141595 -56.87085373955758 -309.8807328293214 28477.86931216164 170.5326114323387 -261.4001026803787 28464.24696591747 -1546.74664600859 -1039.392862302305 115.6202587853195 -836.5144405524966 -352.5624163869833 -74.23124741682335 -280.28669336655 -267.2375880781011 28459.26983427126 -80.84575052410109 -247.0262529853398 29196.78863559301 35.203685053533 -377.6445132661282 29302.98457589908 -805.80088491596 -3.21271645924331 38.31478331583234 -978.2380995781781 -181.3074830606823 -62.45252800495819 86.4408353324997 -151.6900065470435 29147.99835746766 -919.0704071523036 -285.0016130861229 -20.53868146167139 -865.2102847393935 -290.602026421271 -19.2629024746332 -713.3152996017441 -109.4508850693492 33.79772255030701 -948.7628272285606 -378.7352885744646 -51.40012101693203 -735.5352630496636 -101.17848544049 -95.3717954288403 -1062.083988464181 -316.4698193346602 45.57815580535567 -776.9925456225158 33.2979300475202 44.15273596089067 -1088.103785635118 -477.7630274287744 -64.74061015244983 -826.7422471591289 -48.10402033335384 -24.96682423791492 -777.4988994831812 -122.3019984977247 30.11315868355565 -1025.396718977748 -274.2930569267712 -31.20582608375331 -1262.240797145233 -509.6446789391942 -84.00527919195459 -1003.071066570345 -315.7032629572786 -45.96313701374086 -1145.474807710224 -650.7398648533932 -73.1956986137328 0 0 0 0 0 0 0 0 0 -1296.126651406005 -749.2174770431965 70.2660579488184 -406.1593902231131 6.137803737881474 28447.20536481923 -1335.572021474065 -911.6765579006512 -196.9808168529288 -1269.548422652388 -757.8126929803394 -14.36764652957069 -1032.429995795823 -327.4384232402502 15.04813674171175 -1258.027708603834 -435.1361227802394 8.885115295456281 -1400.356783487847 -586.8995224428214 -64.63678457735124 -1374.133842134253 -1230.203509221208 40.50169333993523 -234.1933681740467 -281.52258253076 29112.77454146196 -952.0006710138074 -258.1249123608072 15.22718696371707 -942.343340117819 -335.1020009249942 -3.380758742226434 -1155.192948300215 -652.0283468981918 -69.30160039069236 -1671.310019958089 -1297.058352539765 -76.35095145601878 -279.0836874300545 290.0332256810325 29186.32392477206 -1027.802055231343 -386.4406511725464 -4.726719238366578 -1372.195005774304 -842.9343556367256 -21.51402109466025 -1261.265116560513 -501.2948394839525 26.214351267509 -806.8732222697411 -3.682554715865289 -59.66359867079468 244.7597280124546 297.2576163748052 29116.47457597869 -352.7244640519979 222.1049686950907 29205.40498149694 -1547.765694973838 -1037.600237781284 117.8050772067105 -1058.954711093019 -313.5343898549168 -81.45661164821499 84.35085636449716 350.3944249256609 29184.17106502067 235.2701007509111 -240.3697878303564 29234.56169314652 -306.6875153807259 133.1758048864084 29925.55158228377 -151.9344350015123 -343.0357143987035 29191.78341213614 -921.5884442703472 -236.049680261616 -79.61166445473503 -956.4854439980534 -253.4674749459535 4.787327623850907 -833.2501467613035 -72.44093724410772 -43.91683496121389 -798.1972020589644 -83.02073949411715 -44.44356079390034 -1163.350766490438 -491.5310925457292 -36.42604149685106 -840.837832857783 -102.228520728295 12.18991211810341 -1052.956617332173 -433.087223029429 26.9839006247001 -949.8360831835414 -329.5918037980408 -0.7636232051424681 0 0 0 0 0 0 0 0 0 -1297.104300525277 -759.5458854435278 -11.22884250482395 311.9787364000929 -86.16033436887282 29229.72744341155 -1232.433070597311 -763.0380728873901 32.97909972955927 -1269.534200516166 -748.0450347426539 -8.403372210042949 -1083.79764676742 -322.5663004133568 44.66071582519844 -1155.032553109774 -478.8634633814676 32.10884899762795 -1403.340974642089 -636.7454911624718 -75.10108332484693 -1260.000844882504 -1084.068707307927 135.37038406372 -457.7128347069656 52.3644446600283 29240.35839362062 -870.4998591867775 -305.5305536404844 42.09241708085153 -956.096322756594 -333.9704959586041 -4.796197093636141 -1005.053258734256 -435.9761648955916 1.912469916871111 -1484.443515037823 -1041.840188233238 85.56442379889337 -457.5294973623083 14.95953402882085 29239.3097643218 -1345.502654299216 -847.8813391922434 7.085103991801866 -1209.881785574915 -761.4712128688348 17.56959563304445 -1010.362464960889 -421.9853599473045 -28.81585511963372 -849.2409136799395 -90.94204528633074 3.38737147675965 -129.3090297920187 438.6714477751565 29235.80260802801 -140.2879234673239 436.2253831639453 29233.24861425891 356.7632451644842 179.4978937082913 29230.97069644884 234.1146511106607 494.3078423194291 29842.2440964243 -85.53382392017235 217.763043616427 29965.72374813546 -314.5612251984509 259.9374408644745 30087.87583429919 -1019.166742998757 -436.364590179006 40.73130551902772 -968.6822324732539 -243.1421784278349 -6.971283300870216 -872.4554437288424 -219.5529651566249 24.16643656223795 -809.3007860125485 -143.7737252470603 -17.05292622511178 0 0 0 0 0 0 0 0 0 -1261.906840236617 -684.1177147663217 29.57942975259268 354.491102825397 184.5453113480231 29230.78261397433 -1003.869402052094 -434.2015098523408 -58.19618350975183 -1287.521122313391 -687.3121878244956 3.888236692633741 -1212.742619729083 -762.3779049983751 18.14150824767116 -1221.083906664398 -697.5146508363133 15.25706231244119 -1079.862547880429 -325.0876952707482 -60.80106413651795 -1155.559009347662 -472.4031577995762 29.76371769847304 -1480.5305248205 -1050.962222549819 83.04709886901688 216.3583401540562 481.2009970348586 29957.68623473505 -981.7435030608515 -359.1159056391065 -22.85169818874906 216.8109342194068 -422.0910942228829 29956.3516552212 -1216.718189380777 -726.5560683477091 -30.44607766598667 -1023.675936271456 -426.2129160534828 -40.17022763365671 -1029.464302830634 -381.2952660545723 -25.09010246694605 -457.323865705775 -290.9135736735779 29901.47656880522 458.5774374079907 -120.0813885420812 29939.63204218965 -82.95986727228551 -511.9108886432193 29965.09060266468 -333.5239080899148 -244.2937067354261 31151.42331388163 -35.26527534956244 -204.5288993258052 31689.36785696477 410.4879331719809 -146.7386625443059 31166.99118527002 -1018.555227317925 -433.3133093223508 -57.81783243150461 -939.5365847275812 -162.0542564723127 9.250584728315282 0 0 0 0 0 0 -1156.738640262045 -471.6427170248868 28.65947630997042 -457.8126243607067 344.3005430032092 29946.60166188268 -934.0114867467462 -440.1206332704639 -51.02775056596208 -1219.953027521658 -702.9590326468314 14.0940359399452 -1205.541904415568 -705.8741435417813 -38.64319657753195 -1195.544322633192 -726.7144629580378 -26.92655917458204 -92.82195588802873 -401.2802354320173 31194.91905275269 -1122.036860294424 -426.7076050989349 -4.68077318714975 -87.4336942380673 437.5833961646224 31165.31926190756 -1040.906781728626 -404.7546587039167 -43.37507970880995 420.0395514820694 201.2022571579697 31188.48551566415 -493.6001187509593 19.55040346052275 31093.02859419459 -141.4622858944099 413.2725407812981 31130.0312983231 222.5487069532956 -47.62155684705883 31621.97343374402 -137.8134154741167 240.574250291249 32002.74913992134 -100.3601743572876 -188.2850373997772 31529.00150577467 -992.29663870459 -393.6958874271483 -27.68950152374383 0 0 0 0 0 0 0 0 0 -1015.23457633774 -539.6332872786622 -24.3478543858884 178.9077959339613 -330.1431007417647 31122.59548556584 -1015.327626227729 -375.3286104567533 -78.49120491288188 -0.1251205175925685 -0.07209670866576159 -3.610348729828109 -0.1236698663599433 -0.07241171848030568 -3.999339042263066 -0.1226435881971022 -0.07454919708505776 -3.566535795763901 -214.5331305835398 52.35250277603173 31497.41900096964 -214.4414192585347 -27.7320878190501 31499.41640844072 -0.106745054695849 -0.04150761522563829 -2.957675273133424 -77.51911903598445 249.2071840755205 31532.94290721497 32.3635003245328 274.6979419551146 31566.72322300087 230.2712172066249 -26.4455621226131 31616.01815959228 224.6248646624769 389.4702664542258 31867.35984676934 281.6856204611362 327.630323752678 32074.60931009614 -391.2034585791106 588.8229305331777 32201.88259197256 -0.1017551808434911 -0.04037159319090907 -3.470789718844389 -0.2771982573775799 0.2455163046232618 -3.780148315763002 0 0 0 0 0 0 -0.1041183754735635 -0.0553426198559866 -2.624019438820744 104.3294879750102 247.8066558602406 31583.51558560156 -0.104125792362859 -0.03849140705986726 -2.623874778692255 0.1980505305474466 -0.1461147420279519 -3.812798900661533 1.2633218018611 1.03522280925336 -2.585386995649228 0.1426488460853865 0.4768238140888291 -3.243487108605021 206.455901473233 427.4286174289526 31988.59235695931 209.3507435078472 -389.040116212514 31991.00274614924 -0.5785760097839727 -0.1492452693275575 -3.19467306260405 -297.2411645227962 -346.7721632171498 32013.46894303202 451.8243108664371 -52.81080562473631 32022.37324566273 -110.3268114380864 -406.1172934764257 31915.73746738044 -534.8892353182951 -278.8370061412425 33133.89200132689 -64.53840798120109 -273.7164732981951 33769.61316307755 376.5183368037435 -136.5653621474497 33070.53741704586 1.040511662511184 -0.9516089386672982 -2.628511142768898 0.6412428479149244 0.5744266337595583 -2.61185745777171 0 0 0 0 0 0 0 0 0 -1.770851651621911 0.7470430876210228 -4.29357067075399 -470.647372343704 260.137379982384 31901.01916941242 -1.51512276428664 -0.7179618324256534 -4.064978151658034 0.3333845914007309 0.8090951160752382 -2.612563498939338 0.6284251605936485 0.1323615626630056 -2.6207755752971 -57.33131979730706 -494.5142266935645 33203.40027411599 -47.7649933780158 496.9181686399729 33125.17907729157 -0.3689274117027956 -0.6180658617627203 -2.65278153137449 431.5140691905311 249.6914018507787 33206.93207327485 -534.5924341504874 -136.7227990902502 33165.34056596596 -189.2432659701273 578.8036634309376 33108.15589377445 200.4526463763305 -147.7876608597137 33589.18066891654 -299.2080452077237 109.9727572295763 34070.60045195829 -118.2266686195719 -256.5999763631274 33605.63098128062 0 0 0 0 0 0 0 0 0 0 0 0 0.9132104622608977 0.6730654774963186 -1.597801906494632 350.3712346466414 -406.0365846741913 33146.20752160177 0.9390975096615851 -0.6524212460775581 -1.597801906494632 -1.302267549706284e-12 -3.160488941206403e-12 1.020520070205128e-11 0 0 0 -199.2859634746667 112.2486075963865 33680.08555337907 -198.3300524625765 -157.1036651611345 33681.68267308605 2.563225331040109e-13 4.294183687271218e-13 1.843093411668801e-12 -139.3158004264283 188.4970277949749 33667.39164195828 87.33919169456712 265.6089664542949 33603.96813339658 291.0110269383211 115.2367275774899 33554.98766802077 207.5249425004483 447.6818878435045 33953.36973482621 54.07500105026983 259.8258908694391 34136.15869947505 -298.1457969459776 318.0031560729161 34308.07511189595 0 0 0 5.042143208004426e-12 -6.542556314855756e-12 6.645835011993557e-12 0 0 0 0 0 0 0 0 0 -4.984868383069856e-12 -3.674008300562673e-12 8.72179254974232e-12 256.143362177216 185.0318186029891 33554.81118644942 0 0 0 1.39699145161189e-12 1.255570767971105e-12 1.630642337224041e-12 265.0310474100576 414.0135447381689 34014.39252099037 268.3471687917063 -451.7115882193636 34016.13034914107 -1.708851236414099e-12 5.41249228387086e-13 4.840115778241296e-13 -380.423474086032 -357.9299480668702 34038.03008563669 557.078088906372 -182.8080152100769 34011.31641973796 -104.6361157661394 -421.6540751367967 34069.68893998081 -528.3518398569589 -417.9844538345696 35351.92254410575 52.50000785093816 -276.5801061308859 36212.24836859744 481.2561481513352 -102.8369264666891 35329.69337436623 4.584809674423004e-11 -3.705038326729273e-11 9.5793081468733e-11 1.99128527312008e-12 6.104094260089954e-11 1.028851935141737e-10 0 0 0 0 0 0 0 0 0 -3.603399004428142e-11 3.713184486738366e-11 6.090152025932509e-11 -402.4912532044173 328.5385785616177 34045.05919548163 -2.519076310374817e-11 -2.105133725117613e-11 4.415881559337428e-11 3.053553361476486e-11 -4.993770973468933e-11 7.744668798563087e-11 -101.1603534930832 -617.5965520901447 35336.08030348211 -103.9383271720536 577.4880985700007 35325.5680177486 3.71993448560126e-12 -4.653414028694123e-11 5.679154666032726e-11 610.3171285003713 224.7073650981965 35331.13177575017 -612.9783985392672 4.170231520192975 35400.80585933808 -177.0147307859494 657.9753490891967 35323.34520906783 353.9894261307027 -74.08418729868326 36013.46697416767 -93.5489696076265 278.7443557866105 36445.49637962255 -441.6968845680819 -194.4590433221128 35980.12257268185 0 0 0 0 0 0 0 0 0 0 0 0 -5.419613834994227e-11 5.329250334878842e-11 2.461842495285683e-12 301.2720758580119 -493.3555975375099 35433.09142048107 -3.628198670447402e-11 -2.147873728316194e-11 -2.482514851245123e-12 1.085609232086278e-10 -8.480187304398482e-11 7.480605250980514e-12 -348.8179614010319 249.3894287171519 35979.89920135276 -347.1005135878676 -304.6944753511191 35978.71455208829 -2.587131254438701e-13 -5.587032924349346e-11 2.446246539493368e-12 -295.1419478520566 312.7234102413849 35974.59699048863 129.7634674550808 394.6246222825517 35976.42822373525 357.7558889744156 -62.48975864906875 36002.6891699159 303.7585429229544 186.413771920229 35891.91196518638 -540.3859143325669 255.9617689323849 36095.33815814057 -768.5076034395586 1509.680232978461 36451.90710816427 0 0 0 0 0 0 0 0 0 -5.095708502622298e-11 6.13673449480014e-12 -3.42153375179999e-11 190.714217718484 360.9011417904564 35989.01828992411 1.443965828791218e-11 -6.258924659786815e-11 -1.152194759729057e-11 411.3828081331369 538.4500835557855 36378.14921297356 411.1771950841869 -597.8428850515437 36374.68124226933 -445.4218025964261 -440.4156824819008 36330.01266374956 533.403854235277 -264.9507801968993 36349.08244973213 -147.8021142210669 -501.7455479275832 36247.03961668415 -128.7162398046592 461.902832847162 36473.40139442679 216.6945226115257 782.4069825961363 37606.86655760744 0 0 0 0 0 0 1.124407138420305e-09 -1.354117502795245e-10 7.549876475253862e-10 -9.982194925914807e-12 -3.550382975768016e-12 -9.291291605608124e-11 -481.0513304317557 369.2987600897219 36219.49841369877 412.8158599704182 -607.4079072431468 37481.50246898727 413.6412497070564 604.8157069547449 37609.52581337756 708.7721139975828 -259.9497681664974 37492.45060891953 -581.1476398978787 -490.7640792356123 37453.24973199284 -576.7457523387053 470.0208817394564 37208.5189785793 -768.3405654326765 -97.58690490829814 37110.39224944929 693.0159347773398 745.328093612598 37177.20476316106 319.7081866689969 710.6997304207646 37306.34676707652 0 0 0 0 0 0 2.415830444226579e-10 8.59242215282436e-11 2.248622201189675e-09 -4.077804840266383e-11 -1.99557985731109e-11 -6.51547618248177e-11 -119.5953008266835 -750.8273945154026 37473.4146403531 413.9655407034149 512.8523732807025 38515.16585142052 413.8102456731647 -493.9566113728245 38514.43496987413 -477.4559823224499 -498.9446229597854 38591.76202943473 564.1696753523253 -312.415259810359 38629.81492734529 -158.629367506287 -831.2771340962098 38715.1944519205 266.1864084624374 92.3376981065139 38978.0835386952 -295.2457373525914 -252.3651207638841 38900.25547964612 -23.76701384403432 -443.8930186766038 38838.20756988542 0 0 0 0 0 0 0 0 0 -1.75708197632415e-09 6.062034039459054e-08 1.156080214098624e-07 5.885029468754056e-10 2.879992232968314e-10 9.40304179303627e-10 -639.5549745831084 424.1834674127622 38693.66179381673 -237.5311769478604 242.5312300953522 38630.60661614844 -227.5885077389067 -184.5331446957389 38617.27209812599 -339.1425202338409 121.651542937819 38644.23230530698 193.8371980097313 212.2958448552565 38666.80073192245 225.4466551920117 -357.1300580689327 38600.15665774218 292.3861378814057 -173.055554557164 38702.5740691627 -142.9064492838549 -422.351472923964 38599.98136044466 708.1338871949246 381.1540028873621 39792.13146347686 0 0 0 0 0 0 -1.1121316787412e-08 4.316026288983038e-08 1.3033152176163e-07 3.869036031060457e-10 8.687985652547076e-10 -4.193936484822323e-11 -17.99339514696656 334.1170352245761 38604.55486897432 187.0396299149216 -1075.934163114332 39650.11363322935 97.28793627795991 1074.217862617977 39501.52369452423 1000.537523099509 -111.1450934413946 39702.6004293986 -1172.143844284933 -507.8115786619903 39762.81762799924 -347.8969443648323 688.3599047339609 39168.59083618213 -749.9196871498943 -332.8727566043511 39287.53593036265 581.3813583970875 767.5697419272473 40118.56970452329 119.5338880868923 816.3577571052243 39703.443362815 0 0 0 0 0 0 0 0 0 1.038128715783233e-07 -6.614991207237733e-09 -9.092994814177388e-09 -1.86734523889679e-08 6.52544427346878e-08 1.004081266423043e-07 267.6899285394225 -1357.034306146715 39697.45154244416 650.4145205957009 191.9844809278707 41167.16550767151 666.1080786056824 -353.6494966378994 41150.918285095 -140.9508937759719 -818.811056499994 40933.01287996482 312.7277525672254 -740.1735892138963 40869.24514124034 -380.5063657962615 -717.5624372226654 41625.16904540088 263.9226614357855 1127.309252163705 41160.45715906348 -1228.937771091356 259.9330394374556 40895.06496510401 441.5108349235973 -689.1519500990612 42251.98390231863 1.958461679989328e-08 3.752860215206152e-10 3.230824481947103e-09 0 0 0 0 0 0 1.130206716395806e-07 -3.785469683742432e-08 3.63226841280042e-08 -1.177895687274491e-07 1.024390471827289e-07 -2.425973638039518e-10 3.850078580383739e-08 6.634672455204739e-08 -2.262962045907953e-08 -658.1259288442105 83.9371899452175 41519.28312642079 -499.8194911440301 -605.7405388043604 41973.92683008987 -565.660476877364 437.344700590378 42056.45634682303 539.4356545740339 616.3823131790926 42014.50027196685 -603.7766188559398 538.632881474293 42125.84181749405 -18.32361293374606 -93.3627614590221 41684.75325600742 380.9591293859461 -987.9248148422629 42196.15906169278 -449.8591045160903 -898.2390898584629 41859.52704239565 0 0 0 0 0 0 5.998444504554471e-08 -4.21040298670593e-08 -2.082050889575363e-07 1.770755089785268e-08 7.888476774338017e-08 -8.180264315555491e-08 -8.866799093439811e-09 -1.527976805741353e-08 5.211641632297655e-09 603.2287917091006 -175.6760430829311 42016.48689181793 -1015.488308390412 166.8598247415365 41581.97227097712 -1009.7669408937 -234.0746547694748 41631.96049745907 -332.0475732098114 940.5978105339174 41602.743318539 -29.24220031844795 990.2815867191198 41583.44052914243 -2683.867380176519 811.6520071181079 41756.40504692016 1184.804749563432 -489.886555841338 41894.54413540607 545.5637180953614 -108.8888721647725 41844.87216739097 -728.4000247401387 33.00656038160157 41515.97569736651 8.46869842605494e-08 8.544827072875084e-08 -1.059450977549514e-07 0 0 0 0 0 0 3.853897871769288e-09 5.484402617157282e-09 -1.38863750067816e-08 -1.450829780115129e-09 -7.776146192730929e-09 8.640163649969747e-09 813.3025103605933 498.6670052994368 41479.05575623803 642.9753119250112 826.0309127226651 42122.43181703108 643.2401522434053 -842.9307477685148 42166.11531034136 -889.0472563417571 -812.3081354389378 42006.38544065881 1085.109334819886 -477.3507433271063 41969.25885877168 161.3266842534169 -138.5323273982669 41796.36622510446 -741.0650125225302 390.4025080600554 42145.30701352251 757.9823632256069 811.4355606383338 43752.17936820327 -3.918698832853723e-09 9.838130999402472e-09 -6.430279314741823e-09 195.0437087305073 984.0746105768196 42173.30366945804 0 0 0 0 0 0 -2.742902904650491e-09 -6.250555746485417e-09 1.301238310197262e-08 -1172.227004996377 584.6708665047812 42312.77380827163 669.6581944059287 -818.3467248152157 43621.7694063186 667.3925626200663 907.0874042577733 43465.17305831477 1004.784669610296 -434.2769252060611 43572.42298294498 -778.2677757451544 -734.8014494337575 43625.89083838298 -507.3918689556439 -1106.626540476277 42159.38215188282 393.7341604203773 960.5354961512487 43604.96565951769 349.7709531236116 954.5858691603205 43139.80313108915 2.751527115481858e-09 -6.950668885298137e-09 4.572091242391949e-09 -896.9803312238796 132.9624718408886 43858.14320599257 0 0 0 1.549015302189802e-08 -1.220287180777875e-09 -2.096694994199308e-09 0 0 0 0 0 0 -4.747039994261681e-09 -3.938491323487084e-10 -1.387936411239187e-08 -265.4732775696968 -1023.615505126243 43515.2926826422 688.1380657036499 746.5815867248543 44578.46610412974 687.781648496329 -782.0349910280509 44579.21491267194 -560.4808999531965 -647.8490211935999 44649.08198720359 823.4553129042075 -412.879729068514 44596.77785429291 -795.4266540979213 440.1228591151134 43791.02845732741 -909.4544488375212 7.634116691311631 44583.47273755928 -131.3605902372445 -463.0232747048347 44697.7858322281 -1.217690762843557e-09 -2.413048535693219e-09 -1.090334681814656e-08 332.9161610366323 795.2967187729315 44624.19772566953 0 0 0 -9.785337827159229e-10 -6.706258819143998e-09 -8.659856467955374e-09 0 0 0 0 0 0 9.284169475133938e-11 -4.763967111076432e-10 -1.26607010267273e-09 -568.3666850432198 488.5972959654671 44725.46754132795 -172.9894991642651 372.4835547492094 44155.17552795569 -172.8902535403242 -406.8023715427216 44155.57286837962 -337.5177604501235 179.376845621699 44149.61038671985 355.017604347541 307.445608785747 44119.23641028368 -97.68717393788587 -713.2087741452725 44694.63121048164 -260.2216228514106 -441.6664628876069 44027.4023812 880.1336295874845 1040.097163950728 45645.20285792374 3.029380257263325e-10 6.609312701436668e-10 2.905046619433539e-09 462.1150641744294 22.6529998554984 44053.32028754857 0 0 0 0 0 0 0 0 0 6.955869238853748e-10 -2.671241458503548e-10 -5.123196091694483e-10 -1.929814630500738e-10 9.902418794489966e-10 2.631663084050024e-09 85.98454110971878 457.2754196456702 44094.7304997681 422.2382115080949 -1537.331183949874 44998.62816873282 434.3001641007344 1545.660196606092 45074.10085187238 1684.63254374788 -41.24719560870896 44987.32386398243 -1357.243588651848 -608.0431398600034 44961.08838933378 372.3306107066387 -256.8037889663285 44075.97293473587 1213.435782317592 1201.915570456521 45246.64847771949 554.4122291045675 1258.188958893865 44577.43508365943 4.037894383345188e-09 -2.838462832942047e-11 6.807551403609506e-10 -1428.993981952277 -583.8953611365571 44892.81095363223 0 0 0 0 0 0 -2.175940615672488e-09 8.357905188782756e-10 1.603105961430337e-09 1.372402237181753e-09 2.080333942986207e-09 -1.598780858076347e-09 285.8386214734162 -1501.803548966715 44914.27898376044 1179.907970819511 504.1077445122963 46448.99796908432 1180.569209387033 -427.3561536677033 46466.46095969879 398.6322445175305 -788.6885237093106 45629.16076894175 101.6270404502898 -843.7310086477946 45640.86594666504 -844.5755675187454 1272.432810195913 44943.46053626799 -166.2268758336036 805.2494708896324 45811.65101976204 182.2322398491301 -150.6399275295303 47899.93647806031 -433.7446716774713 633.3265660198028 45851.13832784742 0 0 0 0 0 0 0 0 0 0 0 0 4.174230284451546e-10 2.427480243827998e-09 -4.28953690386326e-09 -3.116554923330068e-09 -4.724179847956401e-09 3.630632637845104e-09 -1000.869068580666 -45.31876586956047 46165.75490693247 -746.7491694971043 -802.3538329170198 47129.96541986011 -696.1711607575214 903.5818081846505 47059.30470085864 862.0012309350459 1109.645524211889 47591.31482127123 -760.3876078876173 331.5784777289199 46864.81610436746 -728.9214762026128 -716.3468216718486 46128.6255119852 1340.913521400517 -297.1746895013459 47583.66711350505 205.1610394151724 -143.3031694772054 46131.07279199519 -219.7126230454388 -774.8902675838995 46824.17333906668 0 0 0 0 0 0 0 0 0 6.54926348099567e-14 7.777382794201591e-14 -3.073010712209911e-14 3.860728732358703e-10 2.744527607634836e-09 -2.975149949467269e-09 -4.80376408388585e-09 -5.704566970290456e-09 2.253996732845785e-09 728.8339268261772 -454.082298978959 46550.57986327317 -1134.95630819317 -144.0815884985911 45289.16609953313 -1141.080938425947 161.4944313597261 45298.74823746563 -23.60496494759318 1199.191072872661 45762.56195519676 574.8615034846991 1314.893038895425 46255.41017194396 301.0433540817995 801.6739692209043 46603.17529079103 864.2780269653196 -890.5126058418184 45749.99612453568 -208.2909650915896 -826.2381038253716 44389.42653551455 1287.61348464815 -620.9057049980358 46049.35483961865 0 0 0 0 0 0 0 0 0 0 0 0 6.720938037738653e-14 4.624157131012551e-14 -1.308606567486823e-13 -1.171129474217117e-08 1.556862492371551e-08 1.611078425826887e-09 -5.756188218514794e-09 -4.53756362213926e-09 9.499971273555072e-09 1277.648032508816 853.9630309587257 45791.21282628733 1876.302892918376 1399.590588707808 46045.83543289637 1997.264787225143 -1330.747407632482 46044.83373873807 -730.073067614355 -479.3016334740014 44809.41574411116 1405.47018728239 -542.7881613503681 45744.0296392639 1513.665756764219 233.5911185297298 45699.10466181919 -630.9073621316801 -298.1991609153783 44769.15376492718 426.8886032210236 1671.891463849241 47847.5886875726 780.6159391208386 1115.09650113685 45569.66951725144 0 0 0 0 0 0 0 0 0 1.145261235066444e-13 3.56729772479974e-14 -7.067452188851484e-14 -4.403496708573189e-09 -3.029705167939655e-09 8.573869719358894e-09 -6.122968229447738e-07 -2.072332621213406e-07 2.129417020441034e-07 -6.550317604145614e-08 -1.729279880777594e-07 3.427586781847129e-07 -541.0589579787656 429.4988658219701 45216.70615132109 1282.251818235335 -1571.253287456071 47840.02704353787 1300.853972303596 939.8021372485887 46808.45930080646 687.9500431912053 -1799.643013030653 47683.97595438592 -1014.103413946125 -1447.471486779105 46833.88866135162 -77.43172785101441 -869.2578748097511 45139.87251976801 -285.5182717734656 1559.27689261347 47132.79693134086 1117.503980137346 1124.608790431946 46197.47678552802 330.8881290832058 1612.003413788565 45752.56569431307 -1211.514328145508 347.8996169576841 46373.41197995577 0 0 0 0 0 0 1724.868132542476 -886.1956337146212 46662.92862044639 -227.0717952185599 252.1887775344663 -22.32705990946251 -284.9718571602785 1.057110866599e-12 -15.43879886278271 0 0 0 0 0 0 -6.230169415867374e-09 -1.940593857701924e-09 3.844662084675633e-09 3.465578782180012e-08 -1.234111066783796e-07 4.526353897156828e-07 3.456662785670763e-08 7.4335022266339e-07 1.030012803406129e-07 523.1705195657788 -2238.784050629818 45830.6157749732 693.9237412036484 158.1899740526142 46622.7832962749 717.7504383149596 -1306.772464834218 47020.34475378013 848.8221733855577 -1702.895558234694 45716.36655236595 -783.4998430293973 1399.054526208662 45444.43951323505 -251.8374622985143 1509.893821110526 45168.01136610159 -255.2561844452416 10.74691596914159 46398.99573933022 569.6239822655014 -249.9482217130488 46373.16198831586 0 0 0 0 0 0 865.9335895062534 300.688615251086 45372.32115806678 232.8518761085229 356.3476372724526 247.9673934311911 -432.7929450802413 -186.9895658723084 272.4453133804421 -115.8829588355218 343.6825657996746 110.8407897431454 -115.8829588355242 -343.6825657996702 352.9958690155646 0 0 0 0 0 0 100.2094030953121 173.5677775572298 -13.87989473708277 132.4277979961629 148.1565957747212 14.57249362670511 166.7071953955827 121.1198671793899 -14.36371023494972 0 0 0 0 0 0 -187.1643173433902 -207.8670331710293 -17.00485079977605 0 0 0 0 0 0 -4.395176143821477e-08 1.124294001679727e-08 5.765190951322538e-08 -3.910797823855145e-07 -1.274409713882185e-08 -1.439064003314272e-07 1.342846955673021e-07 -3.494426534587324e-07 1.370456110157755e-08 -285.2842850772304 714.5486656473638 49018.99369481957 9608.900233290242 245.339576107104 48320.83720096081 890.4764216458832 429.3860499923086 43128.84756083724 9107.355240635117 -1299.923175808179 48376.18821876607 92.98103540053265 -13.86195677118582 45796.41481851879 437.6273483995033 -1308.296126765455 49112.22808198971 537.6118671874531 -265.5248295446913 46623.95766339188 4491.805222467058 6474.240624656398 49231.6990101192 210.9238895598528 -90.63896263006623 43758.92554270454 946.0271861070995 7063.63019878875 50095.04478232766 0 0 0 6829.41061515551 -6043.760527101983 50198.49781995906 0 0 0 481.8519233029678 240.8638545880737 576.2845500186995 0 0 0 -453.8624543957222 -115.558784847272 179.3796831731396 0 0 0 -101.0525304173849 350.0662030999833 130.2870370385286 -248.5476068567036 -286.5781469883665 138.805542781494 0 0 0 -356.730328568596 154.1264709390348 205.4437183586076 0 0 0 0 0 0 51.00865495701962 180.2161187939047 16.36157614909855 47.67798935747919 52.44335995783495 186.4568002099095 167.7067040194374 83.67600912142248 7.419648297769573 0 0 0 191.9285589477552 -293.7201522665224 190.7177633948281 0 0 0 0 0 0 -3422.656566161305 -1579.271296091893 46859.37004610502 -3503.835863399263 -1871.191935069415 47020.36040246528 -1322.484074443808 1209.938628493545 45044.11944995586 2624.493147023149 6332.561819925273 45700.81976291318 -604.2389185560689 191.1255616702323 321.7504659431361 183.5852020604374 52.31955106827923 -6.003367846198769 -245.9616371137825 121.86117126862 143.0518490682726 -306.2316478776451 -151.7218202309562 138.6580650063695 -2833.473527468589 -677.4875880041269 43393.85267233371 178.1318269607447 37.86308866277519 -10.46497820617849 19.45082889688704 185.062275061703 -11.31264644462837 24.21702610039147 -230.4096123165531 -11.78685935273969 84.3682471858494 -146.1300906714222 -10.25816519300928 130.8570001941486 -167.7479502668207 -29.8446767255209 140.3540329984489 -101.9731739504413 -12.79643040574823 141.1862039592494 -70.79816395802767 6.511037172928498 153.9044747275322 -75.6341516002113 6.534606155343415 178.1318269607447 -37.86308866277544 -10.57743009421185 -54.97195624398892 528.8799684018368 324.196515650833 0 0 0 -3.362889346459537e-08 2.259470112634364e-08 4.574749407922978e-09 -3.488274095433597e-07 2.94918527778801e-08 6.913959212939025e-08 1.705856717487696e-07 -3.651088112658025e-07 4.656046325146553e-08 -2291.236860683136 1330.248877780967 44189.05444085504 7482.702406702298 -3497.648975255408 47634.20442098863 7819.912128258661 -3485.481688668698 48425.69775392926 318.6173526714646 693.9748786672499 40924.78723616596 9753.128843631563 3252.533832514558 47738.12013716091 -980.0726587208624 -6689.596008095439 48052.1550150593 -302.459331423096 -2440.750606111237 44623.04671117754 2116.76257401657 7013.03298395812 47208.57919932434 1218.106381309969 6589.673409126572 47292.94360527106 0 0 0 5163.13750815269 -7579.532858633049 48306.47314897855 0 0 0 -416.853805739717 657.6747679969574 536.4222144890842 0 0 0 0 0 0 -67.83061265435981 -18.30015250794058 308.6602944317222 -517.4430405287075 -219.4473287811008 245.62632960826 0 0 0 -371.2974694528595 104.7403065493345 146.1165166493392 0 0 0 0 0 0 52.17835700799606 159.4912565961492 10.39790760709098 2.822827818061507 63.88524140086728 208.0581558672294 0 0 0 61.75571174864222 27.75054627968812 182.962041968911 -85.88221514917932 393.9812964008975 -235.8170893014469 136.0921691769274 -319.6165228689706 122.5610459398029 0 0 0 0 0 0 325.5095260039689 -3140.016276719386 44551.32201118206 -3159.630381582067 -1475.327840093687 43498.18820088973 -2504.045226342093 -581.2641617967033 43531.01349811476 94.40075858164337 227.7767957764171 244.6752503771919 -102.282718958703 -24.45594493474719 402.107254020457 63.63699227758568 2.635375793849133 197.0174595588489 -292.7542605504939 -174.6321248841776 112.2182289382814 178.1318269607447 26.94688253864501 0 64.95216748095818 -198.5820007443294 12.46595788974754 113.3368007423529 -123.282112593495 11.18304297052757 76.84681944413887 -37.35583939392378 157.9085949661265 59.13401591559477 -35.02928519854132 145.3405243987561 64.37300780665109 -38.54900374242406 158.6407928833021 178.1318269607447 -26.82643337437084 0 -426.9757990898535 -185.8460643218149 56.75613598143266 -154.431050284031 -494.5528154446124 234.6368602440937 0 0 0 0 0 0 -2.639788986354796e-08 2.693152588890944e-08 2.714433112688504e-08 -3.511989206814821e-07 9.915345560228412e-09 1.560259306502781e-07 3.272404573643402e-08 -7.772778896444687e-08 -6.888898382791658e-07 -4023.342631941334 -5571.800847019198 47171.0839104366 -2659.797940605214 -541.1864606996562 40779.20456050676 258.58398987667 -120.8702388590891 169.2974904473327 285.2159135090959 -127.126088829113 177.2452288928184 11.75458167853732 25.60244859782803 353.528759009433 339.6660657127323 113.2739440030217 213.2623911292021 73.38259262441726 243.1234134808412 249.2102323068135 44.15040301553843 238.8434550690372 250.2273278497794 181.9580972813355 -267.11614305459 246.8139530456716 0 0 0 0 0 0 -127.0555026972218 -79.92741419814654 334.4183791876105 0 0 0 0 0 0 -90.27126377961999 -20.407158178658 355.9242762254718 0 0 0 -109.8639468513108 -51.29882924190449 375.272248493319 -51.86263406520581 2.262477027405731 291.7807217237662 0 0 0 0 0 0 32.30078963138072 44.77079828786668 156.2768742721674 0 0 0 0 0 0 0 0 0 22.68254808753263 56.5798418710127 144.6524678336706 0 0 0 0 0 0 11.45174607168424 -110.4688686177108 301.6553511693874 -92.60249826442748 -21.49582322543863 419.7541841418252 53.70318295371623 31.70886795261059 156.6295394670945 35.00984660659142 13.36159713123836 237.1794429453034 13.90811115221217 77.56380973348215 164.2237158085331 61.81409315607292 -36.770186350953 140.4298290027164 -41.92383320718904 -132.2682327977117 218.4095675390273 0 0 0 64.98008582761386 -30.03763416989205 140.4018739230329 36.97308985961492 -71.29754853335878 141.1587371011302 193.1031340175009 -201.2974993299877 227.6457907899535 0 0 0 0 0 0 0 0 0 0 0 0 6.031822465063668e-08 3.046130173833393e-08 -1.377708891848312e-08 -7.213534355074256e-08 5.699579754775584e-07 -5.165560286927885e-08 3.386331924330864e-08 2.58878449913355e-08 -2.376643366147033e-08 -1.084358584045722e-08 -1.012759398161912e-07 -6.148349939432574e-07 -145.7985444101271 -201.9118249559904 252.8317087747616 -97.24547967451826 -19.78644172952396 360.7677008599503 315.9734756421141 112.7836657166445 191.2056522819366 117.9213268070111 -36.79578563668394 284.7689291827599 8.151391932145167 8.551604895885264 300.7395772317165 74.4547714734057 227.9307268815089 225.1877166176936 -30.13689250826188 -202.2339921404481 270.0251590499111 0 0 0 -142.2826463703011 24.7072561422895 304.8739303935184 0 0 0 0 0 0 -356.5989920196583 11.26965349474676 129.1978827257256 0 0 0 -97.49509736285469 -47.015388661234 339.0806908849256 0 0 0 0 0 0 0 0 0 0 0 0 49.67972652290084 51.36127659279114 143.1746569873766 0 0 0 0 0 0 0 0 0 0 0 0 0 0 0 0 0 0 0 0 0 0 0 0 0 0 0 0 0 0 0 0 0 0 0 0 0 0 0 0 0 0 0 0 0 0 0 0 0 0 0 3.529297140362923e-08 9.664220543436704e-09 1.218511363962367e-08 -1.731295931215705e-08 -9.407976924677535e-09 1.377319723815912e-08 -3.663541886959698e-07 -1.736165377687597e-07 -3.316133636992641e-07 -1.33750116167211e-08 -1.082043374480283e-08 -1.585241801634157e-08 -108.8684020553159 -98.61379305460632 308.8961724149102 -82.32040587462743 -19.23267086383118 312.8713134051831 97.3277173819987 56.81527289809068 277.4142315127526 77.93375831476163 29.74790666934287 279.6966166958717 0 0 0 0 0 0 -116.4789353831259 140.0012983710112 176.570133453657 0 0 0 0 0 0 -192.0300722369594 -218.3669325198651 154.1278275036992 0 0 0 0 0 0 0 0 0 0 0 0 0 0 0 0 0 0 0 0 0 0 0 0 0 0 0 0 0 0 0 0 0 0 0 0 0 0 0 0 0 0 0 0 0 0 0 0 0 0 0 0 0 0 0 0 0 0 0 0 0 0 0 0 0 0 0 0 0 0 0 0 0 0 0 0 0 0 0 0 0 3.235253572147589e-08 8.474740317630455e-09 1.847077500686978e-08 -1.754635124475642e-08 -4.918454353656026e-10 -5.57111094702076e-09 7.924786758139941e-09 1.284697933658222e-08 2.666218751394129e-08 -1.243365232339441e-08 -1.912093457353757e-08 -6.066989525304287e-09 -12.52538094965584 -156.5775525113896 188.7247668095106 41.46104178151967 16.90813963178776 202.802892849293 0 0 0 0 0 0 0 0 0 0 0 0 0 0 0 0 0 0 0 0 0 0 0 0 0 0 0 0 0 0 0 0 0 0 0 0 0 0 0 0 0 0 0 0 0 0 0 0 0 0 0 0 0 0 0 0 0 0 0 0 0 0 0 0 0 0 0 0 0 0 0 0 0 0 0 0 0 0 0 0 0 0 0 0 0 0 0 0 0 0 0 0 0 0 0 0 0 0 0 0 0 0 0 0 0 0 0 0 0 0 0 2.966105295456403e-08 1.364145998206566e-08 4.036056984911812e-08 -1.655234905803874e-08 5.125261861921347e-11 -9.338721755904835e-09 4.811261359269476e-10 1.619100481652906e-08 1.979029352876028e-09 0 0 0 0 0 0 0 0 0 0 0 0 0 0 0 0 0 0 0 0 0 0 0 0 0 0 0 0 0 0 0 0 0 0 0 0 0 0 0 0 0 0 0 0 0 0 0 0 0 0 0 0 0 0 0 0 0 0 0 0 0 0 0 0 0 0 0 0 0 0 0 0 0 0 0 0 0 0 0 0 0 0 0 0 0 0 0 0 0 0 0 0 0 0 0 0 0 0 0 0 0 0 0 0 0 0 0 0 0 0 0 0 0 0 1.869230397706147e-08 -1.794978446818174e-08 -6.237131039388729e-09 2.413960355489198e-08 1.586384176747169e-08 -2.954439138557631e-09 -9.008075194509385e-09 -2.803434686378832e-09 -2.232857614500812e-08 8.360462177965464e-10 1.640784695285652e-08 8.883127428812467e-10 0 0 0 0 0 0 0 0 0 0 0 0 0 0 0 0 0 0 0 0 0 0 0 0 0 0 0 0 0 0 4.37325612088352e-13 1.143091782367067e-12 -1.714276066913572e-12 0 0 0 0 0 0 0 0 0 0 0 0 0 0 0 0 0 0 0 0 0 0 0 0 4.00506212247121e-13 1.22071774041815e-12 -1.692505858706738e-12 0 0 0 0 0 0 0 0 0 0 0 0 0 0 0 0 0 0 0 0 0 0 0 0 0 0 0 0 0 0 0 0 0 0 0 0 0 0 0 0 0 0 1.956445239684642e-08 3.415635330289697e-09 -2.318916891896636e-08 -1.212986388663665e-08 -8.08437628319198e-09 2.334056012869548e-09 3.174276967787454e-08 2.303570162648258e-08 -2.024008620310696e-08 0 0 0 -1.183552380286459e-12 -1.324357753319121e-13 -1.79665809238171e-12 0 0 0 0 0 0 0 0 0 0 0 0 0 0 0 0 0 0 2.077989300849673e-12 -7.147095113589142e-13 -3.565918953089472e-13 0 0 0 0 0 0 0 0 0 0 0 0 0 0 0 9.559728824055478e-13 1.389922404753464e-12 -7.246997927074608e-14 -1.191353998008465e-13 1.44514730636627e-12 -1.578453260604503e-12 0 0 0 -1.043628393658254e-12 1.312357326490983e-12 -1.493544129625043e-12 0 0 0 0 0 0 0 0 0 0 0 0 0 0 0 0 0 0 0 0 0 0 0 0 0 0 0 0 0 0 0 0 0 0 0 0 1.306741915497137e-12 -3.584519857868919e-13 -1.746503257813363e-12 0 0 0 0 0 0 0 0 0 0 0 0 1.757456019419467e-08 3.825310014865144e-09 -2.510668263125392e-08 -5.440153538820056e-09 -1.265067221274246e-09 6.68465774998846e-09 -1.18690285511442e-08 -8.061519033104422e-09 1.964848972675306e-09 -1.378519875288004e-08 -8.754413880964936e-09 -6.046250055962914e-10 0 0 0 9.695084979211694e-14 -1.793183169183046e-12 -6.517188062092952e-13 -9.085740304483536e-13 -2.346738672705071e-13 -1.853346761432397e-12 2.226477567445215e-13 2.699207264468934e-14 -4.543477583806356e-13 0 0 0 0 0 0 1.307998160384593e-12 -7.274595058376016e-13 -2.279846204356455e-12 0 0 0 0 0 0 0 0 0 0 0 0 0 0 0 0 0 0 -1.121477754538835e-13 2.44057335020522e-12 -1.187268170091094e-12 4.857263710773579e-13 1.608388586709917e-12 9.618578853623304e-14 0 0 0 -1.01317270784833e-12 1.313642398097316e-12 -1.566341501700931e-12 0 0 0 0 0 0 0 0 0 3.47148296245396e-13 -9.59178268392208e-14 -3.789605248666544e-13 0 0 0 0 0 0 -2.008493096087942e-13 -3.056113311308577e-13 -4.574469755269547e-13 0 0 0 0 0 0 2.061566080073837e-11 3.377883683413356e-10 -3.788484678200104e-10 0 0 0 0 0 0 0 0 0 1.328828962959651e-08 2.173677172106308e-09 -2.714433112811657e-08 -5.323633038569514e-09 -1.302452524762747e-09 6.870499369422497e-09 1.941224713785599e-09 -5.081977320618484e-09 1.766942627454672e-09 -2.967991841593643e-13 -2.793454184327826e-13 -4.924437072303067e-13 5.018856432671728e-13 -1.393303227485732e-12 -1.389841413308684e-12 -1.640870664139615e-12 -1.28677410011517e-12 -1.272836228619037e-13 3.695916514379189e-13 -6.156425577352674e-14 -3.844412000773401e-13 0 0 0 0 0 0 1.618531078356615e-11 1.153969620555005e-10 -4.8075531471991e-10 0 0 0 0 0 0 -2.232489121091643e-13 4.932720126992368e-15 -5.683471253079524e-13 1.509918129540277e-13 -3.646221518461518e-13 -3.417056511704268e-13 0 0 0 -2.260891185127686e-13 -8.975179942805965e-13 -1.574623950773343e-12 1.991660149273344e-10 8.560638652655417e-11 -5.474698532566261e-10 5.461010238959335e-13 1.612513273319487e-12 -1.23903038988775e-14 0 0 0 -7.730796086775426e-14 1.52146753608837e-12 1.083173358474252e-14 -1.83812024014512e-12 1.486331074823476e-14 3.753997218032553e-13 0 0 0 0 0 0 0 0 0 2.093457736057402e-13 -3.004460964723957e-13 6.527684817848768e-16 0 0 0 0 0 0 8.383391644384564e-14 -3.548144226628539e-13 -6.423869473131075e-16 0 0 0 0 0 0 3.763875264240387e-10 2.242407751878049e-10 -3.091524904258895e-12 0 0 0 0 0 0 -1.197803612941126e-09 -2.822230318110082e-10 2.225737986380625e-09 -4.431638803555718e-09 1.318542039954351e-08 -9.353094284406811e-10 -5.337860557361486e-09 -3.02778401731971e-09 -1.308351071169095e-08 -3.330976335488142e-13 2.152230738960233e-13 -1.838965381702239e-13 -1.990869288464609e-12 -8.843263533251071e-13 -3.789996134600223e-13 -3.786887079043877e-10 -1.144735682358091e-10 -4.732716192696815e-10 -1.352846564899214e-13 -8.584862376492406e-13 -1.564269102169169e-12 2.351173358963234e-10 -1.513173737585434e-10 -3.350382487687499e-10 6.959379427058181e-13 5.416882647988899e-13 -1.152672325065441e-12 -4.389697557705749e-13 -2.877108914669902e-14 -4.092203308658867e-15 0 0 0 -4.729395993557889e-14 -3.329996733123301e-13 6.25786905039217e-16 0 0 0 1.782056416456442e-12 -1.167680994819664e-12 -4.813887396545621e-17 2.686631634001571e-10 3.202919583584694e-10 -4.013312149640066e-12 -9.510582782831835e-10 5.66940540068269e-10 8.345857819570616e-12 -7.853375782683343e-13 3.592811385321461e-12 -3.213861343503599e-12 0 0 0 -9.550224067936649e-13 2.46271613810825e-13 1.758211377192318e-12 0 0 0 0 0 0 0 0 0 -2.505195327762528e-13 -1.032893882014826e-12 -1.429151901819439e-12 0 0 0 0 0 0 -1.324026450490202e-13 -3.201979624942906e-13 3.399557891455167e-13 0 0 0 4.281120751000677e-10 8.213385824389843e-11 -3.025121366679459e-12 3.757773721867446e-10 2.263510703705792e-10 -2.305521154327774e-13 0 0 0 0 0 0 0 0 0 0 0 0 0 0 0 0 0 0 0 0 0 0 0 0 0 0 0 -1.342684818325628e-09 -1.177901371137889e-09 2.879249239589379e-10 -1.081024558869247e-09 4.397233996723637e-10 -2.604786349645746e-10 -5.149546609671933e-09 -5.780507364116543e-10 -2.291313905775394e-08 -4.140815914920908e-13 1.321633677500416e-13 -2.132842356491875e-15 -3.033576794073887e-10 -1.29274793942498e-10 -5.019142662877896e-10 2.976617340218408e-10 -5.463221040452705e-10 -1.72193764686673e-10 1.808068469772126e-10 -5.837242214905889e-10 -1.8162256026397e-10 1.980098361457779e-12 -3.883561941377268e-13 4.581689225484521e-17 -4.385690601137317e-13 -2.956285859348083e-14 -5.505109039851445e-15 1.537844653064454e-13 -3.679036688928658e-13 3.608653079650104e-13 0 0 0 1.782465586014984e-12 -1.171518522238218e-12 4.763455762021515e-15 2.76036946347494e-10 3.177159596627518e-10 3.367346589454288e-12 3.868291804468918e-10 3.643767769135071e-10 -4.723685725512658e-10 0 0 0 -2.251268553577812e-12 1.006009672098488e-12 3.877484922199499e-13 0 0 0 0 0 0 0 0 0 0 0 0 1.067899597030038e-12 -1.539846917633798e-12 -4.089739126365656e-15 -1.716176743571822e-12 -1.159346888473712e-12 -8.553749048208794e-14 0 0 0 0 0 0 4.288725389376211e-10 8.050317214036039e-11 0 5.351449227285012e-10 -1.456077202231314e-10 4.34437953379539e-10 0 0 0 0 0 0 -4.171692521798465e-06 -2.5964580153598e-06 -8.094205548973651e-06 0 0 0 0 0 0 4.880203449760318e-06 1.570491416035748e-07 -8.194089466275449e-06 -7.803760995874335e-10 8.425046406614205e-11 -2.64954709439866e-10 -3.443083613308706e-12 1.167780755796238e-12 3.308544052300569e-14 0 0 0 0 0 0 0 0 0 -1.142125975162723e-09 6.198485911345339e-11 -1.020021869477726e-09 -5.69371094821542e-10 1.097131590747423e-09 1.913251656719538e-10 -1.242528810839835e-08 -6.011927689616526e-09 -7.203065618077911e-09 -5.26292384721401e-13 7.878390025023463e-14 -1.525350225243699e-13 -4.98121435704301e-10 -3.465261360773168e-10 4.92692829380108e-11 -3.560125279235108e-10 5.296010465687488e-10 -1.809819176493846e-10 2.460160977467871e-10 -5.510383596356496e-10 -1.248018995233003e-10 2.707193616865566e-10 -5.149914036171654e-10 0 1.980079107354915e-12 -3.883800964446059e-13 0 -1.685492166897372e-13 -1.042184432633995e-13 3.962724342208666e-13 0 0 0 1.780739883291046e-12 -1.17297369661348e-12 5.010762903318214e-17 1.458516171210149e-12 2.942004205685364e-10 5.493116408078988e-10 -1.346592296321781e-10 3.375385517075293e-10 4.420255714679739e-10 0 0 0 0 0 0 -2.578578593424833e-13 -9.571632187678665e-14 -3.003539287640808e-13 0 0 0 -3.551319207954716e-13 -1.961220200914462e-12 2.56742672646165e-12 0 0 0 0 0 0 3.627306548663959e-10 3.298426026821218e-10 4.458428353039213e-10 7.795616051832829e-13 2.7074612610649e-12 3.05497597010319e-12 0 0 0 0 0 0 0 0 0 0 0 0 -1.430720375173251e-05 -1.076768418211842e-05 1.49055075622495e-05 3.19121481466458e-06 -2.552982526785678e-06 -8.161730107630798e-06 0 0 0 0 0 0 1.569304465088022e-05 1.003025497372161e-05 1.504305252300375e-05 -1.847600765029393e-12 2.32610939090627e-14 3.070698020366202e-12 0 0 0 0 0 0 -8.352480664035018e-10 -1.146349455029413e-10 -1.318680404171486e-10 0 0 0 0 0 0 0 0 0 0 0 0 0 0 0 -3.366537946094932e-10 4.315891739490048e-12 1.857326435229056e-11 -1.705243321871487e-10 3.373082643938546e-10 -2.456549505791695e-09 7.379771100569944e-10 1.96445888796168e-09 -5.700022227968727e-10 -3.674377385963385e-13 -6.51981482497563e-13 2.186128945998606e-13 -5.124765192656017e-10 6.858185976619919e-11 1.93178269759173e-10 4.331502895878883e-10 -2.793867193397726e-10 8.144357770643462e-10 1.242675429657546e-10 -4.283689006463565e-10 5.707923169172947e-10 1.980072730242066e-12 -3.883519031397047e-13 -4.706733560817556e-17 -1.741380267772672e-13 3.811581003763386e-13 -1.683807849148107e-13 1.890588901989476e-13 -1.747673826671248e-12 2.01873849185934e-12 3.855079499211618e-12 5.140608060355913e-13 3.031183013956012e-12 -8.04518743899727e-11 3.077134474547725e-10 5.711057098493637e-10 0 0 0 -4.800315406119705e-13 -2.011238495486756e-13 4.589106623451181e-15 0 0 0 -4.938529951312544e-13 -2.106234959652856e-12 1.955953794866209e-12 2.245961218309528e-12 -1.448012600275355e-12 2.918629188250321e-12 1.260761075615655e-12 7.470717391434832e-13 2.561013367793723e-14 0 0 0 0 0 0 0 0 0 -1.63762384869532e-06 -1.168493016524628e-05 1.163679804626895e-07 2.94202606282938e-06 -6.553039995398075e-06 3.13267364980952e-06 0 0 0 0 0 0 0 0 0 1.14460823299638e-05 -2.795592084130519e-06 -1.007647870132017e-07 0 0 0 -2.316305546457649e-12 6.741097570037266e-13 3.076860257064516e-12 0 0 0 0 0 0 0 0 0 0 0 0 0 0 0 0 0 0 1.730915962375661e-10 -4.169648109821356e-10 5.563010879042459e-10 0 0 0 0 0 0 0 0 0 0 0 0 0 0 0 0 0 0 0 0 0 -4.87779227285399e-11 6.576645537337475e-11 -2.501260525264598e-10 -1.382334190783904e-09 8.571548639117609e-10 -1.402870709860554e-09 2.644817841940069e-10 8.800971200422961e-11 -1.945382762189966e-10 -1.384808120811504e-13 -4.215348054004825e-13 -1.846764748705537e-13 -1.119359036751921e-10 2.610399370105344e-10 5.834823607179329e-10 -8.271665544591478e-13 -1.511917795855525e-12 1.904854391586015e-12 1.990361805739418e-12 -1.152942793883291e-12 2.193678237792743e-12 8.897754036777888e-13 1.013682269744745e-12 2.01952035923124e-12 -1.688811458447631e-13 3.761642077790013e-13 -1.798248908198777e-13 0 0 0 8.464794751412616e-13 1.01407782959512e-12 -2.441518097345635e-14 0 0 0 -4.799013311895515e-13 -1.940877247521376e-13 -6.869980749252872e-16 -4.001647825937193e-13 1.705199810026592e-13 8.345436347413315e-14 0 0 0 1.42851383045769e-12 2.696930992271872e-13 0 1.24896388967002e-12 7.735007707866572e-13 -8.310852959254109e-15 0 0 0 0 0 0 -7.502052105740301e-07 -5.804169217828823e-06 8.179655696559688e-06 0 0 0 5.797708360091233e-06 -1.344240333574399e-06 8.088042539399633e-06 -9.868389283490264e-13 9.970266935352048e-13 4.602990381514277e-13 0 0 0 0 0 0 0 0 0 0 0 0 0 0 0 0 0 0 -5.231704357281895e-13 -9.737695049611241e-13 1.922737855121056e-12 0 0 0 0 0 0 0 0 0 0 0 0 0 0 0 1.427386694186618e-12 2.746588178734443e-13 8.965340756410263e-15 0 0 0 0 0 0 0 0 0 1.852376210278473e-11 2.045686673331436e-11 -3.874797323973404e-10 1.861346822933178e-10 1.208491395376503e-10 -9.397617589509753e-11 -7.251048758189375e-14 -4.505930825029639e-13 -9.024819406466708e-14 -1.209824144853171e-12 6.671796682195943e-13 5.488681646665099e-13 3.281193699667965e-13 -3.621544326486022e-13 -1.013173989032078e-13 7.028183507398961e-13 -1.547272644327529e-12 0 0 0 0 2.13106275988931e-14 4.667029503749013e-13 3.638868202903766e-15 0 0 0 -3.2155298009021e-13 8.472446669370454e-13 1.421992897896146e-12 0 0 0 -4.450509385053859e-13 -1.954637688507904e-13 1.711882531575082e-13 -3.828845606453312e-13 1.643779919139009e-13 1.732659425619436e-13 0 0 0 -6.610108648593152e-14 6.631345940518346e-13 1.48644843221208e-12 0 0 0 0 0 0 0 0 0 0 0 0 0 0 0 0 0 0 0 0 0 0 0 0 0 0 0 -4.171117391555709e-13 -1.220835099557036e-12 9.217308935795023e-13 0 0 0 0 0 0 0 0 0 0 0 0 0 0 0 0 0 0 6.143440899699697e-13 -6.424189987864053e-13 1.29668370022784e-12 0 0 0 0 0 0 0 0 0 0 0 0 0 0 0 0 0 0 3.367179602950272e-11 1.148590119510734e-10 -2.877491315235499e-10 9.983335517390697e-12 -3.27668449809635e-11 8.290178880018235e-11 -9.705992745766695e-12 -4.481665070812475e-11 5.101330519277868e-11 -1.486399764204458e-13 -3.785506877735992e-13 1.369465557311637e-13 -1.04574851521373e-12 2.735237888361234e-13 1.171719155611322e-12 3.197893196726266e-13 -2.294973424212263e-13 2.396508986925899e-13 4.361083444175566e-13 -1.261881391739224e-12 1.097291425633915e-12 0 0 0 -3.512211157060879e-14 3.935921089941741e-13 1.846276461547486e-13 0 0 0 -3.11375575294891e-13 8.126271652871733e-13 1.47165507487835e-12 0 0 0 -3.937953375358364e-13 -4.602272696264153e-14 2.966626694843946e-13 0 0 0 0 0 0 0 0 0 0 0 0 0 0 0 0 0 0 0 0 0 0 0 0 0 0 0 0 0 0 0 0 0 0 0 0 0 0 0 0 0 0 0 0 0 0 0 0 0 0 0 0 0 0 0 0 0 0 0 0 0 0 0 0 0 0 0 0 0 0 0 0 8.689497606615502e-12 -4.0830008486631e-11 5.072263997971359e-11 -2.881564020923852e-11 2.03373817284861e-11 -4.516485315942302e-11 1.61617403232721e-13 -2.207515151781626e-13 3.546367226153427e-13 1.070833338047651e-13 2.62537413709972e-13 3.261656039874369e-13 0 0 0 0 0 0 0 0 0 0 0 0 0 0 0 -4.410692397930942e-15 -1.642611404891978e-14 4.476569383170505e-13 0 0 0 0 0 0 0 0 0 0 0 0 0 0 0 0 0 0 0 0 0 0 0 0 0 0 0 0 0 0 0 0 0 0 0 0 0 0 0 0 0 0 0 0 0 0 0 0 0 0 0 0 0 0 0 0 0 0 0 0 0 0 0 0 0 0 0 0 0 0 0 0 0 0 0 0 0 0 0 0 0 0 0 0 0 0 0 0 0 0 0 0 0 0 0 0 0 0 0 0 0 0 3.035431954311804e-11 -4.682440966408682e-11 6.154423272672416e-12 -1.898114322554145e-11 -1.670615817668318e-11 -7.96308232912264e-11 0 0 0 0 0 0 0 0 0 0 0 0 0 0 0 0 0 0 0 0 0 0 0 0 0 0 0 0 0 0 0 0 0 0 0 0 0 0 0 0 0 0 0 0 0 0 0 0 0 0 0 0 0 0 0 0 0 0 0 0 0 0 0 0 0 0 0 0 0 0 0 0 0 0 0 0 0 0 0 0 0 0 0 0 0 0 0 0 0 0 0 0 0 0 0 0 0 0 0 0 0 0 0 0 0 0 0 0 0 0 0 0 0 0 -3.483876273637948e-11 -1.162273415250728e-11 -5.492197769097551e-11 2.02707299623753e-11 -3.654348356941029e-12 -1.62268702256024e-11 0 0 0 0 0 0 0 0 0 0 0 0 0 0 0 0 0 0 0 0 0 0 0 0 0 0 0 0 0 0 0 0 0 58.34406266687213 -53.3669684006766 -77.44255322103862 -31.99529748679923 -16.27380063108612 -90.0705241936363 0 0 0 -24.66640914645596 -76.70401670282541 -90.94364370919321 0 0 0 0 0 0 -5.548872313183544 6.377381429219685 -9.674919953966345 -10.52264418251029 0.8107426090171974 -10.11787690045447 -3.813363018397599 -7.763644586550255 -12.5118030049347 0 0 0 -41.02516929604761 99.30050247607896 -170.6148959724489 0 0 0 0 0 0 0 0 0 0 0 0 0 0 0 0 0 0 39.03164974592637 92.38163554330643 -230.238021512564 0 0 0 0 0 0 133.9642362416519 28.93676605392599 6.107158590945789 -957.744693843152 -3344.409907239003 75.02165596401954 0 0 0 0 0 0 -2.959916966136114e-11 -6.729914282897328e-12 -5.937391234380283e-11 -3.470994731657146e-12 1.008074434978143e-12 6.439835206694078e-12 0 0 0 0 0 0 0 0 0 5.142250761941651 4.838610338316062 -11.234519162567 6.099168725111968 -2.007397602904105 -12.62182373245186 0 0 0 -38.11959224816557 29.95149669339895 -89.48210386612367 -315.3815743390654 -93.67013961705283 -554.8974599463513 -10.47988977568106 -1.236749395130646 -10.50379407470901 18.14359532924552 -100.134610283096 3.537666221221982 -97.24841627688141 -49.11140261309158 -17.57888004426522 36.17163973349264 71.92481676848674 -143.6984440523219 54.13594593798959 -85.82497703338586 -0.95038621625895 44.7020923251143 12.05431766238472 -77.37262280175496 0 0 0 -195.2660653818937 -656.8074007702004 -897.1226107976123 -12.61383354654757 -4.137267827124317 -0.2809158793382356 -4.052042410667664 -6.715016711119404 -13.31370598625422 -54.39024059362316 96.85931342129507 -177.4258956562994 -14.5639061742895 131.1501971602936 -42.77979912034152 360.3248517734668 -250.650769187111 -628.2377489899553 -36.28182134714604 135.5563120080502 -123.4378245508153 7.451004585452933 0.4323280347035793 -267.4965560716852 -345.6879327901099 277.0232963810922 -678.7146680127962 -100.2474892321897 21.51515833675327 -151.7240607111073 -59.85702336044305 136.1672306392929 7.68581110306896 56.72336078291854 -122.8290942353699 -207.1215326497985 53.93293683424854 -57.80244824505457 -132.5705199046256 -1523.615729316646 -2448.128894517583 -299.3283052244466 -544.3013386599722 -3190.413889391222 -102.8200466208859 -390.466459870881 -689.9445358920776 8.789277814910292 38.22486935360832 107.0921288226777 -40.69138704073836 -146.849570318722 -758.0701196600677 -7.217152332603685 -810.7774643741815 371.6373858453372 -58.74584955059272 -1350.982702453476 5395.327817029379 -19.38876476647048 -3392.532564216368 1558.104623779031 -112.838368016219 -4649.529123652055 -2028.18149423395 9.943598457377059 0 0 0 0 0 0 1.05671705828567e-12 6.938555797143712e-12 -6.400587788510456e-12 -2.591571454713514e-12 -6.925053296382991e-12 -8.015976303476576e-13 -9.64225149160176 50.87879670760085 -84.4234482066696 -19.51583275619329 -23.04569133619313 -197.4786000640193 -26.73510221634042 -31.0206338555804 -266.2578599807318 -98.20555590881924 -99.61381500865841 -155.0433257311509 -60.98883183682579 40.14458686404451 -67.94703551065506 212.9261938424024 -53.87044757199204 -185.2190559493575 -615.7384057211912 344.96349816336 -491.0829892014548 293.0895561706692 -223.3559000282652 -1542.28274060572 -45.46220782725839 -46.61396823824798 -202.8102704114631 504.4545681363557 -218.1403184779425 -666.7368415968848 -8.52280872225321 138.9131934223365 -166.9316411787263 196.3822783105571 240.8408039051099 -751.1406513832036 66.59114352161086 204.0724900984024 -324.6594885591783 723.4687171855844 -529.1918239993311 -691.126222496052 -10.66411123578718 -7.74793033618309 0.3582307962130087 -12.83197440177222 -2.695818250965726 0.9135873782497105 -10.00551226551857 -8.25213110557128 -0.2793567073277011 -52.64723491679202 136.7286970153851 -3.75469876247734 69.07558368184185 146.9944097909564 -37.48373432854304 235.4189430153034 947.9429325359645 -409.2538352567306 -97.61105259886236 99.44612515203538 -4.933731896964483 -67.87917070575598 132.3335150728889 -7.443367504613713 179.9305891695808 -41.56288547461939 -14.13783890194823 54.0518699199575 -136.8077281041154 -218.932140126193 13.73249258028161 -75.96768670917768 -428.5741034559406 5912.055136751585 -23237.85831503558 -11258.16680191816 -898.9995751212907 -704.9822120041246 -1625.36002587273 -22593.21106065826 -19921.96908809245 -13545.33058690055 15.44366312215097 -1008.353665728867 -1693.20873631473 -398.131363296135 -689.1676621037209 18.66651719611101 -708.7998711995434 746.5743109492872 -979.1604176276014 -239.2343167846151 -761.2133270288473 -137.0221827444866 -896.2803014621694 193.6970595083649 53.09557251706096 -699.5882985788562 551.5507311686138 89.67588570334145 -566.3332208238983 4743.33448683506 -434.6531268998971 -2006.857163516091 4271.887630571818 -801.7861682838633 -2441.749766162975 1816.346028728742 -510.6388601862016 -2958.66009545718 640.7795836197233 -535.0433075692483 -4096.136070568286 -848.5355298728414 -532.2600826397346 -3366.559215265251 -2445.948442940531 -562.7241898267231 -826.1238984879922 12.8991955137035 -42.2434397025654 -10.30073504039796 -765.1924588015919 -993.7817848464554 -13449.96063746232 -15247.45867336893 671.3923294050678 -4305.152402152282 -24725.39438716365 -2055.949829390976 -4052.881804291892 24401.84214010667 -2813.701697764063 3051.077057623574 20651.25413368876 -7792.868805416863 -13807.40447186918 14700.39431108144 86.39136227538421 -20237.56153818941 -204.8380319330257 522.528395235154 14571.10271700179 23526.68762030164 -3305.423279955667 21287.67509055727 -15909.97157270217 -5351.33741812928 0 0 0 0 0 0 1.546409750287649e-12 2.530213107246558e-12 -1.482200763981814e-12 4.117926989709868e-12 6.235705797499982e-12 -1.754459684558589e-11 -23.90755197226421 -108.1253406888995 -253.1279139062016 -75.33464627821699 -22.42986398141146 -245.6538640605343 -2520.494713485982 990.7761057188702 -2273.500001114354 -1232.51934702445 -2649.349549938589 -2212.940697231298 248.3598011300893 904.881422332626 -541.1722921396977 190.8147537487019 56.08663828220674 -65.53541550720942 -887.3218037308754 336.0284033475325 -112.9196530688603 -189.0245559167257 -1355.023277595743 726.3638922283631 -491.5849698547344 -97.67020861697458 -524.7778290281859 583.9370172474235 -267.8610296637405 -606.9404324821832 -126.4338053389426 4.024879026874769 -1144.706528011681 230.1611565145531 282.0332335295454 -822.1734873852845 199.8393301499983 47.50969205158703 -14.13783890194823 -1522.07541003123 565.7907706383893 -6352.984040536609 -769.9872677477607 -559.4284960445636 -2606.092156038894 -955.4348793112766 -161.8348170043506 -2600.786930997878 -684.0001460807006 1491.266312769821 -3381.343378760079 789.6519045902152 -97.5894366818883 -1167.528513260132 205.7395973081162 720.7509012754292 -711.2890243381904 210.1721522892647 1662.944019128141 -3331.51476603371 657.1656820826046 699.3171292040747 -1244.760329731565 -74.42107527076308 -130.2860632892531 -1094.895621909916 7229.920619519793 -24728.33043947522 -13193.77383614961 -25005.09586920434 -21029.89495840598 -15706.42323403667 -1154.966670712212 7034.479497411357 -20772.67542148519 -1522.898781890538 333.0751735371621 -1951.316439973761 -1302.913425804943 744.5414816694274 -1974.525096637278 -19230.18714602948 22106.96608363437 -12390.97631045816 2327.179379426187 23297.00574192652 -7088.182699652719 -25848.42170311581 -2870.078332722387 -13944.00830146065 -14610.20087924161 19807.30782616426 -11394.18554474083 -16668.54215297691 -17848.35055535151 -10564.08522200297 -26300.3690284042 440.6565593999881 -11293.08765295702 6592.911628057735 -3743.261475356208 -22430.36431894417 4361.991454619961 -19431.22518354778 -7725.301072186743 10993.27484414234 35038.43203373749 -11024.96726557716 17045.11558253101 16306.38497517854 -6261.938031808573 16923.00028967137 -16381.91768615039 -6735.093680849737 20033.20173212577 -12730.66388437035 -6209.517153424414 20949.68817959266 15974.22312542064 -5701.906155601842 14458.47177557679 -22706.89696144334 -4104.431966810736 25968.68389970566 -5729.513819873065 -3407.845318353208 22229.41866840588 -1100.020221301768 -6564.377448390645 0 0 0 0 0 0 -1.436866219122344e-12 -7.134568581414659e-12 6.98478456380992e-13 2.790158923413269e-12 9.844951980015617e-13 -4.044259799467349e-12 -8.900243223369913e-12 4.814784696858671e-12 -5.201627548940692e-12 2340.508957978758 -1085.618121026818 -2652.124250670528 819.8833267380197 2702.667070077406 -2701.213068404476 -854.6434680210914 -1445.496617974873 -5979.15537129725 -230.466195639264 694.627579842375 -1066.750544202316 -1495.309671311944 -5921.286229085186 -19419.63898225303 -5656.146797436576 3377.384344722321 -19574.1502950368 393.3746258230982 -6762.298276561252 -19074.90754961588 -4171.245102331653 -6864.205731954587 -21059.98908279762 616.8563708228947 5124.848286845901 -22330.62666458627 6351.24522525087 -3832.770251303446 -21796.50306072414 357.6070736172031 -686.2348343387804 -1322.132417826712 -2590.570311521633 5012.384678313804 -23528.42756681624 -5476.33546710626 -1886.130078973855 -23704.59699613842 -24449.34776977235 5095.361953685936 -16690.06213162555 -11684.91464902998 -19609.41130240526 -16385.63674005209 -22941.84255814871 16811.8240935738 -20829.74845990369 1653.555991830393 4853.868700841703 -21789.5221325303 -5802.717249551799 899.5833136541021 -19743.06618559076 11597.10456893058 18808.43147881604 -16561.87567531426 3860.002549197531 -5704.742437228151 -21105.91991131276 6459.186634810218 -3039.385225154577 -22352.90777941937 -28475.42199007232 -65517.24267729383 -38254.69556672147 872.6477915171112 9668.502088040588 -40780.2261710448 -13879.92994224209 22119.6007694536 -14576.28205160701 -28271.44358487993 -1968.87494709292 -13785.13892656847 11007.60788708364 -34075.14583135147 -12374.77477376128 36269.591075263 -14005.07313194874 -7938.533470166456 19398.73933226949 13212.39663159525 -6000.489271750145 22040.43011593199 1123.017541314626 -6508.568872810266 819.6085388071127 -5063.419000851327 -23154.73318234189 26049.58751254336 5139.017731425398 -4224.983993270446 0 0 0 0 0 0 -9.792937630309035e-13 -2.42363908070956e-12 1.321227534133968e-12 3.326731316237847e-12 1.218262621436367e-12 -2.232095652389951e-12 2.092163408206161e-13 2.159367989334311e-14 3.586411714790701e-14 -1186.604757279331 -277.5245113908212 -22681.46895745564 -1383.495597581827 159.3976509162154 -23015.90960772074 -5865.337971132969 -2243.670446104958 -23678.12368456114 5968.505612122443 910.6449756861631 -19848.34509070858 5536.91175872648 -5668.495626218422 -36618.26759670224 180.8589284157199 9493.170896555184 -36940.03470753045 2222.558609072208 -11971.42099010249 -36777.19767269037 -10990.56304927702 845.8888020734474 -38266.37844010005 5315.050662883301 2394.97651531981 -19406.07466957273 -6539.459100085633 4809.694984492185 -45166.54694620231 -791.6685108313436 1029.351469364577 -40072.39030102282 -7502.27478956709 -5800.321559404499 -36737.9677581715 -54653.3073062308 -22322.32810658032 -43152.72874243167 -25729.15766983384 57068.9743296725 -52460.44116922816 12791.13252773568 -4374.04938640788 -41272.80431567707 -3214.510176563455 -3093.957075015076 -67584.6808894858 -3394.531266982094 174.8839152340398 -39855.5489385505 -60225.95907235896 25254.55381145603 -36048.72469732029 36118.81105520744 13456.56983893162 -8534.682396124899 -2990.288478938719 -7352.621634251097 -45343.45731511153 0 0 0 0 0 0 0 0 0 -1.364878499832351e-12 -2.015876426049784e-12 -1.01778858136121e-12 3.167417872657352e-12 1.279664972552222e-12 -2.346394126698695e-12 1.118602850430972e-13 -1.994043601301357e-14 -2.231583211705138e-13 -1909.371727504102 -360.7927509787838 -41096.30703860618 -2179.397715556283 1919.610716413437 -39388.86740631833 -947.6423801323876 -2235.663784324409 -40450.62889283862 11232.75619206546 3299.314259925884 -38952.35092107996 -5290.975088506869 -1745.251759307218 -52396.71615385779 -4196.406962196569 2182.32905383266 -66230.37526605888 -3507.582805051226 -1924.202336798992 -56141.04692050407 -1872.606281613496 -2384.596366739693 -69902.72471602252 -1059.161909239712 802.5226502916619 -63030.9370435448 -3373.019363271019 2495.495770650678 -68167.02706468021 -3640.155354390009 1787.346113983648 -53726.74927696664 -804.2628345619291 1549.48040687935 -62801.05166874001 -22624.73516847895 -21776.24446648754 -26172.02963598737 -5930.775804657057 -1242.826637490383 -60105.07208255066 -1189.166130056671 -1625.511893370255 -39969.74615523194 0 0 0 0 0 0 0 0 0 -1.171627412282827e-12 -1.886295508578297e-12 -1.155296840713883e-12 1.10526954877418e-13 -1.492047823051554e-14 -2.395300662045795e-13 1.139374837739037e-13 -6.433904895518692e-15 -2.465911472256045e-13 -1.770697996679764e-13 3.005176389483273e-13 -2.059666762549779e-14 -1807.836219706409 1356.996575074483 -63794.1157650245 -437.5860684531481 1755.701767480208 -64843.16438680692 -1864.751687646077 -2853.526879220171 -56549.0793551139 -39556.06567654654 -13047.74489738653 -44328.17449552778 -29680.54157494381 15435.27803570877 -36060.12852307519 -25146.25552780768 -13794.8229129962 -8794.421572331301 -12981.20044921248 -16530.39602133557 -21658.28359144792 -6758.030636544728 5120.532196144778 -7908.040084074662 -922.1994709542263 863.7972749244028 -63257.06194295468 -23532.7727281132 17410.49442353038 -33342.22359184622 -26634.69000913995 13077.85109434506 -31819.38030909328 -5149.573554299094 9921.089205267874 -20793.89918889886 -18578.87407189375 -23918.75546878023 -28329.64648208978 -37590.1939689061 -7877.231564933233 1035.674998000756 -7286.451986282133 10239.61236913001 -19094.99060398636 0 0 0 0 0 0 0 0 0 7.133461923642678e-14 1.14847237663754e-13 7.034033121228949e-14 -1.243853219293126e-13 1.679127494374817e-14 2.695634239597915e-13 -1.30726494711661e-13 7.381959004539577e-15 2.829270511862379e-13 -11423.66996412019 8574.825997572852 5789.93303594525 -2761.541982944736 11079.97829447806 2844.290791981385 -13076.77247907503 -20010.66523210433 11093.37144970455 -33164.2288773058 6280.845612923904 -30625.12613431744 -8098.731584020409 -17750.9490664252 -18880.67044250825 -11920.06626593226 7821.568322070496 6161.18137127064 -8174.811578395134 283.6835838656277 -6169.42802901194 -5871.535899361374 5499.695965170312 -7981.124227846125 -5306.083922838216 4056.270315955344 -8555.944696571058 -24532.93561287292 16089.67471534489 -34348.9698268135 -6448.021111686178 1790.699908424746 -9131.94682533693 -6050.362359069641 -777.224117324848 -7218.798981408836 -21769.95589660898 -15765.2262783521 14508.22972337277 -6695.541349899277 1909.117588761109 -9031.567940946559 5.605670903884219e-14 1.170472257028446e-13 7.49676971379837e-14 0 0 0 0 0 0 0 0 0 -4.883846827930354e-15 8.066535200137825e-14 -2.137275455899977e-13 -9.231897433224424e-14 -1.075299367093762e-13 -1.487201815473938e-13 -2291.37251986764 3536.361646277327 -6908.510202631382 -5397.992994836122 3108.302767294673 -5288.36538094645 -6617.349981667583 -580.3483295318791 -5285.142399934107 -6775.40733032729 1209.417423477793 -7141.775338868779 -5014.315373160038 -1613.425415187666 -5155.563180464222 -4931.794901606249 -1583.405684015145 -5172.23184441824 -5959.510964696494 2235.27509340363 -9048.264044314947 -4079.992146694704 1356.141601592939 -8220.706937992672 -3274.948642629715 -1597.453230911411 -13947.8234968729 -6889.743739060491 1009.670871530238 -11613.72375785735 -3.849872212322624e-14 1.216893940485858e-13 4.256928030696906e-14 -1.158227636279193e-13 -9.299083232215751e-16 -7.816538739595076e-14 -3591.500025039207 1709.636181836677 -14338.62151481595 0 0 0 0 0 0 0 0 0 0 0 0 -4.935359519222878e-14 -1.462235517439115e-14 5.299695584396688e-14 -2646.873084294784 3152.001367813876 -7175.190817841943 -2601.487140085105 -610.7688165619451 -8056.637185033834 -4640.197304036767 2785.933372220372 -14454.8275485543 -5785.884002741285 -761.2396317549786 -9052.132778273912 -4819.931499191302 -1690.921490661013 -4682.31580214941 -5463.931938168812 670.7983292190783 -14697.51498145314 -3870.542414241126 1887.792604745041 -6663.055633187349 -2295.669135629859 -2383.849163905216 -12069.06282386763 -2071.047405454258 754.6529084723541 -8069.983214631791 -3.308562065603861e-14 8.785808681895732e-14 9.275713747736725e-14 1.323136496037868e-14 -1.603540078434182e-13 2.384390131617085e-14 -1397.073036761342 1008.229705737687 -9284.685157400481 -3362.597538593736 -1762.965672103689 -12311.28836867721 0 0 0 0 0 0 0 0 0 2.290753634419989e-14 -2.634094505604238e-14 1.553721368779652e-14 -5.805643411862396e-14 6.570861740727898e-14 -4.180400727436225e-14 -2397.781795629411 1729.987147406503 -4117.111704609781 -2506.007807706959 197.1410105019714 -6275.585224218994 -4628.488417862445 3011.909480719546 -14306.09977726363 -1631.703706936195 269.7587065471393 -7672.049438995997 -5697.49895834482 377.9309319478177 -14373.6889843849 -1470.642821863398 201.3335410666071 -8370.33972987691 -1696.100764732502 972.9094906074934 -9206.405127134873 2.066710849774561e-13 2.159440941408871e-13 -2.648120184683258e-14 -8.956304077450329e-16 8.165214402936874e-14 -3.137238077699326e-13 -1807.476533990971 374.9793596699173 -8400.228121085916 -1262.005635693084 55.09035402464202 -8356.30320359526 0 0 0 0 0 0 0 0 0 0 0 0 5.236171436597325e-15 1.435953966185703e-14 5.068299802643416e-14 -2514.33650184126 82.17292521939468 -6353.489126985441 -2518.333584366013 236.9076490952836 -6352.497777307091 -1339.271858767245 -259.0506611547096 -8345.943935812125 -1470.648271237377 26.39260481740913 -8366.277938075807 -883.1040657715541 948.1357346590244 -8358.412227802952 -969.1868321056995 110.9273301986886 -9288.607729928257 -1549.350999527825 337.8595992377166 -8389.886475013727 -1.060265285319844e-13 3.293204306641788e-14 -1.372322736632959e-13 1.97353187478312e-14 1.801549510791491e-14 -1.607669328152303e-14 -1507.487153297172 237.5534874220991 -8920.106733610814 -1023.819770274104 -313.4225238057784 -7647.980832224243 0 0 0 0 0 0 0 0 0 -9.523204868483654e-14 1.006311124352341e-14 0 2.385556166131341e-14 1.637002735956822e-14 -1.973678175964724e-14 -958.2023745384245 676.3523641148171 -8368.520712666768 -957.4155212667741 -330.5790381456414 -8331.838370163523 -1000.878883381394 210.5051249264683 -9287.916205030679 -990.0743922223987 -838.0802284611231 -6698.789387184947 -930.6332087517426 576.9311912122504 -8920.511955780301 -656.8509914842458 -601.4119328890004 -7533.004769379323 -615.6685125185044 452.301298335548 -7009.448648430302 9.04963202618537e-15 1.501411770060263e-14 -6.992667204791146e-15 1.688984068283598e-14 1.218533734416343e-14 -4.728294631102359e-14 -409.3145929756391 416.0031747913894 -7050.365009679743 -1110.450802948323 -305.8076651333565 -7499.770023690759 -268.9058502571738 -265.3690534183951 -7517.082272853212 0 0 0 0 0 0 0 0 0 0 0 0 7.172851215315618e-15 1.583345446185724e-14 -3.97768865396302e-14 -624.5089570367136 -407.0497283939817 -6665.677525116675 -688.0284807612952 537.4901437653809 -7015.364353934416 -1058.568459042023 534.219522402447 -8341.777032386277 -1145.841294570509 304.4330099431875 -8345.004716437305 -818.3421193577198 32.13240365735867 -6694.515938125946 -604.7189707565794 446.8334625424094 -7051.710451845827 0 0 0 7.309803321968093e-15 1.07692074996724e-14 -3.061915995348566e-14 1.853699255969729e-14 2.565620070847569e-14 -3.602399194258961e-14 -626.7063707526906 53.76567151973824 -6113.889479080415 -176.5337147704426 -177.2744592901399 -6411.933115311165 -535.9510854988625 -187.8249731902786 -6309.233328183367 0 0 0 0 0 0 0 0 0 0 0 0 4.719021196288948e-14 -2.685616316485203e-14 -1.956399632017971e-14 -429.9223769010325 117.7494258662486 -5712.113768736151 -431.8201723953936 -180.4372466739223 -5712.203471433798 -663.8056783895511 -447.9541720372501 -6665.311457849443 -86.43444552910769 361.1553438913385 -6073.331143595005 129.4013092811227 300.1935846629177 -5372.179258744769 -436.4640790346892 -288.6765460493311 -5370.73635348785 0 0 0 5.675489143422964e-15 1.242441754416312e-14 -2.575100931891241e-14 -114.6267398172151 -339.8509377863782 -5377.418731149434 -157.5526989499928 474.2345492937084 -5369.590055770942 -227.8450353752965 464.3353456994637 -5357.192691537985 -1.024506868900913e-14 2.077211200638812e-14 -1.562324725373553e-14 0 0 0 0 0 0 0 0 0 0 0 0 -669.2449445666098 -33.28225454581738 -5337.376171463733 -649.8702217269413 -41.43773467679635 -5371.244236529267 164.5770218321135 170.2883448407154 -5371.600797014652 -4.192413709810459 -269.698840615877 -5376.448615473451 -128.1623335912754 -179.9955390749627 -4548.317899635417 -114.8519536785763 11.39860183778615 -4940.429672783071 0 0 0 189.0193219423091 163.9718044400296 -4694.688211212662 -314.2495232788165 -51.89307481599911 -4566.050664913816 -221.5817889963969 461.9814953643462 -5374.70877503629 0 0 0 -238.5787511807063 -60.62898846455753 -4618.825301354424 0 0 0 0 0 0 0 0 0 0 0 0 -650.9004824223371 -58.89194638877177 -5379.816879633711 -388.7972448439613 326.9177772161483 -4941.591499030207 -143.8783407571575 444.5168760385663 -4875.287578884134 -453.7864284070636 -316.8462687141545 -4861.202340801678 -676.8871666916749 205.6256181211888 -3591.318014771432 -204.368835173465 168.4412226798505 -4768.349294173659 -445.2303181046939 325.0004529461089 -3453.057440653247 192.6130471694884 -245.208915478144 -4088.386064139577 -564.8646597589321 -482.9807161170523 -3946.502516490176 0 0 0 -226.8964033609157 -303.5695404719876 -3179.103920949844 0 0 0 0 0 0 0 0 0 0 0 0 0 0 0 0 0 0 237.7209469583395 478.2794043311619 -3903.481906264079 240.3982691339617 -81.07617494210916 -3903.307819290194 -421.0359665609241 -541.0078027248317 -3715.233660812049 53.88280515716715 584.1443385963415 -3580.406205474163 -313.9219119757237 -231.9068468531124 -3095.460986688581 96.20415641272155 359.5258711877513 -2996.137727290009 65.67832507561072 362.760239237604 -2979.880891509498 -383.6282143060914 -259.1348427374826 -3239.41175017488 218.8027801310982 52.00652766021778 -2808.306837070418 0 0 0 0 0 0 0.01005384670406993 1.59645186936537 -0.9246691037627829 -0.08011944325579977 -0.6344302251802427 -0.5902881553271604 0.8961489267266566 1.22194570907213 -0.5902881553271605 0.7192148994818863 -0.353366771629558 -0.8295932909637405 0 0 0 0 0 0 0 0 0 -2.963611120479666 -241.6220196304996 -2743.851441574935 16.1815003400979 495.7124577586303 -2851.850715239307 97.97205513688046 159.1972794433706 -1570.680108596205 -54.95584140519026 -205.1336010810497 -1606.581591984756 78.98512935817233 206.2567204132654 -1571.039091918714 186.709554110239 280.7027955037801 -2915.146639791531 -163.596074638433 -250.9539180035451 -1607.872155647049 -15.25012816398114 246.0477394243028 -1573.765518548618 -319.7139348838524 138.580089276237 -1569.933176192895 0 0 0 0 0 0 -0.3116576935558043 0.7519764591219471 -0.9246691037627826 0.38990587138154 0.5993608290123766 -2.333237875439616 -0.4037516679233374 0.2150868778535075 -0.5902881553271604 0.8907503003846283 0.4150833387905361 -2.332751755071426 0.8057693739438423 -0.3569474806234856 -0.7430388165017845 0.7192148994818537 0.3178524539209401 -0.8295932909637405 -183.3021317423772 219.1608495897575 -1385.625612401612 -269.8709232690273 -129.9367017397458 -1221.326382693567 61.35300402951219 -309.5830389004086 -1155.08449324067 0.3221119610062924 0.7773161806602953 -2.333237875439616 -0.3732685361794832 -0.5639827018430886 -0.6746945941175394 0.8687590455550871 -0.3595533272312436 -0.7430388165017846 0.7192148994818518 0.3617740211492388 -0.6746945941175395 -53.52412947810657 -238.6046639877071 -1077.503444709722 0.8744304126142339 -1.207178700452777 -0.7430388165017845 0 0 0 0 0 0 0 0 0 -240.3211842488276 219.3785099967129 -1626.020560581311 -254.1794437023379 -149.7303574712222 -1551.544653355459 11.45362135295391 -32.54724845113545 -1645.964661639223 -389.5375898437894 -19.00151742390231 -1284.290419981528 32.13554386440976 219.1182343795286 -1590.607849887858 -169.6919367867725 -269.8825619638976 -1566.495323664903 -263.7449669374666 315.8965436941327 -1003.413453186337 -105.1209834957595 -282.6985093068159 -1592.778443448149 -27.49905533359068 -469.4568371546567 -1061.316502357138 -324.5877297705608 129.4207325650808 -1573.241629009319 0 0 0 -0.7390791123442393 1.083042566738427 -0.9246691037627827 0.08407934730545254 -0.2034172720587033 -2.333237875439615 -0.1676351957560721 -0.4047061035782463 -2.332751755071427 0.8904410087561213 0.3688575471400665 -2.332751755071426 -0.7840293711381445 0.1596094447000061 -2.332837561583746 -0.7840293711381287 -0.1705812178527651 -2.332837561583746 -298.715547783679 -115.5320981124666 -1205.075490592195 -196.8090864534851 180.16059082368 -1403.435225676585 69.99428284558921 -311.7081160794346 -1151.852796454858 -109.2026187860549 -269.3994675598455 -1047.708926110262 -0.0001619063814302157 -0.0007217607855614425 -2.333237875439616 -0.3673751671613838 0.3168224129449451 -0.6746945941175394 -0.3410976139742374 0.14158570967322 -2.333895920199697 0.734891454189778 -1.09909656465951 -0.9260768872607744 -0.8781730335936152 1.190779991857821 -0.7422148036357554 0.3230239098363361 -0.7800779596743784 -0.9260768872607743 0.06060907808433399 -1.468902714045079 -0.9260768872607743 0.1287371376514043 0.7025751237823906 -0.6734441488605998 0 0 0 0 0 0 0 0 0 239.2623333278672 194.6854429954818 -1292.203110312894 123.3317699107958 -154.8925506814103 -1292.208369279744 -255.6426108735266 163.1657261769417 -1383.161776326795 -31.56281559132553 -1.038822688524351 -1660.677184251018 -155.4255784788395 299.4460249392828 -1064.631026777314 261.0925460347927 182.464183797162 -989.583184787744 -18.58840814089131 278.675378857777 -820.6053067300213 -63.75834927066253 -14.37443924311398 -1660.991197202573 173.067667762436 -144.9400535335019 -931.1467950217254 0 0 0 0.3386217784450115 -0.4002854550195641 -2.332604575396178 0.08416516406059263 -0.2031920077133703 -2.332604575396178 0.0002117436891207866 -0.0009429659644224661 -2.333237875439615 -0.0002757366150533141 -0.0006646275285790255 -2.332751755071427 -0.0009036153541716557 -0.000349484914758076 -2.332751755071427 -0.341095605496832 0.1412855287129326 -2.332837561583746 -0.3705218724785347 -0.1534746496630648 -2.332837561583746 -0.0005954813427571694 0.000545108320295799 -2.333895920199697 -0.0003303098672544689 -0.0008148641796077566 -2.333237875439615 -0.3427203088750269 0.3841087833099469 -2.333895920199697 -0.8726218802921327 0.3611214033888463 -0.7422148036357552 -0.07240817578565965 0.1745795444317352 -2.333560214861288 -0.3189502323584068 -0.4725800327421036 -2.333560214861288 0.2064835388834014 0.4984950213953201 -0.6734441488605999 20.13438306153783 300.0156719932483 -795.5952130319455 -0.8027133105241798 0.3582293259303811 -0.7422148036357553 0.1530930255922104 0.4571405439592935 -0.6734441488605996 -0.7110528522125126 0.3544373853114317 -0.8338752619474222 -1.116786144124483 -1.290698186421712 -2.332446143767697 -0.2600766155482644 -0.6271200957690485 -2.332446143767697 0 0 0 0 0 0 0 0 0 0 0 0 0 0 0 121.8016607625903 -159.6968155044952 -946.2023033602286 238.8869015092079 193.3565815060197 -998.6629031471703 -0.0007734472360356158 0.0004936582344237376 -2.333895920199697 -9.549185987322072e-05 -3.142910692446365e-06 -2.330512053052113 -0.0004701775927888391 0.0009058535445329372 -2.333560214861288 -5.621910100699136e-05 0.0008428306046122608 -2.333560214861288 -0.0001928946113254399 -4.348845135640773e-05 -2.330512053052114 0.0005234341468354005 -0.0004383636426402365 -2.329988186857853 0 0 0 0.336879370410425 -0.1398704183593759 -2.332604575396178 0.0003189665651115217 -0.0007693805663649712 -2.332604575396178 -6.997259465251994e-07 -6.297407447719167e-07 -2.330679008404605 -0.0009133659733782596 -0.0003777935001675415 -2.332837561583746 -0.0006857153690921682 0.0002831354560848733 -2.332837561583747 -8.86613717367719e-05 2.046878995730792e-05 -2.330396690026661 -0.07236268527429139 0.1746989545661025 -2.333895920199697 -0.2599256508242949 -0.6275163700124385 -2.333560214861288 6.089775169814719e-05 0.0009074169217282288 -2.332446143767697 0.7865067505636353 -0.1581395735655087 -2.331434864723569 0.2591266143005313 0.5392705588513337 -0.5343562286699788 -0.7110528522125127 -0.3585164705348505 -0.8338752619474222 -1.111228036267446 -0.4600001911031017 -2.332446143767697 0 0 0 -0.7110528522125128 -0.4434451731262767 -0.5343562286699789 0 0 0 0 0 0 0 0 0 0 0 0 0.0003683924724181654 -0.0004830074100194681 -2.329988186857852 0.0007225141687731101 0.0005848075758069436 -2.332446143767697 -0.0004094273726840197 0.0009884234831104681 -2.333895920199698 -3.541221147318579e-05 -4.716887342203028e-05 -2.330512053052113 -0.0001074897611216184 -4.461737738390874e-05 -2.330396690026661 0.000469292630367563 0.001132634049178569 -2.333560214861288 -0.0001818319485469325 2.825116613198766e-05 -2.330512053052113 -2.11954572786196e-05 -0.000138137361546202 -2.329988186857852 0.0009656041738854015 0.0002774748334814525 -2.332604575396178 0 0 0 0.3368771506170386 -0.1395386547513982 -2.331434864723569 -0.0004697592560940038 -0.0001358335967432897 -2.332604575396178 5.312993291992274e-07 -6.098289754149311e-07 -2.330396690026661 -0.285829351424245 -0.2572412663657593 -2.725872273655073 -1.654806834218615e-06 -1.503700180692094e-07 -2.330679008404606 -3.058567072605997e-07 -4.119865644988581e-07 -2.330679008404606 -1.673295682063141e-06 -2.040479554160616e-07 -2.330679008404606 0.7865067505636353 0.1280701406898483 -2.331434864723569 0.2528181704766357 -0.4035703814256272 -0.5343562286699788 0 0 0 -6.379721064756569e-07 9.526494028985111e-08 -2.330679008404605 -2.428723278706526e-07 -1.942615232256722e-07 -2.330679008404606 0 0 0 0 0 0 0 0 0 0 0 0 0 0 0 0.0004552446299791418 -0.0002211142914968574 -2.329988186857853 -2.607767502245213e-07 6.079379372248598e-07 -2.330512053052114 9.793297761480362e-08 -5.309534373863802e-08 -2.330396690026661 4.153042531702839e-07 6.640493837539196e-07 -2.329988186857853 1.893016346341152e-07 5.394159391043776e-07 -2.329988186857852 6.777583986353875e-07 -3.727232679363021e-07 -2.330396690026661 0 0 0 1.42099925174752e-06 -1.587093785814763e-07 -2.331434864723569 0.2170291746871119 -0.2491075594506548 -2.713032640702712 -0.3017946158065709 -0.2492282065092953 -2.713605213177134 -0.1249386709242183 -0.1682914011209353 -2.628671755014787 -0.6759680132281842 -0.06142428245663736 -2.929323312851448 -0.6835204314641877 -0.08335104669212252 -2.880052969484282 0.2562285379843699 0.10613283500034 -2.331434864723569 0 0 0 -0.2606036824419289 0.03891454500738536 -2.627485422656441 -0.09921035836585762 -0.07935344262927499 -2.381537201427895 0 0 0 0 0 0 0 0 0 0 0 0 1.515881986888552e-06 1.273990624507256e-07 -2.331434864723569 -0.1065240815073456 0.2483351384254382 -2.579506262004656 0.04000441708724124 -0.02168879498762486 -2.384278890054943 0.1696466348580989 0.2712559346612209 -2.664977328545648 0.07732737320912339 0.2203447303489731 -2.614170651258383 0.276855895417457 -0.1522528297522651 -2.695750873983486 0 0 0 0.5804605129767835 -0.06483080634443482 -2.797489957220477 -0.0196176532703986 -0.1931816462494551 -2.553821323217736 0.2481631763248997 -0.1987042761912486 -2.674346896936703 -0.01548355022893006 -0.0113012191409269 -2.437002471126033 -0.0746844312083704 0.005428116393498372 -2.408406196016348 -0.6676589791955445 -0.03730031674373611 -2.916264211269319 0 0 0 -0.1840539006948146 0.1429589845942064 -2.530668363183943 -0.1142823714337672 -0.06830881728474866 -2.375369206407985 0 0 0 0 0 0 0 0 0 0 0 0 0 0 0 0.6192189377473031 0.05204093247566273 -2.831256516437863 -0.03579368186329843 0.2375669110768533 -2.542129114721987 0.04577719380580696 0.01574664605086238 -2.372490424301791 0.05066371602970995 -0.02756471798710833 -2.380850814880322 0.1807188978158935 0.2658571439651329 -2.657285637427483 0.5951706908252311 -0.02047481038049739 -2.751883678188688 -0.01512281528610685 -0.03075762722638206 -2.388062046491954 0.06446623469504674 0.001144994676746911 -2.389253150089144 -0.03229921934856405 -0.04788681502494794 -2.32398268375279 -0.03769171672134917 0.04969113550102547 -2.435237441445078 0 0 0 -0.1018283106254931 -0.02990444068763292 -2.364323517131352 0 0 0 0 0 0 0 0 0 0 0 0 0 0 0 0 0 0 0 0 0 0 0 0 0 0 0 0.588209324356012 -0.04146605895816279 -2.751883700096758 0.01423558747673139 0.03013332109669546 -2.362546271915071 0.007571377889180122 0.02490858168571861 -2.387690813803451 0.0565434555644962 -0.02087882095259528 -2.376533035538956 -0.01433658670782488 -0.0423878415736486 -2.359494002032319 0.07381504685584352 -0.01247349688035703 -2.347843822803229 -0.08022563020543116 0.0169136957177556 -2.230004271108232 -0.05172847339006681 -0.03785717931042825 -2.326117392404877 -0.0463259763036809 0.05444244698921613 -2.408966445364706 -0.07373046558390363 -0.0215118486314224 -2.424026088218934 0 0 0 0 0 0 0 0 0 0 0 0 0 0 0 0 0 0 0 0 0 0.0567765110441553 -0.04098299497852056 -2.381342810320436 0.02935236558604396 0.04465409975879546 -2.296710543048376 0.03370944779451911 0.04354884585161985 -2.29517582567204 0.06002554769893007 -0.03162870010862797 -2.35302282903363 0.04844544391343077 -0.03258435813958027 -2.323677751031662 -0.04353437980410702 -0.08346271043165618 -2.233449310743364 0.003613793458965152 0.01298152545088025 -2.123319816253403 0.01872512140140122 0.0034799454607704 -2.12587311259338 0.004838770176061894 0.04221327519777007 -2.196838515987062 0 0 0 0 0 0 0 0 0 0.02002474918055695 -0.002092545784660314 -2.118282128047882 0 0 0 0 0 0 0 0 0 0 0 0 0.06751431886382185 0.002648094293010618 -2.28355577137796 -0.0440487113705058 0.01587866828731192 -2.207827874548177 0.03308196020147083 0.04396950813025286 -2.294535669920436 0.07209835050577429 0.0350888249426465 -2.237261591394501 0.004179992763297729 0.003194837216396235 -2.123692110798023 0.009233641846755226 -0.004001611474405875 -2.124665003307806 0.01411365027034567 -0.05294429646123957 -2.027645874990325 0.005621539440788507 -0.01583825905552408 -2.124469347245931 0 0 0 0 0 0 -0.03625751525539103 -0.01598024988614555 -2.027825975603784 0.006333907441074513 -0.003060434861498572 -2.115256189703089 0 0 0 0 0 0 0 0 0 0 0 0 0.07457011839007373 -0.02322535535982758 -2.23726158746762 0.01223449005264255 -0.01039547033303458 -2.12530474650218 0.02149709396005718 -0.009919760901354683 -2.126684450399511 -0.004876392857895307 -0.007385830895731559 -2.122640643754313 -0.02037587956167399 0.05644076044591557 -2.034200303152352 -0.02435003127696919 0.01935331249900833 -1.892272076275884 -0.05103268788698963 -0.04759779267003259 -2.034559092640932 0 0 0 0 0 0 0.0375212674182812 -0.0289479921196294 -1.900961898784087 0.05004429091869003 -0.007538819191121066 -2.065325723442593 0 0 0 0 0 0 0 0 0 -0.006671968335385418 0.01833181881000057 -2.121614129155292 0.04960344279293882 0.03709858850836732 -2.036875956256547 0.0330542207685844 0.007798679415955021 -2.093087608656516 0.01119783044620321 -0.04849690011447554 -2.06519701324684 -0.00840174591984014 -0.03021511046470546 -1.892147857688294 0.009029782463258473 0.01120159619141128 -1.841900254900524 -0.005472117001783138 0.01038811796769025 -1.926296155319503 0 0 0 0 0 0 -0.03013996415671248 -0.03191025008134341 -1.900346776172856 0.009034077711726407 0.01119877300630156 -1.841899214015339 -0.07004260712541426 0.1096994190418764 -1.860919068043902 0 0 0 0 0 0 0 0 0 -0.001833547444017178 0.0375411106116066 -2.093195692929336 -0.01480886511383236 0.03110866616317785 -2.032809758584216 0.03711385960831132 0.03152405468915549 -1.921032442377764 0.0139163984206271 -0.0008302219282665988 -1.840207709108248 0.01804761763669676 -0.05173447295450052 -1.752224594838406 0.01253969118682631 -0.005519886405551709 -1.840203814190151 0 0 0 -0.01177991171146385 0.007384030702029566 -1.84583467368692 -0.04600559127921282 -0.01975021323485504 -1.75200854336205 0.001701577363554624 0.01315156118736584 -1.811521169688191 0 0 0 0 0 0 0 0 0 0 0 0 0 0 0 0.04361207119491193 -0.05100493141166348 -1.921032445037502 -0.032151741772858 -0.007327350052213312 -1.849033536473583 -0.01443609914789779 0.004449928890617919 -1.846191368284395 -0.01534222803558646 0.03382189448713827 -1.770895405810501 -0.0284898827419177 -0.0002228491078182142 -1.634319678302037 0.04736276840862953 0.005007039532371567 -1.771109822252786 0.01212983719021614 -0.02626797127196421 -1.658453571492104 -0.02649365061441404 -0.004129029522884235 -1.770848601313837 0.00748654753834293 0.01727079148063134 -1.804111557745709 -0.01488304357770181 0.02482962014525892 -1.79487875699081 0 0 0 0 0 0 0 0 0 0 0 0 0 0 0 0 0 0 -0.01352007489766645 -0.02457000829415745 -1.844282790447241 0.004446590784894072 -0.04825523736949264 -1.771097630293453 -0.009487341307137975 -0.04398583813751889 -1.634165765174481 0.02360311070295752 -0.008417210696797555 -1.560292275349348 -0.00273902899781002 -0.02963444032140195 -1.658181494751659 -0.02222611927472721 0.01440632362686734 -1.560390769809624 0.01480876684079508 0.02883030651415161 -1.620458359655816 0.01216029853362717 0.02599823279231904 -1.649836992815373 0.03406790358904253 0.01270811671518544 -1.748104573917658 0 0 0 0 0 0 0 0 0 0 0 0 0.008563572798463424 0.04269414280850639 -1.748011003838494 0.03203114671553101 0.01497746191305133 -1.652207330629587 0.02833623387915754 0.01544224554768806 -1.537364193216165 0.02964234963970393 0.01246338558787403 -1.53733486551289 0.02192636083274764 0.02485281441696715 -1.560293832243642 -0.005140695787749498 0.0299250650089584 -1.537275818180235 -0.007645310464151901 0.01387454140048107 -1.620855329367091 0.0151038023643337 -0.03008002663257495 -1.536624023609679 0.001085113565861528 0.02929153270655256 -1.652072283545674 0 0 0 0 0 0 0 0 0 0 0 0 0 0 0 0.03238534644228497 -0.007504132816698992 -1.652207328641175 -0.01724187357665479 -0.02376339200346461 -1.560304975346342 0.008050755494779094 0.0286396807893212 -1.512159799364677 -0.03391826117757477 0.02042784979180869 -1.43244610718734 -0.001012609153515367 0.03087311953004968 -1.537324385883319 0.04835169604424377 -0.01749571260002745 -1.447365214395674 0.007839390694572273 -0.03510185083416579 -1.536492642729091 -0.0085812561498886 -0.03069342662314832 -1.51184311903239 0.02760759659717055 -0.02120617712407312 -1.56870577149916 0 0 0 0 0 0 0 0 0 0 0 0 0 0 0 -0.01350737792079538 0.02715868856590525 -1.568663350235684 -0.03042056768747395 -0.004505445820617649 -1.536584671611358 -0.01653547867223194 -0.01895294264983164 -1.432255457796774 0.01349316100279055 -0.0256403033690898 -1.335085099115729 -0.03379151872858221 -0.03293139995545501 -1.451599328505802 -0.03368550071907991 -0.001875651540922808 -1.335355900992512 0.001418525717763605 0.01827730196122564 -1.447035851084623 -0.001217546541922706 -0.03343710700123396 -1.536437835705506 -0.004440993078123091 0.02639072643303243 -1.428133853378293 0 0 0 0 0 0 0 0 0 0 0 0 -0.03046924039539186 0.00134045706343713 -1.536664688067913 0.01999599657189937 0.03068080827977705 -1.449135486256822 -0.01457223826952328 0.03322871625521579 -1.34283385577513 0.01054098208983015 0.01630105530564975 -1.279463949141603 0.02928129563840956 0.009106374370199706 -1.335294460966535 0.00400017739828609 0.01960342436462883 -1.279490960258469 -0.01712872895758669 0.01754041606310657 -1.428026897412053 -0.02794306180245236 0.02354857476140612 -1.447072965817746 -0.02957736851271266 -0.0203168015483265 -1.342580154560344 0 0 0 0 0 0 0 0 0 0 0 0 0 0 0 0.02002405172514772 -0.03416512465150379 -1.44913548868255 -0.004324976824459543 -0.03105149977292141 -1.33539448482849 0.01815402862522183 -0.0009788204463311793 -1.27943170653181 -0.02453713208868406 0.01678779482485853 -1.237365538970519 -0.01186872054487124 0.01682254599942055 -1.279555838592565 0.02734636952054618 -0.01042155561065744 -1.234664260128766 0.004657676786435703 -0.01810355340096334 -1.279485830796537 0.02641232922250256 -0.009929048610714421 -1.335995075160796 0.01540535627400577 -0.01065245511876203 -1.279442403425783 0 0 0 0 0 0 0 0 0 0 0 0 0 0 0 -0.004214512150332139 0.02654133118006607 -1.336026911407292 -0.01629260252914397 0.01153148908573634 -1.27957363289964 -0.005371018973446592 -0.02696412671797888 -1.237151313059788 -0.003746199254882846 -0.02586496776600623 -1.158413831824022 -0.02080687357768163 -0.01968791304674051 -1.233775561605966 -0.02071167039173152 -0.01730826265577312 -1.158461946967643 0.001667123252646875 0.01182254532449671 -1.243491866930463 -0.01448440001098877 -0.01465532323269332 -1.279564631408131 0.007888072503613255 0.02591138392928205 -1.232466616045151 0 0 0 0 0 0 0 0 0 0 0 0 0 0 0 -0.01628251895283839 -0.01250880087193726 -1.279572131274141 0.01228277291811807 0.0256421699280401 -1.2438527405908 -0.02209556305985916 0.0158540369709783 -1.161376942400065 -0.01881288822317785 0.012513839304166 -1.093341895180542 0.02251602631489036 -0.009030794034815414 -1.160568804263016 0.0229876864453517 -0.006704669681359039 -1.089279979238141 -0.02097236049175058 0.01589723257155006 -1.243589404670529 -0.009481392167532705 0.01402581970629302 -1.232361394318814 -0.02706279006608608 -0.001495684192334107 -1.161297908080249 0 0 0 0 0 0 0 0 0 0 0 0 0.01230117267812585 -0.02407809427482192 -1.243852722758602 0.01335124324795204 -0.02000182368640996 -1.160588385828346 -0.003566510988895419 -0.02228998462196151 -1.093167829961333 0.008372304928498574 0.0137398057106733 -1.061665469449928 -0.01757087050258406 -0.01455679692565031 -1.090038539899358 0.008491508672300177 0.01367971762281601 -1.061665064796384 0.02467646947499534 0.009003634482125634 -1.168260442223502 0.0008437819589898482 0.01451731943141316 -1.09880394452295 0.009157988260831309 0.01986162215271902 -1.091843218310509 0 0 0 0 0 0 0 0 0 0 0 0 0 0 0 0.01323855241606362 0.02268799851969173 -1.168260414783606 0.01413252509461072 0.01881405786550952 -1.097588955569503 0.0156501801694434 -0.002978310863748763 -1.061634160019508 0.01231223793219875 -0.01832349436386045 -1.015240895002838 -0.01116351252951468 0.0101296109838331 -1.061725912850747 -0.02259023415721557 -0.0004013867093860083 -1.015867476717822 -0.01702081168862003 0.01773503383235558 -1.098743503529417 -0.005141404915186446 0.01007783584632924 -1.091776759341577 0.01488709027047912 -0.005623712054637506 -1.061635303358681 0 0 0 0 0 0 0 0 0 0 0 0 0 0 0 0.01414697695502502 -0.0202377782465384 -1.097588954045401 -0.01364655594142193 0.007156503159883879 -1.061732361115956 -0.005173723178052706 0.02201531846600209 -1.015662063922949 -0.01458021005755795 0.009990974581902599 -0.9478798549685151 0.02202079603179363 0.0080724582764897 -1.017985065049706 0.0157997919311485 -0.005866744497310344 -0.9485405129140002 -0.00988192509708702 -0.01273019995114828 -1.061710697383031 0.001320845517315548 -0.01480678943987943 -1.061674133989235 -0.01617004035876528 -0.01571328959550982 -1.015492836820468 0 0 0 0 0 0 0 0 0 0 0 0 0 0 0 -0.01364666172208719 -0.008217653588453088 -1.061724880301835 -0.003807331241523613 -0.02300529306983118 -1.017893393499515 -0.002630175212997962 -0.01750391596387332 -0.9477391430459597 0.004920658366839861 0.005909800251601596 -0.9197835164251473 -0.01187829320977144 -0.01094616311702021 -0.9481916193369196 0.0007563666790945659 0.008273751095241191 -0.9188029931985804 0.02044085652752909 -0.008822098178972034 -1.020001984115236 0.0003850283529731813 0.01006460289888345 -0.9538288672049122 0.007051125602936421 0.01591126339801356 -0.9481676437401012 0 0 0 0 0 0 0 0 0 0 0 0 0 0 0 -0.004275667723432932 0.02089405496278594 -1.020002046667823 0.01080006342951566 0.01491046683944617 -0.9528522879306662 0.007862995960534106 -0.001281937940934994 -0.9200371595898449 0.007884714942306333 -0.01483639373770967 -0.890020864551168 -0.0040085932369486 0.008136011770393482 -0.9174549457295568 -0.01655812092055719 0.002749541555257701 -0.890194284283452 -0.01159694706216396 0.01229733878223004 -0.9538170480769471 -0.004948259596599447 0.007812528486407348 -0.9481016652109777 0.007065855515306368 -0.004339677957933415 -0.9195702734867338 0 0 0 0 0 0 0 0 0 0 0 0 0 0 0 0 0 0 0 0 0 0.01079660451381294 -0.01487955889186806 -0.9528522807663025 -0.01034431111665456 0.001232607400183356 -0.9151280068916321 -0.004894479735238181 0.01597210822172115 -0.887970461579491 -0.01185299855483814 0.009414993472662069 -0.8349767507785691 0.0166453724537757 0.001724882205631198 -0.8902217418478814 0.01390938173512129 -0.009496498574138756 -0.8368594316103893 -0.0005396459758500673 -0.01069342880906396 -0.9169307261076274 0.0001511639572741593 -0.01071348906881375 -0.9171230669954404 -0.0104922418342602 -0.01398171638519037 -0.8878433457722467 0 0 0 0 0 0 0 0 0 0 0 0 0 0 0 0 0 0 -0.01037555116763542 0.0006435389756037448 -0.9150723811306791 -0.004599261534554382 -0.01491366177426132 -0.8902577729738701 -0.001868841216156451 -0.01543098279228452 -0.8348537305544059 0.005809607004868481 0.001890885566153507 -0.8063901794585067 -0.01328950085218721 -0.008647539151345369 -0.8368822616161974 -0.001222015285880858 0.00667347290222471 -0.8079580471886606 0.0184563362155485 -0.004305155467635801 -0.8939178577589842 -0.0007587893844100254 0.00861514057641781 -0.8381588085883268 0.003741454299308681 0.01412108833468158 -0.8344572289412946 0 0 0 0 0 0 0 0 0 0 0 0 0 0 0 0 0 0 -0.003125598633055727 0.01630766573947994 -0.8938496415855608 0.01279824339983586 0.01191669137086461 -0.8362963590223909 0.006052706919294914 0.001307760618766155 -0.8063701816808672 0.007925147422797506 -0.01440127936191276 -0.7844691589968168 -0.0028792130240745 0.006466025922121055 -0.8084368209792612 -0.01684407929211241 -0.001495070257624105 -0.78430135038462 -0.01171419882563097 0.008184700098065208 -0.8381624723607456 -0.003983002509540807 0.006301593233696547 -0.8344501688986702 0.004539640627362634 -0.005855860439769101 -0.8073782844384548 0 0 0 0 0 0 0 0 0 0 0 0 0 0 0 0 0 0 0 0 0 0.01074509348192633 -0.01383426184553516 -0.83629635865951 -0.007009956834332907 0.002878859765575447 -0.8098815585396821 -0.003992745353101824 0.01347471324368849 -0.7840703634397653 -0.01054115121101182 0.005569354989911936 -0.7388316914901029 0.01337148802707601 0.004598560056746052 -0.7860513550061877 0.0119044568885184 -0.0060922750767613 -0.7388349356317344 -0.003260329900570595 -0.00823228273097683 -0.8097463457632155 0.0007391145660648031 -0.008708352919413648 -0.8086709148138286 -0.01133425205201871 -0.01099192501771887 -0.7839658964150786 0 0 0 0 0 0 0 0 0 0 0 0 0 0 0 0 0 0 0 0 0 0 0 0 -0.007133020082409552 -0.004307614333654708 -0.8105041961992787 -0.001802942739407058 -0.01362545645534687 -0.7860841357885515 -0.00268906202698191 -0.01298215914043849 -0.7387349144398946 0.006123233494946428 0.002348276697957112 -0.7149230499155169 -0.01033646146687064 -0.01039997508334565 -0.7383523565065204 -0.0004094863011988739 0.005573843133654045 -0.7156632127317298 0.01332887797175245 -0.005520735476651541 -0.7861259615437033 0.001469525923222195 0.007532333560890577 -0.7417196753825513 0.00448776508596839 0.01041479554352759 -0.7380700858138798 0 0 0 0 0 0 0 0 0 0 0 0 0 0 0 0 0 0 0 0 0 0 0 0 0 0 0 0 0 0 -0.001869310593364044 0.01267949840603416 -0.7861801079423681 0.008100991338629156 0.01116111612048413 -0.740374052949343 0.006464454695876181 0.001347190323192657 -0.7150466433120921 0.005903623847685005 -0.01122216625005774 -0.6977219337225121 -0.00301633130531293 0.004580411528743152 -0.7164029956980296 -0.01243097131364175 -0.003719236339189719 -0.6978474607775471 -0.009409929654696428 0.009544552024346602 -0.7417131203641401 -0.002034445377333655 0.006053368224757578 -0.7380192492663604 0.004318732297313146 -0.004680004253966743 -0.7166707699627441 0 0 0 0 0 0 0 0 0 0 0 0 0 0 0 0 0 0 0 0 0 0 0 0 0 0 0 0 0 0 0 0 0 0 0 0 0 0 0 0.008140730916147721 -0.01182184827279711 -0.7403740523567051 -0.004985576118024487 0.001955864052760165 -0.7173270508581305 -0.001199383583150759 0.01133947104675509 -0.6972240142091093 -0.009153202628309242 0.005497981491622133 -0.6591998179590197 0.01101318665257585 0.006298779373654213 -0.6960768766492748 0.01044002893176073 -0.002327502828024116 -0.6583614432965208 -0.002392814608204495 -0.005282073786584417 -0.7181943072104927 0.0009635598438727437 -0.006205030707013354 -0.7176709887017582 -0.01141739488199158 -0.006937694429739713 -0.6971450416753162 0 0 0 0 0 0 0 0 0 0 0 0 0 0 0 0 0 0 0 0 0 0 0 0 0 0 0 0 0 0 0 0 0 0 0 0 0 0 0 0 0 0 0 0 0 0 0 0 0 0 0 0 0 0 0 0 0 0 0 0 0 0 0 0 0 0 0 0 0 -0.004511431720315985 -0.002760047358519254 -0.7181467221793034 0.0009131180481614205 -0.01309938486308051 -0.6960109385499936 -0.004182786820850147 -0.01064807304539702 -0.659116699163563 0.003043225157319163 0.004699661915262406 -0.6437785523493408 -0.005437263919796541 -0.009261410408487679 -0.6588878555782832 0.002647122502740759 0.004875941992601749 -0.6437293695884334 0.01111736688530873 -0.005503578993226599 -0.6977243261334874 1.284173520712547e-05 0.004727361946177067 -0.6617297643747899 0.005980578651017482 0.007573235917077091 -0.6592910563659327 0 0 0 0 0 0 0 0 0 0 0 0 0 0 0 0 0 0 0 0 0 0 0 0 0 0 0 0 0 0 0 0 0 0 0 0 0 0 0 0 0 0 0 0 0 0 0 0 0 0 0 0 0 0 0 0 0 0 0 0 0 0 0 0 0 0 0 0 0 0 0 0 0 0 0 0 0 0 0 0 0 0 0 0 0 0 0 0 0 0 0 0 0 0 0 0 0 0 0 0 0 0 0 0 0 0 0 0 0 0 0 0 0 0 0 0 0 0 0 0 -0.002539295791560471 0.01041067321131214 -0.6978665567384277 0.004388199907337453 0.008550187653755143 -0.6614014328792971 0.005215287507825295 -0.0008495100975786123 -0.6431516482019559 0.004558843744155071 -0.008700067172030677 -0.6246846317925466 -0.002388707199174348 0.003715155445456698 -0.6424384748942967 -0.009781586272528826 -0.00105393653918451 -0.6248195008227111 -0.006447876197202925 0.006690047452209106 -0.6617591733630162 -0.002482843323789581 0.004234880026886503 -0.6592981706070887 0.004315368255611675 -0.002697361032796998 -0.6426000002884523 0 0 0 0 0 0 0 0 0 0 0 0 0 0 0 0 0 0 0 0 0 0 0 0 0 0 0 0 0 0 0 0 0 0 0 0 0 0 0 0 0 0 0 0 0 0 0 0 0 0 0 0 0 0 0 0 0 0 0 0 0 0 0 0 0 0 0 0 0 0 0 0 0 0 0 0 0 0 0 0 0 0 0 0 0 0 0 0 0 0 0 0 0 0 0 0 0 0 0 0 0 0 0 0 0 0 0 0 0 0 0 0 0 0 0 0 0 0 0 0 0 0 0 0 0 0 0 0 0 0 0 0 0 0 0 0 0 0 0 0 0 0 0 0 0 0 0 0.006663948218494428 -0.008639934691024974 -0.6614014300423149 -0.004392653081068233 0.0003301564816806203 -0.6413528563729198 -0.002098504753156769 0.008369444446860778 -0.6267262305402906 -0.006491310069642487 0.003530621987494123 -0.596543241570669 0.008669575388340071 0.002568690956486035 -0.6263149022655908 0.007123568730698041 -0.003626965395461764 -0.5959620827940733 0.0003294074322839013 -0.005914379219792604 -0.6411285655313614 -0.0007952970470194534 -0.00567274870310383 -0.6409382969138401 -0.006408492146303676 -0.005730982568341926 -0.6266713154956333 0 0 0 0 0 0 0 0 0 0 0 0 0 0 0 0 0 0 0 0 0 0 0 0 0 0 0 0 0 0 0 0 0 0 0 0 0 0 0 0 0 0 0 0 0 0 0 0 0 0 0 0 0 0 0 0 0 0 0 0 0 0 0 0 0 0 0 0 0 0 0 0 0 0 0 0 0 0 0 0 0 0 0 0 0 0 0 0 0 0 0 0 0 0 0 0 0 0 0 0 0 0 0 0 0 0 0 0 0 0 0 0 0 0 0 0 0 0 0 0 0 0 0 0 0 0 0 0 0 0 0 0 0 0 0 0 0 0 0 0 0 0 0 0 -0.00436161637894477 -0.0004407472783319893 -0.6412085771112913 -0.001247977851622672 -0.0093411067707034 -0.6263437908204186 -0.001333014027988355 -0.008923517596508324 -0.5964726291204063 0.003858915683289938 0.001345926582505225 -0.5815904378989504 -0.005825623545949943 -0.006001553692777258 -0.5957734623965609 -4.944828526646576e-05 0.003334426884516843 -0.5820522364250217 0.010697503776309 -0.004877315424776186 -0.6267937773751768 -0.003373184725675318 0.002832744293707304 -0.6013125764167798 0.002493054767538421 0.006736671218726924 -0.6013258698957755 0 0 0 0 0 0 0 0 0 0 0 0 0 0 0 0 0 0 0 0 0 0 0 0 0 0 0 0 0 0 0 0 0 0 0 0 0 0 0 0 0 0 0 0 0 0 0 0 0 0 0 0 0 0 0 0 0 0 0 0 0 0 0 0 0 0 0 0 0 0 0 0 0 0 0 0 0 0 0 0 0 0 0 0 0 0 0 0 0 0 0 0 0 0 0 0 0 0 0 0 0 0 0 0 0 0 0 0 0 0 0 0 0 0 0 0 0 0 0 0 0 0 0 0 0 0 0 0 0 0 0 0 0 0 0 0 0 0 0 0 0 0 0 0 0 0 0 0 0 0 0 0 0 0 0 0 0 0 0 0 0 0 0 0 0 0 0 0 0 0 0 -0.001337630002049933 0.009474828280400005 -0.6266657937057808 0.004980063550904415 0.006779829343090549 -0.5964167248725517 0.004330342676112773 -6.603783958687124e-05 -0.581761782425583 0.003613903771646575 -0.007926464854489487 -0.5698634151992821 -0.001747761333944446 0.002715650686635501 -0.5825401404557331 -0.008186733899748833 -0.002983712635806691 -0.5699301551623865 -0.005465585328697667 0.004823443028191839 -0.5933629353836435 0.00506285372350092 0.002913894341623327 -0.5934077836523145 0.002188552697903736 -0.005999679699647187 -0.5833753244313662 0 0 0 0 0 0 0 0 0 0 0 0 0 0 0 0 0 0 0 0 0 0 0 0 0 0 0 0 0 0 0 0 0 0 0 0 0 0 0 0 0 0 0 0 0 0 0 0 0 0 0 0 0 0 0 0 0 0 0 0 0 0 0 0 0 0 0 0 0 0 0 0 0 0 0 0 0 0 0 0 0 0 0 0 0 0 0 0 0 0 0 0 0 0 0 0 0 0 0 0 0 0 0 0 0 0 0 0 0 0 0 0 0 0 0 0 0 0 0 0 0 0 0 0 0 0 0 0 0 0 0 0 0 0 0 0 0 0 0 0 0 0 0 0 0 0 0 0 0 0 0 0 0 0 0 0 0 0 0 0 0 0 0 0 0 0 0 0 0 0 0 0.004996261048043551 -0.006805475142603008 -0.5964167248755606 -0.002760516002402985 0.001361076913064768 -0.5830220062205405 -0.0006608879274090957 0.006470576273504295 -0.5701632688788462 -0.004367519632297131 0.0009153271902846809 -0.5494427784437375 0.006736988091536407 0.003408677574193971 -0.5697606592365407 0.005770895396885736 -0.002473309143260668 -0.5461924641857242 -0.002523238785613334 -0.001525037158848043 -0.5835296482220682 0.006503746728189904 -0.00405128288567782 -0.5820627871898084 -0.008604773501221465 -0.007540675856637482 -0.5701168673926028 0 0 0 0 0 0 0 0 0 0 0 0 0 0 0 0 0 0 0 0 0 0 0 0 0 0 0 0 0 0 0 0 0 0 0 0 0 0 0 0 0 0 0 0 0 0 0 0 0 0 0 0 0 0 0 0 0 0 0 0 0 0 0 0 0 0 0 0 0 0 0 0 0 0 0 0 0 0 0 0 0 0 0 0 0 0 0 0 0 0 0 0 0 0 0 0 0 0 0 0 0 0 0 0 0 0 0 0 0 0 0 0 0 0 0 0 0 0 0 0 0 0 0 0 0 0 0 0 0 0 0 0 0 0 0 0 0 0 0 0 0 0 0 0 0 0 0 0 0 0 0 0 0 0 0 0 0 0 0 0 0 0 0 0 0 0 0 0 0 0 0 0 0 0 0 0 0 0 0 0 0 0 0 0 0 0 0 0 0 -0.002462896744005837 -0.001596936141551609 -0.5835304986386958 0.0007654276800329168 -0.008084157146309303 -0.5697255002701169 -0.002433023795057305 -0.005496288478193212 -0.5494275314301663 0.002265210817787889 0.00102896632092329 -0.5386423287368387 -0.003235403049692205 -0.006353433165853429 -0.5461982116513951 0.001865325505000352 0.001211467544387109 -0.5385887425347825 0.006891966152911295 -0.001927218049453071 -0.5692535324358503 0.005344856661550955 0.001700004349477877 -0.5512694443870153 0.003923215184990149 0.002857930767482869 -0.5427678475829525 0 0 0 0 0 0 0 0 0 0 0 0 0 0 0 0 0 0 0 0 0 0 0 0 0 0 0 0 0 0 0 0 0 0 0 0 0 0 0 0 0 0 0 0 0 0 0 0 0 0 0 0 0 0 0 0 0 0 0 0 0 0 0 0 0 0 0 0 0 0 0 0 0 0 0 0 0 0 0 0 0 0 0 0 0 0 0 0 0 0 0 0 0 0 0 0 0 0 0 0 0 0 0 0 0 0 0 0 0 0 0 0 0 0 0 0 0 0 0 0 0 0 0 0 0 0 0 0 0 0 0 0 0 0 0 0 0 0 0 0 0 0 0 0 0 0 0 0 0 0 0 0 0 0 0 0 0 0 0 0 0 0 0 0 0 0 0 0 0 0 0 0 0 0 0 0 0 0 0 0 0 0 0 0 0 0 0 0 0 0 0 0 0 0 0 0 0 0 0 0 0 0 0 0 0 0 0 0 0 0 0 0 0 0 0 0 0 0 0 -0.001203214497857262 0.007608931308897968 -0.5692852277157986 0.002889400977289512 0.004867853156389454 -0.5476460913171188 0.002920897422590187 -0.0007511255296563673 -0.5384459563060962 0.0009990860763007718 -0.008029441458432573 -0.5240151288178843 -0.001503966246485391 0.000398468334925109 -0.5376859553773586 -0.007407722831562572 -0.003418596832326816 -0.5240498420669873 -0.0007381315282769064 0.003212803693762264 -0.5533401052333956 -0.003165663723495131 9.617385497052313e-05 -0.5427449086437605 0.003299824555784284 1.481711906527637e-05 -0.5386769725934775 0 0 0 0 0 0 0 0 0 0 0 0 0 0 0 0 0 0 0 0 0 0 0 0 0 0 0 0 0 0 0 0 0 0 0 0 0 0 0 0 0 0 0 0 0 0 0 0 0 0 0 0 0 0 0 0 0 0 0 0 0 0 0 0 0 0 0 0 0 0 0 0 0 0 0 0 0 0 0 0 0 0 0 0 0 0 0 0 0 0 0 0 0 0 0 0 0 0 0 0 0 0 0 0 0 0 0 0 0 0 0 0 0 0 0 0 0 0 0 0 0 0 0 0 0 0 0 0 0 0 0 0 0 0 0 0 0 0 0 0 0 0 0 0 0 0 0 0 0 0 0 0 0 0 0 0 0 0 0 0 0 0 0 0 0 0 0 0 0 0 0 0 0 0 0 0 0 0 0 0 0 0 0 0 0 0 0 0 0 0 0 0 0 0 0 0 0 0 0 0 0 0 0 0 0 0 0 0 0 0 0 0 0 0 0 0 0.004012678662479293 -0.003753546432213977 -0.5476460909948175 -0.001515493268959088 0.0003787964203019961 -0.5376796247234124 -0.001373216077873214 0.002611289903141588 -0.5297698384588462 -0.003972354696537915 -0.003317773376761822 -0.5149539036471213 0.006440826082016597 -0.0003294780758486524 -0.5264883615060376 -0.0001786067864809035 -0.004595943515993639 -0.5112663226102181 0.0005343584088180991 -0.002068729339362401 -0.537664108872952 -8.902367213225592e-05 -0.002025091624265609 -0.5375343575248586 -0.00296800858331785 -0.00251437390824666 -0.5297545161425655 0 0 0 0 0 0 0 0 0 0 0 0 0 0 0 0 0 0 0 0 0 0 0 0 0 0 0 0 0 0 0 0 0 0 0 0 0 0 0 0 0 0 0 0 0 0 0 0 0 0 0 0 0 0 0 0 0 0 0 0 0 0 0 0 0 0 0 0 0 0 0 0 0 0 0 0 0 0 0 0 0 0 0 0 0 0 0 0 0 0 0 0 0 0 0 0 0 0 0 0 0 0 0 0 0 0 0 0 0 0 0 0 0 0 0 0 0 0 0 0 0 0 0 0 0 0 0 0 0 0 0 0 0 0 0 0 0 0 0 0 0 0 0 0 0 0 0 0 0 0 0 0 0 0 0 0 0 0 0 0 0 0 0 0 0 0 0 0 0 0 0 0 0 0 0 0 0 0 0 0 0 0 0 0 0 0 0 0 0 0 0 0 0 0 0 0 0 0 0 0 0 0 0 0 0 0 0 0 0 0 -0.001514184343393743 0.0003447591001044038 -0.5376733809926515 0.0006830163964296091 -0.007229329434717148 -0.526513563278817 -0.001893996130175487 -0.008398532419603824 -0.5150059856221175 0.002232850696608283 -0.003828992956584712 -0.5016962963976465 -0.001260372807707613 -0.004797974544730573 -0.511273709552328 -0.002188091284894077 -0.001713211583192824 -0.5031280693813793 0.005979979766079498 0.003186253837855769 -0.5248340307407598 0.004322548223672069 0.003270565809227535 -0.5245675644129077 0.0006980830064136665 0.002008152262729769 -0.5183123584871308 0 0 0 0 0 0 0 0 0 0 0 0 0 0 0 0 0 0 0 0 0 0 0 0 0 0 0 0 0 0 0 0 0 0 0 0 0 0 0 0 0 0 0 0 0 0 0 0 0 0 0 0 0 0 0 0 0 0 0 0 0 0 0 0 0 0 0 0 0 0 0 0 0 0 0 0 0 0 0 0 0 0 0 0 0 0 0 0 0 0 0 0 0 0 0 0 0 0 0 0 0 0 0 0 0 0 0 0 0 0 0 0 0 0 0 0 0 0 0 0 0 0 0 0 0 0 0 0 0 0 0 0 0 0 0 0 0 0 0 0 0 0 0 0 0 0 0 0 0 0 0 0 0 0 0 0 0 0 0 0 0 0 0 0 0 0 0 0 0 0 0 0 0 0 0 0 0 0 0 0 0 0 0 0 0 0 0 0 0 0 0 0 0 0 0 0.0005286209590655048 0.007564026235480855 -0.527102236707613 0.003485672559124902 0.0006443075059482526 -0.5120381609085966 0.004839130421480699 -0.0006851001004550138 -0.4930544938093713 0.002016267964909111 0.002970505956804386 -0.4959533887718519 -0.0003669362750896929 -0.0004990006852149502 -0.5009285411376577 0.002984614398844787 0.002085094042979462 -0.4960061250050736 0.003540865172956602 0.003991956445997863 -0.5271141091092989 0.000697892504362362 0.00200802619857708 -0.5183123608158781 0.003181957555684261 -0.006778464234311992 -0.4918257110091537 0 0 0 0 0 0 0 0 0 0 0 0 0 0 0 0 0 0 0 0 0 0 0 0 0 0 0 0 0 0 0 0 0 0 0 0 0 0 0 0 0 0 0 0 0 0 0 0 0 0 0 0 0 0 0 0 0 0 0 0 0 0 0 0 0 0 0 0 0 0 0 0 0 0 0 0 0 0 0 0 0 0 0 0 0 0 0 0 0 0 0 0 0 0 0 0 0 0 0 0 0 0 0 0 0 0 0 0 0 0 0 0 0 0 0 0 0 0 0 0 0 0 0 0 0 0 0 0 0 0 0 0 0 0 0 0 0 0 0 0 0 0 0 0 0 0 0 0 0 0 0 0 0 0 0 0 0 0 0 0 0 0 0 0 0 0 0 0 0 0 0 0 0 0 0 0 0 0.002337821114435824 0.002831121596362365 -0.4962631032503625 0.002205862896527032 0.003975147129469359 -0.4981894275261192 0 0 0 0 0 0 0 0 0 0 0 0 0 0 0 0 0 0 0 0 0 0 0 0 0.003489037599391776 -0.0006139250332869616 -0.5120381609062072 -0.00311251472409174 -0.003785403625774612 -0.500928554187019 0.00438801437424389 -0.001804493180019943 -0.4935726526068628 0.002224053129423464 0.002445146438869983 -0.4959745254737869 -0.006169523337205722 0.0004829991084354306 -0.4957995668700358 0.002110640952846655 -0.00320601649314422 -0.4983804131324387 0.00439849678977826 -0.003448198608087177 -0.4982550985990551 -0.003122237549711389 -0.009218814510417466 -0.496168008077495 0 0 0 0 0 0 0 0 0 0 0 0 0 0 0 0 0 0 0 0 0 0 0 0 0 0 0 0 0 0 0 0 0 0 0 0 0 0 0 0 0 0 0 0 0 0 0 0 0 0 0 0 0 0 0 0 0 0 0 0 0 0 0 0 0 0 0 0 0 0 0 0 0 0 0 0 0 0 0 0 0 0 0 0 0 0 0 0 0 0 0 0 0 0 0 0 0 0 0 0 0 0 0 0 0 0 0 0 0 0 0 0 0 0 0 0 0 0 0 0 0 0 0 0 0 0 0 0 0 0 0 0 0 0 0 0 0 0 0 0 0 0 0 0 0 0 0 -0.002557887066980822 0.0002904985116096959 -0.4827389275944222 -0.004459544970968886 0.004322866688062052 -0.499683653926826 -0.006189552805872892 0.00128901770885428 -0.4781538848985329 0 0 0 0 0 0 0 0 0 0 0 0 0 0 0 0 0 0 0 0 0 0 0 0 0 0 0 0 0 0 0 0 0 0 0 0 0 0 0 -0.001110257383470355 0.002456822974681958 -0.5043218647782768 -0.006175557635407467 0.0004757045001266064 -0.495799626289913 0.002163083388262589 -0.0009735936388029289 -0.4960729698002731 -0.0009282625547308283 0.002243234437055725 -0.5043298016012273 0.002994605212859176 -0.005173266642304579 -0.4962189245977319 -0.0009709362532850616 -0.003685183386986948 -0.4923175777475464 0 0 0 0 0 0 0 0 0 0 0 0 0 0 0 0 0 0 0 0 0 0 0 0 0 0 0 0 0 0 0 0 0 0 0 0 0 0 0 0 0 0 0 0 0 0 0 0 0 0 0 0 0 0 0 0 0 0 0 0 0 0 0 0 0 0 0 0 0 0 0 0 0 0 0 0 0 0 0 0 0 0 0 0 0 0 0 0 0 0 0 0 0 0 0 0 0 0 0 0 0 0 0 0 0 0 0 0 0 0 0 0 0 0 0 0 0 0 0 0 0 0 0 0 0 0 -0.002994840552099831 0.002658002582001731 -0.4813275148778596 -0.001108680632388242 -0.002145360371279814 -0.4807192642679124 0.001254982839987949 0.0009927151234803051 -0.4771308936357589 -0.002373117771538637 0.0007030834724349214 -0.4745844410175614 0 0 0 0 0 0 0 0 0 0 0 0 0 0 0 0 0 0 0 0 0 0 0 0 0 0 0 0 0 0 0 0 0 0 0 0 -0.00910130177684716 0.01254651511521266 -0.4881528495248819 0 0 0 0 0 0 0 0 0 0 0 0 0 0 0 0 0 0 0 0 0 0.0002134687834569778 -0.0001071434756371636 -0.4713083186791595 0 3.383423921805444e-17 -0.4711797319753728 0 0 0 0 0 0 0 0 0 -0.006081932099062343 -0.004106576017587397 -0.495936386422469 -0.001041310609825092 0.00325942931802565 -0.4882347266891904 -0.003874224212687857 -0.0006466366724359042 -0.4791226006750943 -0.005384821032066903 -0.004905920528673577 -0.4959791119951894 -0.002454054670192226 0.000301735815821616 -0.4813151275864888 0 0 0 0 0 0 0 0 0 0 0 0 0 0 0 0 0 0 0 0 0 0 0 0 0 0 0 0 0 0 0 0 0 0 0 0 0 0 0 0 0 0 0 0 0 0 0 0 0 0 0 0 0 0 0 0 0 0 0 0 0 0 0 0 0 0 0 0 0 0 0 0 0 0 0 0 0 0 0 0 0 0 0 0 0 0 0 0 0 0 0 0 0 0 0 0 0 0 0 0 0 0 0 0 0 0 0 0 0 0 0 0 0 0 0 0 0 -0.0003775388465362163 0.003003869626995627 -0.4718093679160212 0.0006218848221998798 0.0002627888847841216 -0.4717294564643317 0.00147044123649051 0.001163758779370976 -0.4769326680951015 -0.002687763143505887 0.00215692421306285 -0.471003985746421 0 0 0 0 0 0 0 0 0 0 0 0 0 0 0 0 0 0 0 0 0 0 0 0 0 0 0 0 0 0 0 0 0 0 0 0 0 0 0 0 0 0 0 0 0 0 0 0 0 0 -0.4714599848105033 0.00102145516851234 0.002965550214555069 -0.4728545380292097 0 0 0 0 0 0 0 0 0 0 0 0 0 0 0 0 0 0 0 0 0 -0.000634772493425248 -0.006622429899910785 -0.4882347248848417 -0.002328166478476154 -0.004088593921308863 -0.4755103984927179 -0.003590945617315983 -0.0001061164887266585 -0.4789449261858191 -0.003720409300435475 0.001320676711369267 -0.4785565877112117 -0.001579534053397133 0.0008560553548059716 -0.4797204418420057 0 0 0 0 0 0 0 0 0 0 0 0 0 0 0 0 0 0 0 0 0 0 0 0 0 0 0 0 0 0 0 0 0 0 0 0 0 0 0 0 0 0 0 0 0 0 0 0 0 0 0 0 0 0 0 0 0 0 0 0 0 0 0 0 0 0 0 0 0 0 0 0 0 0 0 0 0 0 0 0 0 0 0 0 0 0 0 0 0 0 0 0 0 0 0 0 0 0 0 0 0 0 0 0 0 0 0 0 -0.001459726375069745 0.001069677681141741 -0.4727097264723294 0.0001219758054699795 0.0004216472011549737 -0.4719706974637087 0.0002696434639992374 0.003329762261401849 -0.4709517676585108 -0.002838135721746235 0.0006707275456936436 -0.4694627756120818 0 0 0 0 0 0 0 0 0 0 0 0 0 0 0 0 0 0 0 0 0 0 0 0 0 0 0 0 0 0 0 0 0 0 0 0 0 0 -0.4714599848105032 0 0 -0.4746962253353365 0 0 0 0 0 0 0 0 0 0 0 0 0 0 0 0 0 0 0 0 0 0 0 0 0 0 0 0 0 0 0 0 0 0 0 0 -0.002917531348589881 0.002951138788152964 -0.4731102785742408 -0.003078300126024498 -0.001707711032682601 -0.4702884077347944 -0.001310159097370362 0.001477695180002838 -0.472823654464533 0.0005546925714781726 -0.001371652767645111 -0.4740583570594237 -0.004216317456584583 1.005450249121851e-05 -0.4728036084669234 0 0 0 0 0 0 0 0 0 0 0 0 0 0 0 0 0 0 0 0 0 0 0 0 0 0 0 0 0 0 0 0 0 0 0 0 0 0 0 0 0 0 0 0 0 0 0 0 0 0 0 0 0 0 0 0 0 0 0 0 0 0 0 0 0 0 0 0 0 0 0 0 0 0 0 0 0 0 0 0 0 0 0 0 0 0 0 0 0 0 0 0 0 0 0 0 0 0 0 0 0 0 0 0 0 0 0 0 0 6.766847817540664e-17 -0.4746962253353362 0 0 -0.4721060125052189 0.001376170450905383 0.002227911658851802 -0.4692648663990714 -0.001059525998813733 0.0005840621735275842 -0.4717665245374577 3.383423968148391e-17 0 -0.4674686634326524 0 0 0 0 0 0 0 0 0 0 0 0 0 0 0 0 0 0 0 0 0 0 0 0 0 0 0 0 0 0 0 0 0 0 0 0 0 0 0 0 0 0 0 0 0 0 0 0 0 0 0 0 0 0 0 0 0 0 0 0 0 0 0 0 0 0 0 0 0 0 0 0 0 0 0 -0.003121441236835666 0.002114337960638153 -0.4712019885146146 -0.0005657068246218192 -0.001705826644154531 -0.4685375118184042 -0.000308905695294435 -0.0004198556687150163 -0.4743876037191285 -0.0002258207494107493 -0.001733558273679508 -0.4715799267254462 -0.004428910275138873 0.0006742776189532473 -0.4723022950912252 -0.0002657477392248051 -0.001723332035174627 -0.4715642891787125 0 0 0 0 0 0 0 0 0 0 0 0 0 0 0 0 0 0 0 0 0 0 0 0 0 0 0 0 0 0 0 0 0 0 0 0 0 0 0 0 0 0 0 0 0 0 0 0 0 0 0 0 0 0 0 0 0 0 0 0 0 0 0 0 0 0 0 0 0 0 0 0 0 0 0 0 0 0 0 0 0 0 0 0 0 0 0 0 0 0 0 0 0 0 0 0 0 0 0 0 0 0 0 0 -0.4721060125052189 0 0 -0.4702915182685589 0 0 0 0 0 0 0 0 0 0 0 0 0 0 0 0 0 0 0 0 0 0 0 0 0 0 0 0 0 0 0 0 0 0 0 0 0 0 0 0 0 0 0 0 0 0 0 0 0 0 0 0 0 0 0 0 0 0 0 0 0 0 0 0 0 -0.4702915182685589 0 0 0 0 0 0 0 0 0 0 0 0 0 0 0 0 0 0 0 0 0 0 0 0 0 0 0 0 0 0 0 0 0 0 0 0 0 0 0 0 0 0 0.0007090721748827011 0.002138129073044322 -0.4685375116644138 -3.383423782749479e-17 0 -0.4742188239831055 0.0006716896718893626 -0.0003275211438499985 -0.4700890810321323 0 0 -0.469650334855492 0 0 0 0 0 0 0 0 0 0 0 0 0 0 0 0 0 0 0 0 0 0 0 0 0 0 0 0 0 0 0 0 0 0 0 0 0 0 0 0 0 0 0 0 0 0 0 0 0 0 0 0 0 0 0 0 0 0 0 0 0 0 0 0 0 0 0 0 0 0 0 0 0 0 0 0 0 0 0 0 0 0 0 0 0 0 0 0 0 0 0 0 0 0 0 0 0 0 0 0 0 0 0 0 0 0 0 0 0 0 0 0 0 0 0 0 0 0 0 0 0 0 0 0 0 0 0 0 0 0 0 0 0 0 0 0 0 0 0 0 0 0 0 0 0 0 0 0 0 0 0 0 0 0 0 0 0 0 0 0 0 0 0 0 0 0 0 0 0 0 0 0 0 0 0 0 0 0 0 0 0 0 0 0 0 0 0 0 0 0 0 0 0 0 0 -6.766847892915395e-17 3.383423946457697e-17 -0.4703511025543662 0 0 0 0 0 -0.469650334855492 0 0 0 0 0 0 0 0 0 0 0 0 0 0 0 0 0 0 0 0 0 0 0 0 0 0 0 0 0 0 0 0 0 0 0 0 0 0 0 0 0 0 0 0 0 0 0 0 0 0 0 0 0 0 0 0 0 0 0 0 0 0 0 0 0 0 0 0 0 0 0 0 0 0 0 0 0 0 0 0 0 0 0 0 0 0 0 0 0 0 0 0 0 0 0 0 0 0 0 0 0 0 0 0 0 0 0 0 0 0 0 0 0 0 0 0 0 0 0 0 0 0 0 0 0 0 0 0 0 0 0 0 0 0 0 0 0 0 0 0 0 0 0 0 0 0 0 0 0 0 0 0 0 0 0 0 0 0 0 0 0 0 0 0 0 0 0 0 0 0 0 0 0 0 0 0 0 0 0 0 0 0 0 0 0 0 0 0 0 0 0 0 0 0 0 0 0 0 0 0 0 0 0 0 0 0 0 0 0 0 0 0 0 0 0 0 0 0 0 0 0 0 0 0 0 0 0 0 0 0 0 0 0 0 0 0 0 0 0 0 0 0 0 0 0 0 0 0 0 0 0 0 0 0 0 0 0 0 0 0 0 0 0 0 0 0 0 0 0 0 0 0 0 0 0 0 0 0 0 0 0 0 0 0 0 0 0 0 0 0 0 0 0 0 0 0 0 0 0 0 0 0 0 0 0 0 0 0 0 0 0 0 0 0 0 0 0 0 0 0 0 0 0 0 0 0 0 0 0 0 0 0 0 0 0 0 0 0 0 0 0 0 0 0 0 0 0 0 0 0 0 0 0 0 0 0 0 0 0 0 0 0 0 0 0 0 0 0 0 0 0 0 0 0 0 0 0 0 0 0 0 0 0 0 0 0 0 0 0 0 0 0 0 0 0 0 0 0 0 0 0 0 0 0 0 0 0 0 0 0 0 0 0 0 0 0 0 0 0 0 0 0 0 0 0 0 0 0 0 0 0 0 0 0 0 0 0 0 0 0 0 0 0 0 0 0 0 0 0 0 0 0 0 0 0 0 0 0 0 0 0 0 0 0 0 0 0 0 0 0 0 0 0 0 0 0 0 0 0 0 0 0 0 0 0 0 0 0 0 0 0 0 0 0 0 0 0 0 0 0 0 0 0 0 0 0 0 0 0 0 0 0 0 0 0 0 0 0 0 0 0 0 0 0 0 0 0 0 0 0 0 0 0 0 0 0 0 0 0 0 0 0 0 0 0 0 0 0 0 0 0 0 0 0 0 0 0 0 0 0 0 0 0 0 0 0 0 0 0 0 0 0 0 0 0 0 0 0 0 0 0 0 0 0 0 0 0 0 0 0 0 0 0 0 0 0 0 0 0 0 0 0 0 0 0 0 0 0 0 0 0 0 0 0 0 0 0 0 0 0 0 0 0 0 0 0 0 0 0 0 0 0 0 0 0 0 0 0 0 0 0 0 0 0 0 0 0 0 0 0 0 0 0 0 0 0 0 0 0 0 0 0 0 0 0 0 0 0 0 0 0 0 0 0 0 0 0 0 0 0 0 0 0 0 0 0 0 0 0 0 0 0 0 0 0 0 0 0 0 0 0 0 0 0 0 0 0 0 0 0 0 0 0 0 0 0 0 0 0 0 0 0 0 0 0 0 0 0 0 0 0 0 0 0 0 0 0 0 0 0 0 0 0 0 0 0 0 0 0 0 0 0 0 0 0 0 0 0 0 0 0 0 0 0 0 0 0 0 0 0 0 0 0 0 0 0 0 0 0 0 0 0 0 0 0 0 0 0 0 0 0 0 0 0 0 0 0 0 0 0 0 0 0 0 0 0 0 0 0 0 0 0 0 0 0 0 0 0 0 0 0 0 0 0 0 0 0 0 0 0 0 0 0 0 0 0 0 0 0 0 0 0 0 0 0 0 0 0 0 0 0 0 0 0 0 0 0 0 0 0 0 0 0 0 0 0 0 0 0 0 0 0 0 0 0 0 0 0 0 0 0 0 0 0 0 0 0 0 0 0 0 0 0 0 0 0 0 0 0 0 0 0 0 0 0 0 0 0 0 0 0 0 0 0 0 0 0 0 0 0 0 0 0 0 0 0 0 0 0 0 0 0 0 0 0 0 0 0 0 0 0 0 0 0 0 0 0 0 0 0 0 0 0 0 0 0 0 0 0 0 0 0 0 0 0 0 0 0 0 0 0 0 0 0 0 0 0 0 0 0 0 0 0 0 0 0 0 0 0 0 0 0 0 0 0 0 0 0 0 0 0 0 0 0 0 0 0 0 0 0 0 0 0 0 0 0 0 0 0 0 0 0 0 0 0 0 0 0 0 0 0 0 0 0 0 0 0 0 0 0 0 0 0 0 0 0 0 0 0 0 0 0 0 0 0 0 0 0 0 0 0 0 0 0 0 0 0 0 0 0 0 0 0 0 0 0 0 0 0 0 0 0 0 0 0 0 0 0 0 0 0 0 0 0 0 0 0 0 0 0 0 0 0 0 0 0 0 0 0 0 0 0 0 0 0 0 0 0 0 0 0 0 0 0 0 0 0 0 0 0 0 0 0 0 0 0 0 0 0 0 0 0 0 0 0 0 0 0 0 0 0 0 0 0 0 0 0 0 0 0 0 0 0 0 0 0 0 0 0 0 0 0 0 0 0 0 0 0 0 0 0 0 0 0 0 0 0 0 0 0 0 0 0 0 0 0 0 0 0 0 0 0 0 0 0 0 0 0 0 0 0 0 0 0 0 0 0 0 0 0 0 0 0 0 0 0 0 0 0 0 0 0 0 0 0 0 0 0 0 0 0 0 0 0 0 0 0 0 0 0 0 0 0 0 0 0 0 0 0 0 0 0 0 0 0 0 0 0 0 0 0 0 0 0 0 0 0 0 0 0 0 0 0 0 0 0 0 0 0 0 0 0 0 0 0 0 0 0 0 0 0 0 0 0 0 0 0 0 0 0 0 0 0 0 0 0 0 0 0 0 0 0 0 0 0 0 0 0 0 0 0 0 0 0 0 0 0 0 0 0 0 0 0 0 0 0 0 0 0 0 0 0 0 0 0 0 0 0 0 0 0 0 0 0 0 0 0 0 0 0 0 0 0 0 0 0 0 0 0 0 0 0 0 0 0 0 0 0 0 0 0 0 0 0 0 0 0 0 0 0 0 0 0 0 0 0 0 0 0 0 0 0 0 0 0 0 0 0 0 0 0 0 0 0 0 0 0 0 0 0 0 0 0 0 0 0 0 0 0 0 0 0 0 0 0 0 0 0 0 0 0 0 0 0 0 0 0 0 0 0 0 0 0 0 0 0 0 0 0 0 0 0 0 0 0 0 0 0 0 0 0 0 0 0 0 0 0 0 0 0 0 0 0 0 0 0 0 0 0 0 0 0 0 0 0 0 0 0 0 0 0 0 0 0 0 0 0 0 0 0 0 0 0 0 0 0 0 0 0 0 0 0 0 0 0 0 0 0 0 0 0 0 0 0 0 0 0 0 0 0 0 0 0 0 0 0 0 0 0 0 0 0 0 0 0 0 0 0 0 0 0 0 0 0 0 0 0 0 0 0 0 0 0 0 0 0 0 0 0 0 0 0 0 0 0 0 0 0 0 0 0 0 0 0 0 0 0 0 0 0 0 0 0 0 0 0 0 0 0 0 0 0 0 0 0 0 0 0 0 0 0 0 0 0 0 0 0 0 0 0 0 0 0 0 0 0 0 0 0 0 0 0 0 0 0 0 0 0 0 0 0 0 0 0 0 0 0 0 0 0 0 0 0 0 0 0 0 0 0 0 0 0 0 0 0 0 0 0 0 0 0 0 0 0 0 0 0 0 0 0 0 0 0 0 0 0 0 0 0 0 0 0 0 0 0 0 0 0 0 0 0 0 0 0 0 0 0 0 0 0 0 0 0 0 0 0 0 0 0 0 0 0 0 0 0 0 0 0 0 0 0 0 0 0 0 0 0 0 0 0 0 0 0 0 0 0 0 0 0 0 0 0 0 0 0 0 0 0 0 0 0 0 0 0 0 0 0 0 0 0 0 0 0 0 0 0 0 0 0 0 0 0 0 0 0 0 0 0 0 0 0 0 0 0 0 0 0 0 0 0 0 0 0 0 0 0 0 0 0 0 0 0 0 0 0 0 0 0 0 0 0 0 0 0 0 0 0 0 0 0 0 0 0 0 0 0 0 0 0 0 0 0 0 0 0 0 0 0 0 0 0 0 0 0 0 0 0 0 0 0 0 0 0 0 0 0 0 0 0 0 0 0 0 0 0 0 0 0 0 0 0 0 0 0 0 0 0 0 0 0 0 0 0 0 0 0 0 0 0 0 0 0 0 0 0 0 0 0 0 0 0 0 0 0 0 0 0 0 0 0 0 0 0 0 0 0 0 0 0 0 0 0 0 0 0 0 0 0 0 0 0 0 0 0 0 0 0 0 0 0 0 0 0 0 0 0 0 0 0 0 0 0 0 0 0 0 0 0 0 0 0 0 0 0 0 0 0 0 0 0 0 0 0 0 0 0 0 0 0 0 0 0 0 0 0 0 0 0 0 0 0 0 0 0 0 0 0 0 0 0 0 0 0 0 0 0 0 0 0 0 0 0 0 0 0 0 0 0 0 0 0 0 0 0 0 0 0 0 0 0 0 0 0 0 0 0 0 0 0 0 0 0 0 0 0 0 0 0 0 0 0 0 0 0 0 0 0 0 0 0 0 0 0 0 0 0 0 0 0 0 0 0 0 0 0 0 0 0 0 0 0 0 0 0 0 0 0 0 0 0 0 0 0 0 0 0 0 0 0 0 0 0 0 0 0 0 0 0 0 0 0 0 0 0 0 0 0 0 0 0 0 0 0 0 0 0 0 0 0 0 0 0 0 0 0 0 0 0 0 0 0 0 0 0 0 0 0 0 0 0 0 0 0 0 0 0 0 0 0 0 0 0 0 0 0 0 0 0 0 0 0 0 0 0 0 0 0 0 0 0 0 0 0 0 0 0 0 0 0 0 0 0 0 0 0 0 0 0 0 0 0 0 0 0 0 0 0 0 0 0 0 0 0 0 0 0 0 0 0 0 0 0 0 0 0 0 0 0 0 0 0 0 0 0 0 0 0 0 0 0 0 0 0 0 0 0 0 0 0 0 0 0 0 0 0 0 0 0 0 0 0 0 0 0 0 0 0 0 0 0 0 0 0 0 0 0 0 0 0 0 0 0 0 0 0 0 0 0 0 0 0 0 0 0 0 0 0 0 0 0 0 0 0 0 0 0 0 0 0 0 0 0 0 0 0 0 0 0 0 0 0 0 0 0 0 0 0 0 0 0 0 0 0 0 0 0 0 0 0 0 0 0 0 0 0 0 0 0 0 0 0 0 0 0 0 0 0 0 0 0 0 0 0 0 0 0 0 0 0 0 0 0 0 0 0 0 0 0 0 0 0 0 0 0 0 0 0 0 0 0 0 0 0 0 0 0 0 0 0 0 0 0 0 0 0 0 0 0 0 0 0 0 0 0 0 0 0 0 0 0 0 0 0 0 0 0 0 0 0 0 0 0 0 0 0 0 0 0 0 0 0 0 0 0 0 0 0 0 0 0 0 0 0 0 0 0 0 0 0 0 0 0 0 0 0 0 0 0 0 0 0 0 0 0 0 0 0 0 0 0 0 0 0 0 0 0 0 0 0 0 0 0 0 0 0 0 0 0 0 0 0 0 0 0 0 0 0 0 0 0 0 0 0 0 0 0 0 0 0 0 0 0 0 0 0 0 0 0 0 0 0 0 0 0 0 0 0 0 0 0 0 0 0 0 0 0 0 0 0 0 0 0 0 0 0 0 0 0 0 0 0 0 0 0 0 0 0 0 0 0 0 0 0 0 0 0 0 0 0 0 0 0 0 0 0 0 0 0 0 0 0 0 0 0 0 0 0 0 0 0 0 0 0 0 0 0 0 0 0 0 0 0 0 0 0 0 0 0 0 0 0 0 0 0 0 0 0 0 0 0 0 0 0 0 0 0 0 0 0 0 0 0 0 0 0 0 0 0 0 0 0 0 0 0 0 0 0 0 0 0 0 0 0 0 0 0 0 0 0 0 0 0 0 0 0 0 0 0 0 0 0 0 0 0 0 0 0 0 0 0 0 0 0 0 0 0 0 0 0 0 0 0 0 0 0 0 0 0 0 0 0 0 0 0 0 0 0 0 0 0 0 0 0 0 0 0 0 0 0 0 0 0 0 0 0 0 0 0 0 0 0 0 0 0 0 0 0 0 0 0 0 0 0 0 0 0 0 0 0 0 0 0 0 0 0 0 0 0 0 0 0 0 0 0 0 0 0 0 0 0 0 0 0 0 0 0 0 0 0 0 0 0 0 0 0 0 0 0 0 0 0 0 0 0 0 0 0 0 0 0 0 0 0 0 0 0 0 0 0 0 0 0 0 0 0 0 0 0 0 0 0 0 0 0 0 0 0 0 0 0 0 0 0 0 0 0 0 0 0 0 0 0 0 0 0 0 0 0 0 0 0 0 0 0 0 0 0 0 0 0 0 0 0 0 0 0 0 0 0 0 0 0 0 0 0 0 0 0 0 0 0 0 0 0 0 0 0 0 0 0 0 0 0 0 0 0 0 0 0 0 0 0 0 0 0 0 0 0 0 0 0 0 0 0 0 0 0 0 0 0 0 0 0 0 0 0 0 0 0 0 0 0 0 0 0 0 0 0 0 0 0 0 0 0 0 0 0 0 0 0 0 0 0 0 0 0 0 0 0 0 0 0 0 0 0 0 0 0 0 0 0 0 0 0 0 0 0 0 0 0 0 0 0 0 0 0 0 0 0 0 0 0 0 0 0 0 0 0 0 0 0 0 0 0 0 0 0 0 0 0 0 0 0 0 0 0 0 0 0 0 0 0 0 0 0 0 0 0 0 0 0 0 0 0 0 0 0 0 0 0 0 0 0 0 0 0 0 0 0 0 0 0 0 0 0 0 0 0 0 0 0 0 0 0 0 0 0 0 0 0 0 0 0 0 0 0 0 0 0 0 0 0 0 0 0 0 0 0 0 0 0 0 0 0 0 0 0 0 0 0 0 0 0 0 0 0 0 0 0 0 0 0 0 0 0 0 0 0 0 0 0 0 0 0 0 0 0 0 0 0 0 0 0 0 0 0 0 0 0 0 0 0 0 0 0 0 0 0 0 0 0 0 0 0 0 0 0 0 0 0 0 0 0 0 0 0 0 0 0 0 0 0 0 0 0 0 0 0 0 0 0 0 0 0 0 0 0 0 0 0 0 0 0 0 0 0 0 0 0 0 0 0 0 0 0 0 0 0 0 0 0 0 0 0 0 0 0 0 0 0 0 0 0 0 0 0 0 0 0 0 0 0 0 0 0 0 0 0 0 0 0 0 0 0 0 0 0 0 0 0 0 0 0 0 0 0 0 0 0 0 0 0 0 0 0 0 0 0 0 0 0 0 0 0 0 0 0 0 0 0 0 0 0 0 0 0 0 0 0 0 0 0 0 0 0 0 0 0 0 0 0 0 0 0 0 0 0 0 0 0 0 0 0 0 0 0 0 0 0 0 0 0 0 0 0 0 0 0 0 0 0 0 0 0 0 0 0 0 0 0 0 0 0 0 0 0 0 0 0 0 0 0 0 0 0 0 0 0 0 0 0 0 0 0 0 </DataArray>
        <DataArray type="Float64" Name="region_ID" format="ascii">8 8 8 8 8 8 8 8 8 8 8 8 8 8 8 8 8 8 8 8 8 8 8 8 8 8 8 8 8 8 8 8 8 8 8 8 8 8 8 8 8 8 8 8 8 8 8 8 8 8 8 8 8 8 8 8 8 8 8 8 8 8 8 8 8 8 8 8 8 8 8 8 8 8 8 8 8 8 8 8 8 8 8 8 8 8 8 8 8 8 8 8 8 8 8 8 8 8 8 8 8 8 8 8 8 8 8 8 8 8 8 8 8 8 8 8 8 8 8 8 8 8 8 8 8 8 8 8 8 8 8 8 8 8 8 8 8 8 8 8 8 8 8 8 8 8 8 8 8 8 8 8 8 8 8 8 8 8 8 8 8 8 8 8 8 8 8 8 8 8 8 8 8 8 8 8 8 8 8 8 8 8 8 8 8 8 8 8 8 8 8 8 8 8 8 8 8 8 8 8 8 8 8 8 8 8 8 8 8 8 8 8 8 8 8 8 8 8 8 8 8 8 8 8 8 8 8 8 8 8 8 8 8 8 8 8 8 8 8 8 8 8 8 8 8 8 8 8 8 8 8 8 8 8 8 8 8 8 8 8 8 8 8 8 8 8 8 8 8 8 8 8 8 8 8 8 8 8 8 8 8 8 8 8 8 8 8 8 8 8 8 8 8 8 8 8 8 8 8 8 8 8 8 8 8 8 7 7 7 8 8 8 8 8 7 7 7 7 7 8 8 8 8 8 8 8 7 7 7 7 7 7 7 8 8 8 7 7 7 7 7 8 7 7 7 7 7 7 7 7 7 8 8 8 8 8 7 7 7 7 7 7 7 8 7 7 7 7 7 7 7 7 7 7 7 7 7 7 8 8 8 8 8 7 7 7 7 7 7 7 7 8 7 7 7 7 7 7 7 7 7 7 7 7 7 7 7 8 7 7 7 8 8 8 7 7 7 7 7 7 7 7 7 7 7 7 7 7 7 7 7 7 7 7 7 7 7 7 8 7 7 7 7 7 7 7 7 7 7 7 7 7 7 7 7 7 8 7 7 7 7 7 7 7 7 7 7 7 7 7 7 7 7 7 7 7 7 7 7 7 7 8 8 7 7 7 7 7 7 7 7 7 7 7 7 7 7 7 7 7 7 7 7 7 8 7 7 7 7 7 7 7 7 7 7 7 7 7 7 7 7 7 7 7 7 8 7 7 7 7 7 7 7 7 7 7 7 7 7 7 7 7 7 7 7 7 7 7 7 7 7 7 7 7 7 8 7 7 7 7 7 7 7 7 7 7 7 7 7 7 7 7 7 7 7 7 7 7 8 7 7 7 7 7 7 7 7 7 7 7 7 7 7 7 7 7 7 7 7 7 7 7 7 7 7 7 7 7 7 8 8 7 7 7 7 7 7 7 7 7 7 7 7 7 7 7 7 7 7 7 7 7 7 7 7 7 7 7 7 7 7 7 7 7 7 7 7 7 7 7 7 7 7 7 7 7 7 7 7 7 7 7 7 7 7 7 7 7 7 7 7 8 8 7 7 7 7 7 7 7 7 7 7 7 7 7 7 7 7 7 7 7 7 7 7 7 7 7 7 7 7 7 7 7 7 7 7 7 7 7 7 7 7 7 7 7 7 7 7 7 7 7 7 7 7 7 7 7 7 7 7 7 7 7 7 7 7 7 7 7 7 10 10 10 7 8 8 7 7 7 7 7 7 7 7 7 7 7 7 7 7 7 7 7 7 7 7 7 7 7 7 7 7 7 7 7 7 7 7 7 7 7 7 7 7 7 7 7 7 7 7 7 7 7 7 7 7 7 7 7 7 7 7 7 7 7 7 7 7 7 7 7 7 10 10 10 10 7 7 7 7 7 7 10 10 10 10 7 7 8 8 7 7 7 7 7 7 7 7 7 7 7 7 7 7 7 7 7 7 7 7 7 7 7 7 7 7 7 7 7 7 7 7 7 7 7 7 7 7 7 7 7 7 7 7 7 7 7 7 7 7 7 7 7 7 7 7 7 7 7 10 10 10 10 7 7 7 7 10 10 10 10 7 7 7 7 7 7 7 10 7 10 7 8 8 7 7 7 7 7 7 7 7 7 7 7 7 7 7 7 7 7 7 7 7 7 7 7 7 7 7 7 7 7 7 7 7 7 7 7 7 7 7 7 7 7 7 7 7 7 7 7 7 7 7 7 7 7 10 10 10 10 10 7 7 7 7 7 10 10 10 7 7 7 7 7 7 7 7 7 10 7 7 10 7 10 10 10 10 10 10 7 7 7 7 10 10 10 10 7 8 8 7 7 7 7 7 7 7 7 7 7 7 7 7 7 7 7 7 7 7 7 7 7 7 7 7 7 7 7 7 7 7 7 7 7 7 7 7 7 7 7 7 7 7 7 7 7 7 7 7 7 7 10 10 10 10 7 7 7 7 10 10 7 7 7 7 7 7 7 7 7 7 10 7 7 10 10 10 10 10 10 10 7 7 10 10 10 10 7 7 7 7 7 10 10 7 7 7 10 10 10 10 10 10 10 10 10 10 8 8 7 7 7 7 7 7 7 7 7 7 7 7 7 7 7 7 7 7 7 7 7 7 7 7 7 7 7 7 7 7 7 7 7 7 7 7 7 7 7 7 7 7 7 7 7 10 10 10 10 7 7 7 10 10 10 7 7 7 7 7 7 7 10 10 7 10 10 10 7 10 10 10 10 7 7 7 7 7 10 10 7 7 7 10 10 10 10 10 7 7 10 10 7 10 7 7 7 10 7 7 7 7 7 7 10 8 8 7 7 7 7 7 7 7 7 7 7 7 7 7 7 7 7 7 7 7 7 7 7 7 7 7 7 7 7 7 7 7 7 7 7 7 7 7 7 7 7 7 7 7 10 10 10 10 7 7 10 10 7 7 7 7 7 7 10 7 10 10 10 7 7 10 10 7 7 7 7 7 7 7 10 10 7 7 10 10 10 10 10 7 10 7 7 7 10 7 7 7 7 7 7 7 10 7 7 10 7 7 10 10 10 7 7 7 7 7 10 8 8 7 7 7 7 7 7 7 7 7 7 7 7 7 7 7 7 7 7 7 7 7 7 7 7 7 7 7 7 7 7 7 7 7 7 7 7 7 7 10 10 10 10 7 10 7 7 7 7 7 10 7 10 10 10 7 7 7 7 7 7 10 10 7 7 7 10 10 10 10 7 7 7 7 7 10 7 7 7 7 7 10 7 7 10 10 7 7 10 10 7 7 7 7 7 7 7 10 10 7 7 7 7 7 7 8 8 8 7 7 7 7 7 7 7 7 7 7 7 7 7 7 7 7 7 7 7 7 7 7 7 7 7 7 7 7 7 7 10 10 10 10 7 7 10 7 10 10 7 7 7 7 7 7 10 10 7 7 7 10 10 10 10 7 7 7 10 7 7 7 7 7 7 10 7 7 7 10 10 7 7 10 10 7 7 7 7 7 7 7 7 10 7 7 7 7 7 7 7 7 7 7 7 8 8 7 7 7 7 7 7 7 7 7 7 7 7 7 7 7 7 7 7 7 7 7 7 7 7 7 10 10 10 10 7 7 7 10 7 7 7 7 7 7 7 10 7 7 7 10 10 7 7 7 10 7 7 7 7 7 7 10 10 7 10 7 7 7 7 7 7 7 7 7 7 7 7 7 7 7 7 7 7 7 7 7 7 7 7 7 7 7 8 8 8 7 7 7 7 7 7 7 7 7 7 7 7 7 7 7 7 7 7 10 10 10 7 7 10 10 7 7 7 7 7 7 7 7 7 10 10 7 7 10 7 7 7 7 7 7 7 10 10 7 7 7 7 7 7 7 7 7 7 7 7 7 7 7 7 7 7 7 7 7 7 7 7 7 7 7 7 7 8 8 8 7 7 7 7 7 7 7 7 7 7 7 7 7 7 7 7 7 10 10 7 7 10 10 7 7 7 7 7 7 7 7 10 10 7 7 10 7 7 7 7 10 7 10 7 7 7 7 7 7 7 7 7 7 7 7 7 7 7 7 7 7 6 7 7 7 7 7 7 6 7 7 7 7 7 7 7 7 7 7 7 7 6 7 7 8 8 7 6 6 6 7 7 7 7 7 6 7 7 7 7 7 10 7 7 6 10 7 7 6 7 10 10 7 7 7 7 7 7 7 7 7 7 6 7 6 7 7 7 7 7 7 7 7 7 6 6 7 7 7 7 7 6 6 6 6 7 7 7 7 7 7 7 6 7 7 7 6 7 8 8 8 7 6 6 6 7 7 7 7 6 7 7 7 7 10 7 7 7 7 6 7 10 7 7 7 7 7 7 7 7 6 7 7 7 7 7 7 7 7 7 7 6 6 7 7 7 7 7 7 6 6 6 7 7 7 7 7 7 7 7 7 7 7 7 6 7 7 7 7 7 7 8 8 8 7 6 6 7 7 7 7 6 7 7 7 7 7 7 7 7 6 7 7 7 7 7 7 7 7 7 7 7 7 7 7 7 7 7 6 6 7 7 7 7 7 7 7 6 6 7 7 7 7 7 7 7 7 7 7 6 7 7 7 7 7 6 8 8 7 6 6 7 7 7 7 6 7 7 7 7 7 7 7 7 6 7 7 7 7 7 7 7 7 7 7 7 7 7 7 6 6 7 7 7 7 7 7 6 7 7 7 7 7 7 7 7 6 7 7 7 7 7 6 7 7 7 8 8 7 6 6 7 7 7 7 7 7 7 7 7 7 7 7 6 7 7 7 7 7 7 7 7 7 7 7 6 6 7 7 7 7 7 7 6 7 7 7 7 7 7 7 6 7 7 7 7 7 7 6 7 7 7 7 7 7 7 6 8 8 7 6 6 7 7 7 7 7 7 7 7 7 7 7 6 7 7 7 7 7 7 7 7 7 7 7 6 6 7 7 7 7 7 7 7 7 7 7 6 7 7 7 7 6 7 7 7 7 7 6 7 6 8 8 7 6 6 7 7 7 7 7 7 7 7 7 7 6 7 7 7 7 7 7 7 7 7 7 6 6 7 7 7 7 7 7 7 7 7 6 6 7 7 7 7 7 7 7 7 7 7 6 6 6 7 8 8 8 8 7 6 7 7 7 7 7 7 7 7 6 7 7 7 7 7 7 7 7 7 7 6 6 7 7 7 7 7 7 7 7 7 6 6 7 7 7 7 7 6 6 6 7 7 6 7 7 7 7 8 8 7 6 7 7 7 7 7 7 7 6 7 7 7 7 7 7 7 7 7 6 7 7 7 7 7 7 7 6 6 7 7 7 7 6 6 6 7 7 7 6 7 7 7 7 7 7 7 7 7 8 8 8 8 7 6 7 7 7 7 7 7 7 6 7 7 7 7 7 7 7 7 7 7 6 7 7 7 7 7 6 6 7 7 7 7 6 6 6 7 7 7 6 7 7 7 7 7 7 7 7 7 7 7 7 7 8 8 7 6 7 7 7 7 7 7 6 7 7 7 7 7 7 7 7 6 7 7 7 7 7 6 6 7 7 6 6 6 7 7 6 7 7 7 7 7 7 7 7 7 7 7 7 7 7 8 8 8 7 6 7 7 7 7 7 7 6 7 7 7 7 6 7 7 7 7 6 6 7 7 6 6 6 6 7 7 7 7 7 7 7 7 8 8 8 7 6 7 7 7 7 7 7 6 7 7 7 7 6 7 7 7 7 6 6 6 6 6 6 7 7 7 7 8 8 8 7 6 7 7 7 7 7 7 7 6 7 6 7 7 7 6 6 6 6 6 6 7 7 8 8 7 6 7 7 7 7 6 7 6 7 6 6 6 6 6 6 7 8 8 8 7 6 7 9 9 9 6 6 9 6 6 6 6 6 6 9 9 8 8 9 6 9 9 9 9 6 6 9 6 6 6 6 6 6 9 9 8 8 8 9 6 9 9 9 6 6 9 6 6 6 6 6 6 9 8 8 8 9 6 9 9 9 6 6 9 6 6 6 6 6 6 9 9 8 8 8 9 6 9 9 6 6 9 6 6 6 6 6 6 9 9 8 8 8 9 6 9 9 6 6 9 6 6 6 6 6 6 8 8 8 8 9 6 9 9 6 6 9 6 6 6 6 6 6 8 8 8 9 6 9 6 6 6 6 6 6 6 8 8 9 9 6 6 6 6 6 6 6 6 6 8 8 9 9 6 6 6 6 6 6 6 6 6 8 8 8 9 9 6 6 6 6 6 6 6 6 6 8 8 9 9 6 6 6 6 6 6 6 6 6 8 8 8 9 9 6 6 6 6 6 6 6 6 6 9 8 8 9 9 9 6 6 6 6 6 6 6 6 8 8 9 9 9 6 6 6 6 6 6 6 6 6 9 8 8 9 9 6 6 6 6 6 6 6 6 9 6 8 8 9 6 6 6 6 6 6 6 6 9 6 8 9 8 8 9 6 6 6 6 6 6 6 6 9 6 8 9 8 8 9 6 6 6 6 6 6 6 6 9 6 8 8 8 9 9 6 6 6 6 6 6 6 6 9 6 8 8 9 9 6 6 6 6 6 6 6 6 6 8 8 8 8 9 9 6 6 6 6 6 6 6 6 6 8 8 8 9 9 9 6 6 6 6 6 6 6 6 6 8 8 8 8 9 9 9 6 6 6 6 6 6 6 6 6 8 8 8 9 9 9 9 6 6 6 6 6 6 6 6 6 6 8 8 6 5 5 5 8 9 9 9 6 6 6 6 6 6 6 6 8 8 6 5 5 5 5 5 5 5 5 5 5 5 5 5 8 9 9 9 6 6 6 6 6 6 6 6 6 6 8 6 5 5 5 5 5 5 5 5 5 5 5 5 5 5 5 5 5 5 6 6 6 6 5 5 5 5 6 5 5 5 5 5 5 5 5 5 5 8 9 9 9 6 6 6 6 6 6 6 6 6 8 6 5 5 5 5 5 5 5 5 5 5 5 5 5 5 5 5 5 5 6 6 6 5 5 5 5 5 5 5 5 5 5 5 5 5 8 8 9 9 9 6 6 5 5 5 5 5 5 5 5 5 5 5 5 5 5 5 5 5 5 5 5 5 5 5 5 5 5 5 5 5 5 5 5 5 5 5 5 5 5 8 8 9 9 9 9 5 5 5 5 5 5 5 5 5 5 5 5 5 5 5 5 5 5 5 5 5 5 5 5 5 5 5 5 5 5 5 5 5 5 8 8 9 9 9 9 5 5 5 5 5 5 5 5 5 5 5 5 5 5 5 5 5 5 5 5 5 5 5 5 5 5 5 5 5 5 5 5 5 5 5 8 8 9 9 9 9 5 5 5 5 5 5 5 5 5 5 5 5 5 5 5 5 5 5 5 5 5 5 5 5 5 5 5 5 5 5 5 5 5 5 5 8 8 8 8 9 9 9 5 5 5 5 5 5 5 5 5 5 5 5 5 5 5 5 5 5 5 5 5 5 5 5 5 5 5 5 5 5 5 5 5 5 8 8 8 8 9 9 9 9 5 5 5 5 5 5 5 5 5 5 5 5 5 5 5 5 5 5 5 5 5 5 5 5 5 5 5 5 5 5 5 8 8 8 9 9 9 5 5 5 5 5 5 5 5 5 5 5 5 5 5 5 5 5 5 5 5 5 5 5 5 5 5 5 5 5 5 5 8 8 8 8 9 9 9 9 5 5 5 5 5 5 5 5 5 5 5 5 5 5 5 5 5 5 5 5 5 5 5 5 5 5 5 8 8 8 9 9 9 5 5 5 5 5 5 5 5 5 5 5 5 5 5 5 5 5 5 5 5 5 5 5 5 5 5 5 5 8 8 9 9 9 5 5 5 5 5 5 5 5 5 5 5 5 5 5 5 5 5 5 5 5 5 5 5 5 5 5 5 5 5 5 5 5 5 8 8 9 9 9 5 5 5 5 5 5 5 5 5 5 5 5 5 5 5 5 5 5 5 5 5 5 5 5 5 5 5 5 5 5 5 5 8 8 9 9 9 5 5 5 5 5 5 5 5 5 5 5 5 5 5 5 5 5 5 5 5 5 5 5 5 5 5 5 5 5 5 5 5 5 5 5 5 8 8 9 9 9 5 5 5 5 5 5 5 5 5 5 5 5 5 5 5 5 5 5 5 5 5 5 5 5 5 5 5 5 5 5 5 5 5 5 5 5 5 5 8 8 9 9 9 5 5 5 5 5 5 5 5 5 5 5 5 5 5 5 5 5 5 5 5 5 5 5 5 5 5 5 5 5 5 5 5 5 5 8 8 9 9 5 5 5 5 5 5 5 5 5 5 5 5 5 5 5 5 5 5 5 5 5 5 5 5 5 5 5 5 5 5 5 5 8 8 8 8 9 9 9 5 5 5 5 5 5 5 5 5 5 5 5 5 5 5 5 5 5 5 5 5 5 5 5 5 5 5 5 5 5 5 8 8 8 9 9 5 5 5 5 5 5 5 5 5 5 5 5 5 5 5 5 5 5 5 5 5 5 5 5 5 5 5 5 5 5 5 5 5 5 5 5 5 5 8 8 8 8 9 9 5 5 5 5 5 5 5 5 5 5 5 5 5 5 5 5 5 5 5 5 5 5 5 5 5 5 5 5 5 5 5 5 5 5 5 8 8 8 9 9 5 5 5 5 5 5 5 5 5 5 5 5 5 5 5 5 5 5 5 5 5 5 5 5 5 5 5 5 5 5 5 5 5 8 8 9 9 5 5 5 5 5 5 5 5 5 5 5 5 5 5 5 5 5 5 5 5 5 5 5 5 5 5 5 5 5 5 5 5 5 5 5 5 5 8 8 9 9 5 5 5 5 5 5 5 5 5 5 5 5 5 5 5 5 5 5 5 5 5 5 5 5 5 5 5 5 5 5 5 5 5 5 5 5 5 5 5 5 5 5 5 5 5 5 5 5 5 5 8 8 9 9 5 5 5 5 5 5 5 5 5 5 5 5 5 5 5 5 5 5 5 5 5 5 5 5 5 5 5 5 5 5 5 5 5 5 5 5 5 5 5 5 5 5 5 8 8 9 9 9 5 5 5 5 5 5 5 5 5 5 5 5 5 5 5 5 5 5 5 5 5 5 5 5 5 5 5 5 5 5 5 8 8 9 9 9 5 5 5 5 5 5 5 5 5 5 5 5 5 5 5 5 5 5 5 5 8 8 8 9 9 9 5 5 5 5 5 5 5 5 5 5 5 5 4 5 5 8 8 8 9 9 9 9 5 5 5 4 4 4 4 4 5 4 4 4 4 4 4 8 8 8 9 9 9 4 4 4 4 4 4 4 4 4 4 4 4 4 4 9 8 8 8 9 9 4 4 4 4 4 4 4 4 4 4 9 9 4 8 8 8 9 9 4 4 4 4 4 4 4 4 4 9 9 4 4 8 8 8 9 9 4 4 4 4 4 4 4 9 9 4 4 8 8 8 8 9 4 4 4 4 4 4 4 9 9 4 4 8 8 8 9 9 4 4 4 4 4 4 4 9 9 4 4 4 8 8 8 8 9 4 4 4 4 4 4 9 9 9 4 4 4 8 8 8 8 9 4 4 4 4 4 4 9 9 4 4 4 9 8 8 8 9 4 4 4 4 4 4 9 4 4 4 9 4 9 8 8 9 4 4 4 4 4 4 4 4 4 9 4 9 9 8 8 8 9 4 4 4 4 4 4 4 4 4 9 9 3 3 3 3 8 8 9 4 4 4 4 4 4 4 4 4 9 9 3 3 3 3 3 3 4 4 4 3 3 3 3 4 3 8 8 9 4 4 4 4 4 4 4 4 4 4 9 3 3 3 3 3 3 4 4 4 4 3 3 3 3 3 3 3 3 8 8 9 4 4 4 4 4 4 4 4 4 9 3 3 3 3 3 3 3 3 3 3 3 3 3 3 4 3 3 3 3 3 8 8 8 9 9 4 4 3 3 3 3 3 3 9 3 3 3 3 3 3 3 3 3 3 3 3 3 9 3 8 8 8 9 3 3 3 3 3 3 3 3 3 9 3 3 3 2 3 3 3 3 3 9 3 3 9 8 8 8 9 3 3 3 3 3 3 9 3 2 2 2 2 2 3 9 2 2 8 8 8 9 3 2 2 2 2 2 9 2 2 2 2 2 2 9 2 2 9 8 8 8 9 2 2 2 2 2 2 2 2 2 2 9 2 9 9 9 8 8 8 8 9 9 2 2 2 2 2 2 2 2 2 2 9 9 9 8 8 8 9 2 2 2 2 2 2 2 2 2 9 9 9 2 8 8 8 9 2 2 2 2 2 2 2 2 9 9 2 2 8 8 8 9 2 2 2 2 2 2 2 9 9 2 2 8 8 9 2 2 2 2 2 2 2 9 9 2 2 2 8 8 9 2 2 2 2 2 2 9 2 2 2 8 8 8 9 9 2 2 2 2 2 2 2 2 2 2 8 8 8 9 9 9 2 2 2 2 2 2 2 2 2 8 8 9 9 2 2 2 2 2 2 2 2 2 8 8 9 9 9 2 2 2 2 2 2 2 2 2 8 8 8 9 9 2 2 2 2 2 2 2 2 2 8 8 9 9 2 2 2 2 2 2 2 2 2 8 8 8 9 9 2 2 2 2 2 2 2 2 2 8 8 8 9 9 2 2 2 2 2 2 2 2 2 8 8 8 9 9 2 2 2 2 2 2 2 2 2 8 8 9 9 2 2 2 2 2 2 2 2 2 8 8 9 9 9 2 2 2 2 2 2 2 2 2 8 8 8 9 9 2 2 2 2 2 2 2 2 2 8 8 9 9 9 2 2 2 2 2 2 2 2 2 8 9 8 8 9 2 2 2 2 2 2 2 2 2 9 9 9 9 8 8 9 2 2 2 2 2 2 2 2 2 9 9 8 9 8 9 2 2 2 2 2 2 2 2 2 9 8 8 8 9 9 2 2 2 2 2 2 2 2 2 9 8 8 8 8 9 9 2 2 2 2 2 2 2 2 2 9 9 8 8 8 8 8 9 2 2 2 2 2 2 2 2 2 9 9 8 8 8 8 8 8 9 9 2 2 2 2 2 2 2 2 2 9 9 8 8 8 8 8 1 1 1 8 8 9 2 2 2 2 2 2 2 2 2 9 9 9 8 8 8 8 1 1 1 1 1 1 8 1 1 1 1 1 1 8 8 9 2 2 2 2 2 2 2 2 2 9 9 8 8 8 8 1 1 1 1 1 1 1 1 8 1 1 1 1 1 1 1 1 9 1 1 1 1 1 1 1 1 1 1 1 1 1 8 8 9 2 2 2 2 2 2 2 2 2 9 8 8 1 1 1 1 1 1 1 1 1 1 1 1 1 1 1 1 1 1 1 9 1 1 1 1 1 1 1 1 1 1 1 1 1 1 1 1 1 1 1 1 1 1 1 8 1 9 2 2 2 2 2 2 2 2 2 9 1 1 1 1 1 1 1 1 1 1 1 1 1 1 1 1 1 1 1 1 1 1 1 1 1 1 1 1 1 1 1 1 1 1 1 1 1 1 1 1 1 1 1 1 1 1 9 2 2 2 2 2 2 2 2 2 9 1 1 1 1 1 1 1 1 1 1 1 1 1 1 1 1 1 1 1 1 1 1 1 1 1 1 1 1 1 1 1 1 1 1 1 1 1 1 1 1 1 1 1 1 1 1 1 1 1 1 1 1 1 1 9 9 2 2 2 2 2 2 2 2 2 9 1 1 1 1 1 1 1 1 1 1 1 1 1 1 1 1 1 1 1 1 1 1 1 1 1 1 1 1 1 1 1 1 1 1 1 1 1 1 1 1 1 1 1 1 1 1 1 1 1 1 1 1 1 1 1 9 2 2 2 2 2 2 2 2 2 9 1 1 1 1 1 1 1 1 1 1 1 1 1 1 1 1 1 1 1 1 1 1 1 1 1 1 1 1 1 1 1 1 1 1 1 1 1 1 1 1 1 1 1 1 1 1 1 1 1 1 1 1 1 1 1 1 1 1 1 1 1 9 2 2 2 2 2 2 2 2 2 9 9 1 1 1 1 1 1 1 1 1 1 1 1 1 1 1 1 1 1 1 1 1 1 1 1 1 1 1 1 1 1 1 1 1 1 1 1 1 1 1 1 1 1 1 1 1 1 1 1 1 1 1 1 1 1 1 1 1 1 1 1 1 1 1 1 1 1 1 1 1 1 9 2 2 2 2 2 2 2 2 2 9 1 1 1 1 1 1 1 1 1 1 1 1 1 1 1 1 1 1 1 1 1 1 1 1 1 1 1 1 1 1 1 1 1 1 1 1 1 1 1 1 1 1 1 1 1 1 1 1 1 1 1 1 1 1 1 1 1 1 1 1 1 1 1 1 1 1 1 1 1 1 9 2 2 2 2 2 2 2 2 2 9 1 1 1 1 1 1 1 1 1 1 1 1 1 1 1 1 1 1 1 1 1 1 1 1 1 1 1 1 1 1 1 1 1 1 1 1 1 1 1 1 1 1 1 1 1 1 1 1 1 1 1 1 1 1 1 1 1 1 1 1 1 1 1 1 1 1 1 9 9 2 2 2 2 2 2 2 2 2 9 1 1 1 1 1 1 1 1 1 1 1 1 1 1 1 1 1 1 1 1 1 1 1 1 1 1 1 1 1 1 1 1 1 1 1 1 1 1 1 1 1 1 1 1 1 1 1 1 1 1 1 1 1 1 1 1 1 1 1 1 1 1 1 9 2 2 2 2 2 2 2 2 2 9 9 1 1 1 1 1 1 1 1 1 1 1 1 1 1 1 1 1 1 1 1 1 1 1 1 1 1 1 1 1 1 1 1 1 1 1 1 1 1 1 1 1 1 1 1 1 1 1 1 1 1 1 1 1 1 1 1 1 2 2 1 1 1 1 1 1 1 9 2 2 2 2 2 2 2 2 9 1 1 1 1 1 1 1 1 1 1 1 1 1 1 1 1 1 1 1 1 1 1 1 1 1 1 1 1 1 1 1 1 1 1 1 1 1 1 1 1 1 1 1 1 1 1 1 1 2 2 2 1 1 1 1 1 9 1 1 1 1 1 1 9 2 2 2 2 2 2 1 1 1 1 1 1 1 1 1 1 1 1 1 1 1 1 1 1 1 1 1 1 1 1 1 1 1 1 1 1 1 1 1 1 1 1 1 1 1 1 1 1 2 2 2 2 1 1 1 1 1 1 9 1 1 1 1 9 2 1 1 1 1 1 1 1 2 2 1 1 9 2 2 2 2 2 1 1 1 1 1 1 1 1 1 1 1 1 1 1 1 1 1 1 1 1 1 1 1 1 1 1 1 1 1 1 1 1 1 1 1 1 1 1 1 2 2 2 2 1 1 1 1 9 1 1 1 1 9 1 1 1 1 1 1 2 2 1 1 1 1 1 1 9 2 2 2 2 2 1 1 1 1 1 1 1 1 1 1 1 1 1 1 1 1 1 1 1 1 1 1 1 1 1 1 1 1 1 1 1 1 1 1 1 1 2 2 2 2 1 1 9 1 9 1 1 1 1 1 1 1 2 2 1 1 1 1 1 1 1 1 1 1 1 9 2 2 2 2 2 1 1 1 1 1 1 1 1 1 1 1 1 1 1 1 1 1 1 1 1 1 1 1 1 1 1 1 1 1 1 1 1 1 1 1 1 2 2 2 2 2 1 1 9 1 1 1 1 1 1 1 1 1 1 1 1 1 1 1 1 1 1 1 1 9 9 2 2 2 2 2 2 1 1 1 1 1 1 1 1 1 1 1 1 1 1 1 1 1 1 1 1 1 1 1 1 1 1 1 1 1 1 1 1 1 1 2 2 1 1 1 1 1 1 1 1 1 1 1 1 1 1 1 1 1 1 1 1 1 2 1 1 1 1 1 1 1 1 1 1 1 9 9 9 2 2 2 2 1 1 1 1 1 1 1 1 1 1 1 1 1 1 1 1 1 1 1 1 1 1 1 1 1 1 1 1 1 1 1 1 1 1 1 1 1 1 1 1 1 1 1 1 1 1 1 1 1 1 1 1 1 1 1 1 1 1 1 1 1 1 9 9 9 2 1 2 1 1 1 1 1 1 1 1 1 1 1 1 1 1 1 1 1 1 1 1 1 1 1 1 1 1 1 1 1 1 1 1 1 1 1 1 1 1 1 1 1 1 1 1 1 1 1 1 1 1 1 1 1 1 1 1 1 1 1 9 9 9 1 1 1 1 1 1 1 1 1 1 1 1 1 1 1 1 1 1 1 1 1 1 1 1 1 1 1 1 1 1 1 1 1 1 1 1 1 1 1 1 1 1 1 1 1 1 1 1 1 1 1 1 9 9 9 9 1 1 1 1 1 1 1 1 1 1 1 1 1 1 1 1 1 1 1 1 1 1 1 1 1 1 1 1 1 1 1 1 1 1 1 1 1 1 1 1 1 1 1 1 1 1 1 1 1 1 1 1 1 1 9 9 9 1 1 1 1 1 1 1 1 1 1 1 1 1 1 1 1 1 1 1 1 1 1 1 1 1 1 1 1 1 1 1 1 1 1 1 1 1 1 1 1 1 1 1 1 1 1 1 1 1 1 1 9 9 9 1 1 1 1 1 1 1 1 1 1 1 1 1 1 1 1 1 1 1 1 1 1 1 1 1 1 1 1 1 1 1 1 1 1 1 1 1 1 1 1 1 1 1 1 1 1 1 1 1 1 1 1 9 9 9 1 1 1 1 1 1 1 1 1 1 1 1 1 1 1 1 1 1 1 1 1 1 1 1 1 1 1 1 1 1 1 1 1 1 1 1 1 1 1 1 1 1 1 1 1 1 1 1 1 1 1 1 1 1 9 9 9 1 1 1 1 1 1 1 1 1 1 1 1 1 1 1 1 1 1 1 1 1 1 1 1 1 1 1 1 1 1 1 1 1 1 1 1 1 1 1 1 1 1 1 1 1 1 1 1 1 1 1 9 9 1 1 1 1 1 1 1 1 1 1 1 1 1 1 1 1 1 1 1 1 1 1 1 1 1 1 1 1 1 1 1 1 1 1 1 1 1 1 1 1 1 1 1 1 1 1 1 1 1 1 9 9 1 1 1 1 1 1 1 1 1 1 1 1 1 1 1 1 1 1 1 1 1 1 1 1 1 1 1 1 1 1 1 1 1 1 1 1 1 1 1 1 1 1 1 1 1 1 1 1 1 1 1 1 1 9 9 1 1 1 1 1 1 1 1 1 1 1 1 1 1 1 1 1 1 1 1 1 1 1 1 1 1 1 1 1 1 1 1 1 1 1 1 1 1 1 1 1 1 1 1 1 1 9 9 9 9 1 1 1 1 1 1 1 1 1 1 1 1 1 1 1 1 1 1 1 1 1 1 1 1 1 1 1 1 1 1 1 1 1 1 1 1 1 1 1 1 1 1 1 1 1 1 9 9 9 9 1 1 1 1 1 1 1 1 1 1 1 1 1 1 1 1 1 1 1 1 1 1 1 1 1 1 1 1 1 1 1 1 1 1 1 1 1 1 1 1 1 1 1 1 1 1 1 1 9 9 9 1 1 1 1 1 1 1 1 1 1 1 1 1 1 1 1 1 1 1 1 1 1 1 1 1 1 1 1 1 1 1 1 1 1 1 1 1 1 1 1 1 1 1 1 1 1 1 1 1 9 9 9 9 1 1 1 1 1 1 1 1 1 1 1 1 1 1 1 1 1 1 1 1 1 1 1 1 1 1 1 1 1 1 1 1 1 1 1 1 1 1 1 1 1 1 1 1 1 9 9 9 9 1 1 1 1 1 1 1 1 1 1 1 1 1 1 1 1 1 1 1 1 1 1 1 1 1 1 1 1 1 1 9 9 1 1 1 1 1 1 1 1 1 1 1 1 1 1 1 1 1 1 1 1 1 1 1 1 9 9 1 1 1 1 1 1 1 1 1 1 1 1 1 1 1 1 1 9 9 9 1 1 1 1 1 1 1 1 1 9 9 1 1 1 1 1 1 9 9 9 9 9 9 9 9 9 9 9 9 9 9 9 9 9 9 9 9 9 9 9 9 9 9 9 9 9 9 9 9 9 9 9 9 9 9 9 9 9 9 9 9 9 9 9 9 9 9 9 9 9 9 9 9 9 9 9 9 9 9 9 9 9 9 9 9 9 9 9 9 9 9 9 9 9 9 9 9 9 9 9 9 9 9 9 9 9 9 9 9 9 9 9 9 9 9 9 9 9 9 9 9 9 9 9 9 9 9 9 9 9 9 9 9 9 9 9 9 9 9 9 9 9 9 9 9 9 9 9 9 9 9 9 9 9 9 9 9 9 9 9 9 9 9 9 9 9 9 9 9 9 9 9 9 9 9 9 9 9 9 9 9 9 9 9 9 9 9 9 9 9 9 9 9 9 9 9 9 9 9 9 9 9 9 9 9 9 9 9 9 9 9 9 9 9 9 9 9 9 9 9 9 9 9 9 9 9 9 9 9 9 9 9 9 9 9 9 9 9 9 9 9 9 9 9 9 9 9 9 9 9 9 9 9 9 9 9 9 9 9 9 9 9 9 9 9 9 9 9 9 9 9 9 9 9 9 9 9 9 9 9 9 9 9 9 9 9 9 9 9 9 9 9 9 9 9 9 9 9 9 9 9 9 9 </DataArray>
      </CellData>
      <PointData Scalars="temperature">
        <DataArray type="Int64" IdType="1" Name="vtkOriginalPointIds" format="ascii" RangeMin="0" RangeMax="2505">0 1 2 3 4 5 6 7 8 9 10 11 12 13 14 15 16 17 18 19 20 21 22 23 24 25 26 27 28 29 30 31 32 33 34 35 36 37 38 39 40 41 42 43 44 45 46 47 48 49 50 51 52 53 54 55 56 57 58 59 60 61 62 63 64 65 66 67 68 69 70 71 72 73 74 75 76 77 78 79 80 81 82 83 84 85 86 87 88 89 90 91 92 93 94 95 96 97 98 99 100 101 102 103 104 105 106 107 108 109 110 111 112 113 114 115 116 117 118 119 120 121 122 123 124 125 126 127 128 129 130 131 132 133 134 135 136 137 138 139 140 141 142 143 144 145 146 147 148 149 150 151 152 153 154 155 156 157 158 159 160 161 162 163 164 165 166 167 168 169 170 171 172 173 174 175 176 177 178 179 180 181 182 183 184 185 186 187 188 189 190 191 192 193 194 195 196 197 198 199 200 201 202 203 204 205 206 207 208 209 210 211 212 213 214 215 216 217 218 219 220 221 222 223 224 225 226 227 228 229 230 231 232 233 234 235 236 237 238 239 240 241 242 243 244 245 246 247 248 249 250 251 252 253 254 255 256 257 258 259 260 261 262 263 264 265 266 267 268 269 270 271 272 273 274 275 276 277 278 279 280 281 282 283 284 285 286 287 288 289 290 291 292 293 294 295 296 297 298 299 300 301 302 303 304 305 306 307 308 309 310 311 312 313 314 315 316 317 318 319 320 321 322 323 324 325 326 327 328 329 330 331 332 333 334 335 336 337 338 339 340 341 342 343 344 345 346 347 348 349 350 351 352 353 354 355 356 357 358 359 360 361 362 363 364 365 366 367 368 369 370 371 372 373 374 375 376 377 378 379 380 381 382 383 384 385 386 387 388 389 390 391 392 393 394 395 396 397 398 399 400 401 402 403 404 405 406 407 408 409 410 411 412 413 414 415 416 417 418 419 420 421 422 423 424 425 426 427 428 429 430 431 432 433 434 435 436 437 438 439 440 441 442 443 444 445 446 447 448 449 450 451 452 453 454 455 456 457 458 459 460 461 462 463 464 465 466 467 468 469 470 471 472 473 474 475 476 477 478 479 480 481 482 483 484 485 486 487 488 489 490 491 492 493 494 495 496 497 498 499 500 501 502 503 504 505 506 507 508 509 510 511 512 513 514 515 516 517 518 519 520 521 522 523 524 525 526 527 528 529 530 531 532 533 534 535 536 537 538 539 540 541 542 543 544 545 546 547 548 549 550 551 552 553 554 555 556 557 558 559 560 561 562 563 564 565 566 567 568 569 570 571 572 573 574 575 576 577 578 579 580 581 582 583 584 585 586 587 588 589 590 591 592 593 594 595 596 597 598 599 600 601 602 603 604 605 606 607 608 609 610 611 612 613 614 615 616 617 618 619 620 621 622 623 624 625 626 627 628 629 630 631 632 633 634 635 636 637 638 639 640 641 642 643 644 645 646 647 648 649 650 651 652 653 654 655 656 657 658 659 660 661 662 663 664 665 666 667 668 669 670 671 672 673 674 675 676 677 678 679 680 681 682 683 684 685 686 687 688 689 690 691 692 693 694 695 696 697 698 699 700 701 702 703 704 705 706 707 708 709 710 711 712 713 714 715 716 717 718 719 720 721 722 723 724 725 726 727 728 729 730 731 732 733 734 735 736 737 738 739 740 741 742 743 744 745 746 747 748 749 750 751 752 753 754 755 756 757 758 759 760 761 762 763 764 765 766 767 768 769 770 771 772 773 774 775 776 777 778 779 780 781 782 783 784 785 786 787 788 789 790 791 792 793 794 795 796 797 798 799 800 801 802 803 804 805 806 807 808 809 810 811 812 813 814 815 816 817 818 819 820 821 822 823 824 825 826 827 828 829 830 831 832 833 834 835 836 837 838 839 840 841 842 843 844 845 846 847 848 849 850 851 852 853 854 855 856 857 858 859 860 861 862 863 864 865 866 867 868 869 870 871 872 873 874 875 876 877 878 879 880 881 882 883 884 885 886 887 888 889 890 891 892 893 894 895 896 897 898 899 900 901 902 903 904 905 906 907 908 909 910 911 912 913 914 915 916 917 918 919 920 921 922 923 924 925 926 927 928 929 930 931 932 933 934 935 936 937 938 939 940 941 942 943 944 945 946 947 948 949 950 951 952 953 954 955 956 957 958 959 960 961 962 963 964 965 966 967 968 969 970 971 972 973 974 975 976 977 978 979 980 981 982 983 984 985 986 987 988 989 990 991 992 993 994 995 996 997 998 999 1000 1001 1002 1003 1004 1005 1006 1007 1008 1009 1010 1011 1012 1013 1014 1015 1016 1017 1018 1019 1020 1021 1022 1023 1024 1025 1026 1027 1028 1029 1030 1031 1032 1033 1034 1035 1036 1037 1038 1039 1040 1041 1042 1043 1044 1045 1046 1047 1048 1049 1050 1051 1052 1053 1054 1055 1056 1057 1058 1059 1060 1061 1062 1063 1064 1065 1066 1067 1068 1069 1070 1071 1072 1073 1074 1075 1076 1077 1078 1079 1080 1081 1082 1083 1084 1085 1086 1087 1088 1089 1090 1091 1092 1093 1094 1095 1096 1097 1098 1099 1100 1101 1102 1103 1104 1105 1106 1107 1108 1109 1110 1111 1112 1113 1114 1115 1116 1117 1118 1119 1120 1121 1122 1123 1124 1125 1126 1127 1128 1129 1130 1131 1132 1133 1134 1135 1136 1137 1138 1139 1140 1141 1142 1143 1144 1145 1146 1147 1148 1149 1150 1151 1152 1153 1154 1155 1156 1157 1158 1159 1160 1161 1162 1163 1164 1165 1166 1167 1168 1169 1170 1171 1172 1173 1174 1175 1176 1177 1178 1179 1180 1181 1182 1183 1184 1185 1186 1187 1188 1189 1190 1191 1192 1193 1194 1195 1196 1197 1198 1199 1200 1201 1202 1203 1204 1205 1206 1207 1208 1209 1210 1211 1212 1213 1214 1215 1216 1217 1218 1219 1220 1221 1222 1223 1224 1225 1226 1227 1228 1229 1230 1231 1232 1233 1234 1235 1236 1237 1238 1239 1240 1241 1242 1243 1244 1245 1246 1247 1248 1249 1250 1251 1252 1253 1254 1255 1256 1257 1258 1259 1260 1261 1262 1263 1264 1265 1266 1267 1268 1269 1270 1271 1272 1273 1274 1275 1276 1277 1278 1279 1280 1281 1282 1283 1284 1285 1286 1287 1288 1289 1290 1291 1292 1293 1294 1295 1296 1297 1298 1299 1300 1301 1302 1303 1304 1305 1306 1307 1308 1309 1310 1311 1312 1313 1314 1315 1316 1317 1318 1319 1320 1321 1322 1323 1324 1325 1326 1327 1328 1329 1330 1331 1332 1333 1334 1335 1336 1337 1338 1339 1340 1341 1342 1343 1344 1345 1346 1347 1348 1349 1350 1351 1352 1353 1354 1355 1356 1357 1358 1359 1360 1361 1362 1363 1364 1365 1366 1367 1368 1369 1370 1371 1372 1373 1374 1375 1376 1377 1378 1379 1380 1381 1382 1383 1384 1385 1386 1387 1388 1389 1390 1391 1392 1393 1394 1395 1396 1397 1398 1399 1400 1401 1402 1403 1404 1405 1406 1407 1408 1409 1410 1411 1412 1413 1414 1415 1416 1417 1418 1419 1420 1421 1422 1423 1424 1425 1426 1427 1428 1429 1430 1431 1432 1433 1434 1435 1436 1437 1438 1439 1440 1441 1442 1443 1444 1445 1446 1447 1448 1449 1450 1451 1452 1453 1454 1455 1456 1457 1458 1459 1460 1461 1462 1463 1464 1465 1466 1467 1468 1469 1470 1471 1472 1473 1474 1475 1476 1477 1478 1479 1480 1481 1482 1483 1484 1485 1486 1487 1488 1489 1490 1491 1492 1493 1494 1495 1496 1497 1498 1499 1500 1501 1502 1503 1504 1505 1506 1507 1508 1509 1510 1511 1512 1513 1514 1515 1516 1517 1518 1519 1520 1521 1522 1523 1524 1525 1526 1527 1528 1529 1530 1531 1532 1533 1534 1535 1536 1537 1538 1539 1540 1541 1542 1543 1544 1545 1546 1547 1548 1549 1550 1551 1552 1553 1554 1555 1556 1557 1558 1559 1560 1561 1562 1563 1564 1565 1566 1567 1568 1569 1570 1571 1572 1573 1574 1575 1576 1577 1578 1579 1580 1581 1582 1583 1584 1585 1586 1587 1588 1589 1590 1591 1592 1593 1594 1595 1596 1597 1598 1599 1600 1601 1602 1603 1604 1605 1606 1607 1608 1609 1610 1611 1612 1613 1614 1615 1616 1617 1618 1619 1620 1621 1622 1623 1624 1625 1626 1627 1628 1629 1630 1631 1632 1633 1634 1635 1636 1637 1638 1639 1640 1641 1642 1643 1644 1645 1646 1647 1648 1649 1650 1651 1652 1653 1654 1655 1656 1657 1658 1659 1660 1661 1662 1663 1664 1665 1666 1667 1668 1669 1670 1671 1672 1673 1674 1675 1676 1677 1678 1679 1680 1681 1682 1683 1684 1685 1686 1687 1688 1689 1690 1691 1692 1693 1694 1695 1696 1697 1698 1699 1700 1701 1702 1703 1704 1705 1706 1707 1708 1709 1710 1711 1712 1713 1714 1715 1716 1717 1718 1719 1720 1721 1722 1723 1724 1725 1726 1727 1728 1729 1730 1731 1732 1733 1734 1735 1736 1737 1738 1739 1740 1741 1742 1743 1744 1745 1746 1747 1748 1749 1750 1751 1752 1753 1754 1755 1756 1757 1758 1759 1760 1761 1762 1763 1764 1765 1766 1767 1768 1769 1770 1771 1772 1773 1774 1775 1776 1777 1778 1779 1780 1781 1782 1783 1784 1785 1786 1787 1788 1789 1790 1791 1792 1793 1794 1795 1796 1797 1798 1799 1800 1801 1802 1803 1804 1805 1806 1807 1808 1809 1810 1811 1812 1813 1814 1815 1816 1817 1818 1819 1820 1821 1822 1823 1824 1825 1826 1827 1828 1829 1830 1831 1832 1833 1834 1835 1836 1837 1838 1839 1840 1841 1842 1843 1844 1845 1846 1847 1848 1849 1850 1851 1852 1853 1854 1855 1856 1857 1858 1859 1860 1861 1862 1863 1864 1865 1866 1867 1868 1869 1870 1871 1872 1873 1874 1875 1876 1877 1878 1879 1880 1881 1882 1883 1884 1885 1886 1887 1888 1889 1890 1891 1892 1893 1894 1895 1896 1897 1898 1899 1900 1901 1902 1903 1904 1905 1906 1907 1908 1909 1910 1911 1912 1913 1914 1915 1916 1917 1918 1919 1920 1921 1922 1923 1924 1925 1926 1927 1928 1929 1930 1931 1932 1933 1934 1935 1936 1937 1938 1939 1940 1941 1942 1943 1944 1945 1946 1947 1948 1949 1950 1951 1952 1953 1954 1955 1956 1957 1958 1959 1960 1961 1962 1963 1964 1965 1966 1967 1968 1969 1970 1971 1972 1973 1974 1975 1976 1977 1978 1979 1980 1981 1982 1983 1984 1985 1986 1987 1988 1989 1990 1991 1992 1993 1994 1995 1996 1997 1998 1999 2000 2001 2002 2003 2004 2005 2006 2007 2008 2009 2010 2011 2012 2013 2014 2015 2016 2017 2018 2019 2020 2021 2022 2023 2024 2025 2026 2027 2028 2029 2030 2031 2032 2033 2034 2035 2036 2037 2038 2039 2040 2041 2042 2043 2044 2045 2046 2047 2048 2049 2050 2051 2052 2053 2054 2055 2056 2057 2058 2059 2060 2061 2062 2063 2064 2065 2066 2067 2068 2069 2070 2071 2072 2073 2074 2075 2076 2077 2078 2079 2080 2081 2082 2083 2084 2085 2086 2087 2088 2089 2090 2091 2092 2093 2094 2095 2096 2097 2098 2099 2100 2101 2102 2103 2104 2105 2106 2107 2108 2109 2110 2111 2112 2113 2114 2115 2116 2117 2118 2119 2120 2121 2122 2123 2124 2125 2126 2127 2128 2129 2130 2131 2132 2133 2134 2135 2136 2137 2138 2139 2140 2141 2142 2143 2144 2145 2146 2147 2148 2149 2150 2151 2152 2153 2154 2155 2156 2157 2158 2159 2160 2161 2162 2163 2164 2165 2166 2167 2168 2169 2170 2171 2172 2173 2174 2175 2176 2177 2178 2179 2180 2181 2182 2183 2184 2185 2186 2187 2188 2189 2190 2191 2192 2193 2194 2195 2196 2197 2198 2199 2200 2201 2202 2203 2204 2205 2206 2207 2208 2209 2210 2211 2212 2213 2214 2215 2216 2217 2218 2219 2220 2221 2222 2223 2224 2225 2226 2227 2228 2229 2230 2231 2232 2233 2234 2235 2236 2237 2238 2239 2240 2241 2242 2243 2244 2245 2246 2247 2248 2249 2250 2251 2252 2253 2254 2255 2256 2257 2258 2259 2260 2261 2262 2263 2264 2265 2266 2267 2268 2269 2270 2271 2272 2273 2274 2275 2276 2277 2278 2279 2280 2281 2282 2283 2284 2285 2286 2287 2288 2289 2290 2291 2292 2293 2294 2295 2296 2297 2298 2299 2300 2301 2302 2303 2304 2305 2306 2307 2308 2309 2310 2311 2312 2313 2314 2315 2316 2317 2318 2319 2320 2321 2322 2323 2324 2325 2326 2327 2328 2329 2330 2331 2332 2333 2334 2335 2336 2337 2338 2339 2340 2341 2342 2343 2344 2345 2346 2347 2348 2349 2350 2351 2352 2353 2354 2355 2356 2357 2358 2359 2360 2361 2362 2363 2364 2365 2366 2367 2368 2369 2370 2371 2372 2373 2374 2375 2376 2377 2378 2379 2380 2381 2382 2383 2384 2385 2386 2387 2388 2389 2390 2391 2392 2393 2394 2395 2396 2397 2398 2399 2400 2401 2402 2403 2404 2405 2406 2407 2408 2409 2410 2411 2412 2413 2414 2415 2416 2417 2418 2419 2420 2421 2422 2423 2424 2425 2426 2427 2428 2429 2430 2431 2432 2433 2434 2435 2436 2437 2438 2439 2440 2441 2442 2443 2444 2445 2446 2447 2448 2449 2450 2451 2452 2453 2454 2455 2456 2457 2458 2459 2460 2461 2462 2463 2464 2465 2466 2467 2468 2469 2470 2471 2472 2473 2474 2475 2476 2477 2478 2479 2480 2481 2482 2483 2484 2485 2486 2487 2488 2489 2490 2491 2492 2493 2494 2495 2496 2497 2498 2499 2500 2501 2502 2503 2504 2505 </DataArray>
        <DataArray type="UInt8" Name="vtkGhostType" format="ascii" RangeMin="0" RangeMax="0">0 0 0 0 0 0 0 0 0 0 0 0 0 0 0 0 0 0 0 0 0 0 0 0 0 0 0 0 0 0 0 0 0 0 0 0 0 0 0 0 0 0 0 0 0 0 0 0 0 0 0 0 0 0 0 0 0 0 0 0 0 0 0 0 0 0 0 0 0 0 0 0 0 0 0 0 0 0 0 0 0 0 0 0 0 0 0 0 0 0 0 0 0 0 0 0 0 0 0 0 0 0 0 0 0 0 0 0 0 0 0 0 0 0 0 0 0 0 0 0 0 0 0 0 0 0 0 0 0 0 0 0 0 0 0 0 0 0 0 0 0 0 0 0 0 0 0 0 0 0 0 0 0 0 0 0 0 0 0 0 0 0 0 0 0 0 0 0 0 0 0 0 0 0 0 0 0 0 0 0 0 0 0 0 0 0 0 0 0 0 0 0 0 0 0 0 0 0 0 0 0 0 0 0 0 0 0 0 0 0 0 0 0 0 0 0 0 0 0 0 0 0 0 0 0 0 0 0 0 0 0 0 0 0 0 0 0 0 0 0 0 0 0 0 0 0 0 0 0 0 0 0 0 0 0 0 0 0 0 0 0 0 0 0 0 0 0 0 0 0 0 0 0 0 0 0 0 0 0 0 0 0 0 0 0 0 0 0 0 0 0 0 0 0 0 0 0 0 0 0 0 0 0 0 0 0 0 0 0 0 0 0 0 0 0 0 0 0 0 0 0 0 0 0 0 0 0 0 0 0 0 0 0 0 0 0 0 0 0 0 0 0 0 0 0 0 0 0 0 0 0 0 0 0 0 0 0 0 0 0 0 0 0 0 0 0 0 0 0 0 0 0 0 0 0 0 0 0 0 0 0 0 0 0 0 0 0 0 0 0 0 0 0 0 0 0 0 0 0 0 0 0 0 0 0 0 0 0 0 0 0 0 0 0 0 0 0 0 0 0 0 0 0 0 0 0 0 0 0 0 0 0 0 0 0 0 0 0 0 0 0 0 0 0 0 0 0 0 0 0 0 0 0 0 0 0 0 0 0 0 0 0 0 0 0 0 0 0 0 0 0 0 0 0 0 0 0 0 0 0 0 0 0 0 0 0 0 0 0 0 0 0 0 0 0 0 0 0 0 0 0 0 0 0 0 0 0 0 0 0 0 0 0 0 0 0 0 0 0 0 0 0 0 0 0 0 0 0 0 0 0 0 0 0 0 0 0 0 0 0 0 0 0 0 0 0 0 0 0 0 0 0 0 0 0 0 0 0 0 0 0 0 0 0 0 0 0 0 0 0 0 0 0 0 0 0 0 0 0 0 0 0 0 0 0 0 0 0 0 0 0 0 0 0 0 0 0 0 0 0 0 0 0 0 0 0 0 0 0 0 0 0 0 0 0 0 0 0 0 0 0 0 0 0 0 0 0 0 0 0 0 0 0 0 0 0 0 0 0 0 0 0 0 0 0 0 0 0 0 0 0 0 0 0 0 0 0 0 0 0 0 0 0 0 0 0 0 0 0 0 0 0 0 0 0 0 0 0 0 0 0 0 0 0 0 0 0 0 0 0 0 0 0 0 0 0 0 0 0 0 0 0 0 0 0 0 0 0 0 0 0 0 0 0 0 0 0 0 0 0 0 0 0 0 0 0 0 0 0 0 0 0 0 0 0 0 0 0 0 0 0 0 0 0 0 0 0 0 0 0 0 0 0 0 0 0 0 0 0 0 0 0 0 0 0 0 0 0 0 0 0 0 0 0 0 0 0 0 0 0 0 0 0 0 0 0 0 0 0 0 0 0 0 0 0 0 0 0 0 0 0 0 0 0 0 0 0 0 0 0 0 0 0 0 0 0 0 0 0 0 0 0 0 0 0 0 0 0 0 0 0 0 0 0 0 0 0 0 0 0 0 0 0 0 0 0 0 0 0 0 0 0 0 0 0 0 0 0 0 0 0 0 0 0 0 0 0 0 0 0 0 0 0 0 0 0 0 0 0 0 0 0 0 0 0 0 0 0 0 0 0 0 0 0 0 0 0 0 0 0 0 0 0 0 0 0 0 0 0 0 0 0 0 0 0 0 0 0 0 0 0 0 0 0 0 0 0 0 0 0 0 0 0 0 0 0 0 0 0 0 0 0 0 0 0 0 0 0 0 0 0 0 0 0 0 0 0 0 0 0 0 0 0 0 0 0 0 0 0 0 0 0 0 0 0 0 0 0 0 0 0 0 0 0 0 0 0 0 0 0 0 0 0 0 0 0 0 0 0 0 0 0 0 0 0 0 0 0 0 0 0 0 0 0 0 0 0 0 0 0 0 0 0 0 0 0 0 0 0 0 0 0 0 0 0 0 0 0 0 0 0 0 0 0 0 0 0 0 0 0 0 0 0 0 0 0 0 0 0 0 0 0 0 0 0 0 0 0 0 0 0 0 0 0 0 0 0 0 0 0 0 0 0 0 0 0 0 0 0 0 0 0 0 0 0 0 0 0 0 0 0 0 0 0 0 0 0 0 0 0 0 0 0 0 0 0 0 0 0 0 0 0 0 0 0 0 0 0 0 0 0 0 0 0 0 0 0 0 0 0 0 0 0 0 0 0 0 0 0 0 0 0 0 0 0 0 0 0 0 0 0 0 0 0 0 0 0 0 0 0 0 0 0 0 0 0 0 0 0 0 0 0 0 0 0 0 0 0 0 0 0 0 0 0 0 0 0 0 0 0 0 0 0 0 0 0 0 0 0 0 0 0 0 0 0 0 0 0 0 0 0 0 0 0 0 0 0 0 0 0 0 0 0 0 0 0 0 0 0 0 0 0 0 0 0 0 0 0 0 0 0 0 0 0 0 0 0 0 0 0 0 0 0 0 0 0 0 0 0 0 0 0 0 0 0 0 0 0 0 0 0 0 0 0 0 0 0 0 0 0 0 0 0 0 0 0 0 0 0 0 0 0 0 0 0 0 0 0 0 0 0 0 0 0 0 0 0 0 0 0 0 0 0 0 0 0 0 0 0 0 0 0 0 0 0 0 0 0 0 0 0 0 0 0 0 0 0 0 0 0 0 0 0 0 0 0 0 0 0 0 0 0 0 0 0 0 0 0 0 0 0 0 0 0 0 0 0 0 0 0 0 0 0 0 0 0 0 0 0 0 0 0 0 0 0 0 0 0 0 0 0 0 0 0 0 0 0 0 0 0 0 0 0 0 0 0 0 0 0 0 0 0 0 0 0 0 0 0 0 0 0 0 0 0 0 0 0 0 0 0 0 0 0 0 0 0 0 0 0 0 0 0 0 0 0 0 0 0 0 0 0 0 0 0 0 0 0 0 0 0 0 0 0 0 0 0 0 0 0 0 0 0 0 0 0 0 0 0 0 0 0 0 0 0 0 0 0 0 0 0 0 0 0 0 0 0 0 0 0 0 0 0 0 0 0 0 0 0 0 0 0 0 0 0 0 0 0 0 0 0 0 0 0 0 0 0 0 0 0 0 0 0 0 0 0 0 0 0 0 0 0 0 0 0 0 0 0 0 0 0 0 0 0 0 0 0 0 0 0 0 0 0 0 0 0 0 0 0 0 0 0 0 0 0 0 0 0 0 0 0 0 0 0 0 0 0 0 0 0 0 0 0 0 0 0 0 0 0 0 0 0 0 0 0 0 0 0 0 0 0 0 0 0 0 0 0 0 0 0 0 0 0 0 0 0 0 0 0 0 0 0 0 0 0 0 0 0 0 0 0 0 0 0 0 0 0 0 0 0 0 0 0 0 0 0 0 0 0 0 0 0 0 0 0 0 0 0 0 0 0 0 0 0 0 0 0 0 0 0 0 0 0 0 0 0 0 0 0 0 0 0 0 0 0 0 0 0 0 0 0 0 0 0 0 0 0 0 0 0 0 0 0 0 0 0 0 0 0 0 0 0 0 0 0 0 0 0 0 0 0 0 0 0 0 0 0 0 0 0 0 0 0 0 0 0 0 0 0 0 0 0 0 0 0 0 0 0 0 0 0 0 0 0 0 0 0 0 0 0 0 0 0 0 0 0 0 0 0 0 0 0 0 0 0 0 0 0 0 0 0 0 0 0 0 0 0 0 0 0 0 0 0 0 0 0 0 0 0 0 0 0 0 0 0 0 0 0 0 0 0 0 0 0 0 0 0 0 0 0 0 0 0 0 0 0 0 0 0 0 0 0 0 0 0 0 0 0 0 0 0 0 0 0 0 0 0 0 0 0 0 0 0 0 0 0 0 0 0 0 0 0 0 0 0 0 0 0 0 0 0 0 0 0 0 0 0 0 0 0 0 0 0 0 0 0 0 0 0 0 0 0 0 0 0 0 0 0 0 0 0 0 0 0 0 0 0 0 0 0 0 0 0 0 0 0 0 0 0 0 0 0 0 0 0 0 0 0 0 0 0 0 0 0 0 0 0 0 0 0 0 0 0 0 0 0 0 0 0 0 0 0 0 0 0 0 0 0 0 0 0 0 0 0 0 0 0 0 0 0 0 0 0 0 0 0 0 0 0 0 0 0 0 0 0 0 0 0 0 0 0 0 0 0 0 0 0 0 0 0 0 0 0 0 0 0 0 0 0 0 0 0 0 0 0 0 0 0 0 0 0 0 0 0 0 0 0 0 0 0 0 0 0 0 0 0 0 0 0 0 0 0 0 0 0 0 0 0 0 0 0 0 0 0 0 0 0 0 0 0 0 0 0 0 0 0 0 0 0 0 0 0 0 0 0 0 0 0 0 0 0 0 0 0 0 0 0 0 0 0 0 0 0 0 0 0 0 0 0 0 0 0 0 0 0 0 0 0 0 0 0 0 0 0 0 0 0 0 0 0 0 0 0 0 0 0 0 0 0 0 0 0 0 0 0 0 0 0 0 0 0 0 0 0 0 0 0 0 0 0 0 0 0 0 0 0 0 0 0 0 0 0 0 0 0 0 0 0 0 0 0 0 0 0 0 0 0 0 0 0 0 0 0 0 0 0 0 0 0 0 0 0 0 0 0 0 0 0 0 0 0 0 0 0 0 0 0 0 0 0 0 0 0 0 0 0 0 0 0 0 0 0 0 0 0 0 0 0 0 0 0 0 0 0 0 0 0 0 0 0 0 0 0 0 0 0 0 0 0 0 0 0 0 0 0 0 0 0 0 0 0 0 0 0 0 0 0 0 0 0 0 0 0 0 0 0 0 0 0 0 0 0 0 0 0 0 0 0 0 0 0 0 0 0 0 0 0 0 0 0 0 0 0 0 0 0 0 0 0 0 0 0 0 0 0 0 0 0 0 0 0 0 0 0 0 0 0 0 0 0 0 0 0 0 0 0 0 0 0 0 0 0 0 0 0 0 0 0 0 0 0 0 0 0 0 0 0 0 0 0 0 0 0 0 0 0 0 0 0 0 0 0 0 0 0 0 0 0 0 0 0 0 0 0 0 0 0 0 0 0 0 0 0 0 0 0 0 0 0 0 0 0 0 0 0 0 0 0 0 0 0 0 0 0 0 0 0 0 0 0 0 0 0 0 0 0 0 0 0 0 0 0 0 0 0 0 0 0 0 0 0 0 0 0 0 0 0 0 0 0 0 0 0 0 0 0 0 0 0 0 0 0 0 0 0 0 0 0 0 0 0 0 0 0 0 0 0 0 0 0 0 0 0 0 0 0 0 </DataArray>
        <DataArray type="Float64" Name="temperature" format="ascii">4 4 4 4 4 4 4 4 3.999999999999999 4 4 4 4 3.999999999999996 4 4 3.99999999999999 3.999999999999998 4 4 3.999999999999979 4 4 4 3.99999999999999 4 4 3.999999999999994 4 4 4 4 3.999999999999543 4 3.999999999999395 4 4 4 4 4 4 3.999999999999926 4 4 4 3.9999999999984 4 3.999999999990776 3.999999999999211 4 4 3.999999999999266 3.999999999998306 4 4 3.999999999962439 4 4 4 4 4 3.999999999967078 3.999999999962991 4 4 3.999999999926782 4 3.99999999984971 3.999999999656466 4 4 4 3.99999999971918 4 4 3.999999995377814 4 4 4 4 3.999999996520933 4 4 4 3.999999999999996 3.999999994290767 4 4 3.999999999999429 4 4 4 4 3.999999999999973 4 4 4 3.999999999999995 4 3.999999999999989 4 4 4 3.999999999997839 4 4 4 3.999999999998147 4 4 4 4 4 3.999999999998678 3.999999999892448 4 4 4 3.999999999833756 3.999999999897604 4 4 4 4 3.999999999925854 4 4 4 4 3.999999995312378 3.999999999991611 4 4 3.999999999999651 4 4 4 4 4 3.999999999999427 4 4 4 3.999999999999822 4 4 4 4 4 4 4 4 3.948818590098851 3.9479209160435 3.947731118569331 3.946320316474709 3.951178706980383 3.950100364793246 3.949490642242032 4 3.946268319767507 3.95086772396698 3.948797096632595 3.945113363440115 3.947477431690393 3.947812931991251 4 4 3.945812218183735 3.952334606453988 3.944252875473563 3.945855649612189 3.949323061949576 3.949552615435522 3.952617346097122 3.943411240069636 3.953199267756057 3.94461730705606 3.946228596188576 3.945182949768157 3.943442915706657 3.947388489364971 3.948904521463807 3.94967087375121 3.951114741644746 4 3.952043980462759 3.950889211852573 3.942011319879882 3.954246966604788 3.943764345886886 3.942867920663625 3.954934304951733 3.954152662874605 4 3.945471757885306 3.947877259589092 3.944651340387662 3.942361640624219 3.946061497173034 3.941492541018443 3.941972959000287 3.948335364370473 3.951568995075318 3.955820560605724 4 3.953310070909366 3.955560437592998 3.956518375004221 3.948674019905019 3.944616014275568 3.951661960657815 3.940231175020084 3.941143667135172 3.956103854696933 3.953627597381852 3.940334829098319 3.957175549052488 3.957706560688063 3.956846808889178 3.957910446650233 3.958269843893336 3.958723232043944 3.954993769574288 3.95381671484861 3.955289858049439 3.956515077021124 3.958120580109389 3.958689603725331 3.957711661972592 3.954145193845811 4 3.950014703445033 3.938678580176427 3.937838256062753 3.941613018862888 4 4 3.952179912479878 3.957684091169947 3.958910506888692 3.959225572073829 3.955878159761416 3.939628585782574 3.953336417814867 3.959578996539588 3.956824798390601 3.942420970794108 3.948281475907474 3.949873955904138 3.940435497057977 3.938158318474017 3.938307021748678 3.95296709591087 3.951094787637751 3.938240545766901 3.958980681956567 3.940236100584261 3.954256085230706 3.959031941207849 3.938560033288279 3.93675498373964 3.937053970418028 3.959561903824144 3.950988435633865 3.946162453651836 3.944952413674596 3.945686412064552 3.936122961313534 3.938619794996676 3.955022576298593 4 3.955391885080678 3.957519628141204 3.952135925735877 3.959870408344299 3.95962728603422 3.934809592053655 3.935387891515618 3.958675173764101 3.933382288303871 3.960116657280341 4 3.943383539392021 3.948857147702456 3.934673834428666 3.956821922144 3.955926364879864 3.952024913134735 3.958262112608964 3.933878485819845 3.935621147928344 3.939550818666901 3.934747818142504 3.959538190011596 3.950609688878432 3.95935267075984 3.931665768806345 3.959791036579376 3.93343710991868 3.925601228061529 3.924365178595666 3.925544764853485 3.927226561463296 3.929805475563038 3.930981169021338 3.930054762043928 3.931224391448465 3.928178974459497 3.927751905494472 3.960108256647979 3.960395297884083 3.960307510185324 3.960115308344542 3.960511756827012 3.960487527184165 3.960390184275127 3.960261639657919 4 3.945369475002807 3.934401995160268 3.930808901527401 3.955431796441969 3.957915512622465 3.954437400992125 3.933913507627955 3.929831940826026 3.960041606171797 3.941206528752151 3.922888737785377 3.926093817655285 3.960537770629466 3.960602851470659 3.933639798127829 3.923039830896498 3.923768622868196 3.923706388945103 3.926524838960605 3.959447763188615 3.959221334382393 3.959364359948224 3.959143279226911 3.959389084423477 3.959295896411671 3.959293357725466 3.959962251022774 4 3.947790852323798 3.95442061265518 3.957096565179689 3.956582163949485 3.931656615518648 3.936418282648943 3.958336028907074 3.95065992792926 3.958294322541869 3.920982926854721 3.927124290671984 3.960245148682824 3.960262513583241 3.922856024614223 3.921535645301541 3.958754333262626 3.959241752422759 3.958229475453425 3.928387053426044 3.960523980882106 3.959032218182657 3.959131204478104 3.959396629518166 3.958836530278599 3.922254457053678 3.921877033930336 3.92131187365462 3.922592199538366 3.947013068051795 4 3.939722493248304 3.942021779634814 3.928140556470017 3.931146378045864 3.931064788206792 3.934679620769757 3.958630477763843 3.959504142817043 3.9233980905308 3.920541273704415 3.927671687030005 3.959521752586061 3.960496951392934 3.921878049529649 3.95885015383158 3.959305971418293 3.958808100130614 3.923365552123756 3.919664458888416 3.946543047755406 3.960398817493092 3.921915707696749 3.959382925223049 3.959451412758064 3.921410603900632 4 3.945130977532062 3.950622038572118 3.956636518597438 3.926292330874314 3.951592573173661 3.926022964690019 3.924575862292511 3.9562595969986 3.957131015814141 3.925847044572237 3.942322244051024 3.919888427531395 3.960050121342829 3.959678189886591 3.921785758376394 3.91917332747458 3.958588279977263 3.959098249543513 3.960205161841714 3.923364948661483 3.958399655387901 3.921780354735164 3.925206495854361 3.9600619467523 3.921099733476233 3.959130193800032 3.956955246449498 3.95884606423844 3.958512551173328 3.958623227783172 3.959115277486314 3.959208985364696 3.919242555775825 3.921443500887736 3.921396938493859 3.923244229779717 3.919328694443732 3.9578527723154 3.958115137068094 3.958560661193725 3.958456746784265 3.957930961284745 3.923691476359474 3.925485582185568 4 3.924726869506625 3.953624119425821 3.953511234532481 3.955984486964563 3.927422157908447 3.924339757711211 3.947873885621678 3.95846770020833 3.936511938566813 3.959461683918034 3.960529283028823 3.913560759979914 3.958842167177041 3.924455594312954 3.919206434648111 3.937267760525637 3.960352535327757 3.956230128893416 3.958992387566081 3.95862911060962 3.95868532169032 3.95712665512325 3.926475998338983 3.92507188006096 3.918774417454981 3.960402929244189 3.96007384436353 3.958786245450283 3.958042539536176 3.958628877768296 3.958634286514844 3.958303084854033 3.958157845209365 4 3.917529280624339 3.918312854786381 3.958118689516628 3.914636449397158 3.916294287138369 3.959490915448502 3.958845865817463 3.958422039287879 3.920633874737913 3.924850881536578 3.918473192176914 3.956667953489626 3.918987315255771 3.941855185756586 3.955472149733681 3.957199753473397 3.960003863588577 3.959892646132892 3.954813982881023 3.958410501383297 3.955087511215179 3.935882638502585 3.915917447536273 3.959661463824049 3.957859319102105 3.927091787627012 3.96007294257838 3.912436040388629 3.917440337139534 3.910258591841481 3.953710959332863 4 3.948948557142081 3.917954143695346 3.9465168420126 3.952872063869796 3.956349200922625 3.911391605180854 3.915244814716928 3.959331552921944 3.95948235578481 3.959168322571924 3.958406802171438 3.912853388164185 3.958352256913186 3.957904083951534 3.95689898922107 3.928211866410707 3.926951455149013 3.920298215164281 3.923989231120522 3.915115969427021 3.959571437056186 3.95726832610468 3.959685144565517 3.913792360776114 3.910739023532185 3.955750744013378 3.938291623404638 3.959562141978639 3.952418331194604 4 3.892613508100391 3.95213504495404 3.932164356405937 3.895405099020941 3.958366609483794 3.957167101113773 3.922221713130648 3.923429672558851 3.959293370909196 3.956771464107143 3.927620114811951 3.918044021390556 3.910313724760755 3.957104525018714 3.934901237643023 3.910403010531427 3.907121729784834 3.929486094312829 3.914386539243639 3.921373533154832 3.890594991027332 3.914392478518184 4 4 3.9480665556101 3.957808799476703 3.890239770112208 3.8908233696406 3.955564769547054 3.954197532741696 3.928015704387862 3.925583029005553 3.940155711078552 3.952861071925911 3.958958926749894 3.958685623444675 3.955410137694471 3.95888052415344 3.941930361215968 3.959035097586604 3.93175602538438 3.923547346963166 3.916708330543801 3.930018880679734 3.947433834118207 3.952024280969964 3.957783410263938 3.957464830855833 3.896430610237719 3.954217721059627 3.958853655856708 3.958472077821885 3.91706346652724 3.955327743313541 3.956526066024621 3.879240007465239 3.958842423600522 3.930744586776218 3.92187453711358 3.890787860800078 3.929930666712395 3.931393547349906 3.933267035168202 3.914889829591815 3.933244708792889 3.879452482609564 3.883180694504506 4 4 3.881310625050628 3.955029685262248 3.925325932403038 3.958060572072263 3.924018755773789 3.950551170251063 3.952577592712446 3.94818333990243 3.932925813352012 3.916783690758462 3.924150457463385 3.934596644041128 3.935194652854114 3.958402210133716 3.897197213107515 4 4 3.954359529098689 3.957173291476214 3.930447331323491 3.933808261121797 3.930915797075167 3.92580795600295 3.95814150024552 3.957558212333966 3.948180685508985 3.953392816996617 3.93825135843455 3.958120192897606 3.920891921486809 3.83071740851226 3.915047501830679 3.934616223990764 3.826308275776538 3.924211678339196 3.936669450572276 3.936877880989629 3.95786314398906 3.957847021690475 3.946635975604863 3.821363905780605 3.825060383411861 3.822226034264496 3.956949217810306 3.829355048726556 3.832522522670742 3.930429077317203 3.954960300374954 3.951518262307705 3.944440971548187 3.790853677530436 3.939340260976052 3.830854843818175 3.957124156427675 3.929068836610525 3.955215414596683 3.95602477781395 3.938782768726014 3.938235486035745 4 4 3.931352929959249 3.808430357444664 3.956677261945112 3.950273335795945 3.936488610471661 3.928003341501676 3.935396917707485 3.924968494363895 3.932212269031625 3.954659433454282 3.95546974784468 3.938045168125298 3.957322723476146 3.957052886447941 3.957107436801738 3.935579287999728 3.926549719036306 3.956510366672665 3.956510693414617 4 4 3.946494840301112 3.934264966137946 3.943674962874666 3.940424279427249 3.75736780534626 3.778084463157037 3.934205016512201 3.764692019896318 3.95580541096824 3.940242307303156 3.940296236003879 3.763332770367685 3.935205427804113 3.95571317931031 3.95545106193971 3.752001611936559 3.751395754920926 3.748800929025626 3.954558762054956 3.950750775027202 3.937609459534004 3.951411730796992 3.954302559723211 3.941211038037553 3.941518723688231 3.936832516007103 3.933044349185142 3.95598237850462 3.698182898052254 3.942756795279441 3.94196030957228 4 3.947359231319703 3.936848296964355 3.719931474029231 3.95360563881753 3.950031511382071 3.937696461837267 3.933676404084395 3.941984425911169 3.938531858780397 3.940116358302476 3.952215872328573 3.953361735802702 3.955010514338065 3.95510621320371 3.697943932792304 3.943461363332245 3.943487341872589 4 3.947126490077316 3.954251674891991 3.939328115059993 3.673503420979199 3.938313127999725 3.688475827834231 3.942782748107843 3.954003895412753 3.954356864342749 3.67258208621298 3.945572150793819 3.941477437063409 3.942425004073006 3.669086456365296 3.627022895486451 4 3.666113785579413 3.6954732461745 3.951616454691985 3.949093358721652 3.941124985732362 3.674838383840496 3.953622873463355 3.938393154579575 3.941601333978573 3.944338914097371 3.939700092392006 3.95328175024553 3.944952384628057 3.944084784454811 3.596614833068497 3.953242676033608 4 4 3.945118482407308 3.625842219495386 3.952050667079813 3.951060076750532 3.949992180772771 3.618078421337599 3.953292810902604 3.620818170023004 3.594159566461211 3.951835431976664 3.945020029590281 3.94635691296174 3.946363420674294 3.951254299114332 3.950122730541195 3.948979044945791 3.949515167311846 3.952409756069582 3.948205966738402 3.951830060838342 3.951377471693097 3.951728617820296 3.945234472210201 3.941821029022532 3.944168754052037 3.943546133132262 3.573229500532378 3.523679988022459 3.575817669125843 3.946242773530289 3.947328845952835 3.948937240390578 3.94778631938691 3.951235392541168 3.951457385789555 4 4 3.944418987119014 3.948462170574054 3.574880994451176 3.942448142428355 3.94658501487195 3.570112111257287 3.946336336237886 3.501097653262905 3.947198995790534 3.947961294327764 3.948866348245367 3.949559753724793 4 3.524145297256739 3.950782137897437 3.950160621753848 3.524098462455043 3.523593281886459 3.469208346935932 3.440755728223367 3.949089770254852 3.469776243610398 4 3.470394205931534 3.949678087913249 3.946071432005025 3.469126698228013 3.945676303930298 3.4148510092041 3.949497851551966 4 4 3.947618158330069 3.948046455924094 3.944791114562226 3.413182973290804 3.947948895020142 4 4 3.413268918074299 3.412371681944779 3.411363305193671 3.354289277782103 3.32144091630973 3.353444250892715 3.35243473798218 3.354255384856905 3.294511720978479 4 4 4 4 4 4 3.269646468174202 4 4 4 3.290716865894856 3.292139025181462 3.290865610883144 3.22764897757131 3.1895465713587 3.225241155517165 4 4 3.224583299208947 3.223917277081087 3.161341604529913 4 4 4 3.999999999999801 4 3.999999999999967 3.155882249355304 4 4 4 3.155163485811194 3.153370122181602 3.157626406079191 3.087145187125255 3.004068026122215 3.081588983346156 3.999999999998482 4 3.082757523806615 3.083138609918405 3.048136773456333 4 4 4 4 4 2.97420350486301 4 3.002916144539139 3.005615463732779 3.009207308034802 2.903461548795185 4 3.99999999997628 2.921381625281055 2.921158195101398 2.927088359939822 2.931764812471406 4 4 2.835135118052011 2.840328485554173 2.820719694127747 2.849717773203476 2.790415831973963 4 4 3.999999997427 2.741648704701586 4 2.745999052291266 2.728319847833061 2.757211372095834 2.697242336687052 4 4 3.999999999834826 2.643628229524986 2.653071382000346 2.62465152785012 2.626499528683833 2.542523762566256 4 4 3.999999999983902 2.532114478758779 2.527637915216799 2.428102633416026 4 3.999999999820255 2.495849892906402 2.492354222977168 4 4 2.428492642734021 2.420919473801184 2.413735660800744 2.310982050563958 3.999999999999705 4 2.398265079926903 2.310824906036123 2.303682282363823 2.295222899549806 2.299534489534035 4 4 4 2.184248729930459 2.183344431536449 2.173882318545882 2.11511095288615 4 4 2.178665916146934 2.046029018445633 3.99999999994087 4 3.999999999999998 2.042931261803958 2.045621252837808 2.032366629148755 4 2.040505136667267 4 1.895350673088244 1.970186325207006 1.96110659716074 1.734412929401804 4 4 4 3.99999999991716 1.900499618265353 1.734560751974995 1.816898993580302 1.757229485130531 1.806427943947573 4 4 1.616283541243373 4 4 4 3.999999999890706 1.548133663162682 1.696268703411315 1.702111714471354 1.45726804944737 4 3.999999992747626 1.602234280241078 1.429583771327934 1.4355215340043 1.417375548233608 1.482974103021834 1.441569548075977 1.487905233140006 4 1 1 1.120381046795055 1 1 1.103037707929533 1 1 1 1 1 4 3.9999999998811 1.135143222690202 1.136658612726592 4 1.141181713989667 1 1 1 1 1 1.07808295020135 1 1 1 1 1 1 1 1.10150738029874 1 1 1 1 3.999999999056875 3.999999999929174 1.122065465985896 1.070527996675102 1.070555181323665 1.066692875807519 1 1 1 1 1 1 1.086142716826245 1 1 1 1 1 1 1 1 4 4 1 1 1 1 1 1 4 3.999999999147182 1 1 1 1 1 1 1 1 1 4 3.99999999988847 3.999999999802049 1 1 1 1 1 1 1 1 4 4 3.999999999598064 3.999999999875965 1 1 1 1 1 1 1 1 1 1 1 1 4 4 1 1 1 1 1 1 1 1 1 4 4 4 1 1 1 1 1 1 1 1 1 1 4 4 4 3.99999999999164 1 1 1.000000000000001 1 1 1 1 4 4 3.999999999894787 1 1 1 1 1 1 1 1 1 1.000000000000001 4 3.999999999997866 3.999999999856663 1 1 1 1.000000000000256 4 4 3.999999999955906 1 1 1 1.000000000000001 1 1 1 1 1 1.000000000000001 4 3.999999999993591 1 1 1.000000000000001 1 1 1 1 1 1 1 4 3.999999999993277 3.99999999999476 1 1 1 1 1.000000000000001 1 1 1.000000003385594 1 1 1 4 4 1 1 1 1 1 1 1 1 1 1 1 4 3.999999999999416 1 1 1 1 1 1 1 1 1 1 4 3.99999999999917 4 1 1 1 1 1 1 1 1 1 1 4 1 1 1 1 1 1 1 1 4 4 3.999999999999994 3.999999999998924 1 1 1 1 1 1 1 1 4 3.999999999999982 1 1 1 1 1 1 1 1 1 1 1 1 1 4 3.999999999999857 1 1 1 1 1 1 1 1 1 4 4 3.999999999999926 1 1.049093861222214 1 1.00693992878555 1.076500534771898 1 1 1 1 1.036637021172113 1.007839994059164 1.481632287116245 4 4 1 1.245579471246556 1.268852648001939 1 1.01423731645385 1.100525144107359 1 1 1.058691171611708 1 1.024207788393906 1.6678203229447 1.098293557456099 1 1.068018547072375 1.058578662175335 1.502945897114375 1.61309071278785 1.04859787455321 1.056390985868851 4 3.999999999999997 1.195301499577579 1 1.022747280427843 1.005357626828057 1.108474676802986 3.020599809473322 3.070552722258072 1.251823952781986 1.266590957496087 1.528840849598826 1.528169591776542 3.074764424272824 2.996625845967781 3.008261754071052 3.198711245124938 1.478273811720913 3.18203291244576 1.481249689631173 1.458801763504083 4 3.999999999999995 1.64161400318719 1.516575754458293 1.493464683386602 3.146376357120898 4 3.999999999999973 4 1.241462000965206 3.109522353948043 3.109126845814284 4 4 3.134755912242168 4 4 4 4 3.128447013094037 3.135819227745056 4 4 3.999999999999997 3.112236003333396 3.113537715749338 3.15194078218061 3.158203353037929 3.119160193527019 3.143225330122192 3.165811882839786 3.158118707089424 3.999999999999998 4 4 3.167871303850608 3.168390522195902 3.160621359513435 4 3.166962246638192 4 4 4 3.999999999999999 3.175080831566778 3.180264328246869 3.178280366264896 3.183757469893268 3.188875613727147 4 4 3.183923457773586 3.196987765427583 4 4 4 4 3.193510004167331 3.194693900448361 4 3.201690253028454 3.198538191178511 4 3.204801525435667 3.213159606033399 3.205002968310859 3.209681667601873 4 4 3.208905563162735 3.217974623901646 4 4 3.219873378709111 3.215619783435264 4 4 4 3.216359592947194 3.229020263137994 3.225149570320892 4 4 3.225346897419493 3.224573418809659 3.225536644384343 3.224759842037958 4 3.229962101081303 3.2324894163861 3.232636289507887 3.23181793143121 3.232960078791403 4 4 4 4 3.231864623285365 3.234273681728627 3.233791835461064 4 3.611511583152864 3.236393236830262 3.901908427416291 3.599311170813935 3.804682930265039 3.999943546055112 3.236551811565652 3.619712516557966 3.74336940746602 3.610009595178306 3.236523112369808 3.471885637845283 4 3.23384456641396 3.237230945931559 3.237285861510157 3.237323517110242 4 3.236600161328849 3.999943038272017 3.85316847926727 3.840505806172176 3.236177803325561 3.612597729691031 4 3.237457198665443 3.236287673008091 3.854983467155514 3.999942419191665 3.999943457194579 3.915655682365797 3.61209424064638 3.539048195281336 3.999943467562013 3.759432277642117 4 3.236982450870844 3.236652089656205 4 3.999943223599118 3.999943305297293 3.742558993971801 3.714819342990781 3.469673952623437 4 4 4 3.999944147444636 3.999944049788739 3.999943867877378 3.999944050582923 3.999942726218623 3.889687009906359 4 4 4 4 3.999949342096676 4 4 4 4 3.999949187764723 3.999950257140108 3.999948754636061 3.999952804558562 4 3.999951815164086 3.999949898869921 3.999949297336963 4 4 4 4 4 3.999949425078511 3.999951406828233 3.999955791123048 4 4 4 4 3.999954357120719 3.99995509273122 3.999959045289197 3.999955047257286 4 3.999955689519531 3.999955064567505 3.999960036333927 3.999958763742538 4 4 3.999959041114805 4 4 4 3.999958464087944 3.999962084563566 4 4 3.999962289343317 3.999964935035189 4 3.99996481245113 3.999961631756433 3.999961643370521 3.999961653972332 3.999966253512923 4 3.999965990855199 4 3.999964523818372 3.999967586039027 4 4 3.999967585377236 3.999970046306879 3.999967198437196 3.999969311460979 3.999965714304119 4 4 4 4 3.999971987922113 3.999970015336265 3.999969747171048 3.999967179126312 4 3.999969735555784 3.999973149097886 3.999972101225525 4 4 4 3.99997232233495 3.999974526537529 3.999974570209478 3.999972128084782 4 4 3.999976553832203 3.999974294711444 3.999974662249143 4 4 3.999974306715426 3.99997653284378 3.99997834249139 3.999976571850353 4 4 3.999978400869741 3.999978432957382 3.999976341813546 4 4 4 3.999980199955993 3.999978208374992 3.999978475168021 4 4 3.999978230325791 3.999980174836792 3.999981808293269 3.999980042946027 3.999981870998972 4 4 3.999982595639053 3.999980020664962 3.999981695123773 3.999981816127749 4 4 4 3.99998169255918 3.999983324351529 4 4 3.999983359116025 3.999984752790898 3.999983364311229 3.999984696967492 4 4 3.999985477352658 3.999983243664887 3.999984687103971 3.999984788646652 4 4 4 3.999984698232753 3.999986057654849 4 4 4 4 3.999986142242212 3.999987390207647 3.999986059761506 3.999987342024629 4 4 3.999988015298657 3.99998605279899 3.999987268471158 3.99998741271646 4 4 4 3.999987336240911 3.999988611366711 4 4 4 4 3.999988598377461 3.999989728550596 3.999988554742386 3.999989757224488 4 4 4 3.999990263356003 3.999988541898358 3.999989667998448 3.999989716245842 4 4 4 4 4 3.999989671670872 3.999990795623453 4 4 4 4 4 4 4 4 4 4 4 4 4 4 4 3.999990780740224 3.999991790674646 3.999990819968323 3.999991800161039 4 4 4 4 4 4 4 4 4 4 4 4 4 4 4 3.999992276925155 3.999990751142016 3.999991786603224 3.999991742460566 4 4 4 4 4 4 4 4 4 4 4 4 4 4 4 4 4 4 4 4 4 4 4 4 4 3.999991757989073 3.999992749294933 4 4 4 4 4 4 4 4 4 4 4 4 4 4 3.999992740170284 3.99999365441274 3.999992720704165 3.999993661256374 4 4 4 4 4 4 4 4 4 4 4 4 4 4 4 4 4 4 4 3.999994098748086 3.999992720785113 3.999993662138033 4 4 4 4 4 4 4 4 4 4 4 4 4 4 4 4 4 4 4 4 4 4 4 3.999993639319224 3.999994526169756 3.999993644135198 4 4 4 4 4 4 4 4 4 4 4 4 4 4 4 4 4 4 4 4 3.999994519963533 3.99999511289746 3.999994526061565 3.999995363453101 4 4 4 4 4 4 4 4 4 4 4 4 4 4 4 4 4 4 4 4 4 4 3.999995779527278 3.999994516618233 3.999994916329473 3.999995457105292 4 4 4 4 4 4 4 4 4 4 4 4 4 4 4 4 4 4 4 4 4 4 4 4 4 4 3.999995366807062 3.999996155058553 4 4 4 4 4 4 4 4 4 4 4 4 4 4 4 4 4 4 4 4 4 4 3.999996172160443 3.999996623088145 3.999996179291664 3.999996563972191 4 4 4 4 4 4 4 4 4 4 4 4 4 4 4 4 4 4 4 3.9999975360195 3.999996299840887 3.999996459407466 4 4 4 4 4 4 4 4 4 4 4 4 4 4 4 4 4 4 4 3.999996179216775 3.999996981973028 3.999997556935602 3.999998283627212 3.999997759413407 3.999997645189637 4 4 4 4 4 4 4 4 4 4 4 4 4 4 3.999998025954867 4 4 4 4 4 3.999997563442423 4 4 4 4 4 4 4 4 4 4 4 4 4 4 4 4 4 4 3.999998809840192 3.999998888157205 4 4 4 3.999997700113288 4 4 4 4 4 4 4 4 3.999998748021147 3.999999029621716 4 4 4 4 4 4 3.999998150366993 4 4 4 4 4 4 4 4 4 3.99999852205308 4 4 4 4 4 4 4 3.999998932027233 4 4 4 4 4 4 4 4 4 4 3.999998761329339 4 4 4 4 4 4 4 4 4 4 4 4 4 4 4 4 4 4 4 4 3.999998926753554 4 4 4 4 4 4 4 4 4 4 4 4 4 4 4 4 4 4 4 4 4 4 4 4 4 4 4 4 4 4 4 4 4 4 4 4 4 4 4 4 4 4 4 4 4 4 4 4 4 4 4 4 4 4 4 4 4 4 4 4 4 4 4 4 4 4 4 4 4 4 4 4 4 4 4 4 4 4 4 4 4 4 4 4 4 4 4 4 4 4 4 4 4 4 4 4 4 4 4 4 4 4 4 4 4 4 4 4 4 4 4 4 4 4 4 4 4 4 4 4 4 4 4 4 4 4 4 4 4 4 4 4 4 4 4 4 4 4 4 4 4 4 4 4 4 4 4 4 4 4 4 4 4 4 4 4 4 4 4 4 4 4 4 4 4 4 4 4 4 4 4 4 4 4 4 4 4 4 4 4 4 4 4 4 4 4 4 4 4 4 4 4 4 4 4 4 4 4 4 4 4 4 4 4 4 4 4 4 4 4 4 4 4 4 4 4 4 4 4 4 4 4 4 4 4 4 4 4 4 4 4 4 4 4 4 4 4 4 4 4 4 4 4 4 4 4 4 4 4 4 4 4 4 4 4 4 4 4 4 4 4 4 4 4 4 4 4 4 4 4 4 4 4 4 4 4 4 4 4 4 4 4 4 4 4 4 4 4 4 4 4 4 4 4 4 4 4 4 4 4 4 4 4 4 4 4 4 4 4 4 4 4 4 4 4 4 4 4 4 4 4 4 4 4 4 4 4 4 4 4 4 4 4 4 4 4 4 4 4 4 4 4 4 4 4 4 4 4 4 4 4 4 4 4 4 4 4 4 4 4 4 4 4 4 4 4 4 4 4 4 4 4 4 4 4 4 4 4 4 4 4 4 4 4 4 4 4 4 4 4 4 4 4 4 4 4 4 4 4 4 4 4 4 4 4 4 4 4 4 4 </DataArray>
      </PointData>
    </Piece>
  </UnstructuredGrid>
</VTKFile>
