Temperature,SS,G-10,Nylon,Lead,Brass,Nickel,Gd-Rh,Gd0.6-Er0.4-Rh,Er3-Ni,Er-Ni,Er-Ni2,Er-Al2,Er-Dy0.8-Ni2,Kapton,Nd,Er3-Ni (N),Er0.9-Yb0.1-Ni,Er3-Co,Er0.6-Pr0.4,Ho-Cu2,Er-Ni0.9-Co0.1,Ho2-Al,Er-Ag0.9-Al0.1,Ho-Sb,Dy-Sb,Gd-Sb,Er,Er0.5-Pr0.5,GAP_GdAlO 3,GOS_Gd 2 O 2 S
1.00000,0.00390,0.00048,0.00023,0.00117,0.00016,0.00110,0.02450,0.07000,0.00366,0.01821,0.02985,0.00003,0.00400,0.00004,0.01011,0.08342,0.00706,0.01539,,0.03560,0.00261,0.09330,0.00464,0.00000,0.01410,0.01380,,0.00661,0.13615,0.08401
1.01147,0.00394,0.00048,0.00024,0.00118,0.00016,0.00111,0.02502,0.07080,0.00377,0.01871,0.03038,0.00003,0.00409,0.00004,0.01027,0.08332,0.00732,0.01557,,0.03612,0.00271,0.09319,0.00468,0.00000,0.01413,0.01388,,0.00669,0.13827,0.08598
1.02308,0.00399,0.00049,0.00024,0.00119,0.00016,0.00112,0.02555,0.07162,0.00388,0.01920,0.03091,0.00003,0.00417,0.00004,0.01043,0.08323,0.00760,0.01576,,0.03665,0.00281,0.09308,0.00472,0.00000,0.01417,0.01397,,0.00677,0.14039,0.08796
1.03482,0.00404,0.00049,0.00024,0.00121,0.00016,0.00113,0.02608,0.07244,0.00399,0.01971,0.03146,0.00003,0.00426,0.00004,0.01059,0.08314,0.00788,0.01594,,0.03718,0.00292,0.09299,0.00476,0.00000,0.01420,0.01406,,0.00685,0.14252,0.08995
1.04669,0.00408,0.00050,0.00024,0.00122,0.00016,0.00115,0.02662,0.07327,0.00411,0.02022,0.03201,0.00003,0.00436,0.00004,0.01076,0.08306,0.00817,0.01614,,0.03773,0.00304,0.09291,0.00480,0.00000,0.01424,0.01414,,0.00693,0.14467,0.09195
1.05870,0.00413,0.00050,0.00025,0.00124,0.00017,0.00116,0.02717,0.07411,0.00423,0.02074,0.03257,0.00003,0.00445,0.00004,0.01094,0.08297,0.00847,0.01633,,0.03828,0.00316,0.09284,0.00485,0.00000,0.01428,0.01423,,0.00701,0.14682,0.09396
1.07084,0.00418,0.00051,0.00025,0.00125,0.00017,0.00117,0.02772,0.07496,0.00435,0.02126,0.03315,0.00004,0.00454,0.00004,0.01111,0.08289,0.00878,0.01653,,0.03885,0.00328,0.09279,0.00489,0.00000,0.01431,0.01432,,0.00710,0.14899,0.09598
1.08313,0.00422,0.00052,0.00025,0.00126,0.00017,0.00118,0.02828,0.07582,0.00447,0.02179,0.03373,0.00004,0.00464,0.00004,0.01129,0.08281,0.00910,0.01674,,0.03942,0.00341,0.09274,0.00494,0.00000,0.01435,0.01442,,0.00718,0.15116,0.09801
1.09555,0.00427,0.00052,0.00026,0.00128,0.00017,0.00120,0.02885,0.07669,0.00460,0.02232,0.03432,0.00004,0.00474,0.00004,0.01148,0.08273,0.00942,0.01695,,0.04000,0.00355,0.09271,0.00499,0.00000,0.01439,0.01451,,0.00727,0.15335,0.10005
1.10812,0.00432,0.00053,0.00026,0.00129,0.00017,0.00121,0.02942,0.07757,0.00474,0.02286,0.03493,0.00004,0.00484,0.00004,0.01167,0.08266,0.00976,0.01716,,0.04060,0.00369,0.09270,0.00504,0.00000,0.01443,0.01461,,0.00736,0.15555,0.10210
1.12084,0.00437,0.00053,0.00026,0.00131,0.00018,0.00122,0.03000,0.07846,0.00487,0.02341,0.03554,0.00004,0.00495,0.00004,0.01187,0.08258,0.01010,0.01737,,0.04120,0.00384,0.09269,0.00508,0.00000,0.01447,0.01470,,0.00745,0.15776,0.10416
1.13370,0.00442,0.00054,0.00026,0.00132,0.00018,0.00123,0.03058,0.07936,0.00501,0.02397,0.03617,0.00005,0.00506,0.00004,0.01207,0.08251,0.01046,0.01760,,0.04182,0.00400,0.09270,0.00513,0.00000,0.01451,0.01480,,0.00755,0.15999,0.10622
1.14670,0.00447,0.00055,0.00027,0.00134,0.00018,0.00125,0.03117,0.08027,0.00516,0.02453,0.03680,0.00005,0.00516,0.00005,0.01227,0.08244,0.01083,0.01782,,0.04245,0.00416,0.09272,0.00518,0.00000,0.01455,0.01490,,0.00765,0.16222,0.10830
1.15986,0.00452,0.00055,0.00027,0.00135,0.00018,0.00126,0.03177,0.08119,0.00531,0.02510,0.03745,0.00005,0.00528,0.00005,0.01248,0.08238,0.01120,0.01805,,0.04308,0.00433,0.09276,0.00524,0.00000,0.01459,0.01500,,0.00775,0.16447,0.11038
1.17317,0.00458,0.00056,0.00027,0.00137,0.00018,0.00127,0.03238,0.08212,0.00546,0.02567,0.03811,0.00006,0.00539,0.00005,0.01269,0.08231,0.01159,0.01829,,0.04373,0.00450,0.09281,0.00529,0.00000,0.01463,0.01511,,0.00785,0.16674,0.11248
1.18663,0.00463,0.00057,0.00028,0.00138,0.00019,0.00129,0.03299,0.08306,0.00562,0.02625,0.03878,0.00006,0.00550,0.00005,0.01292,0.08225,0.01199,0.01853,,0.04439,0.00469,0.09287,0.00534,0.00000,0.01468,0.01521,,0.00795,0.16901,0.11458
1.20024,0.00468,0.00057,0.00028,0.00140,0.00019,0.00130,0.03361,0.08402,0.00578,0.02684,0.03946,0.00006,0.00562,0.00005,0.01314,0.08219,0.01240,0.01877,,0.04506,0.00488,0.09295,0.00540,0.00000,0.01472,0.01532,,0.00806,0.17130,0.11670
1.21401,0.00473,0.00058,0.00028,0.00142,0.00019,0.00131,0.03424,0.08498,0.00595,0.02744,0.04016,0.00007,0.00574,0.00005,0.01337,0.08214,0.01282,0.01902,,0.04575,0.00508,0.09304,0.00545,0.00000,0.01476,0.01543,,0.00817,0.17361,0.11882
1.22794,0.00479,0.00059,0.00029,0.00143,0.00019,0.00133,0.03487,0.08596,0.00612,0.02804,0.04086,0.00007,0.00587,0.00005,0.01361,0.08208,0.01325,0.01928,,0.04644,0.00529,0.09315,0.00551,0.00000,0.01481,0.01554,,0.00828,0.17593,0.12095
1.24203,0.00484,0.00059,0.00029,0.00145,0.00019,0.00134,0.03551,0.08694,0.00630,0.02865,0.04158,0.00007,0.00599,0.00005,0.01385,0.08203,0.01370,0.01954,,0.04715,0.00551,0.09327,0.00557,0.00000,0.01486,0.01565,,0.00839,0.17826,0.12309
1.25628,0.00490,0.00060,0.00029,0.00147,0.00020,0.00136,0.03616,0.08794,0.00648,0.02927,0.04232,0.00008,0.00612,0.00005,0.01410,0.08199,0.01415,0.01980,,0.04787,0.00574,0.09340,0.00563,0.00000,0.01490,0.01577,,0.00851,0.18061,0.12525
1.27069,0.00496,0.00061,0.00030,0.00148,0.00020,0.00137,0.03682,0.08895,0.00667,0.02989,0.04306,0.00008,0.00626,0.00006,0.01436,0.08194,0.01462,0.02007,,0.04860,0.00597,0.09355,0.00569,0.00000,0.01495,0.01588,,0.00863,0.18297,0.12741
1.28527,0.00501,0.00061,0.00030,0.00150,0.00020,0.00139,0.03748,0.08997,0.00686,0.03053,0.04382,0.00009,0.00639,0.00006,0.01462,0.08190,0.01510,0.02035,,0.04935,0.00622,0.09372,0.00575,0.00000,0.01500,0.01600,,0.00875,0.18535,0.12958
1.30001,0.00507,0.00062,0.00030,0.00152,0.00020,0.00140,0.03815,0.09100,0.00706,0.03117,0.04459,0.00009,0.00653,0.00006,0.01489,0.08186,0.01560,0.02063,,0.05011,0.00648,0.09390,0.00582,0.00000,0.01505,0.01612,,0.00888,0.18775,0.13176
1.31493,0.00513,0.00063,0.00031,0.00153,0.00021,0.00141,0.03883,0.09204,0.00727,0.03181,0.04537,0.00010,0.00667,0.00006,0.01516,0.08183,0.01610,0.02092,,0.05088,0.00675,0.09410,0.00588,0.00000,0.01509,0.01624,,0.00900,0.19016,0.13395
1.33001,0.00519,0.00063,0.00031,0.00155,0.00021,0.00143,0.03952,0.09310,0.00748,0.03247,0.04617,0.00010,0.00681,0.00006,0.01545,0.08180,0.01662,0.02121,,0.05166,0.00703,0.09431,0.00595,0.00000,0.01515,0.01637,,0.00913,0.19259,0.13614
1.34527,0.00525,0.00064,0.00031,0.00157,0.00021,0.00145,0.04021,0.09417,0.00769,0.03313,0.04698,0.00011,0.00696,0.00006,0.01574,0.08177,0.01716,0.02151,,0.05246,0.00733,0.09454,0.00601,0.00000,0.01520,0.01649,,0.00927,0.19504,0.13835
1.36071,0.00531,0.00065,0.00032,0.00159,0.00021,0.00146,0.04091,0.09525,0.00791,0.03381,0.04781,0.00011,0.00711,0.00006,0.01603,0.08175,0.01771,0.02182,,0.05328,0.00764,0.09479,0.00608,0.00000,0.01525,0.01662,,0.00940,0.19750,0.14057
1.37632,0.00537,0.00066,0.00032,0.00161,0.00022,0.00148,0.04162,0.09634,0.00814,0.03449,0.04865,0.00012,0.00726,0.00007,0.01634,0.08173,0.01827,0.02213,,0.05410,0.00796,0.09505,0.00615,0.00000,0.01530,0.01675,,0.00954,0.19998,0.14280
1.39211,0.00543,0.00066,0.00032,0.00162,0.00022,0.00149,0.04234,0.09745,0.00838,0.03517,0.04951,0.00013,0.00742,0.00007,0.01665,0.08171,0.01885,0.02245,,0.05495,0.00829,0.09533,0.00623,0.00000,0.01535,0.01689,,0.00969,0.20248,0.14503
1.40808,0.00549,0.00067,0.00033,0.00164,0.00022,0.00151,0.04307,0.09857,0.00862,0.03587,0.05038,0.00013,0.00758,0.00007,0.01697,0.08170,0.01944,0.02278,,0.05580,0.00864,0.09563,0.00630,0.00000,0.01541,0.01702,,0.00983,0.20500,0.14728
1.42423,0.00555,0.00068,0.00033,0.00166,0.00022,0.00152,0.04380,0.09970,0.00887,0.03658,0.05127,0.00014,0.00774,0.00007,0.01730,0.08169,0.02005,0.02311,,0.05667,0.00901,0.09594,0.00637,0.00000,0.01547,0.01716,,0.00998,0.20753,0.14953
1.44057,0.00562,0.00069,0.00034,0.00168,0.00023,0.00154,0.04455,0.10084,0.00913,0.03729,0.05217,0.00015,0.00791,0.00007,0.01764,0.08168,0.02067,0.02345,,0.05756,0.00939,0.09627,0.00645,0.00000,0.01552,0.01730,,0.01014,0.21009,0.15180
1.45710,0.00568,0.00069,0.00034,0.00170,0.00023,0.00156,0.04530,0.10200,0.00939,0.03801,0.05309,0.00016,0.00808,0.00007,0.01799,0.08168,0.02131,0.02380,,0.05846,0.00978,0.09661,0.00653,0.00000,0.01558,0.01744,,0.01029,0.21266,0.15407
1.47382,0.00575,0.00070,0.00034,0.00172,0.00023,0.00157,0.04606,0.10317,0.00966,0.03874,0.05402,0.00017,0.00825,0.00008,0.01834,0.08169,0.02197,0.02416,,0.05938,0.01019,0.09698,0.00661,0.00000,0.01564,0.01759,,0.01045,0.21526,0.15636
1.49073,0.00581,0.00071,0.00035,0.00174,0.00023,0.00159,0.04683,0.10435,0.00994,0.03948,0.05497,0.00018,0.00843,0.00008,0.01871,0.08170,0.02264,0.02452,,0.06031,0.01063,0.09736,0.00669,0.00000,0.01570,0.01774,,0.01062,0.21788,0.15865
1.50783,0.00588,0.00072,0.00035,0.00176,0.00024,0.00161,0.04761,0.10555,0.01023,0.04023,0.05594,0.00019,0.00861,0.00008,0.01908,0.08171,0.02333,0.02489,,0.06126,0.01107,0.09776,0.00677,0.00001,0.01576,0.01789,,0.01078,0.22052,0.16095
1.52513,0.00595,0.00073,0.00036,0.00178,0.00024,0.00163,0.04839,0.10676,0.01053,0.04099,0.05692,0.00020,0.00879,0.00008,0.01946,0.08173,0.02404,0.02527,,0.06223,0.01154,0.09818,0.00686,0.00001,0.01582,0.01804,,0.01096,0.22318,0.16327
1.54263,0.00602,0.00074,0.00036,0.00180,0.00024,0.00164,0.04919,0.10798,0.01083,0.04176,0.05792,0.00021,0.00898,0.00008,0.01986,0.08175,0.02476,0.02565,,0.06321,0.01203,0.09862,0.00695,0.00001,0.01588,0.01820,,0.01113,0.22586,0.16559
1.56033,0.00609,0.00074,0.00036,0.00182,0.00024,0.00166,0.04999,0.10922,0.01114,0.04254,0.05894,0.00022,0.00918,0.00009,0.02026,0.08177,0.02550,0.02605,,0.06421,0.01254,0.09907,0.00704,0.00001,0.01595,0.01836,,0.01131,0.22857,0.16792
1.57823,0.00616,0.00075,0.00037,0.00184,0.00025,0.00168,0.05081,0.11048,0.01147,0.04333,0.05998,0.00023,0.00938,0.00009,0.02068,0.08181,0.02626,0.02645,,0.06523,0.01307,0.09955,0.00713,0.00001,0.01601,0.01852,,0.01149,0.23129,0.17027
1.59633,0.00623,0.00076,0.00037,0.00186,0.00025,0.00170,0.05163,0.11174,0.01180,0.04412,0.06103,0.00025,0.00958,0.00009,0.02111,0.08184,0.02704,0.02686,,0.06626,0.01362,0.10004,0.00722,0.00001,0.01608,0.01868,,0.01168,0.23405,0.17262
1.61465,0.00630,0.00077,0.00038,0.00188,0.00025,0.00171,0.05247,0.11303,0.01214,0.04493,0.06211,0.00026,0.00978,0.00009,0.02154,0.08188,0.02784,0.02728,,0.06732,0.01420,0.10055,0.00732,0.00001,0.01614,0.01885,,0.01187,0.23683,0.17498
1.63317,0.00637,0.00078,0.00038,0.00191,0.00026,0.00173,0.05331,0.11432,0.01249,0.04574,0.06320,0.00028,0.00999,0.00010,0.02199,0.08193,0.02865,0.02771,,0.06839,0.01479,0.10108,0.00741,0.00001,0.01621,0.01902,,0.01207,0.23963,0.17736
1.65191,0.00644,0.00079,0.00039,0.00193,0.00026,0.00175,0.05416,0.11563,0.01285,0.04657,0.06431,0.00029,0.01021,0.00010,0.02245,0.08198,0.02949,0.02814,,0.06948,0.01542,0.10163,0.00751,0.00001,0.01628,0.01919,,0.01227,0.24246,0.17974
1.67086,0.00652,0.00080,0.00039,0.00195,0.00026,0.00177,0.05502,0.11696,0.01322,0.04741,0.06545,0.00031,0.01043,0.00010,0.02293,0.08204,0.03035,0.02859,,0.07059,0.01607,0.10220,0.00762,0.00001,0.01635,0.01937,,0.01248,0.24532,0.18214
1.69003,0.00659,0.00081,0.00039,0.00197,0.00026,0.00179,0.05590,0.11830,0.01361,0.04826,0.06660,0.00033,0.01065,0.00010,0.02341,0.08211,0.03122,0.02905,,0.07171,0.01674,0.10279,0.00772,0.00001,0.01642,0.01955,,0.01269,0.24821,0.18454
1.70942,0.00667,0.00081,0.00040,0.00199,0.00027,0.00181,0.05678,0.11966,0.01400,0.04911,0.06777,0.00034,0.01088,0.00011,0.02391,0.08218,0.03212,0.02951,,0.07286,0.01744,0.10340,0.00783,0.00002,0.01650,0.01973,,0.01290,0.25113,0.18696
1.72903,0.00674,0.00082,0.00040,0.00202,0.00027,0.00183,0.05767,0.12103,0.01440,0.04998,0.06896,0.00036,0.01112,0.00011,0.02443,0.08225,0.03304,0.02999,,0.07403,0.01817,0.10403,0.00794,0.00002,0.01657,0.01992,,0.01312,0.25407,0.18938
1.74887,0.00682,0.00083,0.00041,0.00204,0.00027,0.00185,0.05857,0.12242,0.01482,0.05086,0.07017,0.00038,0.01136,0.00011,0.02495,0.08234,0.03398,0.03048,,0.07521,0.01893,0.10468,0.00805,0.00002,0.01665,0.02011,,0.01335,0.25705,0.19182
1.76894,0.00690,0.00084,0.00041,0.00206,0.00028,0.00187,0.05949,0.12383,0.01525,0.05175,0.07141,0.00041,0.01160,0.00012,0.02549,0.08242,0.03495,0.03097,,0.07642,0.01972,0.10535,0.00816,0.00002,0.01673,0.02030,,0.01358,0.26006,0.19427
1.78923,0.00698,0.00085,0.00042,0.00209,0.00028,0.00189,0.06041,0.12525,0.01569,0.05265,0.07267,0.00043,0.01185,0.00012,0.02605,0.08252,0.03593,0.03148,,0.07765,0.02055,0.10605,0.00828,0.00003,0.01681,0.02050,,0.01381,0.26310,0.19673
1.80976,0.00706,0.00086,0.00042,0.00211,0.00028,0.00191,0.06134,0.12668,0.01615,0.05357,0.07394,0.00045,0.01211,0.00012,0.02662,0.08262,0.03694,0.03200,,0.07889,0.02140,0.10676,0.00840,0.00003,0.01689,0.02070,,0.01405,0.26618,0.19920
1.83052,0.00714,0.00087,0.00043,0.00214,0.00029,0.00193,0.06229,0.12814,0.01661,0.05449,0.07524,0.00048,0.01237,0.00013,0.02720,0.08273,0.03797,0.03253,,0.08016,0.02229,0.10749,0.00852,0.00003,0.01697,0.02090,,0.01430,0.26929,0.20168
1.85152,0.00722,0.00088,0.00043,0.00216,0.00029,0.00195,0.06324,0.12961,0.01709,0.05542,0.07657,0.00051,0.01263,0.00013,0.02780,0.08285,0.03903,0.03307,,0.08145,0.02321,0.10825,0.00865,0.00004,0.01705,0.02111,,0.01455,0.27244,0.20418
1.87277,0.00730,0.00089,0.00044,0.00218,0.00029,0.00197,0.06421,0.13109,0.01759,0.05637,0.07792,0.00053,0.01290,0.00013,0.02842,0.08297,0.04011,0.03362,,0.08277,0.02416,0.10903,0.00878,0.00004,0.01714,0.02132,,0.01481,0.27563,0.20669
1.89425,0.00739,0.00090,0.00044,0.00221,0.00030,0.00199,0.06519,0.13260,0.01810,0.05733,0.07929,0.00056,0.01318,0.00014,0.02905,0.08310,0.04121,0.03419,,0.08410,0.02516,0.10982,0.00891,0.00005,0.01722,0.02154,,0.01507,0.27886,0.20921
1.91598,0.00747,0.00091,0.00045,0.00224,0.00030,0.00202,0.06618,0.13412,0.01862,0.05830,0.08068,0.00060,0.01347,0.00014,0.02970,0.08324,0.04234,0.03476,,0.08546,0.02619,0.11064,0.00904,0.00005,0.01731,0.02176,,0.01534,0.28213,0.21174
1.93797,0.00756,0.00092,0.00045,0.00226,0.00030,0.00204,0.06718,0.13566,0.01916,0.05929,0.08210,0.00063,0.01376,0.00015,0.03037,0.08339,0.04350,0.03535,,0.08684,0.02726,0.11149,0.00918,0.00006,0.01740,0.02198,,0.01562,0.28545,0.21428
1.96020,0.00764,0.00093,0.00046,0.00229,0.00031,0.00206,0.06819,0.13721,0.01971,0.06028,0.08355,0.00067,0.01405,0.00015,0.03105,0.08354,0.04468,0.03595,,0.08824,0.02836,0.11235,0.00932,0.00006,0.01749,0.02221,,0.01590,0.28881,0.21684
1.98269,0.00773,0.00095,0.00046,0.00231,0.00031,0.00208,0.06921,0.13879,0.02028,0.06129,0.08502,0.00070,0.01435,0.00015,0.03175,0.08370,0.04589,0.03656,,0.08967,0.02951,0.11324,0.00947,0.00007,0.01759,0.02244,,0.01619,0.29222,0.21941
2.00544,0.00782,0.00096,0.00047,0.00234,0.00031,0.00211,0.07026,0.14038,0.02087,0.06231,0.08651,0.00074,0.01466,0.00016,0.03247,0.08387,0.04712,0.03719,,0.09112,0.03070,0.11415,0.00962,0.00008,0.01768,0.02268,,0.01648,0.29567,0.22200
2.02844,0.00791,0.00097,0.00047,0.00237,0.00032,0.00213,0.07137,0.14199,0.02147,0.06335,0.08803,0.00079,0.01498,0.00016,0.03322,0.08405,0.04839,0.03783,,0.09260,0.03194,0.11508,0.00977,0.00009,0.01778,0.02292,,0.01679,0.29918,0.22460
2.05172,0.00800,0.00098,0.00048,0.00239,0.00032,0.00216,0.07248,0.14362,0.02209,0.06440,0.08958,0.00083,0.01530,0.00017,0.03398,0.08424,0.04968,0.03848,,0.09410,0.03321,0.11604,0.00992,0.00010,0.01788,0.02317,,0.01710,0.30275,0.22721
2.07526,0.00809,0.00099,0.00048,0.00242,0.00033,0.00218,0.07361,0.14527,0.02273,0.06546,0.09116,0.00088,0.01563,0.00017,0.03476,0.08444,0.05100,0.03915,,0.09562,0.03454,0.11702,0.01008,0.00012,0.01798,0.02342,,0.01741,0.30637,0.22984
2.09906,0.00819,0.00100,0.00049,0.00245,0.00033,0.00221,0.07476,0.14693,0.02339,0.06653,0.09276,0.00093,0.01597,0.00018,0.03556,0.08465,0.05235,0.03983,,0.09717,0.03591,0.11802,0.01025,0.00013,0.01808,0.02367,,0.01773,0.31005,0.23248
2.12315,0.00828,0.00101,0.00050,0.00248,0.00033,0.00224,0.07591,0.14862,0.02407,0.06762,0.09440,0.00098,0.01631,0.00018,0.03638,0.08487,0.05372,0.04053,,0.09875,0.03732,0.11905,0.01042,0.00015,0.01819,0.02393,,0.01807,0.31379,0.23514
2.14751,0.00838,0.00102,0.00050,0.00251,0.00034,0.00226,0.07708,0.15033,0.02476,0.06872,0.09606,0.00104,0.01666,0.00019,0.03723,0.08510,0.05513,0.04124,,0.10035,0.03879,0.12010,0.01059,0.00017,0.01830,0.02420,,0.01840,0.31760,0.23782
2.17214,0.00847,0.00104,0.00051,0.00253,0.00034,0.00229,0.07826,0.15205,0.02548,0.06984,0.09775,0.00109,0.01702,0.00020,0.03809,0.08534,0.05657,0.04196,,0.10198,0.04030,0.12117,0.01076,0.00019,0.01841,0.02447,,0.01875,0.32148,0.24051
2.19706,0.00857,0.00105,0.00051,0.00256,0.00034,0.00232,0.07946,0.15379,0.02622,0.07097,0.09947,0.00116,0.01739,0.00020,0.03898,0.08558,0.05804,0.04270,,0.10364,0.04187,0.12227,0.01094,0.00022,0.01852,0.02474,,0.01910,0.32543,0.24322
2.22227,0.00867,0.00106,0.00052,0.00259,0.00035,0.00234,0.08067,0.15556,0.02698,0.07212,0.10122,0.00122,0.01776,0.00021,0.03990,0.08584,0.05954,0.04346,,0.10532,0.04348,0.12339,0.01113,0.00024,0.01863,0.02502,,0.01946,0.32945,0.24594
2.24777,0.00877,0.00107,0.00052,0.00262,0.00035,0.00237,0.08189,0.15734,0.02776,0.07328,0.10300,0.00129,0.01814,0.00021,0.04083,0.08612,0.06107,0.04423,,0.10703,0.04515,0.12454,0.01132,0.00028,0.01875,0.02531,,0.01983,0.33356,0.24869
2.27355,0.00887,0.00108,0.00053,0.00265,0.00036,0.00240,0.08313,0.15915,0.02856,0.07445,0.10481,0.00136,0.01853,0.00022,0.04179,0.08640,0.06264,0.04502,,0.10877,0.04687,0.12571,0.01151,0.00031,0.01887,0.02560,,0.02021,0.33776,0.25145
2.29964,0.00897,0.00110,0.00054,0.00268,0.00036,0.00243,0.08438,0.16097,0.02939,0.07564,0.10665,0.00144,0.01893,0.00023,0.04278,0.08669,0.06424,0.04582,,0.11053,0.04865,0.12691,0.01171,0.00036,0.01899,0.02590,,0.02060,0.34204,0.25423
2.32602,0.00907,0.00111,0.00054,0.00271,0.00036,0.00246,0.08565,0.16282,0.03024,0.07685,0.10853,0.00152,0.01934,0.00023,0.04379,0.08700,0.06587,0.04664,,0.11233,0.05048,0.12813,0.01192,0.00040,0.01912,0.02620,,0.02100,0.34642,0.25704
2.35271,0.00918,0.00112,0.00055,0.00274,0.00037,0.00249,0.08693,0.16469,0.03111,0.07807,0.11044,0.00161,0.01976,0.00024,0.04483,0.08732,0.06754,0.04748,,0.11415,0.05237,0.12938,0.01213,0.00046,0.01924,0.02651,,0.02140,0.35091,0.25986
2.37970,0.00928,0.00113,0.00056,0.00278,0.00037,0.00252,0.08823,0.16658,0.03201,0.07931,0.11238,0.00170,0.02018,0.00025,0.04590,0.08766,0.06924,0.04834,,0.11601,0.05432,0.13065,0.01235,0.00052,0.01937,0.02682,,0.02181,0.35550,0.26271
2.40700,0.00939,0.00115,0.00056,0.00281,0.00038,0.00255,0.08954,0.16849,0.03294,0.08057,0.11436,0.00180,0.02062,0.00026,0.04699,0.08800,0.07097,0.04921,,0.11789,0.05632,0.13195,0.01257,0.00059,0.01951,0.02715,,0.02224,0.36020,0.26557
2.43462,0.00950,0.00116,0.00057,0.00284,0.00038,0.00258,0.09086,0.17042,0.03389,0.08184,0.11637,0.00190,0.02106,0.00027,0.04811,0.08836,0.07275,0.05010,,0.11980,0.05839,0.13327,0.01280,0.00067,0.01964,0.02747,,0.02267,0.36503,0.26847
2.46255,0.00960,0.00117,0.00057,0.00287,0.00039,0.00261,0.09220,0.17238,0.03487,0.08312,0.11842,0.00201,0.02151,0.00027,0.04926,0.08874,0.07456,0.05101,,0.12175,0.06051,0.13463,0.01303,0.00077,0.01978,0.02781,,0.02311,0.36999,0.27138
2.49080,0.00971,0.00119,0.00058,0.00291,0.00039,0.00264,0.09356,0.17436,0.03588,0.08443,0.12050,0.00212,0.02198,0.00028,0.05044,0.08913,0.07640,0.05194,,0.12372,0.06270,0.13600,0.01327,0.00087,0.01992,0.02815,,0.02357,0.37509,0.27432
2.51938,0.00983,0.00120,0.00059,0.00294,0.00039,0.00267,0.09493,0.17636,0.03692,0.08575,0.12262,0.00224,0.02245,0.00029,0.05165,0.08954,0.07829,0.05288,,0.12573,0.06494,0.13741,0.01351,0.00099,0.02007,0.02849,,0.02403,0.38033,0.27729
2.54828,0.00994,0.00121,0.00059,0.00297,0.00040,0.00270,0.09632,0.17838,0.03799,0.08709,0.12478,0.00237,0.02293,0.00030,0.05288,0.08996,0.08021,0.05385,,0.12777,0.06725,0.13884,0.01377,0.00113,0.02022,0.02885,,0.02450,0.38573,0.28028
2.57752,0.01005,0.00123,0.00060,0.00301,0.00040,0.00274,0.09772,0.18043,0.03908,0.08845,0.12698,0.00250,0.02343,0.00031,0.05415,0.09040,0.08217,0.05483,,0.12984,0.06962,0.14029,0.01403,0.00129,0.02037,0.02921,,0.02499,0.39131,0.28331
2.60709,0.01017,0.00124,0.00061,0.00304,0.00041,0.00277,0.09914,0.18250,0.04022,0.08983,0.12921,0.00265,0.02393,0.00032,0.05545,0.09085,0.08418,0.05583,,0.13194,0.07206,0.14178,0.01429,0.00147,0.02052,0.02958,,0.02548,0.39707,0.28636
2.63700,0.01028,0.00126,0.00062,0.00308,0.00041,0.00280,0.10058,0.18459,0.04138,0.09122,0.13149,0.00280,0.02445,0.00033,0.05679,0.09132,0.08622,0.05686,,0.13407,0.07456,0.14329,0.01457,0.00167,0.02068,0.02995,,0.02599,0.40302,0.28944
2.66726,0.01040,0.00127,0.00062,0.00311,0.00042,0.00283,0.10203,0.18671,0.04258,0.09263,0.13380,0.00295,0.02497,0.00034,0.05815,0.09181,0.08830,0.05790,,0.13624,0.07712,0.14483,0.01485,0.00191,0.02084,0.03034,,0.02651,0.40918,0.29256
2.69786,0.01052,0.00129,0.00063,0.00315,0.00042,0.00287,0.10350,0.18885,0.04381,0.09407,0.13615,0.00312,0.02551,0.00035,0.05955,0.09232,0.09043,0.05897,,0.13844,0.07975,0.14639,0.01513,0.00218,0.02101,0.03073,,0.02704,0.41558,0.29571
2.72881,0.01064,0.00130,0.00064,0.00318,0.00043,0.00290,0.10498,0.19102,0.04507,0.09552,0.13855,0.00330,0.02606,0.00036,0.06098,0.09285,0.09259,0.06005,,0.14067,0.08245,0.14799,0.01543,0.00249,0.02118,0.03113,,0.02758,0.42222,0.29890
2.76012,0.01076,0.00132,0.00064,0.00322,0.00043,0.00294,0.10649,0.19321,0.04638,0.09699,0.14099,0.00349,0.02662,0.00038,0.06245,0.09340,0.09480,0.06116,,0.14294,0.08522,0.14961,0.01574,0.00284,0.02135,0.03153,,0.02813,0.42913,0.30212
2.79178,0.01089,0.00133,0.00065,0.00326,0.00044,0.00297,0.10801,0.19542,0.04772,0.09848,0.14347,0.00368,0.02719,0.00039,0.06395,0.09397,0.09705,0.06229,,0.14525,0.08805,0.15126,0.01605,0.00324,0.02153,0.03195,,0.02870,0.43633,0.30539
2.82381,0.01101,0.00135,0.00066,0.00329,0.00044,0.00301,0.10954,0.19767,0.04910,0.10000,0.14599,0.00389,0.02778,0.00040,0.06549,0.09456,0.09935,0.06344,,0.14759,0.09095,0.15294,0.01637,0.00371,0.02171,0.03237,,0.02928,0.44384,0.30870
2.85621,0.01114,0.00136,0.00067,0.00333,0.00045,0.00304,0.11110,0.19993,0.05052,0.10153,0.14856,0.00411,0.02838,0.00041,0.06706,0.09517,0.10169,0.06461,,0.14996,0.09391,0.15464,0.01670,0.00423,0.02190,0.03280,,0.02987,0.45171,0.31205
2.88898,0.01127,0.00138,0.00067,0.00337,0.00045,0.00308,0.11267,0.20223,0.05198,0.10308,0.15117,0.00435,0.02899,0.00043,0.06867,0.09580,0.10408,0.06580,,0.15237,0.09695,0.15638,0.01704,0.00484,0.02209,0.03325,,0.03048,0.45995,0.31544
2.92213,0.01140,0.00139,0.00068,0.00341,0.00046,0.00311,0.11426,0.20455,0.05349,0.10466,0.15383,0.00459,0.02961,0.00044,0.07032,0.09646,0.10651,0.06702,,0.15481,0.10005,0.15814,0.01739,0.00553,0.02229,0.03369,,0.03110,0.46861,0.31889
2.95565,0.01153,0.00141,0.00069,0.00345,0.00046,0.00315,0.11587,0.20690,0.05503,0.10626,0.15654,0.00485,0.03025,0.00046,0.07201,0.09714,0.10899,0.06826,0.00091,0.15729,0.10323,0.15994,0.01775,0.00632,0.02249,0.03415,,0.03173,0.47772,0.32238
2.98956,0.01166,0.00143,0.00070,0.00349,0.00047,0.00319,0.11750,0.20927,0.05663,0.10788,0.15930,0.00513,0.03090,0.00047,0.07373,0.09785,0.11152,0.06952,0.00204,0.15981,0.10648,0.16176,0.01812,0.00722,0.02270,0.03462,,0.03238,0.48735,0.32593
3.02386,0.01178,0.00147,0.00072,0.00360,0.00048,0.00323,0.11895,0.21143,0.05826,0.10952,0.16210,0.00542,0.03157,0.00049,0.07549,0.09858,0.11409,0.07081,0.00319,0.16237,0.10979,0.16361,0.01849,0.00825,0.02291,0.03510,,0.03304,0.49754,0.32954
3.05855,0.01190,0.00153,0.00076,0.00376,0.00049,0.00327,0.12034,0.21351,0.05995,0.11119,0.16495,0.00573,0.03224,0.00051,0.07729,0.09935,0.11671,0.07212,0.00435,0.16496,0.11318,0.16549,0.01888,0.00943,0.02313,0.03559,0.00002,0.03372,0.50835,0.33321
3.09364,0.01202,0.00160,0.00079,0.00391,0.00050,0.00332,0.12175,0.21562,0.06168,0.11288,0.16785,0.00605,0.03294,0.00052,0.07913,0.10013,0.11939,0.07345,0.00553,0.16759,0.11665,0.16741,0.01928,0.01078,0.02335,0.03608,0.00034,0.03441,0.51987,0.33694
3.12913,0.01214,0.00166,0.00082,0.00407,0.00051,0.00336,0.12317,0.21775,0.06347,0.11459,0.17081,0.00640,0.03365,0.00054,0.08100,0.10095,0.12211,0.07481,0.00673,0.17025,0.12018,0.16935,0.01970,0.01232,0.02358,0.03659,0.00068,0.03512,0.53217,0.34074
3.16503,0.01226,0.00172,0.00086,0.00423,0.00052,0.00341,0.12460,0.21990,0.06530,0.11633,0.17381,0.00676,0.03437,0.00056,0.08292,0.10180,0.12489,0.07619,0.00794,0.17296,0.12379,0.17132,0.02012,0.01408,0.02381,0.03711,0.00102,0.03585,0.54537,0.34462
3.20135,0.01238,0.00179,0.00089,0.00439,0.00054,0.00345,0.12605,0.22208,0.06719,0.11809,0.17687,0.00714,0.03511,0.00058,0.08488,0.10268,0.12771,0.07760,0.00918,0.17570,0.12747,0.17332,0.02056,0.01608,0.02405,0.03764,0.00137,0.03659,0.55958,0.34857
3.23808,0.01251,0.00185,0.00093,0.00455,0.00055,0.00350,0.12752,0.22428,0.06914,0.11988,0.17998,0.00755,0.03587,0.00060,0.08688,0.10360,0.13059,0.07903,0.01043,0.17848,0.13123,0.17536,0.02101,0.01837,0.02430,0.03818,0.00173,0.03734,0.57496,0.35260
3.27523,0.01264,0.00192,0.00096,0.00471,0.00056,0.00354,0.12901,0.22651,0.07114,0.12169,0.18315,0.00797,0.03664,0.00062,0.08892,0.10454,0.13352,0.08049,0.01170,0.18130,0.13507,0.17742,0.02147,0.02097,0.02456,0.03873,0.00209,0.03812,0.59167,0.35672
3.31280,0.01276,0.00198,0.00100,0.00488,0.00057,0.00359,0.13051,0.22877,0.07320,0.12353,0.18637,0.00843,0.03743,0.00064,0.09100,0.10552,0.13651,0.08197,0.01299,0.18416,0.13898,0.17951,0.02194,0.02394,0.02482,0.03929,0.00247,0.03891,0.60994,0.36093
3.35081,0.01289,0.00205,0.00103,0.00504,0.00059,0.00364,0.13203,0.23105,0.07531,0.12540,0.18965,0.00890,0.03823,0.00066,0.09312,0.10654,0.13955,0.08348,0.01430,0.18706,0.14297,0.18164,0.02243,0.02733,0.02509,0.03986,0.00285,0.03972,0.63003,0.36525
3.38925,0.01302,0.00212,0.00107,0.00521,0.00060,0.00369,0.13357,0.23336,0.07749,0.12730,0.19299,0.00941,0.03906,0.00068,0.09528,0.10760,0.14264,0.08501,0.01563,0.19000,0.14705,0.18380,0.02293,0.03117,0.02536,0.04045,0.00324,0.04055,0.65228,0.36967
3.42814,0.01316,0.00219,0.00111,0.00538,0.00061,0.00374,0.13513,0.23569,0.07973,0.12922,0.19638,0.00994,0.03990,0.00071,0.09748,0.10870,0.14579,0.08657,0.01697,0.19297,0.15120,0.18599,0.02345,0.03555,0.02565,0.04104,0.00364,0.04139,0.67713,0.37420
3.46747,0.01329,0.00226,0.00114,0.00556,0.00062,0.00378,0.13670,0.23805,0.08204,0.13117,0.19984,0.01051,0.04076,0.00073,0.09972,0.10983,0.14900,0.08815,0.01834,0.19599,0.15544,0.18821,0.02399,0.04051,0.02594,0.04165,0.00405,0.04226,0.70513,0.37886
3.50725,0.01342,0.00233,0.00118,0.00573,0.00064,0.00383,0.13829,0.24043,0.08441,0.13315,0.20335,0.01110,0.04163,0.00076,0.10201,0.11101,0.15227,0.08976,0.01973,0.19905,0.15976,0.19046,0.02453,0.04615,0.02624,0.04227,0.00447,0.04314,0.73703,0.38364
3.54749,0.01356,0.00240,0.00122,0.00591,0.00065,0.00388,0.13990,0.24285,0.08686,0.13516,0.20693,0.01173,0.04253,0.00078,0.10433,0.11224,0.15559,0.09140,0.02114,0.20214,0.16418,0.19275,0.02510,0.05254,0.02655,0.04291,0.00490,0.04405,0.77384,0.38857
3.58819,0.01370,0.00247,0.00126,0.00609,0.00066,0.00394,0.14153,0.24529,0.08937,0.13720,0.21057,0.01240,0.04345,0.00081,0.10670,0.11351,0.15898,0.09306,0.02257,0.20528,0.16868,0.19506,0.02568,0.05978,0.02687,0.04356,0.00534,0.04497,0.81698,0.39365
3.62935,0.01384,0.00254,0.00130,0.00627,0.00068,0.00399,0.14317,0.24776,0.09195,0.13927,0.21428,0.01310,0.04438,0.00084,0.10910,0.11483,0.16242,0.09475,0.02401,0.20846,0.17327,0.19741,0.02628,0.06797,0.02720,0.04422,0.00579,0.04591,0.86852,0.39890
3.67099,0.01398,0.00262,0.00134,0.00645,0.00069,0.00404,0.14484,0.25026,0.09461,0.14138,0.21805,0.01385,0.04534,0.00087,0.11155,0.11620,0.16593,0.09647,0.02549,0.21168,0.17796,0.19980,0.02689,0.07722,0.02753,0.04489,0.00626,0.04688,0.93160,0.40433
3.71311,0.01412,0.00269,0.00138,0.00664,0.00071,0.00409,0.14652,0.25279,0.09735,0.14351,0.22189,0.01463,0.04631,0.00090,0.11403,0.11762,0.16950,0.09821,0.02698,0.21493,0.18275,0.20221,0.02753,0.08765,0.02788,0.04558,0.00673,0.04787,0.64886,0.40994
3.75571,0.01427,0.00277,0.00142,0.00683,0.00072,0.00414,0.14823,0.25534,0.10017,0.14568,0.22579,0.01546,0.04731,0.00093,0.11656,0.11910,0.17313,0.09998,0.02849,0.21823,0.18764,0.20466,0.02818,0.09941,0.02824,0.04628,0.00721,0.04888,0.48596,0.41577
3.79880,0.01442,0.00284,0.00146,0.00701,0.00073,0.00420,0.14995,0.25793,0.10307,0.14788,0.22976,0.01634,0.04833,0.00096,0.11912,0.12063,0.17682,0.10178,0.03003,0.22157,0.19263,0.20714,0.02886,0.11265,0.02861,0.04700,0.00771,0.04991,0.39000,0.42183
3.84238,0.01456,0.00292,0.00150,0.00721,0.00075,0.00425,0.15170,0.26054,0.10605,0.15012,0.23381,0.01726,0.04937,0.00099,0.12172,0.12222,0.18058,0.10360,0.03159,0.22495,0.19774,0.20966,0.02955,0.12752,0.02899,0.04773,0.00821,0.05096,0.32676,0.42814
3.88647,0.01471,0.00300,0.00154,0.00740,0.00076,0.00431,0.15346,0.26319,0.10912,0.15239,0.23792,0.01824,0.05043,0.00103,0.12436,0.12388,0.18440,0.10546,0.03318,0.22837,0.20295,0.21221,0.03026,0.14419,0.02939,0.04848,0.00873,0.05204,0.28194,0.43472
3.93105,0.01487,0.00308,0.00158,0.00760,0.00078,0.00436,0.15524,0.26586,0.11227,0.15470,0.24211,0.01928,0.05152,0.00107,0.12704,0.12560,0.18829,0.10733,0.03478,0.23183,0.20829,0.21479,0.03100,0.16286,0.02980,0.04924,0.00926,0.05314,0.24851,0.44160
3.97616,0.01502,0.00316,0.00163,0.00780,0.00079,0.00442,0.15705,0.26857,0.11552,0.15704,0.24637,0.02037,0.05263,0.00110,0.12975,0.12738,0.19225,0.10924,0.03641,0.23533,0.21375,0.21741,0.03176,0.18372,0.03022,0.05002,0.00980,0.05427,0.22263,0.44881
4.02177,0.01518,0.00326,0.00169,0.00818,0.00081,0.00448,0.15878,0.27030,0.11983,0.15942,0.25070,0.02153,0.05376,0.00114,0.13250,0.12924,0.19627,0.11117,0.03807,0.23888,0.21933,0.22006,0.03254,0.20699,0.03065,0.05082,0.01036,0.05542,0.20199,0.45638
4.06791,0.01534,0.00339,0.00178,0.00879,0.00084,0.00454,0.16044,0.27095,0.12378,0.16184,0.25511,0.02275,0.05492,0.00118,0.13528,0.13117,0.20037,0.11313,0.03975,0.24246,0.22506,0.22274,0.03334,0.23289,0.03110,0.05163,0.01093,0.05660,0.18516,0.46436
4.11459,0.01550,0.00352,0.00186,0.00940,0.00086,0.00460,0.16213,0.27160,0.12778,0.16430,0.25960,0.02393,0.05610,0.00122,0.13810,0.13318,0.20453,0.11512,0.04145,0.24608,0.23092,0.22546,0.03417,0.26165,0.03156,0.05245,0.01151,0.05780,0.17116,0.47278
4.16179,0.01567,0.00365,0.00195,0.01001,0.00089,0.00467,0.16382,0.27227,0.13183,0.16680,0.26417,0.02510,0.05731,0.00127,0.14095,0.13526,0.20877,0.11713,0.04318,0.24974,0.23692,0.22822,0.03502,0.29351,0.03204,0.05330,0.01210,0.05903,0.15933,0.48170
4.20954,0.01583,0.00379,0.00204,0.01063,0.00092,0.00473,0.16554,0.27293,0.13593,0.16934,0.26882,0.02633,0.05854,0.00131,0.14383,0.13743,0.21307,0.11917,0.04493,0.25344,0.24309,0.23101,0.03590,0.32872,0.03254,0.05416,0.01271,0.06029,0.14921,0.49117
4.25783,0.01600,0.00392,0.00213,0.01126,0.00094,0.00479,0.16728,0.27361,0.14007,0.17193,0.27355,0.02761,0.05980,0.00136,0.14674,0.13969,0.21746,0.12124,0.04671,0.25718,0.24941,0.23383,0.03681,0.36753,0.03306,0.05504,0.01334,0.06157,0.14045,0.50127
4.30668,0.01617,0.00406,0.00223,0.01190,0.00097,0.00486,0.16904,0.27429,0.14426,0.17455,0.27836,0.02896,0.06109,0.00140,0.14967,0.14204,0.22191,0.12333,0.04852,0.26096,0.25590,0.23669,0.03774,0.41020,0.03359,0.05594,0.01398,0.06289,0.13280,0.51208
4.35609,0.01635,0.00420,0.00232,0.01255,0.00100,0.00493,0.17082,0.27499,0.14849,0.17723,0.28326,0.03035,0.06240,0.00145,0.15264,0.14448,0.22644,0.12545,0.05036,0.26478,0.26257,0.23959,0.03871,0.45696,0.03414,0.05686,0.01463,0.06423,0.12605,0.52368
4.40607,0.01652,0.00434,0.00241,0.01320,0.00102,0.00499,0.17262,0.27569,0.15278,0.17994,0.28824,0.03182,0.06374,0.00151,0.15563,0.14702,0.23105,0.12760,0.05222,0.26863,0.26942,0.24252,0.03970,0.50805,0.03471,0.05779,0.01530,0.06560,0.12005,0.53619
4.45662,0.01670,0.00448,0.00251,0.01386,0.00105,0.00506,0.17444,0.27639,0.15711,0.18271,0.29331,0.03334,0.06512,0.00156,0.15865,0.14966,0.23574,0.12978,0.05410,0.27252,0.27646,0.24549,0.04072,0.56368,0.03531,0.05874,0.01599,0.06700,0.11469,0.54975
4.50775,0.01688,0.00462,0.00260,0.01453,0.00108,0.00513,0.17628,0.27711,0.16149,0.18552,0.29847,0.03494,0.06652,0.00161,0.16169,0.15241,0.24050,0.13198,0.05602,0.27645,0.28371,0.24849,0.04178,0.62406,0.03592,0.05972,0.01669,0.06843,0.10986,0.56451
4.55947,0.01706,0.00477,0.00270,0.01520,0.00111,0.00520,0.17814,0.27783,0.16593,0.18838,0.30372,0.03660,0.06795,0.00167,0.16475,0.15528,0.24535,0.13421,0.05797,0.28042,0.29117,0.25153,0.04286,0.68934,0.03657,0.06071,0.01741,0.06989,0.10550,0.58067
4.61178,0.01724,0.00491,0.00280,0.01588,0.00114,0.00527,0.18002,0.27856,0.17041,0.19129,0.30907,0.03833,0.06941,0.00173,0.16784,0.15826,0.25027,0.13647,0.05994,0.28442,0.29885,0.25461,0.04398,0.75964,0.03723,0.06173,0.01814,0.07139,0.10153,0.59847
4.66469,0.01743,0.00506,0.00290,0.01657,0.00117,0.00534,0.18193,0.27931,0.17495,0.19425,0.31451,0.04015,0.07091,0.00179,0.17094,0.16136,0.25528,0.13875,0.06194,0.28846,0.30677,0.25772,0.04514,0.83503,0.03792,0.06276,0.01889,0.07292,0.09790,0.61819
4.71821,0.01761,0.00521,0.00300,0.01727,0.00120,0.00541,0.18386,0.28005,0.17954,0.19727,0.32004,0.04203,0.07243,0.00185,0.17406,0.16459,0.26038,0.14106,0.06397,0.29253,0.31492,0.26087,0.04633,0.91554,0.03864,0.06381,0.01966,0.07448,0.09458,0.64023
4.77234,0.01780,0.00536,0.00310,0.01798,0.00122,0.00548,0.18580,0.28081,0.18418,0.20034,0.32567,0.04401,0.07399,0.00192,0.17720,0.16796,0.26556,0.14339,0.06603,0.29664,0.32332,0.26406,0.04756,1.00109,0.03939,0.06489,0.02045,0.07607,0.09152,0.66504
4.82709,0.01799,0.00552,0.00320,0.01869,0.00125,0.00555,0.18778,0.28158,0.18887,0.20346,0.33140,0.04606,0.07559,0.00199,0.18035,0.17146,0.27083,0.14575,0.06813,0.30078,0.33199,0.26728,0.04882,1.09155,0.04017,0.06599,0.02126,0.07770,0.08869,0.69323
4.88247,0.01819,0.00567,0.00330,0.01942,0.00129,0.00563,0.18977,0.28235,0.19362,0.20665,0.33723,0.04821,0.07721,0.00206,0.18351,0.17510,0.27619,0.14814,0.07025,0.30495,0.34092,0.27055,0.05013,1.18669,0.04098,0.06711,0.02209,0.07937,0.08607,0.72562
4.93849,0.01838,0.00583,0.00341,0.02015,0.00132,0.00570,0.19179,0.28314,0.19843,0.20989,0.34317,0.05044,0.07888,0.00213,0.18668,0.17889,0.28163,0.15056,0.07241,0.30916,0.35014,0.27384,0.05147,1.28616,0.04183,0.06825,0.02293,0.08107,0.08363,0.76329
4.99515,0.01858,0.00599,0.00352,0.02089,0.00135,0.00578,0.19383,0.28393,0.20328,0.21320,0.34920,0.05277,0.08057,0.00221,0.18987,0.18284,0.28717,0.15300,0.07459,0.31339,0.35963,0.27718,0.05286,1.38952,0.04271,0.06942,0.02380,0.08281,0.08136,0.80770
5.05245,0.01878,0.00615,0.00362,0.02163,0.00138,0.00586,0.19589,0.28473,0.20820,0.21656,0.35535,0.05520,0.08231,0.00228,0.19306,0.18694,0.29281,0.15547,0.07681,0.31766,0.36943,0.28056,0.05429,1.49619,0.04363,0.07061,0.02469,0.08458,0.07923,0.86098
5.11042,0.01899,0.00631,0.00373,0.02239,0.00141,0.00593,0.19798,0.28555,0.21317,0.22000,0.36160,0.05773,0.08408,0.00236,0.19626,0.19121,0.29854,0.15796,0.07906,0.32195,0.37952,0.28397,0.05576,1.60548,0.04460,0.07182,0.02560,0.08639,0.07724,0.92617
5.16905,0.01919,0.00647,0.00384,0.02316,0.00144,0.00601,0.20009,0.28637,0.21819,0.22349,0.36796,0.06037,0.08589,0.00245,0.19946,0.19566,0.30437,0.16048,0.08135,0.32627,0.38992,0.28742,0.05728,1.71655,0.04560,0.07305,0.02653,0.08825,0.07537,1.00795
5.22836,0.01940,0.00664,0.00395,0.02393,0.00148,0.00609,0.20222,0.28720,0.22328,0.22706,0.37444,0.06312,0.08774,0.00253,0.20267,0.20027,0.31030,0.16303,0.08367,0.33061,0.40062,0.29091,0.05885,1.82844,0.04666,0.07432,0.02748,0.09014,0.07360,1.11379
5.28834,0.01961,0.00681,0.00407,0.02471,0.00151,0.00617,0.20438,0.28804,0.22842,0.23070,0.38103,0.06599,0.08963,0.00262,0.20588,0.20507,0.31633,0.16561,0.08602,0.33498,0.41164,0.29444,0.06047,1.94005,0.04776,0.07560,0.02846,0.09207,0.07194,0.71208
5.34901,0.01982,0.00698,0.00418,0.02550,0.00154,0.00625,0.20656,0.28889,0.23362,0.23441,0.38773,0.06897,0.09156,0.00272,0.20909,0.21005,0.32247,0.16821,0.08841,0.33937,0.42296,0.29801,0.06213,2.05015,0.04892,0.07691,0.02945,0.09405,0.07036,0.50401
5.41038,0.02004,0.00715,0.00429,0.02631,0.00158,0.00633,0.20877,0.28975,0.23889,0.23820,0.39455,0.07208,0.09353,0.00281,0.21230,0.21521,0.32871,0.17084,0.09083,0.34379,0.43458,0.30162,0.06385,2.15743,0.05013,0.07825,0.03048,0.09606,0.06887,0.40924
5.47245,0.02025,0.00732,0.00441,0.02712,0.00161,0.00642,0.21101,0.29061,0.24421,0.24206,0.40150,0.07532,0.09554,0.00291,0.21552,0.22057,0.33506,0.17349,0.09329,0.34822,0.44650,0.30526,0.06562,2.11622,0.05140,0.07961,0.03152,0.09812,0.06746,0.35396
5.53524,0.02047,0.00750,0.00453,0.02793,0.00164,0.00650,0.21327,0.29149,0.24959,0.24600,0.40856,0.07869,0.09760,0.00301,0.21873,0.22612,0.34153,0.17618,0.09579,0.35268,0.45869,0.30895,0.06744,1.93073,0.05274,0.08100,0.03260,0.10023,0.06611,0.31712
5.59874,0.02070,0.00768,0.00465,0.02876,0.00168,0.00658,0.21555,0.29238,0.25504,0.25003,0.41575,0.08220,0.09970,0.00312,0.22194,0.23187,0.34810,0.17889,0.09832,0.35715,0.47114,0.31268,0.06933,1.74311,0.05415,0.08241,0.03369,0.10238,0.06482,0.29040
5.66298,0.02092,0.00786,0.00477,0.02960,0.00171,0.00667,0.21787,0.29328,0.26054,0.25414,0.42306,0.08585,0.10184,0.00323,0.22515,0.23781,0.35480,0.18163,0.10089,0.36163,0.48383,0.31644,0.07127,1.55335,0.05563,0.08386,0.03482,0.10457,0.06360,0.26985
5.72795,0.02115,0.00804,0.00489,0.03045,0.00175,0.00676,0.22021,0.29419,0.26611,0.25834,0.43051,0.08965,0.10404,0.00334,0.22836,0.24394,0.36162,0.18440,0.10350,0.36613,0.49672,0.32025,0.07326,1.36140,0.05719,0.08533,0.03597,0.10681,0.06242,0.25336
5.79366,0.02138,0.00822,0.00501,0.03131,0.00179,0.00684,0.22257,0.29511,0.27175,0.26263,0.43808,0.09360,0.10628,0.00346,0.23156,0.25026,0.36856,0.18720,0.10614,0.37064,0.50978,0.32409,0.07533,1.16725,0.05884,0.08683,0.03715,0.10910,0.06130,0.23971
5.86013,0.02161,0.00841,0.00514,0.03217,0.00182,0.00693,0.22496,0.29604,0.27745,0.26701,0.44579,0.09772,0.10857,0.00358,0.23477,0.25676,0.37563,0.19002,0.10883,0.37516,0.52294,0.32798,0.07745,0.97087,0.06058,0.08835,0.03836,0.11144,0.06022,0.22812
5.92737,0.02185,0.00860,0.00526,0.03305,0.00186,0.00702,0.22739,0.29698,0.28321,0.27149,0.45363,0.10200,0.11110,0.00370,0.23798,0.26343,0.38283,0.19288,0.11155,0.37968,0.53616,0.33191,0.07964,0.77224,0.06242,0.08991,0.03959,0.11382,0.05919,0.21808
5.99537,0.02208,0.00879,0.00539,0.03394,0.00190,0.00711,0.22983,0.29794,0.28904,0.27607,0.46162,0.10645,0.11368,0.00383,0.24119,0.27027,0.39017,0.19577,0.11432,0.38421,0.54937,0.33588,0.08190,0.57134,0.06437,0.09149,0.04086,0.11626,0.05819,0.20924
6.06416,0.02239,0.00904,0.00561,0.03557,0.00196,0.00723,0.23225,0.29822,0.29494,0.28076,0.46974,0.11108,0.11632,0.00397,0.24440,0.27726,0.39764,0.19869,0.11713,0.38874,0.56247,0.33989,0.08423,0.36813,0.06643,0.09310,0.04216,0.11875,0.05723,0.20137
6.13373,0.02270,0.00930,0.00585,0.03726,0.00203,0.00734,0.23468,0.29847,0.30091,0.28555,0.47800,0.11589,0.11900,0.00410,0.24762,0.28438,0.40526,0.20164,0.11997,0.39327,0.57537,0.34394,0.08663,0.23266,0.06862,0.09475,0.04348,0.12128,0.05631,0.19427
6.20410,0.02302,0.00957,0.00608,0.03898,0.00209,0.00746,0.23714,0.29871,0.30694,0.29045,0.48641,0.12089,0.12174,0.00425,0.25085,0.29162,0.41302,0.20462,0.12286,0.39780,0.58796,0.34803,0.08910,0.22384,0.07095,0.09642,0.04485,0.12388,0.05541,0.18781
6.27528,0.02334,0.00983,0.00632,0.04072,0.00216,0.00758,0.23963,0.29896,0.31304,0.29547,0.49497,0.12609,0.12454,0.00439,0.25409,0.29893,0.42094,0.20764,0.12580,0.40232,0.60011,0.35216,0.09165,0.21532,0.07343,0.09812,0.04624,0.12652,0.05455,0.18190
6.34727,0.02366,0.01010,0.00656,0.04247,0.00223,0.00770,0.24215,0.29922,0.31922,0.30060,0.50368,0.13150,0.12738,0.00455,0.25734,0.30631,0.42902,0.21070,0.12877,0.40684,0.61167,0.35634,0.09427,0.20708,0.07607,0.09986,0.04767,0.12922,0.05371,0.17644
6.42010,0.02399,0.01038,0.00681,0.04425,0.00230,0.00783,0.24470,0.29947,0.32546,0.30586,0.83635,0.13711,0.13029,0.00470,0.26061,0.31370,0.43725,0.21379,0.13179,0.41134,0.62247,0.36055,0.09698,0.19912,0.07888,0.10162,0.04913,0.13198,0.05289,0.17137
6.49375,0.02432,0.01065,0.00705,0.04605,0.00237,0.00795,0.24728,0.29973,0.33177,0.31125,0.72245,0.14294,0.13325,0.00487,0.26391,0.32107,0.44566,0.21692,0.13486,0.41517,0.63235,0.36481,0.09977,0.19144,0.08190,0.10342,0.05063,0.13479,0.05210,0.16665
6.56826,0.02466,0.01093,0.00730,0.04787,0.00244,0.00807,0.24989,0.29999,0.33816,0.31676,0.62447,0.14900,0.13627,0.00503,0.26723,0.32838,0.45424,0.22009,0.13797,0.41892,0.64109,0.36911,0.10264,0.18403,0.08512,0.10525,0.05216,0.13767,0.05134,0.16223
6.64361,0.02500,0.01121,0.00756,0.04970,0.00251,0.00820,0.25253,0.30025,0.34462,0.32241,0.54095,0.15529,0.13935,0.00521,0.27060,0.33558,0.46300,0.22330,0.14112,0.42344,0.64848,0.37346,0.10560,0.17688,0.08858,0.10711,0.05373,0.14060,0.05059,0.15808
6.71983,0.02534,0.01150,0.00781,0.05156,0.00258,0.00833,0.25519,0.30052,0.35116,0.32820,0.47051,0.16183,0.14249,0.00539,0.27400,0.34261,0.47195,0.22655,0.14432,0.42543,0.65429,0.37785,0.10865,0.16999,0.09230,0.10900,0.05534,0.14359,0.04986,0.15416
6.79693,0.02569,0.01179,0.00807,0.05345,0.00266,0.00846,0.25789,0.30079,0.35777,0.33413,0.41185,0.16861,0.14569,0.00557,0.27745,0.34941,0.48110,0.22984,0.14757,0.42257,0.65827,0.38228,0.11179,0.16336,0.09631,0.11093,0.05699,0.14664,0.04915,0.15046
6.87491,0.02604,0.01208,0.00833,0.05535,0.00273,0.00859,0.26062,0.30106,0.36445,0.34022,0.36379,0.17564,0.14895,0.00576,0.28097,0.35593,0.49045,0.23318,0.15087,0.41339,0.66019,0.38675,0.11502,0.15698,0.10063,0.11289,0.05868,0.14976,0.04846,0.14694
6.95378,0.02639,0.01238,0.00860,0.05727,0.00281,0.00872,0.26338,0.30134,0.37122,0.34645,0.32527,0.18295,0.15227,0.00596,0.28455,0.36210,0.50001,0.23657,0.15422,0.39355,0.65978,0.39126,0.11835,0.15085,0.10531,0.11488,0.06042,0.15293,0.04778,0.14361
7.03356,0.02675,0.01268,0.00886,0.05922,0.00288,0.00886,0.26617,0.30162,0.37806,0.35284,0.29538,0.19052,0.15566,0.00616,0.28813,0.36785,0.50979,0.24001,0.15762,0.37842,0.65679,0.39582,0.12179,0.14496,0.11038,0.11690,0.06219,0.15618,0.04711,0.14042
7.11426,0.02711,0.01298,0.00913,0.06119,0.00296,0.00899,0.26900,0.30190,0.38498,0.35940,0.27338,0.19838,0.15912,0.00637,0.29118,0.37313,0.51979,0.24349,0.16106,0.36875,0.65098,0.40043,0.12532,0.13931,0.11589,0.11896,0.06401,0.15948,0.04646,0.13739
7.19588,0.02748,0.01328,0.00941,0.06318,0.00304,0.00913,0.27186,0.30219,0.38446,0.36612,0.25873,0.20653,0.16264,0.00658,0.29356,0.37786,0.53004,0.24704,0.16456,0.36094,0.64214,0.40508,0.12896,0.13389,0.12189,0.12106,0.06587,0.16286,0.04582,0.13449
7.27844,0.02785,0.01359,0.00968,0.06519,0.00311,0.00927,0.27475,0.30247,0.38134,0.37301,0.25275,0.21498,0.16623,0.00681,0.29528,0.38200,0.54053,0.25064,0.16811,0.35494,0.63008,0.40977,0.13270,0.12870,0.12846,0.12318,0.06778,0.16630,0.04520,0.13171
7.36194,0.02823,0.01391,0.00996,0.06723,0.00319,0.00941,0.27767,0.30277,0.37829,0.38008,0.25038,0.22374,0.16989,0.00704,0.29637,0.38548,0.55128,0.25429,0.17171,0.35068,0.61467,0.41450,0.13656,0.12374,0.13565,0.12535,0.06973,0.16981,0.04458,0.12904
7.44641,0.02861,0.01422,0.01025,0.06929,0.00327,0.00955,0.28062,0.30306,0.37528,0.38733,0.24808,0.23282,0.17362,0.00727,0.29685,0.38825,0.56231,0.25801,0.17536,0.34807,0.59581,0.41928,0.14053,0.11900,0.14355,0.12754,0.07174,0.17339,0.04398,0.12648
7.53184,0.02899,0.01454,0.01053,0.07138,0.00336,0.00969,0.28361,0.30336,0.37234,0.39475,0.24587,0.24223,0.17742,0.00752,0.29676,0.39030,0.57362,0.26180,0.17907,0.34705,0.57350,0.42411,0.14461,0.11448,0.15228,0.12977,0.07379,0.17704,0.04338,0.12402
7.61825,0.02938,0.01487,0.01082,0.07349,0.00344,0.00984,0.28664,0.30366,0.36946,0.40236,0.24373,0.25197,0.18129,0.00777,0.29611,0.39158,0.58522,0.26565,0.18284,0.34750,0.54781,0.42898,0.14882,0.11018,0.16194,0.13204,0.07590,0.18077,0.04279,0.12165
7.70565,0.02978,0.01520,0.01111,0.07562,0.00352,0.00999,0.28970,0.30397,0.36665,0.41015,0.24168,0.26207,0.18524,0.00803,0.29495,0.39208,0.59714,0.26957,0.18666,0.34934,0.51889,0.43389,0.15314,0.10608,0.17267,0.13434,0.07806,0.18457,0.04222,0.11937
7.79406,0.03017,0.01553,0.01141,0.07778,0.00360,0.01013,0.29279,0.30428,0.36390,0.41813,0.23970,0.27252,0.18926,0.00830,0.29332,0.39180,0.60938,0.27356,0.19053,0.35245,0.48702,0.43885,0.15760,0.10220,0.18466,0.13668,0.08027,0.18844,0.04164,0.11717
7.88348,0.03058,0.01586,0.01171,0.07996,0.00369,0.01028,0.29592,0.30459,0.36122,0.42629,0.23780,0.28334,0.19336,0.00857,0.29124,0.39076,0.62196,0.27763,0.19446,0.35670,0.45256,0.44386,0.16218,0.09852,0.19810,0.13905,0.08253,0.19239,0.04108,0.11504
7.97392,0.03098,0.01620,0.01201,0.08216,0.00378,0.01044,0.29909,0.30491,0.35861,0.43464,0.23597,0.29454,0.19754,0.00886,0.28877,0.38898,0.63490,0.28178,0.19846,0.36198,0.41598,0.44891,0.16689,0.09504,0.21324,0.14146,0.08486,0.19641,0.04052,0.11298
8.06541,0.03143,0.01660,0.01243,0.08516,0.00391,0.01065,0.30164,0.30467,0.35608,0.44315,0.23422,0.30612,0.20180,0.00915,0.28596,0.38648,0.64821,0.28601,0.20251,0.36814,0.37787,0.45400,0.17174,0.09175,0.23040,0.14390,0.08724,0.20051,0.03997,0.11100
8.15794,0.03189,0.01703,0.01290,0.08850,0.00406,0.01086,0.30395,0.30421,0.35362,0.45184,0.23254,0.31811,0.20614,0.00945,0.28284,0.38333,0.66192,0.29033,0.20662,0.37502,0.33885,0.45915,0.17672,0.08867,0.24996,0.14638,0.08968,0.20470,0.03943,0.10907
8.25154,0.03236,0.01746,0.01337,0.09188,0.00422,0.01108,0.30629,0.30374,0.35124,0.46069,0.23094,0.33051,0.21056,0.00976,0.27949,0.37959,0.67604,0.29474,0.21079,0.38246,0.32625,0.46434,0.18185,0.08577,0.27239,0.14889,0.09218,0.20896,0.03889,0.10721
8.34621,0.03283,0.01789,0.01385,0.09530,0.00437,0.01130,0.30866,0.30327,0.34893,0.46968,0.22941,0.34332,0.21507,0.01008,0.27595,0.37531,0.69060,0.29924,0.21502,0.39029,0.31715,0.46957,0.18712,0.08306,0.29831,0.15144,0.09475,0.21330,0.03836,0.10540
8.44196,0.03331,0.01833,0.01433,0.09875,0.00453,0.01152,0.31105,0.30279,0.34671,0.47880,0.22795,0.35657,0.21966,0.01041,0.27229,0.37057,0.70561,0.30384,0.21931,0.39831,0.30907,0.47485,0.19255,0.08054,0.32848,0.15403,0.09738,0.21773,0.03783,0.10365
8.53881,0.03379,0.01878,0.01482,0.10225,0.00469,0.01174,0.31347,0.30231,0.34458,0.48802,0.22656,0.37026,0.22434,0.01075,0.26858,0.36545,0.72110,0.30854,0.22367,0.40632,0.30193,0.48018,0.19812,0.07820,0.36392,0.15665,0.10008,0.22224,0.03730,0.10195
8.63678,0.03428,0.01923,0.01532,0.10579,0.00485,0.01196,0.31592,0.30182,0.34253,0.49733,0.22524,0.38441,0.22911,0.01109,0.26489,0.36004,0.73711,0.31334,0.22810,0.41410,0.29563,0.48556,0.20385,0.07604,0.40596,0.15931,0.10284,0.22684,0.03678,0.10030
8.73587,0.03478,0.01968,0.01582,0.10936,0.00501,0.01219,0.31840,0.30132,0.34057,0.50667,0.22398,0.39902,0.23397,0.01145,0.26131,0.35444,0.75364,0.31825,0.23258,0.42142,0.29012,0.49098,0.20974,0.07405,0.45637,0.16201,0.10568,0.23152,0.03626,0.09870
8.83609,0.03528,0.02015,0.01632,0.11298,0.00518,0.01242,0.32090,0.30082,0.33870,0.51602,0.22280,0.41410,0.23892,0.01182,0.25790,0.34906,0.77074,0.32327,0.23714,0.42804,0.28532,0.28910,0.21580,0.07224,0.51759,0.16474,0.10859,0.23629,0.03575,0.09714
8.93747,0.03579,0.02061,0.01683,0.11664,0.00535,0.01266,0.32344,0.30031,0.33693,0.52532,0.22169,0.42966,0.24397,0.01220,0.25477,0.34415,0.78842,0.32840,0.24176,0.43368,0.28118,0.29327,0.22202,0.07060,0.59300,0.16750,0.11157,0.24115,0.03524,0.09562
9.04001,0.03630,0.02108,0.01735,0.12034,0.00552,0.01289,0.32600,0.29980,0.33525,0.53450,0.22064,0.44573,0.24912,0.01259,0.25201,0.33970,0.80673,0.33364,0.24645,0.43806,0.27763,0.29751,0.22842,0.06913,0.68747,0.17031,0.11463,0.24610,0.03474,0.09415
9.14372,0.03682,0.02156,0.01788,0.12409,0.00569,0.01313,0.32859,0.29928,0.33367,0.54351,0.21966,0.46229,0.25436,0.01299,0.24971,0.33568,0.82257,0.33900,0.25121,0.43600,0.27462,0.30180,0.23499,0.06782,0.80812,0.17315,0.11777,0.25114,0.03423,0.09271
9.24863,0.03734,0.02204,0.01841,0.12788,0.00586,0.01337,0.33122,0.29876,0.33220,0.55226,0.21874,0.47938,0.25970,0.01340,0.24799,0.33210,0.80057,0.34448,0.25604,0.40637,0.27211,0.30615,0.24175,0.06668,0.96585,0.17602,0.12099,0.25627,0.03373,0.09131
9.35474,0.03787,0.02253,0.01894,0.13171,0.00604,0.01362,0.33387,0.29823,0.33082,0.56065,0.21789,0.49699,0.26515,0.01383,0.24692,0.32892,0.77106,0.35008,0.26094,0.37640,0.27005,0.31056,0.24869,0.06570,1.34902,0.17893,0.12429,0.26150,0.03324,0.08995
9.46206,0.03841,0.02303,0.01948,0.13558,0.00621,0.01386,0.33655,0.29769,0.32956,0.56858,0.21711,0.51514,0.27070,0.01426,0.24617,0.32615,0.73517,0.35580,0.26592,0.34608,0.26840,0.31501,0.25582,0.06488,1.70324,0.18188,0.12768,0.26682,0.03274,0.08862
9.57062,0.03895,0.02352,0.02003,0.13950,0.00639,0.01411,0.33927,0.29715,0.32840,0.57594,0.21639,0.53383,0.27636,0.01471,0.24559,0.32377,0.69403,0.36164,0.27096,0.31542,0.26713,0.31952,0.26315,0.06421,1.66752,0.18487,0.13115,0.27223,0.03225,0.08732
9.68042,0.03950,0.02403,0.02059,0.14346,0.00657,0.01436,0.34201,0.29660,0.32735,0.58259,0.21574,0.55308,0.28212,0.01517,0.24518,0.32176,0.64891,0.36759,0.27609,0.28440,0.26619,0.32408,0.27069,0.06370,1.30430,0.18789,0.13472,0.27774,0.03176,0.08606
9.79148,0.04006,0.02454,0.02115,0.14747,0.00676,0.01462,0.34479,0.29604,0.32642,0.58840,0.21515,0.57289,0.28800,0.01565,0.24493,0.32012,0.60116,0.37367,0.28128,0.26239,0.26556,0.32868,0.27842,0.06333,0.93016,0.19094,0.13837,0.28335,0.03128,0.08482
9.90382,0.04062,0.02506,0.02171,0.15153,0.00694,0.01488,0.34760,0.29548,0.32560,0.59321,0.21462,0.59328,0.29400,0.01613,0.24485,0.31883,0.55222,0.37986,0.28656,0.25985,0.26520,0.33333,0.28637,0.06312,0.66213,0.19404,0.14213,0.28906,0.03079,0.08362
10.01745,0.04119,0.02559,0.02234,0.15579,0.00717,0.01515,0.35061,0.29448,0.32490,0.59689,0.21416,0.61425,0.30011,0.01663,0.24492,0.31788,0.50365,0.38617,0.29191,0.25749,0.26510,0.33802,0.29454,0.06305,0.48619,0.19717,0.14598,0.29487,0.03031,0.08244
10.13237,0.04179,0.02615,0.02323,0.16096,0.00760,0.01547,0.35463,0.29108,0.32432,0.59929,0.21376,0.63581,0.30634,0.01714,0.24516,0.31726,0.45710,0.39258,0.29734,0.25532,0.26523,0.34275,0.30294,0.06313,0.37067,0.20034,0.14993,0.30078,0.02983,0.08130
10.24862,0.04239,0.02672,0.02413,0.16619,0.00804,0.01580,0.35870,0.28764,0.32387,0.60025,0.21342,0.65796,0.31269,0.01767,0.24556,0.31696,0.41433,0.39908,0.30286,0.25332,0.26556,0.34752,0.31157,0.06335,0.29279,0.20354,0.15399,0.30679,0.02936,0.08017
10.36620,0.04300,0.02729,0.02504,0.17148,0.00848,0.01613,0.36282,0.28416,0.32354,0.59967,0.21315,0.68071,0.31916,0.01821,0.24611,0.31697,0.37726,0.40567,0.30845,0.25150,0.26608,0.35232,0.32043,0.06371,0.23868,0.20678,0.15816,0.31290,0.02888,0.07908
10.48513,0.04361,0.02788,0.02596,0.17683,0.00893,0.01646,0.36698,0.28064,0.32334,0.59744,0.21294,0.70408,0.32577,0.01876,0.24683,0.31728,0.34789,0.41235,0.31412,0.24985,0.26676,0.35715,0.32955,0.06421,0.21397,0.21006,0.16243,0.31912,0.02841,0.07800
10.60543,0.04424,0.02847,0.02690,0.18224,0.00939,0.01680,0.37119,0.27708,0.32327,0.59349,0.21279,0.72805,0.33250,0.01933,0.24770,0.31788,0.32840,0.41908,0.31989,0.24837,0.26760,0.36201,0.33891,0.06485,0.20481,0.21337,0.16682,0.32544,0.02794,0.07696
10.72710,0.04487,0.02906,0.02784,0.18772,0.00985,0.01714,0.37545,0.27348,0.32333,0.58778,0.21271,0.75265,0.33937,0.01991,0.24873,0.31875,0.32103,0.42586,0.32573,0.24706,0.26858,0.36690,0.34855,0.06562,0.19646,0.21672,0.17133,0.33187,0.02747,0.07593
10.85017,0.04550,0.02967,0.02880,0.19326,0.01031,0.01748,0.37976,0.26983,0.32353,0.58034,0.21268,0.77786,0.34638,0.02051,0.24991,0.31990,0.32124,0.43267,0.33166,0.24592,0.26968,0.37180,0.35845,0.06652,0.18888,0.22011,0.17596,0.33840,0.02701,0.07493
10.97466,0.04615,0.03028,0.02976,0.19886,0.01078,0.01783,0.38411,0.26615,0.32387,0.57120,0.21272,0.80370,0.35352,0.02112,0.25125,0.32131,0.32099,0.43948,0.33768,0.24494,0.27090,0.37671,0.36864,0.06755,0.18200,0.22354,0.18071,0.34504,0.02655,0.07394
11.10057,0.04680,0.03089,0.03074,0.20453,0.01126,0.01818,0.38852,0.26242,0.32435,0.56050,0.21283,0.83015,0.36081,0.02175,0.25274,0.32297,0.31981,0.44627,0.34379,0.24412,0.27223,0.38164,0.37912,0.06871,0.17578,0.22701,0.18559,0.35179,0.02609,0.07298
11.22792,0.04746,0.03152,0.03173,0.21026,0.01174,0.01854,0.39298,0.25865,0.32497,0.54838,0.21299,0.85724,0.36825,0.02240,0.25438,0.32487,0.31747,0.45300,0.34999,0.24346,0.27364,0.38658,0.38990,0.07000,0.17016,0.23052,0.19061,0.35865,0.02563,0.07204
11.35674,0.04813,0.03215,0.03273,0.21605,0.01223,0.01890,0.39749,0.25484,0.32573,0.53505,0.21322,0.88494,0.37584,0.02306,0.25618,0.32701,0.31390,0.45965,0.35628,0.24296,0.27515,0.39151,0.40100,0.07142,0.16511,0.23407,0.19576,0.36561,0.02518,0.07112
11.48703,0.04880,0.03279,0.03374,0.22192,0.01272,0.01926,0.40205,0.25098,0.32664,0.52073,0.21351,0.91326,0.38359,0.02374,0.25812,0.32938,0.30922,0.46617,0.36266,0.24261,0.27673,0.39644,0.41243,0.07295,0.16059,0.23766,0.20105,0.37269,0.02472,0.07022
11.61882,0.04949,0.03343,0.03476,0.22785,0.01322,0.01963,0.40666,0.24708,0.32770,0.50569,0.21386,0.94220,0.39150,0.02443,0.26022,0.33196,0.30373,0.47252,0.36914,0.24242,0.27839,0.40136,0.42420,0.07461,0.15655,0.24129,0.20648,0.37987,0.02428,0.06933
11.75212,0.05018,0.03409,0.03580,0.23385,0.01372,0.02001,0.41132,0.24314,0.32890,0.49020,0.21428,0.97174,0.39957,0.02514,0.26246,0.33475,0.29791,0.47865,0.37571,0.24237,0.28012,0.40626,0.43634,0.07639,0.15296,0.24496,0.21207,0.38717,0.02383,0.06846
11.88696,0.05087,0.03475,0.03684,0.23991,0.01423,0.02038,0.41604,0.23915,0.33026,0.47451,0.21476,1.00188,0.40781,0.02587,0.26485,0.33775,0.29242,0.48449,0.38238,0.24247,0.28191,0.41114,0.44884,0.07829,0.14980,0.24868,0.21781,0.39458,0.02339,0.06761
12.02333,0.05158,0.03541,0.03790,0.24605,0.01475,0.02077,0.42122,0.23511,0.33178,0.45888,0.21531,1.03261,0.41622,0.02662,0.26738,0.34095,0.28810,0.49000,0.38915,0.24272,0.28376,0.41599,0.46175,0.08030,0.14702,0.25244,0.22371,0.40209,0.02295,0.06678
12.16128,0.05230,0.03609,0.03897,0.25226,0.01527,0.02115,0.42843,0.23103,0.33345,0.44356,0.21592,1.06393,0.42481,0.02738,0.27006,0.34433,0.28560,0.49509,0.39602,0.24311,0.28567,0.42080,0.47506,0.08243,0.14461,0.25624,0.22977,0.40973,0.02251,0.06596
12.30080,0.05302,0.03677,0.04005,0.25854,0.01580,0.02154,0.43573,0.22690,0.33528,0.42873,0.21659,1.09580,0.43359,0.02816,0.27288,0.34789,0.28402,0.49970,0.40299,0.24365,0.28763,0.42557,0.48881,0.08467,0.14255,0.26010,0.23600,0.41747,0.02208,0.06516
12.44193,0.05375,0.03747,0.04115,0.26489,0.01633,0.02194,0.44311,0.22272,0.33726,0.41458,0.21733,0.88966,0.44256,0.02896,0.27585,0.35163,0.28318,0.50375,0.41007,0.24432,0.28964,0.43028,0.50302,0.08702,0.14080,0.26400,0.24241,0.42532,0.02165,0.06437
12.58467,0.05449,0.03816,0.04226,0.27131,0.01687,0.02234,0.45058,0.21849,0.33941,0.40125,0.21813,0.58516,0.45172,0.02978,0.27896,0.35554,0.28298,0.50714,0.41725,0.24514,0.29171,0.43494,0.51771,0.08949,0.13935,0.26796,0.24900,0.43329,0.02122,0.06360
12.72905,0.05524,0.03887,0.04338,0.27781,0.01742,0.02274,0.45813,0.21422,0.34172,0.38884,0.21900,0.43468,0.46108,0.03062,0.28220,0.35961,0.28332,0.50978,0.42453,0.24609,0.29382,0.43952,0.53291,0.09206,0.13818,0.27197,0.25578,0.44137,0.02080,0.06284
12.87509,0.05599,0.03959,0.04451,0.28438,0.01797,0.02315,0.46577,0.20990,0.34419,0.37742,0.21993,0.34495,0.47064,0.03147,0.28559,0.36384,0.28413,0.51152,0.43192,0.24717,0.29598,0.44402,0.54865,0.09474,0.13727,0.27603,0.26275,0.44956,0.02038,0.06210
13.02281,0.05676,0.04031,0.04566,0.29103,0.01853,0.02356,0.47349,0.20552,0.34683,0.36704,0.22093,0.28537,0.48042,0.03235,0.28912,0.36822,0.28533,0.51024,0.43942,0.24839,0.29819,0.44843,0.56496,0.09753,0.13662,0.28015,0.26992,0.45786,0.01996,0.06137
13.17221,0.05753,0.04104,0.04682,0.29775,0.01909,0.02398,0.48131,0.20110,0.34963,0.35770,0.22200,0.24293,0.49042,0.03324,0.29278,0.37274,0.28686,0.50590,0.44704,0.24974,0.30045,0.45274,0.58189,0.10042,0.13619,0.28433,0.27730,0.46628,0.01955,0.06065
13.32334,0.05831,0.04178,0.04799,0.30455,0.01966,0.02441,0.48921,0.19663,0.35260,0.34942,0.22313,0.19822,0.50065,0.03416,0.29657,0.37740,0.28863,0.49917,0.45476,0.25121,0.30276,0.45694,0.59946,0.10342,0.13598,0.28857,0.28489,0.47480,0.01914,0.05994
13.47620,0.05911,0.04253,0.04918,0.31143,0.02024,0.02483,0.49721,0.19210,0.35573,0.34217,0.22433,0.19565,0.51112,0.03510,0.30050,0.38219,0.29061,0.49068,0.46260,0.25282,0.30511,0.46101,0.61773,0.10651,0.13599,0.29288,0.29270,0.48344,0.01874,0.05925
13.63081,0.05991,0.04329,0.05038,0.31839,0.02082,0.02527,0.50529,0.18753,0.35903,0.33591,0.22560,0.19322,0.52182,0.03605,0.30457,0.38711,0.29273,0.48101,0.47056,0.25455,0.30751,0.46495,0.63674,0.10971,0.13619,0.29726,0.30074,0.49219,0.01834,0.05857
13.78719,0.06072,0.04406,0.05159,0.32542,0.02142,0.02570,0.51347,0.18290,0.36250,0.33061,0.22694,0.19092,0.53278,0.03703,0.30876,0.39215,0.29494,0.47067,0.47863,0.25641,0.30996,0.46874,0.65654,0.11301,0.13658,0.30171,0.30902,0.50104,0.01794,0.05790
13.94537,0.06154,0.04483,0.05282,0.33254,0.02201,0.02615,0.52174,0.17822,0.36613,0.32621,0.22835,0.18875,0.54399,0.03803,0.31309,0.39731,0.29721,0.46013,0.48682,0.25838,0.31246,0.47237,0.67719,0.11640,0.13716,0.30624,0.31754,0.51000,0.01755,0.05725
14.10536,0.06237,0.04562,0.05406,0.33974,0.02262,0.02660,0.53011,0.17348,0.36994,0.32267,0.22983,0.18672,0.55547,0.03905,0.31755,0.40258,0.29949,0.44979,0.49513,0.26048,0.31501,0.47582,0.69876,0.11989,0.13790,0.31085,0.32631,0.51907,0.01717,0.05660
14.26719,0.06320,0.04641,0.05531,0.34702,0.02323,0.02705,0.53857,0.16869,0.37390,0.31992,0.23139,0.18481,0.56723,0.04009,0.32213,0.40796,0.30176,0.44003,0.50357,0.26270,0.31761,0.47907,0.72131,0.12348,0.13881,0.31555,0.33535,0.52825,0.01679,0.05597
14.43088,0.06405,0.04721,0.05658,0.35439,0.02385,0.02751,0.54713,0.16385,0.37804,0.31792,0.23301,0.18303,0.57928,0.04116,0.32684,0.41344,0.30399,0.43115,0.51213,0.26504,0.32027,0.48212,0.74493,0.12716,0.13988,0.32033,0.34466,0.53753,0.01641,0.05535
14.59644,0.06491,0.04802,0.05787,0.36184,0.02447,0.02797,0.55579,0.15895,0.38234,0.31660,0.23471,0.18137,0.59163,0.04224,0.33167,0.41901,0.30615,0.42340,0.52082,0.26749,0.32297,0.48495,0.76969,0.13094,0.14111,0.32522,0.35426,0.54691,0.01604,0.05473
14.76390,0.06578,0.04884,0.05917,0.36938,0.02511,0.02844,0.56455,0.15399,0.38680,0.31592,0.23648,0.17984,0.60428,0.04335,0.33663,0.42469,0.30825,0.41699,0.52963,0.27006,0.32573,0.48753,0.79571,0.13480,0.14248,0.33020,0.36415,0.55640,0.01567,0.05413
14.93329,0.06665,0.04967,0.06048,0.37700,0.02575,0.02891,0.57341,0.14897,0.39142,0.31582,0.23833,0.17842,0.61726,0.04448,0.34171,0.43045,0.31026,0.41207,0.53858,0.27274,0.32855,0.48986,0.82307,0.13876,0.14400,0.33530,0.37434,0.56598,0.01531,0.05354
15.10462,0.06777,0.05059,0.06207,0.38464,0.02734,0.02998,0.58370,0.14765,0.39621,0.31626,0.24025,0.17713,0.63057,0.04564,0.34691,0.43629,0.31226,0.40874,0.54766,0.27554,0.33142,0.47878,0.85189,0.14280,0.14566,0.34051,0.38484,0.57566,0.01495,0.05295
15.27791,0.06906,0.05156,0.06383,0.39234,0.02956,0.03078,0.59479,0.14872,0.40115,0.31719,0.24225,0.17595,0.64422,0.04681,0.35223,0.44222,0.31441,0.40704,0.55687,0.27844,0.33436,0.46671,0.88232,0.14694,0.14746,0.34585,0.39567,0.58544,0.01460,0.05238
15.45319,0.07035,0.05254,0.06562,0.40012,0.03180,0.03158,0.60600,0.14981,0.40625,0.31858,0.24433,0.17489,0.65823,0.04801,0.35766,0.44823,0.31674,0.40698,0.56622,0.28146,0.33735,0.45586,0.91448,0.15116,0.14939,0.35131,0.40685,0.59531,0.01425,0.05182
15.63048,0.07167,0.05353,0.06743,0.40799,0.03407,0.03240,0.61735,0.15091,0.41151,0.32038,0.24649,0.17394,0.67261,0.04924,0.36321,0.45431,0.31923,0.40850,0.57571,0.28458,0.34040,0.44628,0.94855,0.15547,0.15145,0.35692,0.41837,0.60526,0.01391,0.05126
15.80981,0.07299,0.05453,0.06926,0.41596,0.03637,0.03323,0.62883,0.15202,0.41691,0.32256,0.24872,0.17311,0.68739,0.05049,0.36888,0.46045,0.32190,0.41150,0.58533,0.28781,0.34351,0.43799,0.98471,0.15986,0.15365,0.36267,0.43027,0.61531,0.01357,0.05071
15.99120,0.07433,0.05555,0.07111,0.42401,0.03869,0.03406,0.64044,0.15315,0.42246,0.32508,0.25104,0.17239,0.70256,0.05176,0.37465,0.46667,0.32473,0.41569,0.59510,0.29114,0.34669,0.43105,1.02315,0.16434,0.15597,0.36859,0.44254,0.62543,0.01324,0.05018
16.17466,0.07569,0.05658,0.07298,0.43215,0.04104,0.03490,0.65218,0.15428,0.42815,0.32792,0.25344,0.17177,0.71815,0.05306,0.38054,0.47294,0.32775,0.42029,0.60502,0.29458,0.34993,0.42544,1.06410,0.16890,0.15841,0.37467,0.45521,0.63564,0.01292,0.04965
16.36023,0.07707,0.05762,0.07487,0.44039,0.04341,0.03576,0.66405,0.15543,0.43399,0.33105,0.25593,0.17127,0.73419,0.05438,0.38654,0.47928,0.33093,0.42508,0.61508,0.29812,0.35323,0.42117,1.11945,0.17354,0.16098,0.38093,0.46829,0.64592,0.01260,0.04913
16.54793,0.07845,0.05867,0.07679,0.44873,0.04581,0.03662,0.67607,0.15660,0.43995,0.33445,0.25850,0.17087,0.72637,0.05573,0.39264,0.48567,0.33429,0.43005,0.62529,0.30177,0.35660,0.41820,1.17634,0.17827,0.16367,0.38739,0.48181,0.65628,0.01228,0.04861
16.73778,0.07986,0.05973,0.07873,0.45716,0.04824,0.03749,0.68822,0.15777,0.44604,0.33809,0.26115,0.17057,0.62006,0.05710,0.39885,0.49212,0.33783,0.43519,0.63565,0.30551,0.36004,0.41649,1.20513,0.18307,0.16648,0.39406,0.49577,0.66670,0.01197,0.04811
16.92981,0.08128,0.06081,0.08068,0.46568,0.05070,0.03838,0.70051,0.15896,0.45226,0.34196,0.26390,0.17038,0.55363,0.05849,0.40516,0.49861,0.34154,0.44051,0.64616,0.30935,0.36354,0.41598,1.18682,0.18795,0.16942,0.40095,0.51020,0.67719,0.01167,0.04761
17.12405,0.08272,0.06189,0.08267,0.47431,0.05319,0.03927,0.71641,0.16017,0.45859,0.34603,0.26673,0.17030,0.50949,0.05992,0.41157,0.50516,0.34543,0.44599,0.65683,0.31329,0.36711,0.41657,1.10499,0.19291,0.17247,0.40807,0.52511,0.68773,0.01137,0.04712
17.32051,0.08417,0.06299,0.08467,0.48303,0.05570,0.04017,0.73449,0.16139,0.46503,0.35029,0.26965,0.17031,0.47893,0.06136,0.41808,0.51174,0.34949,0.45162,0.66766,0.31733,0.37076,0.41816,0.94885,0.19795,0.17564,0.41545,0.54053,0.69833,0.01107,0.04664
17.51922,0.08564,0.06411,0.08670,0.49185,0.05825,0.04109,0.75277,0.16262,0.47157,0.35473,0.27267,0.17043,0.45720,0.06284,0.42469,0.51837,0.35372,0.45740,0.67864,0.32146,0.37447,0.42063,0.72528,0.20307,0.17892,0.42309,0.55648,0.70897,0.01079,0.04616
17.72022,0.08713,0.06523,0.08875,0.50078,0.06082,0.04201,0.77126,0.16387,0.47821,0.35933,0.27578,0.17065,0.44150,0.06434,0.43139,0.52504,0.35812,0.46332,0.68979,0.32569,0.37825,0.42386,0.60792,0.20826,0.18232,0.43103,0.57299,0.71965,0.01050,0.04569
17.92352,0.08863,0.06637,0.09082,0.50980,0.06342,0.04295,0.78996,0.16513,0.48493,0.36408,0.27899,0.17096,0.43009,0.06586,0.43818,0.53174,0.36270,0.46938,0.70111,0.33001,0.38210,0.42770,0.53966,0.21352,0.18584,0.43927,0.59007,0.73036,0.01023,0.04523
18.12916,0.09016,0.06752,0.09292,0.51893,0.06605,0.04389,0.80888,0.16640,0.49172,0.36896,0.28229,0.17137,0.42184,0.06742,0.44507,0.53847,0.36744,0.47557,0.71259,0.33442,0.38603,0.43201,0.49780,0.21886,0.18948,0.44785,0.60775,0.74110,0.00996,0.04477
18.33715,0.09169,0.06869,0.09504,0.52817,0.06872,0.04485,0.82802,0.16769,0.49858,0.37398,0.28569,0.17188,0.41597,0.06900,0.45204,0.54524,0.37236,0.48189,0.72424,0.33892,0.39002,0.43664,0.47194,0.22427,0.19323,0.45678,0.62606,0.75186,0.00969,0.04433
18.54753,0.09325,0.06987,0.09718,0.53751,0.07141,0.04582,0.84737,0.16899,0.50550,0.37912,0.28919,0.17249,0.41194,0.07060,0.45909,0.55203,0.37743,0.48833,0.73606,0.34352,0.39409,0.44142,0.45667,0.22975,0.19709,0.46609,0.64504,0.76262,0.00943,0.04388
18.76032,0.09483,0.07106,0.09936,0.54696,0.07413,0.04680,0.86695,0.17031,0.51245,0.38437,0.29280,0.17319,0.40936,0.07223,0.46623,0.55885,0.38267,0.49488,0.74806,0.34820,0.39823,0.44620,0.44861,0.23531,0.20107,0.47581,0.66471,0.77338,0.00917,0.04345
18.97556,0.09642,0.07226,0.10155,0.55651,0.07689,0.04779,0.88675,0.17165,0.51944,0.38973,0.29651,0.17398,0.40793,0.07389,0.47345,0.56570,0.38808,0.50154,0.76023,0.35297,0.40245,0.45081,0.44550,0.24093,0.20516,0.48596,0.68510,0.78414,0.00892,0.04302
19.19326,0.09803,0.07348,0.10377,0.56618,0.07967,0.04879,0.90678,0.17300,0.52644,0.39519,0.30032,0.17487,0.40745,0.07558,0.48075,0.57257,0.39364,0.50830,0.77259,0.35783,0.40673,0.45430,0.44485,0.24662,0.20936,0.49658,0.70625,0.79487,0.00868,0.04260
19.41346,0.09966,0.07472,0.10602,0.57596,0.08249,0.04980,0.92704,0.17436,0.53344,0.40074,0.30424,0.17584,0.40772,0.07730,0.48813,0.57945,0.39936,0.51516,0.78513,0.36277,0.41109,0.45764,0.44594,0.25238,0.21368,0.50770,0.72820,0.80557,0.00844,0.04218
19.63619,0.10131,0.07596,0.10829,0.58585,0.08534,0.05083,0.82349,0.17574,0.54043,0.40638,0.30828,0.17691,0.40864,0.07904,0.49557,0.58636,0.40523,0.52212,0.79785,0.36780,0.41552,0.46118,0.44766,0.25821,0.21811,0.51936,0.75098,0.81622,0.00821,0.04177
19.86148,0.10297,0.07722,0.11059,0.59585,0.08823,0.05186,0.63902,0.17714,0.54738,0.41210,0.31242,0.17807,0.41009,0.08081,0.50309,0.59328,0.41126,0.52916,0.81076,0.37291,0.42003,0.46494,0.45002,0.26411,0.22265,0.53159,0.77465,0.82682,0.00798,0.04136
20.08935,0.10500,0.07848,0.11307,0.60504,0.09197,0.05326,0.45244,0.18005,0.55525,0.41790,0.31668,0.17932,0.41198,0.08261,0.51067,0.60021,0.41743,0.53630,0.82386,0.37810,0.42460,0.46889,0.45302,0.27007,0.22730,0.54444,0.79924,0.83734,0.00775,0.04096
20.31983,0.10758,0.07973,0.11584,0.61287,0.09704,0.05522,0.28030,0.18536,0.56113,0.42378,0.32106,0.18066,0.41426,0.08443,0.51832,0.60716,0.42375,0.54351,0.83716,0.38338,0.42925,0.47302,0.45664,0.27610,0.23206,0.55795,0.82481,0.84778,0.00753,0.04057
20.55295,0.11019,0.08099,0.11864,0.62080,0.10217,0.05720,0.28377,0.19072,0.56708,0.42974,0.32556,0.18208,0.41686,0.08628,0.52602,0.61411,0.43021,0.55080,0.85065,0.38874,0.43397,0.47734,0.46091,0.28220,0.23693,0.57217,0.85140,0.85810,0.00732,0.04018
20.78876,0.11283,0.08226,0.12147,0.62882,0.10735,0.05920,0.28728,0.19614,0.57310,0.43576,0.33018,0.18360,0.41973,0.08817,0.53379,0.62108,0.43682,0.55816,0.86434,0.39418,0.43877,0.48183,0.46581,0.28835,0.24191,0.58715,0.87907,0.86831,0.00711,0.03979
21.02726,0.11551,0.08355,0.12433,0.63693,0.11260,0.06123,0.29084,0.20163,0.57919,0.44185,0.33492,0.18520,0.42285,0.09008,0.54161,0.62805,0.44356,0.56559,0.87824,0.39970,0.44363,0.48649,0.47135,0.29457,0.24699,0.60295,0.90789,0.87836,0.00691,0.03941
21.26851,0.11821,0.08485,0.12722,0.64513,0.11791,0.06328,0.29443,0.20718,0.58534,0.44800,0.33978,0.18689,0.42617,0.09201,0.54947,0.63503,0.45043,0.57309,0.89234,0.40529,0.44856,0.49131,0.47752,0.30086,0.25219,0.61964,0.93791,0.88826,0.00671,0.03904
21.51252,0.12094,0.08617,0.13015,0.65343,0.12328,0.06536,0.29807,0.21279,0.59157,0.45422,0.34478,0.18866,0.42967,0.09398,0.55739,0.64201,0.45744,0.58064,0.90561,0.41097,0.45357,0.49628,0.48434,0.30720,0.25749,0.63726,0.96920,0.89795,0.00652,0.03867
21.75933,0.12370,0.08750,0.13311,0.66182,0.12871,0.06745,0.30174,0.21846,0.59787,0.46049,0.34991,0.19052,0.43332,0.09598,0.56535,0.64900,0.46458,0.58826,0.91495,0.41672,0.45864,0.50140,0.49179,0.31361,0.26290,0.65590,1.00185,0.90744,0.00633,0.03831
22.00897,0.12650,0.08885,0.13611,0.67030,0.13420,0.06958,0.30546,0.22421,0.60424,0.46683,0.35517,0.19247,0.43710,0.09800,0.57335,0.65599,0.47184,0.59593,0.92510,0.42254,0.46378,0.50666,0.49988,0.32008,0.26841,0.67563,1.00475,0.91667,0.00614,0.03795
22.26148,0.12933,0.09021,0.13914,0.67889,0.13975,0.07172,0.30923,0.23001,0.61068,0.47322,0.36057,0.19450,0.44100,0.10005,0.58148,0.66297,0.47922,0.60365,0.93597,0.42844,0.46899,0.51206,0.50862,0.32660,0.27402,0.69654,1.00231,0.92563,0.00596,0.03759
22.51688,0.13219,0.09159,0.14220,0.68757,0.14537,0.07389,0.31303,0.23589,0.61720,0.47967,0.36610,0.19661,0.44500,0.10213,0.59022,0.66996,0.48672,0.61141,0.94751,0.43442,0.47427,0.51758,0.51799,0.33319,0.27974,0.71871,0.99623,0.93427,0.00579,0.03724
22.77521,0.13508,0.09299,0.14530,0.69636,0.15105,0.07609,0.31688,0.24183,0.62379,0.48617,0.37179,0.19881,0.44909,0.10424,0.59978,0.67694,0.49434,0.61922,0.95963,0.44047,0.47961,0.52323,0.52802,0.33983,0.28557,0.74224,0.98732,0.94256,0.00562,0.03690
23.03651,0.13801,0.09440,0.14844,0.70524,0.15680,0.07831,0.32077,0.24784,0.63046,0.49272,0.37761,0.20109,0.45325,0.10638,0.60981,0.68392,0.50207,0.62708,0.97226,0.44659,0.48502,0.52899,0.53868,0.34654,0.29149,0.76723,0.97651,0.95045,0.00545,0.03656
23.30081,0.14097,0.09582,0.15161,0.71423,0.16262,0.08056,0.32471,0.25392,0.63721,0.49933,0.38359,0.20345,0.45748,0.10855,0.61997,0.69089,0.50991,0.63496,0.98534,0.45278,0.49049,0.53486,0.54999,0.35330,0.29751,0.79380,0.96467,0.95789,0.00529,0.03622
23.56813,0.14396,0.09727,0.15482,0.72332,0.16850,0.08283,0.32870,0.26007,0.64403,0.50599,0.38971,0.20590,0.46176,0.11075,0.62987,0.69786,0.51785,0.64289,0.99877,0.45905,0.49603,0.54085,0.56195,0.36011,0.30363,0.82206,0.95240,0.96484,0.00513,0.03589
23.83853,0.14699,0.09873,0.15806,0.73251,0.17445,0.08513,0.33272,0.26629,0.65093,0.51270,0.39599,0.20843,0.46608,0.11297,0.63910,0.70482,0.52590,0.65085,1.01248,0.46538,0.50163,0.54693,0.57456,0.36699,0.30985,0.85215,0.94062,0.97123,0.00498,0.03556
24.11202,0.15005,0.10020,0.16134,0.74181,0.18046,0.08745,0.33680,0.27258,0.65791,0.51946,0.40243,0.21188,0.47045,0.11523,0.64725,0.71177,0.53404,0.65883,1.02640,0.47179,0.50729,0.55311,0.58783,0.37391,0.31617,0.83057,0.92976,0.97698,0.00483,0.03524
24.38866,0.15315,0.10170,0.16466,0.75121,0.18655,0.08980,0.34092,0.27894,0.66497,0.52627,0.40903,0.21657,0.47485,0.11751,0.65384,0.71871,0.54228,0.66685,1.04043,0.47826,0.51301,0.55938,0.60174,0.38090,0.32258,0.78869,0.92056,0.98204,0.00468,0.03492
24.66847,0.15629,0.10321,0.16802,0.76073,0.19271,0.09218,0.34509,0.28537,0.67211,0.53312,0.41579,0.22124,0.47927,0.11982,0.65950,0.72564,0.55062,0.67489,1.05449,0.48480,0.51879,0.56574,0.61631,0.38794,0.32908,0.74633,0.91342,0.98629,0.00454,0.03460
24.95148,0.15946,0.10474,0.17142,0.77035,0.19893,0.09459,0.34931,0.29188,0.67933,0.54003,0.42273,0.22590,0.48372,0.12216,0.66541,0.73256,0.55904,0.68295,1.06850,0.49141,0.52463,0.57218,0.63153,0.39503,0.33567,0.70348,0.90878,0.98965,0.00440,0.03429
25.23775,0.16314,0.10643,0.17476,0.77823,0.20618,0.09809,0.35580,0.30080,0.68664,0.54698,0.43540,0.23055,0.49019,0.12453,0.67162,0.73947,0.56756,0.69103,1.08237,0.49808,0.53053,0.57870,0.64742,0.40217,0.34236,0.66014,0.90677,0.99199,0.00427,0.03398
25.52730,0.16696,0.10816,0.17812,0.78582,0.21371,0.10185,0.36287,0.31030,0.69403,0.55398,0.44935,0.23519,0.49681,0.12693,0.67811,0.74637,0.57615,0.69912,1.09600,0.50482,0.53648,0.58530,0.66396,0.40937,0.34914,0.61630,0.90767,0.99318,0.00414,0.03368
25.82017,0.17083,0.10992,0.18151,0.79349,0.22132,0.10566,0.37001,0.31990,0.70150,0.56103,0.46326,0.23981,0.50347,0.12936,0.68485,0.75325,0.58483,0.70724,1.10931,0.51163,0.54249,0.59196,0.68117,0.41662,0.35600,0.57196,0.91145,0.99088,0.00401,0.03338
26.11640,0.17474,0.11170,0.18495,0.80125,0.22903,0.10951,0.37724,0.32962,0.70906,0.56813,0.47714,0.24443,0.51020,0.13181,0.69182,0.76012,0.59358,0.71536,1.12219,0.51850,0.54855,0.59869,0.69904,0.42392,0.36295,0.56617,0.91795,0.98541,0.00389,0.03308
26.41603,0.17869,0.11350,0.18843,0.80910,0.23682,0.11341,0.38455,0.33945,0.71671,0.57527,0.49098,0.24903,0.51697,0.13430,0.69902,0.76697,0.60240,0.72350,1.13455,0.52543,0.55466,0.60548,0.71758,0.43127,0.36999,0.56295,0.92681,0.98115,0.00377,0.03279
26.71910,0.18269,0.11531,0.19194,0.81704,0.24470,0.11735,0.39195,0.34939,0.72444,0.58246,0.50479,0.25361,0.52380,0.13681,0.70641,0.77381,0.61130,0.73164,1.14630,0.53243,0.56082,0.61233,0.73679,0.43867,0.37711,0.56181,0.93745,0.97802,0.00365,0.03250
27.02565,0.18674,0.11715,0.19550,0.82507,0.25267,0.12133,0.39943,0.35944,0.73226,0.58969,0.51857,0.25819,0.53069,0.13936,0.71399,0.78063,0.62026,0.73980,1.15731,0.53949,0.56704,0.61923,0.75667,0.44612,0.38430,0.56251,0.94919,0.97591,0.00354,0.03221
27.33571,0.19083,0.11901,0.19909,0.83320,0.26073,0.12536,0.40699,0.36961,0.74018,0.59697,0.53231,0.26275,0.53763,0.14193,0.72173,0.78744,0.62929,0.74795,1.16751,0.54661,0.57330,0.62619,0.77723,0.45362,0.39158,0.56483,0.96082,0.97473,0.00343,0.03193
27.64933,0.19497,0.12090,0.20273,0.84141,0.26888,0.12944,0.41464,0.37990,0.74818,0.60430,0.54601,0.26731,0.54462,0.14453,0.72963,0.79423,0.63838,0.75611,1.17676,0.55379,0.57961,0.63319,0.79846,0.46117,0.39894,0.56857,0.97214,0.97441,0.00332,0.03165
27.96654,0.19916,0.12280,0.20641,0.84972,0.27713,0.13357,0.42238,0.39030,0.75628,0.61167,0.55968,0.27185,0.55167,0.14716,0.73766,0.80100,0.64753,0.76428,1.18497,0.56104,0.58596,0.64023,0.82038,0.46877,0.40638,0.57358,0.98455,0.97487,0.00322,0.03137
28.28740,0.20339,0.12472,0.21013,0.85813,0.28547,0.13774,0.43021,0.40083,0.76446,0.61909,0.57332,0.27637,0.55878,0.14981,0.74582,0.80775,0.65674,0.77244,1.19202,0.56834,0.59236,0.64731,0.84297,0.47642,0.41389,0.57968,0.99673,0.97604,0.00311,0.03110
28.61194,0.20768,0.12667,0.21390,0.86663,0.29391,0.14196,0.43813,0.41147,0.77275,0.62655,0.58692,0.28089,0.56594,0.15250,0.75409,0.81448,0.66600,0.78060,1.19780,0.57570,0.59880,0.65444,0.86626,0.48411,0.42147,0.58674,1.00869,0.97784,0.00302,0.03083
28.94020,0.21201,0.12864,0.21771,0.87523,0.30245,0.14622,0.44614,0.42224,0.78112,0.63406,0.60049,0.28540,0.57316,0.15521,0.76245,0.82119,0.67531,0.78876,1.20218,0.58313,0.60528,0.66159,0.89023,0.49185,0.42912,0.59464,1.02043,0.98023,0.00292,0.03056
29.27223,0.21639,0.13063,0.22156,0.88393,0.31108,0.15054,0.45424,0.43313,0.78960,0.64162,0.61402,0.28989,0.58043,0.15795,0.77091,0.82788,0.68466,0.79691,1.20505,0.59060,0.61181,0.66878,0.91489,0.49964,0.43685,0.60329,1.03199,0.98314,0.00283,0.03030
29.60806,0.22083,0.13265,0.22545,0.89273,0.31981,0.15490,0.46244,0.44414,0.79817,0.64922,0.62752,0.29437,0.58776,0.16072,0.77944,0.83456,0.69406,0.80506,1.20628,0.59814,0.61837,0.67599,0.94025,0.50747,0.44464,0.61258,1.04335,0.98651,0.00274,0.03004
29.94775,0.22531,0.13469,0.22939,0.90163,0.32864,0.15932,0.47073,0.45529,0.80684,0.65686,0.64099,0.29884,0.59514,0.16352,0.78803,0.84121,0.70350,0.81320,1.20574,0.60574,0.62497,0.68323,0.96521,0.51535,0.45249,0.62244,1.05455,0.99030,0.00265,0.02978
30.29134,0.23229,0.13660,0.23315,0.90787,0.33932,0.16519,0.48059,0.46603,0.81563,0.66455,0.65442,0.30330,0.60259,0.16635,0.79668,0.84784,0.71299,0.82133,1.20331,0.61339,0.63160,0.69050,0.97468,0.52328,0.46041,0.63281,1.06558,0.99447,0.00257,0.02953
30.63887,0.23980,0.13851,0.23690,0.91367,0.35044,0.17137,0.49085,0.47680,0.82429,0.67229,0.66782,0.30774,0.61008,0.16920,0.80537,0.85445,0.72250,0.82945,1.19884,0.62109,0.63827,0.69778,0.98404,0.53084,0.49928,0.64362,1.07646,0.99897,0.00249,0.02927
30.99039,0.24739,0.14045,0.24070,0.91954,0.36169,0.17763,0.50122,0.48770,0.83285,0.68007,0.68119,0.31218,0.61764,0.17208,0.81410,0.86104,0.73206,0.83757,1.19221,0.62885,0.64497,0.70508,0.99330,0.53662,0.50486,0.65483,1.08722,1.00375,0.00241,0.02903
31.34594,0.25507,0.14240,0.24454,0.92548,0.37307,0.18396,0.51171,0.49872,0.84131,0.68790,0.69452,0.31660,0.62525,0.17499,0.82286,0.86760,0.74164,0.84566,1.18327,0.63656,0.65170,0.71240,1.00245,0.54233,0.51042,0.66640,1.09785,1.00879,0.00233,0.02878
31.70556,0.26284,0.14438,0.24842,0.93148,0.38458,0.19036,0.52231,0.50987,0.84968,0.69577,0.70782,0.32101,0.63292,0.17792,0.83163,0.87414,0.75125,0.85375,1.17000,0.64159,0.65847,0.71973,1.01149,0.54797,0.51594,0.67831,1.10838,1.01405,0.00226,0.02854
32.06932,0.27070,0.14638,0.25235,0.93756,0.39622,0.19683,0.53304,0.52115,0.85796,0.70369,0.72108,0.32541,0.64065,0.18089,0.84042,0.88066,0.76089,0.86182,1.15597,0.64656,0.66526,0.72707,1.02044,0.55355,0.52143,0.69052,1.11882,1.01950,0.00218,0.02830
32.43725,0.27864,0.14840,0.25632,0.94370,0.40799,0.20338,0.54390,0.53255,0.86614,0.71166,0.73431,0.32980,0.64843,0.18388,0.84921,0.88716,0.77055,0.86987,1.14394,0.65148,0.67208,0.73442,1.02928,0.55907,0.52689,0.70303,1.12918,1.02512,0.00211,0.02806
32.80939,0.28668,0.15045,0.26034,0.94992,0.41990,0.21001,0.55488,0.54409,0.87423,0.71967,0.74751,0.33417,0.65627,0.18690,0.85800,0.89364,0.78024,0.87791,1.13384,0.65634,0.67893,0.74177,1.03802,0.56453,0.53232,0.71582,1.13948,1.03086,0.00205,0.02782
33.18581,0.29481,0.15252,0.26441,0.95620,0.43195,0.21671,0.56598,0.55576,0.88222,0.72772,0.76068,0.33854,0.66417,0.18994,0.86678,0.90009,0.78994,0.88593,1.12560,0.66115,0.68580,0.74913,1.04667,0.56992,0.53771,0.72889,1.14974,1.03672,0.00198,0.02759
33.56655,0.30304,0.15462,0.26852,0.96256,0.44413,0.22348,0.57721,0.56756,0.89013,0.73582,0.77381,0.34289,0.67212,0.19301,0.87554,0.90652,0.79966,0.89394,1.11911,0.66590,0.69269,0.75649,1.05521,0.57525,0.54307,0.74225,1.15997,1.04266,0.00192,0.02736
33.95165,0.31136,0.15673,0.27268,0.96899,0.45645,0.23034,0.58857,0.57950,0.89795,0.74397,0.78691,0.34723,0.68014,0.19611,0.88428,0.91293,0.80940,0.90192,1.11430,0.67059,0.69960,0.76385,1.06366,0.58052,0.54840,0.75588,1.17018,1.04867,0.00186,0.02713
34.34118,0.31977,0.15888,0.27688,0.97550,0.46892,0.23727,0.60006,0.59158,0.90567,0.75216,0.79998,0.35156,0.68821,0.19923,0.89300,0.91931,0.81914,0.90988,1.11105,0.67524,0.70654,0.77121,1.07201,0.58573,0.55370,0.76981,1.18040,1.05473,0.00180,0.02691
34.73517,0.32828,0.16104,0.28114,0.98208,0.48153,0.24429,0.61169,0.60379,0.91331,0.76040,0.81301,0.35588,0.69634,0.20238,0.90168,0.92567,0.82890,0.91783,1.10924,0.67983,0.71350,0.77856,1.08027,0.59089,0.55896,0.78403,1.19063,1.06082,0.00174,0.02669
35.13368,0.33689,0.16324,0.28544,0.98873,0.49428,0.25138,0.62344,0.61614,0.92087,0.76868,0.82601,0.36019,0.70453,0.20555,0.91033,0.93200,0.83867,0.92575,1.10874,0.68437,0.72047,0.78591,1.08843,0.59598,0.56419,0.79857,1.20090,1.06693,0.00168,0.02647
35.53677,0.34559,0.16545,0.28980,0.99546,0.50718,0.25855,0.63533,0.62864,0.92833,0.77701,0.83898,0.36449,0.71277,0.20875,0.91893,0.93831,0.84844,0.93365,1.10943,0.68886,0.72746,0.79326,1.09650,0.60102,0.56939,0.81344,1.21121,1.07304,0.00163,0.02625
35.94448,0.35440,0.16769,0.29420,1.00227,0.52022,0.26581,0.64736,0.64128,0.93572,0.78539,0.85191,0.36877,0.72108,0.21198,0.92749,0.94460,0.85821,0.94152,1.11131,0.69329,0.73446,0.80059,1.10448,0.60600,0.57455,0.82866,1.22159,1.07914,0.00157,0.02603
36.35686,0.36331,0.16996,0.29865,1.00916,0.53342,0.27315,0.65953,0.65406,0.94301,0.79381,0.86482,0.37305,0.72944,0.21523,0.93601,0.95087,0.86799,0.94938,1.11533,0.69768,0.74148,0.80791,1.11237,0.61092,0.57968,0.84425,1.23204,1.08522,0.00152,0.02582
36.77398,0.37232,0.17226,0.30316,1.01613,0.54677,0.28058,0.67183,0.66699,0.95023,0.80227,0.87769,0.37731,0.73786,0.21851,0.94446,0.95711,0.87777,0.95720,1.11933,0.70202,0.74851,0.81522,1.12017,0.61579,0.58477,0.86022,1.24258,1.09126,0.00147,0.02561
37.19588,0.38143,0.17458,0.30772,1.02317,0.56027,0.28809,0.68428,0.68007,0.95737,0.81078,0.89053,0.38156,0.74634,0.22181,0.95286,0.96332,0.88755,0.96501,1.12330,0.70630,0.75555,0.82252,1.12788,0.62060,0.58983,0.87661,1.25322,1.09727,0.00143,0.02540
37.62263,0.39065,0.17692,0.31232,1.03030,0.57392,0.29568,0.69687,0.69330,0.96442,0.81934,0.90334,0.38580,0.75488,0.22514,0.96121,0.96952,0.89732,0.97279,1.12725,0.71054,0.76261,0.82980,1.13551,0.62536,0.59486,0.89344,1.26398,1.10322,0.00138,0.02519
38.05427,0.39997,0.17930,0.31699,1.03751,0.58774,0.30337,0.70960,0.70668,0.97139,0.82794,0.91611,0.39003,0.76347,0.22849,0.96948,0.97568,0.90709,0.98054,1.13117,0.71473,0.76967,0.83707,1.14304,0.63006,0.59985,0.91072,1.27485,1.10912,0.00133,0.02499
38.49086,0.40940,0.18170,0.32170,1.04480,0.60171,0.31114,0.72248,0.72022,0.97829,0.83659,0.92885,0.39425,0.77213,0.23187,0.97770,0.98183,0.91685,0.98827,1.13508,0.71888,0.77674,0.84432,1.15050,0.63471,0.60480,0.92848,1.28586,1.11496,0.00129,0.02479
38.93246,0.41894,0.18413,0.32647,1.05217,0.61584,0.31900,0.73551,0.73391,0.98510,0.84528,0.94156,0.39846,0.78084,0.23527,0.98584,0.98795,0.92660,0.99597,1.13896,0.72297,0.78381,0.85155,1.15786,0.63931,0.60972,0.94675,1.29701,1.12073,0.00125,0.02459
39.37913,0.42859,0.18659,0.33129,1.05963,0.63013,0.32695,0.74868,0.74775,0.99184,0.85402,0.95424,0.40266,0.78961,0.23869,0.99391,0.99405,0.93634,1.00365,1.14282,0.72702,0.79089,0.85876,1.16515,0.64385,0.61461,0.96555,1.30830,1.12642,0.00121,0.02439
39.83092,0.43835,0.18907,0.33617,1.06718,0.64459,0.33499,0.76201,0.76176,0.99850,0.86280,0.96689,0.40684,0.79844,0.24214,1.00192,1.00013,0.94607,1.01129,1.14666,0.73102,0.79797,0.86595,1.17235,0.64834,0.61946,0.98491,1.31973,1.13204,0.00117,0.02420
40.28789,0.45113,0.19158,0.34088,1.07282,0.66008,0.34621,0.77572,0.77572,1.00509,0.87163,0.97951,0.41102,0.80733,0.24561,1.00984,1.00618,0.95579,1.01891,1.15047,0.73498,0.80506,0.87312,1.17947,0.65279,0.62427,1.00485,1.33132,1.13758,0.00113,0.02400
40.75011,0.46578,0.19413,0.34550,1.07735,0.67625,0.35938,0.78973,0.78973,1.01160,0.88050,0.99209,0.41518,0.81628,0.24911,1.01769,1.01221,0.96549,1.02650,1.15427,0.73890,0.81215,0.88026,1.18650,0.65718,0.62905,1.02540,1.34305,1.14303,0.00109,0.02381
41.21763,0.48060,0.19670,0.35018,1.08193,0.69262,0.37270,0.80389,0.80389,1.01804,0.88941,1.00464,0.41933,0.82529,0.25262,1.02546,1.01821,0.97517,1.03407,1.15804,0.74277,0.81924,0.88738,1.19346,0.66152,0.63380,1.04657,1.35493,1.14839,0.00106,0.02362
41.69052,0.49559,0.19930,0.35491,1.08657,0.70917,0.38618,0.81822,0.81822,1.02440,0.89838,1.01716,0.42348,0.83435,0.25617,1.03315,1.02419,0.98483,1.04160,1.16179,0.74659,0.82632,0.89448,1.20034,0.66581,0.63851,1.06839,1.36695,1.15367,0.00102,0.02343
42.16883,0.51075,0.20193,0.35969,1.09125,0.72591,0.39981,0.83272,0.83272,1.03070,0.90738,1.02965,0.42761,0.84348,0.25973,1.04076,1.03015,0.99448,1.04911,1.16552,0.75037,0.83341,0.90155,1.20715,0.67006,0.64318,1.09088,1.37909,1.15885,0.00099,0.02325
42.65263,0.52609,0.20459,0.36453,1.09600,0.74284,0.41360,0.84737,0.84737,1.03692,0.91643,1.04211,0.43173,0.85266,0.26331,1.04829,1.03609,1.00410,1.05659,1.16923,0.75411,0.84049,0.90859,1.21387,0.67425,0.64782,1.11407,1.39135,1.16395,0.00096,0.02306
43.14198,0.54160,0.20728,0.36942,1.10079,0.75997,0.42755,0.86220,0.86220,1.04307,0.92553,1.05454,0.43584,0.86190,0.26692,1.05573,1.04200,1.01370,1.06403,1.17292,0.75781,0.84757,0.91560,1.22052,0.67840,0.65242,1.13798,1.40369,1.16895,0.00092,0.02288
43.63694,0.55729,0.21000,0.37437,1.10564,0.77729,0.44165,0.87720,0.87720,1.04915,0.93467,1.06693,0.43993,0.87120,0.27055,1.06309,1.04790,1.02328,1.07145,1.17659,0.76146,0.85464,0.92259,1.22709,0.68250,0.65699,1.16261,1.41611,1.17386,0.00089,0.02270
44.13758,0.57316,0.21276,0.37938,1.11055,0.79482,0.45592,0.89237,0.89237,1.05516,0.94385,1.07930,0.44402,0.88056,0.27421,1.07036,1.05377,1.03283,1.07884,1.18023,0.76508,0.86171,0.92954,1.23359,0.68656,0.66153,1.18801,1.42857,1.17868,0.00086,0.02252
44.64396,0.58921,0.21554,0.38444,1.11551,0.81254,0.47035,0.90771,0.90771,1.06111,0.95308,1.09163,0.44810,0.88997,0.27788,1.07755,1.05961,1.04236,1.08620,1.18386,0.76865,0.86877,0.93646,1.24001,0.69057,0.66602,1.21417,1.44104,1.18340,0.00084,0.02235
45.15616,0.60545,0.21836,0.38956,1.12053,0.83047,0.48495,0.92323,0.92323,1.06698,0.96236,1.10394,0.45217,0.89945,0.28157,1.08464,1.06544,1.05185,1.09353,1.18746,0.77218,0.87582,0.94336,1.24637,0.69453,0.67049,1.24112,1.45348,1.18803,0.00081,0.02217
45.67423,0.62187,0.22121,0.39474,1.12561,0.84860,0.49972,0.93893,0.93893,1.07279,0.97167,1.11621,0.45622,0.90898,0.28529,1.09166,1.07124,1.06132,1.10083,1.19105,0.77567,0.88286,0.95022,1.25265,0.69845,0.67492,1.26888,1.46584,1.19258,0.00078,0.02200
46.19825,0.63848,0.22409,0.39998,1.13074,0.86694,0.51465,0.95481,0.95481,1.07854,0.98103,1.12845,0.46027,0.91857,0.28903,1.09858,1.07703,1.07076,1.10810,1.19461,0.77912,0.88990,0.95704,1.25885,0.70232,0.67931,1.29746,1.47806,1.19703,0.00076,0.02183
46.72827,0.65529,0.22701,0.40528,1.13594,0.88549,0.52976,0.97087,0.97087,1.08422,0.99043,1.14066,0.46430,0.92822,0.29279,1.10541,1.08279,1.08017,1.11534,1.19815,0.78254,0.89692,0.96384,1.26499,0.70615,0.68367,1.32687,1.49010,1.20139,0.00073,0.02166
47.26438,0.67228,0.22995,0.41064,1.14119,0.90425,0.54503,0.98711,0.98711,1.08983,0.99988,1.15284,0.46833,0.93793,0.29656,1.11216,1.08853,1.08955,1.12255,1.20168,0.78591,0.90393,0.97060,1.27106,0.70994,0.68799,1.35712,1.50187,1.20567,0.00071,0.02149
47.80664,0.68947,0.23294,0.41607,1.14651,0.92323,0.56049,1.00354,1.00354,1.09538,1.00937,1.16499,0.47234,0.94769,0.30036,1.11881,1.09425,1.09889,1.12973,1.20518,0.78925,0.91093,0.97732,1.27706,0.71369,0.69228,1.38824,1.51331,1.20985,0.00068,0.02132
48.35512,0.70686,0.23595,0.42155,1.15188,0.94243,0.57612,1.02016,1.02016,1.10087,1.01890,1.17711,0.47634,0.95752,0.30418,1.12538,1.09996,1.10820,1.13688,1.20866,0.79254,0.91791,0.98401,1.28299,0.71739,0.69653,1.42022,1.52431,1.21396,0.00066,0.02116
48.90989,0.72444,0.23900,0.42710,1.15732,0.96185,0.59193,1.03697,1.03697,1.10630,1.02847,1.18920,0.48033,0.96740,0.30802,1.13186,1.10564,1.11747,1.14400,1.21213,0.79580,0.92488,0.99067,1.28886,0.72105,0.70075,1.45308,1.53478,1.21798,0.00064,0.02099
49.47103,0.74223,0.24209,0.43271,1.16282,0.98149,0.60792,1.05397,1.05397,1.11166,1.03809,1.20126,0.48432,0.97733,0.31187,1.13825,1.11130,1.12671,1.15110,1.21557,0.79903,0.93183,0.99729,1.29465,0.72466,0.70493,1.48682,1.54461,1.22192,0.00062,0.02083
50.03860,0.76036,0.24521,0.43835,1.16822,1.00139,0.62453,1.07084,1.07084,1.11696,1.04775,1.21328,0.48829,0.98733,0.31575,1.14455,1.11694,1.13591,1.15816,1.21900,0.80221,0.93877,1.00387,1.30039,0.72824,0.70908,1.52146,1.55368,1.22578,0.00060,0.02067
50.61269,0.78051,0.24837,0.44351,1.17143,1.02206,0.64732,1.08330,1.08330,1.12221,1.05745,1.22528,0.49225,0.99738,0.31965,1.15076,1.12256,1.14507,1.16519,1.22240,0.80537,0.94569,1.01042,1.30605,0.73178,0.71319,1.55699,1.56185,1.22956,0.00058,0.02051
51.19336,0.80089,0.25156,0.44874,1.17468,1.04296,0.67038,1.09590,1.09590,1.12739,1.06719,1.23725,0.49620,1.00749,0.32356,1.15688,1.12817,1.15420,1.17219,1.22579,0.80848,0.95259,1.01692,1.31166,0.73527,0.71727,1.59343,1.56896,1.23326,0.00056,0.02036
51.78070,0.82150,0.25479,0.45403,1.17797,1.06411,0.69369,1.10864,1.10864,1.13251,1.07698,1.24919,0.50014,1.01766,0.32749,1.16291,1.13375,1.16328,1.17916,1.22915,0.81156,0.95947,1.02339,1.31719,0.73873,0.72132,1.63078,1.57485,1.23689,0.00054,0.02020
52.37477,0.84235,0.25806,0.45937,1.18130,1.08549,0.71728,1.12153,1.12153,1.13758,1.08680,1.26110,0.50407,1.02788,0.33145,1.16886,1.13932,1.17233,1.18610,1.23250,0.81461,0.96634,1.02982,1.32267,0.74215,0.72533,1.66904,1.57935,1.24046,0.00052,0.02005
52.97566,0.86345,0.26137,0.46478,1.18466,1.10712,0.74113,1.13457,1.13457,1.14259,1.09667,1.27297,0.50799,1.03816,0.33541,1.17472,1.14487,1.18133,1.19302,1.23583,0.81762,0.97318,1.03622,1.32809,0.74553,0.72931,1.70821,1.58223,1.24395,0.00050,0.01989
53.58345,0.88478,0.26471,0.47025,1.18807,1.12900,0.76526,1.14776,1.14776,1.14754,1.10657,1.28482,0.51190,1.04849,0.33940,1.18049,1.15041,1.19029,1.19990,1.23914,0.82059,0.98001,1.04257,1.33344,0.74887,0.73325,1.74830,1.58329,1.24737,0.00049,0.01974
54.19820,0.90636,0.26809,0.47578,1.19151,1.15114,0.78967,1.16110,1.16110,1.15244,1.11652,1.29664,0.51580,1.05888,0.34341,1.18617,1.15592,1.19921,1.20676,1.24243,0.82353,0.98681,1.04889,1.33873,0.75217,0.73716,1.78930,1.58227,1.25073,0.00047,0.01959
54.82001,0.92818,0.27151,0.48138,1.19499,1.17352,0.81435,1.17459,1.17459,1.15728,1.12651,1.30843,0.51969,1.06933,0.34743,1.19177,1.16142,1.20809,1.21358,1.24570,0.82644,0.99359,1.05516,1.34396,0.75543,0.74104,1.83122,1.57893,1.25402,0.00046,0.01945
55.44895,0.95026,0.27497,0.48704,1.19851,1.19616,0.83932,1.18824,1.18824,1.16207,1.13653,1.32019,0.52357,1.07983,0.35147,1.19728,1.16690,1.21692,1.22038,1.24895,0.82932,1.00034,1.06140,1.34913,0.75866,0.74488,1.87404,1.57677,1.25725,0.00044,0.01930
56.08511,0.97259,0.27847,0.49277,1.20208,1.21906,0.86458,1.20205,1.20205,1.16680,1.14660,1.33192,0.52744,1.09039,0.35552,1.20271,1.17237,1.22571,1.22715,1.25218,0.83216,1.00708,1.06759,1.35425,0.76185,0.74869,1.91778,1.57651,1.26043,0.00043,0.01915
56.72857,0.99517,0.28201,0.49856,1.20568,1.24223,0.89012,1.21601,1.21601,1.17147,1.15670,1.34362,0.53129,1.10100,0.35960,1.20805,1.17782,1.23445,1.23389,1.25540,0.83497,1.01379,1.07374,1.35930,0.76501,0.75247,1.96242,1.57760,1.26355,0.00041,0.01901
57.37941,1.01802,0.28559,0.50441,1.20932,1.26566,0.91596,1.23013,1.23013,1.17610,1.16684,1.35529,0.53514,1.11167,0.36368,1.21331,1.18325,1.24315,1.24060,1.25860,0.83775,1.02047,1.07986,1.36430,0.76813,0.75621,2.00797,1.57985,1.26661,0.00040,0.01887
58.03772,1.04112,0.28921,0.51034,1.21301,1.28936,0.94210,1.24442,1.24442,1.18067,1.17702,1.36693,0.53898,1.12239,0.36779,1.21848,1.18867,1.25180,1.24728,1.26178,0.84050,1.02713,1.08593,1.36925,0.77121,0.75993,2.05441,1.58310,1.26962,0.00038,0.01873
58.70358,1.06450,0.29287,0.51633,1.21674,1.31333,0.96853,1.25887,1.25887,1.18519,1.18724,1.37855,0.54281,1.13317,0.37191,1.22357,1.19408,1.26041,1.25394,1.26494,0.84322,1.03376,1.09196,1.37413,0.77426,0.76360,2.10174,1.58717,1.27258,0.00037,0.01859
59.37708,1.08814,0.29657,0.52239,1.22051,1.33757,0.99527,1.27348,1.27348,1.18966,1.19750,1.39013,0.54663,1.14400,0.37605,1.22858,1.19947,1.26897,1.26057,1.26808,0.84590,1.04037,1.09796,1.37896,0.77727,0.76725,2.14995,1.59195,1.27549,0.00036,0.01845
60.05830,1.11175,0.30034,0.52847,1.22420,1.36157,1.02157,1.28783,1.28783,1.19408,1.20779,1.40168,0.55044,1.15488,0.38020,1.23351,1.20485,1.27748,1.26717,1.27121,0.84856,1.04695,1.10391,1.38374,0.78025,0.77086,2.19500,1.59731,1.27835,0.00035,0.01831
60.74735,1.13242,0.30430,0.53405,1.22658,1.38018,1.04018,1.29761,1.29761,1.19845,1.21812,1.41321,0.55423,1.16582,0.38437,1.23836,1.21021,1.28594,1.27375,1.27432,0.85118,1.05350,1.10981,1.38846,0.78320,0.77444,2.19500,1.60315,1.28117,0.00034,0.01817
61.44429,1.15333,0.30830,0.53970,1.22898,1.39900,1.05900,1.30751,1.30751,1.20277,1.22848,1.42471,0.55802,1.17681,0.38855,1.24313,1.21556,1.29436,1.28030,1.27741,0.85378,1.06002,1.11568,1.39313,0.78611,0.77799,2.19500,1.60939,1.28395,0.00032,0.01804
62.14924,1.17448,0.31236,0.54541,1.23141,1.41803,1.07803,1.31752,1.31752,1.20704,1.23889,1.43618,0.56180,1.18785,0.39275,1.24782,1.22090,1.30272,1.28682,1.28048,0.85634,1.06652,1.12151,1.39774,0.78899,0.78151,2.19500,1.61593,1.28668,0.00031,0.01790
62.86227,1.19587,0.31646,0.55118,1.23387,1.43728,1.09728,1.32764,1.32764,1.21126,1.24932,1.44761,0.56557,1.19895,0.39696,1.25243,1.22623,1.31104,1.29332,1.28353,0.85888,1.07299,1.12729,1.40231,0.79184,0.78499,2.19500,1.62272,1.28938,0.00030,0.01777
63.58348,1.21750,0.32061,0.55703,1.23636,1.45675,1.11675,1.33789,1.33789,1.21543,1.25980,1.45903,0.56933,1.21009,0.40119,1.25697,1.23154,1.31931,1.29979,1.28657,0.86139,1.07943,1.13303,1.40682,0.79465,0.78845,2.19500,1.62971,1.29204,0.00029,0.01764
64.31296,1.23939,0.32480,0.56294,1.23888,1.47645,1.13645,1.34824,1.34824,1.21956,1.27030,1.47041,0.57308,1.22129,0.40543,1.26142,1.23684,1.32753,1.30623,1.28959,0.86387,1.08583,1.13873,1.41128,0.79744,0.79187,2.19500,1.63684,1.29466,0.00028,0.01751
65.05082,1.26152,0.32904,0.56891,1.24143,1.49637,1.15637,1.35872,1.35872,1.22364,1.28084,1.48176,0.57682,1.23254,0.40969,1.26581,1.24213,1.33569,1.31265,1.29260,0.86632,1.09221,1.14439,1.41569,0.80019,0.79526,2.19500,1.64409,1.29725,0.00027,0.01738
65.79714,1.28391,0.33333,0.57496,1.24400,1.51652,1.17652,1.36932,1.36932,1.22767,1.29142,1.49309,0.58054,1.24384,0.41396,1.27011,1.24742,1.34381,1.31905,1.29558,0.86874,1.09856,1.15001,1.42004,0.80291,0.79862,2.19500,1.65142,1.29981,0.00026,0.01725
66.55202,1.30656,0.33767,0.58107,1.24660,1.53690,1.19690,1.38004,1.38004,1.23166,1.30203,1.50438,0.58426,1.25519,0.41824,1.27435,1.25269,1.35188,1.32542,1.29855,0.87114,1.10487,1.15558,1.42435,0.80560,0.80195,2.19500,1.65880,1.30233,0.00026,0.01713
67.31556,1.32947,0.34206,0.58726,1.24924,1.55752,1.21752,1.39088,1.39088,1.23560,1.31267,1.51565,0.58797,1.26659,0.42254,1.27851,1.25795,1.35989,1.33177,1.30150,0.87351,1.11116,1.16111,1.42861,0.80826,0.80525,2.19500,1.66624,1.30483,0.00025,0.01700
68.08787,1.35264,0.34651,0.59351,1.25190,1.57837,1.23837,1.40185,1.40185,1.23950,1.32334,1.52689,0.59167,1.27804,0.42685,1.28260,1.26320,1.36786,1.33809,1.30444,0.87585,1.11741,1.16660,1.43283,0.81088,0.80852,2.19500,1.67372,1.30730,0.00024,0.01688
68.86903,1.37607,0.35100,0.59984,1.25460,1.59946,1.25946,1.41294,1.41294,1.24335,1.33405,1.53810,0.59536,1.28954,0.43117,1.28662,1.26845,1.37577,1.34439,1.30736,0.87817,1.12363,1.17205,1.43699,0.81348,0.81176,2.19500,1.68123,1.30975,0.00023,0.01675
69.65916,1.39977,0.35554,0.60624,1.25732,1.62080,1.28080,1.42416,1.42416,1.24716,1.34478,1.54929,0.59904,1.30109,0.43551,1.29056,1.27368,1.38363,1.35067,1.31026,0.88046,1.12982,1.17746,1.44111,0.81605,0.81496,2.19500,1.68877,1.31217,0.00022,0.01663
70.45835,1.42375,0.36014,0.61271,1.26008,1.64238,1.30238,1.43551,1.43551,1.25093,1.35555,1.56044,0.60272,1.31269,0.43985,1.29444,1.27891,1.39144,1.35692,1.31314,0.88272,1.13597,1.18282,1.44518,0.81859,0.81814,2.19500,1.69637,1.31456,0.00022,0.01651
71.26671,1.44800,0.36478,0.61926,1.26287,1.66420,1.32420,1.44699,1.44699,1.25465,1.36635,1.57157,0.60638,1.32433,0.44422,1.29825,1.28413,1.39920,1.36316,1.31601,0.88496,1.14209,1.18815,1.44921,0.82110,0.82129,2.19500,1.70401,1.31693,0.00021,0.01639
72.08434,1.47253,0.36948,0.62588,1.26569,1.68628,1.34628,1.45860,1.45860,1.25833,1.37717,1.58267,0.61003,1.33602,0.44859,1.30199,1.28934,1.40691,1.36937,1.31887,0.88717,1.14818,1.19343,1.45318,0.82359,0.82441,2.19500,1.71171,1.31929,0.00020,0.01627
72.91136,1.49734,0.37424,0.63258,1.26854,1.70861,1.36861,1.47034,1.47034,1.26197,1.38803,1.59374,0.61367,1.34776,0.45297,1.30567,1.29455,1.41456,1.37556,1.32170,0.88936,1.15424,1.19866,1.45712,0.82604,0.82750,2.19500,1.71950,1.32162,0.00019,0.01616
73.74786,1.52244,0.37905,0.63936,1.27143,1.73119,1.39119,1.48222,1.48222,1.26557,1.39892,1.60479,0.61730,1.35955,0.45737,1.30928,1.29975,1.42216,1.38172,1.32452,0.89152,1.16026,1.20386,1.46101,0.82847,0.83056,2.19500,1.72739,1.32394,0.00019,0.01604
74.59396,1.54782,0.38392,0.64621,1.27435,1.75404,1.41404,1.49423,1.49423,1.26913,1.40983,1.61580,0.62093,1.37138,0.46178,1.31283,1.30495,1.42971,1.38787,1.32733,0.89366,1.16624,1.20902,1.46485,0.83087,0.83359,2.19500,1.73539,1.32623,0.00018,0.01592
75.44977,1.57349,0.38884,0.65314,1.27730,1.77714,1.43714,1.50639,1.50639,1.27264,1.42077,1.62679,0.62454,1.38325,0.46620,1.31631,1.31014,1.43721,1.39400,1.33012,0.89577,1.17220,1.21413,1.46865,0.83324,0.83659,2.19500,1.74354,1.32852,0.00018,0.01581
76.31539,1.59946,0.39381,0.66015,1.28029,1.80052,1.46052,1.51868,1.51868,1.27612,1.43174,1.63775,0.62814,1.39517,0.47063,1.31972,1.31532,1.44465,1.40011,1.33289,0.89786,1.17811,1.21920,1.47241,0.83559,0.83957,2.19500,1.75184,1.33078,0.00017,0.01569
77.19095,1.62573,0.39885,0.66725,1.28331,1.82416,1.48416,1.53111,1.53111,1.27956,1.44273,1.64869,0.63174,1.40714,0.47507,1.32308,1.32050,1.45204,1.40620,1.33565,0.89993,1.18400,1.22424,1.47613,0.83790,0.84251,2.19500,1.76034,1.33303,0.00016,0.01558
78.07655,1.65230,0.40394,0.67442,1.28636,1.84807,1.50807,1.54369,1.54369,1.28296,1.45375,1.65960,0.63532,1.41915,0.47953,1.32638,1.32568,1.45938,1.41227,1.33839,0.90197,1.18984,1.22923,1.47980,0.84020,0.84543,2.19500,1.76905,1.33527,0.00016,0.01547
78.97232,1.67917,0.40909,0.68168,1.28945,1.87225,1.53225,1.55641,1.55641,1.28632,1.46480,1.67047,0.63890,1.43120,0.48399,1.32961,1.33086,1.46667,1.41832,1.34111,0.90399,1.19565,1.23417,1.48343,0.84246,0.84832,2.19500,1.77800,1.33750,0.00015,0.01536
79.87836,1.70635,0.41430,0.68901,1.29258,1.89672,1.55672,1.56927,1.56927,1.28964,1.47587,1.68133,0.64247,1.44330,0.48847,1.33279,1.33603,1.47390,1.42435,1.34382,0.90599,1.20143,1.23908,1.48702,0.84470,0.85118,2.19500,1.78722,1.33972,0.00015,0.01525
80.79479,1.72510,0.41917,0.69568,1.29479,1.91391,1.57947,1.57772,1.57772,1.29292,1.48696,1.69215,0.64602,1.45543,0.49295,1.33590,1.34120,1.48108,1.43037,1.34652,0.90796,1.20717,1.24395,1.49057,0.84692,0.85402,2.19500,1.79673,1.34192,0.00014,0.01514
81.72174,1.74271,0.42404,0.70231,1.29687,1.93013,1.60218,1.58555,1.58555,1.29617,1.49808,1.70295,0.64957,1.46761,0.49745,1.33896,1.34637,1.48821,1.43637,1.34920,0.90991,1.21288,1.24877,1.49408,0.84911,0.85682,2.19500,1.80657,1.34411,0.00014,0.01503
82.65932,1.76053,0.42896,0.70901,1.29898,1.94654,1.62515,1.59347,1.59347,1.29938,1.50922,1.71372,0.65311,1.47983,0.50195,1.34196,1.35154,1.49528,1.44235,1.35186,0.91184,1.21855,1.25356,1.49755,0.85127,0.85961,2.19500,1.79294,1.34630,0.00013,0.01492
83.60766,1.77855,0.43394,0.71579,1.30112,1.96313,1.64839,1.60148,1.60148,1.30255,1.52039,1.72446,0.65664,1.49209,0.50647,1.34491,1.35670,1.50230,1.44832,1.35451,0.91375,1.22418,1.25830,1.50098,0.85341,0.86236,2.19500,1.60598,1.34848,0.00013,0.01482
84.56689,1.79677,0.43898,0.72265,1.30328,1.97992,1.67189,1.60959,1.60959,1.30569,1.53157,1.73518,0.66016,1.50439,0.51099,1.34780,1.36187,1.50927,1.45427,1.35715,0.91563,1.22978,1.26301,1.50438,0.85553,0.86509,2.19500,1.42798,1.35065,0.00012,0.01471
85.53711,1.81521,0.44407,0.72959,1.30546,1.99690,1.69566,1.61779,1.61779,1.30879,1.54278,1.74587,0.66367,1.51673,0.51553,1.35064,1.36704,1.51618,1.46020,1.35977,0.91750,1.23534,1.26767,1.50773,0.85762,0.86779,2.19500,1.36222,1.35281,0.00012,0.01461
86.51847,1.83385,0.44922,0.73661,1.30767,2.01407,1.71970,1.62608,1.62608,1.31186,1.55400,1.75653,0.66717,1.52911,0.52007,1.35342,1.37221,1.52305,1.46612,1.36237,0.91934,1.24086,1.27230,1.51104,0.85969,0.87046,2.19500,1.35294,1.35496,0.00012,0.01451
87.51108,1.85271,0.45443,0.74370,1.30990,2.03144,1.74402,1.63447,1.63447,1.31489,1.56525,1.76717,0.67066,1.54153,0.52463,1.35615,1.37738,1.52986,1.47203,1.36496,0.92116,1.24635,1.27688,1.51432,0.86174,0.87311,2.19500,1.35303,1.35711,0.00011,0.01440
88.51509,1.87179,0.45970,0.75088,1.31216,2.04901,1.76862,1.64295,1.64295,1.31789,1.57652,1.77778,0.67415,1.55398,0.52919,1.35883,1.38255,1.53662,1.47792,1.36753,0.92296,1.25180,1.28143,1.51756,0.86376,0.87573,2.19500,1.35323,1.35926,0.00011,0.01430
89.53061,1.89108,0.46504,0.75814,1.31444,2.06679,1.79350,1.65153,1.65153,1.32086,1.58780,1.78836,0.67762,1.56647,0.53376,1.36146,1.38773,1.54332,1.48380,1.37009,0.92475,1.25722,1.28593,1.52077,0.86576,0.87832,2.19500,1.35354,1.36139,0.00011,0.01420
90.55778,1.91060,0.47043,0.76549,1.31675,2.08476,1.81867,1.66021,1.66021,1.32379,1.59910,1.79892,0.68109,1.57900,0.53834,1.36403,1.39290,1.54997,1.48967,1.37264,0.92651,1.26259,1.29040,1.52393,0.86773,0.88090,2.19500,1.35394,1.36353,0.00010,0.01410
91.59674,1.93034,0.47588,0.77292,1.31909,2.10294,1.84412,1.66899,1.66899,1.32668,1.61042,1.80945,0.68454,1.59156,0.54293,1.36656,1.39809,1.55657,1.49552,1.37517,0.92825,1.26793,1.29482,1.52706,0.86969,0.88344,2.19500,1.35443,1.36566,0.00010,0.01400
92.64762,1.95030,0.48140,0.78043,1.32146,2.12133,1.86987,1.67787,1.67787,1.32955,1.62176,1.81995,0.68799,1.60415,0.54753,1.36904,1.40327,1.56312,1.50137,1.37769,0.92997,1.27324,1.29921,1.53016,0.87162,0.88596,2.19500,1.35502,1.36778,0.00010,0.01390
93.71056,1.97050,0.48698,0.78803,1.32385,2.13993,1.89591,1.68685,1.68685,1.33238,1.63311,1.83043,0.69143,1.61678,0.55213,1.37148,1.40846,1.56962,1.50720,1.38019,0.93167,1.27850,1.30356,1.53322,0.87353,0.88846,2.19500,1.35570,1.36990,0.00009,0.01381
94.78569,1.99093,0.49262,0.79572,1.32627,2.15875,1.92225,1.69594,1.69594,1.33518,1.64448,1.84088,0.69486,1.62945,0.55675,1.37386,1.41366,1.57606,1.51302,1.38268,0.93335,1.28374,1.30787,1.53625,0.87542,0.89093,2.19500,1.35646,1.37202,0.00009,0.01371
95.87315,2.01159,0.49833,0.80349,1.32871,2.17778,1.94889,1.70513,1.70513,1.33795,1.65586,1.85131,0.69828,1.64214,0.56137,1.37620,1.41886,1.58246,1.51883,1.38515,0.93502,1.28893,1.31214,1.53924,0.87728,0.89337,2.19500,1.35730,1.37414,0.00009,0.01361
96.97309,2.03249,0.50411,0.81136,1.33119,2.19703,1.97584,1.71442,1.71442,1.34068,1.66726,1.86170,0.70169,1.65487,0.56600,1.37850,1.42407,1.58880,1.52463,1.38761,0.93666,1.29408,1.31638,1.54220,0.87913,0.89579,2.19500,1.35822,1.37625,0.00008,0.01352
98.08565,2.05363,0.50995,0.81931,1.33369,2.21650,2.00310,1.72382,1.72382,1.34339,1.67866,1.87208,0.70509,1.66763,0.57064,1.38075,1.42929,1.59509,1.53042,1.39006,0.93829,1.29920,1.32057,1.54512,0.88096,0.89819,2.19500,1.35922,1.37837,0.00008,0.01342
99.21098,2.07501,0.51586,0.82736,1.33622,2.23619,2.03067,1.73333,1.73333,1.34606,1.69009,1.88242,0.70848,1.68042,0.57529,1.38296,1.43451,1.60133,1.53621,1.39249,0.93989,1.30429,1.32473,1.54801,0.88276,0.90057,2.19500,1.36029,1.38047,0.00008,0.01333
100.34921,2.09573,0.52196,0.83514,1.33831,2.25363,2.05747,1.74140,1.74140,1.34871,1.70152,1.89274,0.71187,1.69324,0.57994,1.38512,1.43974,1.60751,1.54198,1.39491,0.94148,1.30933,1.32885,1.55087,0.88454,0.90292,2.19500,1.36142,1.38258,0.00007,0.01324
101.50051,2.11461,0.52840,0.84221,1.33935,2.26561,2.08211,1.74600,1.74600,1.35132,1.71296,1.90304,0.71524,1.70609,0.58460,1.38724,1.44498,1.61365,1.54775,1.39731,0.94305,1.31434,1.33293,1.55370,0.88631,0.90524,2.19500,1.36263,1.38469,0.00007,0.01314
102.66501,2.13371,0.53492,0.84936,1.34040,2.27772,2.10703,1.75066,1.75066,1.35391,1.72442,1.91331,0.71861,1.71897,0.58927,1.38932,1.45023,1.61973,1.55351,1.39970,0.94461,1.31931,1.33698,1.55649,0.88805,0.90755,2.19500,1.36389,1.38679,0.00007,0.01305
103.84287,2.15302,0.54152,0.85660,1.34146,2.28997,2.13224,1.75537,1.75537,1.35646,1.73588,1.92355,0.72197,1.73187,0.59394,1.39136,1.45549,1.62577,1.55927,1.40208,0.94614,1.32425,1.34099,1.55925,0.88977,0.90983,2.19500,1.36522,1.38889,0.00007,0.01296
105.03425,2.17256,0.54819,0.86391,1.34253,2.30236,2.15773,1.76014,1.76014,1.35899,1.74735,1.93377,0.72531,1.74480,0.59862,1.39336,1.46076,1.63175,1.56502,1.40444,0.94766,1.32914,1.34496,1.56198,0.89148,0.91208,2.19500,1.36660,1.39100,0.00007,0.01287
106.23930,2.19232,0.55494,0.87131,1.34362,2.31489,2.18352,1.76496,1.76496,1.36149,1.75884,1.94396,0.72865,1.75776,0.60331,1.39532,1.46604,1.63769,1.57076,1.40679,0.94916,1.33400,1.34889,1.56468,0.89316,0.91432,2.19500,1.36804,1.39310,0.00006,0.01278
107.45817,2.21231,0.56177,0.87879,1.34471,2.32756,2.20960,1.76983,1.76983,1.36396,1.77032,1.95413,0.73199,1.77074,0.60801,1.39724,1.47133,1.64357,1.57650,1.40913,0.95065,1.33883,1.35279,1.56735,0.89483,0.91653,2.19500,1.36953,1.39520,0.00006,0.01270
108.69102,2.23253,0.56867,0.88636,1.34582,2.34039,2.23599,1.77476,1.77476,1.36640,1.78182,1.96427,0.73531,1.78375,0.61271,1.39912,1.47663,1.64940,1.58223,1.41145,0.95211,1.34362,1.35665,1.56999,0.89647,0.91872,2.19500,1.37108,1.39729,0.00006,0.01261
109.93802,2.25298,0.57565,0.89402,1.34694,2.35336,2.26267,1.77975,1.77975,1.36881,1.79332,1.97438,0.73862,1.79678,0.61742,1.40097,1.48195,1.65519,1.58796,1.41376,0.95357,1.34837,1.36048,1.57260,0.89810,0.92089,2.19500,1.37267,1.39939,0.00006,0.01252
111.19933,2.27367,0.58272,0.90176,1.34808,2.36647,2.28967,1.78480,1.78480,1.37120,1.80483,1.98447,0.74193,1.80983,0.62213,1.40278,1.48728,1.66092,1.59369,1.41606,0.95500,1.35308,1.36427,1.57518,0.89971,0.92303,2.19500,1.37430,1.40149,0.00006,0.01244
112.47510,2.29459,0.58986,0.90960,1.34923,2.37974,2.31697,1.78990,1.78990,1.37356,1.81634,1.99454,0.74522,1.82291,0.62685,1.40455,1.49263,1.66661,1.59942,1.41834,0.95642,1.35776,1.36803,1.57773,0.90130,0.92515,2.19500,1.37598,1.40358,0.00005,0.01235
113.76552,2.31575,0.59709,0.91752,1.35039,2.39316,2.34458,1.79506,1.79506,1.37589,1.82786,2.00458,0.74851,1.83601,0.63158,1.40629,1.49799,1.67225,1.60514,1.42061,0.95782,1.36240,1.37175,1.58025,0.90288,0.92726,2.19500,1.37770,1.40568,0.00005,0.01226
115.07073,2.33716,0.60440,0.92553,1.35156,2.40674,2.37251,1.80028,1.80028,1.37820,1.83938,2.01459,0.75179,1.84912,0.63631,1.40799,1.50336,1.67783,1.61086,1.42287,0.95920,1.36700,1.37544,1.58274,0.90443,0.92934,2.19500,1.37947,1.40777,0.00005,0.01218
116.39093,2.35881,0.61179,0.93364,1.35275,2.42047,2.40077,1.80556,1.80556,1.38048,1.85090,2.02458,0.75506,1.86226,0.64105,1.40966,1.50875,1.68337,1.61659,1.42512,0.96057,1.37157,1.37909,1.58521,0.90597,0.93140,2.19500,1.38126,1.40987,0.00005,0.01210
117.72627,2.38071,0.61927,0.94184,1.35395,2.43435,2.42934,1.81091,1.81091,1.38273,1.86242,2.03455,0.75832,1.87542,0.64579,1.41129,1.51416,1.68886,1.62231,1.42735,0.96193,1.37610,1.38270,1.58764,0.90749,0.93343,2.19500,1.38310,1.41196,0.00005,0.01201
119.07693,2.40286,0.62683,0.95013,1.35517,2.44840,2.45825,1.81631,1.81631,1.38496,1.87395,2.04449,0.76158,1.88859,0.65054,1.41290,1.51958,1.69431,1.62803,1.42957,0.96327,1.38060,1.38629,1.59005,0.90899,0.93545,2.19500,1.38497,1.41405,0.00004,0.01193
120.44308,2.42527,0.63448,0.95852,1.35640,2.46261,2.48748,1.82177,1.82177,1.38716,1.88547,2.05440,0.76482,1.90178,0.65529,1.41447,1.52502,1.69970,1.63375,1.43178,0.96459,1.38506,1.38984,1.59243,0.91048,0.93745,2.19500,1.38687,1.41614,0.00004,0.01185
121.82491,2.44793,0.64222,0.96700,1.35764,2.47698,2.51705,1.82730,1.82730,1.38934,1.89700,2.06429,0.76806,1.91499,0.66005,1.41601,1.53048,1.70505,1.63948,1.43397,0.96590,1.38948,1.39335,1.59479,0.91195,0.93942,2.19500,1.38880,1.41823,0.00004,0.01177
123.22259,2.47085,0.65005,0.97559,1.35890,2.49151,2.54696,1.83289,1.83289,1.39149,1.90852,2.07416,0.77129,1.92821,0.66482,1.41751,1.53596,1.71035,1.64520,1.43615,0.96720,1.39387,1.39683,1.59712,0.91340,0.94138,2.19500,1.39076,1.42032,0.00004,0.01169
124.63631,2.49404,0.65796,0.98427,1.36017,2.50622,2.57722,1.83855,1.83855,1.39362,1.92004,2.08400,0.77451,1.94145,0.66959,1.41899,1.54146,1.71560,1.65093,1.43832,0.96848,1.39822,1.40028,1.59942,0.91484,0.94332,2.19500,1.39275,1.42240,0.00004,0.01161
126.06625,2.51749,0.66597,0.99305,1.36146,2.52109,2.60782,1.84426,1.84426,1.39573,1.93156,2.09381,0.77772,1.95471,0.67436,1.42044,1.54698,1.72081,1.65667,1.44048,0.96974,1.40254,1.40369,1.60169,0.91626,0.94523,2.19500,1.39476,1.42449,0.00004,0.01153
127.51259,2.54121,0.67407,1.00193,1.36276,2.53613,2.63877,1.85005,1.85005,1.39781,1.94307,2.10360,0.78092,1.96797,0.67914,1.42186,1.55252,1.72597,1.66240,1.44262,0.97099,1.40682,1.40708,1.60394,0.91766,0.94713,2.19500,1.39680,1.42657,0.00004,0.01145
128.97553,2.56520,0.68226,1.01091,1.36408,2.55135,2.67008,1.85590,1.85590,1.39987,1.95458,2.11337,0.78411,1.98125,0.68392,1.42325,1.55808,1.73108,1.66814,1.44476,0.97223,1.41107,1.41043,1.60616,0.91905,0.94901,2.19500,1.39885,1.42866,0.00004,0.01138
130.45525,2.58947,0.69055,1.02000,1.36541,2.56673,2.70174,1.86182,1.86182,1.40190,1.96609,2.12311,0.78730,1.99454,0.68871,1.42461,1.56367,1.73615,1.67389,1.44688,0.97345,1.41528,1.41374,1.60836,0.92042,0.95086,2.19500,1.40093,1.43074,0.00003,0.01130
131.95194,2.61401,0.69893,1.02918,1.36676,2.58230,2.73377,1.86781,1.86781,1.40391,1.97759,2.13283,0.79048,2.00784,0.69351,1.42594,1.56927,1.74117,1.67964,1.44899,0.97466,1.41946,1.41703,1.61054,0.92178,0.95270,2.19500,1.40303,1.43282,0.00003,0.01122
133.46581,2.63884,0.70741,1.03848,1.36812,2.59804,2.76617,1.87386,1.87386,1.40590,1.98909,2.14252,0.79365,2.02115,0.69830,1.42725,1.57490,1.74614,1.68540,1.45108,0.97585,1.42360,1.42028,1.61269,0.92312,0.95452,2.19500,1.40515,1.43489,0.00003,0.01115
134.99705,2.66395,0.71598,1.04788,1.36950,2.61397,2.79894,1.87999,1.87999,1.40787,2.00057,2.15219,0.79681,2.03447,0.70310,1.42852,1.58056,1.75107,1.69117,1.45317,0.97703,1.42771,1.42350,1.61481,0.92444,0.95632,2.19500,1.40729,1.43697,0.00003,0.01107
136.54586,2.68935,0.72466,1.05739,1.37089,2.63008,2.83208,1.88618,1.88618,1.40981,2.01205,2.16184,0.79996,2.04779,0.70791,1.42978,1.58624,1.75596,1.69695,1.45524,0.97820,1.43178,1.42669,1.61691,0.92575,0.95810,2.19500,1.40944,1.43904,0.00003,0.01100
138.11243,2.71504,0.73343,1.06701,1.37230,2.64637,2.86561,1.89245,1.89245,1.41173,2.02353,2.17146,0.80311,2.06113,0.71272,1.43100,1.59194,1.76080,1.70273,1.45730,0.97936,1.43581,1.42985,1.61899,0.92705,0.95986,2.19500,1.41160,1.44112,0.00003,0.01092
139.69698,2.74103,0.74230,1.07674,1.37373,2.66285,2.89952,1.89879,1.89879,1.41363,2.03499,2.18105,0.80624,2.07447,0.71753,1.43221,1.59767,1.76560,1.70852,1.45935,0.98050,1.43982,1.43298,1.62104,0.92833,0.96161,2.19500,1.41378,1.44318,0.00003,0.01085
141.29970,2.76731,0.75128,1.08658,1.37517,2.67952,2.93381,1.90520,1.90520,1.41551,2.04644,2.19062,0.80937,2.08781,0.72235,1.43338,1.60343,1.77035,1.71432,1.46139,0.98163,1.44379,1.43608,1.62307,0.92960,0.96334,2.19500,1.41598,1.44525,0.00003,0.01078
142.92082,2.79390,0.76036,1.09653,1.37663,2.69638,2.96851,1.91168,1.91168,1.41736,2.05788,2.20017,0.81249,2.10116,0.72717,1.43454,1.60922,1.77506,1.72014,1.46342,0.98274,1.44772,1.43915,1.62508,0.93085,0.96504,2.19500,1.41818,1.44732,0.00003,0.01070
144.56053,2.82079,0.76954,1.10660,1.37810,2.71343,3.00360,1.91824,1.91824,1.41920,2.06931,2.20970,0.81560,2.11451,0.73199,1.43567,1.61503,1.77972,1.72596,1.46543,0.98385,1.45162,1.44218,1.62706,0.93209,0.96674,2.19500,1.42039,1.44938,0.00003,0.01063
146.21906,2.84799,0.77883,1.11679,1.37960,2.73068,3.03909,1.92488,1.92488,1.42101,2.08073,2.21920,0.81870,2.12787,0.73681,1.43677,1.62088,1.78434,1.73179,1.46743,0.98494,1.45549,1.44519,1.62902,0.93331,0.96841,2.19500,1.42262,1.45144,0.00002,0.01056
147.89661,2.87550,0.78822,1.12709,1.38111,2.74812,3.07499,1.93159,1.93159,1.42281,2.09214,2.22867,0.82180,2.14123,0.74164,1.43786,1.62675,1.78892,1.73764,1.46942,0.98602,1.45932,1.44817,1.63096,0.93452,0.97006,2.19500,1.42485,1.45349,0.00002,0.01049
149.59341,2.90333,0.79772,1.13750,1.38263,2.76577,3.11130,1.93837,1.93837,1.42458,2.10353,2.23813,0.82489,2.15459,0.74648,1.43892,1.63265,1.79346,1.74350,1.47141,0.98708,1.46312,1.45112,1.63288,0.93572,0.97170,2.19500,1.42709,1.45554,0.00002,0.01042
151.30968,2.91995,0.80786,1.14760,1.38392,2.77655,3.13153,1.94196,1.94196,1.42634,2.11491,2.24756,0.82797,2.16795,0.75131,1.43996,1.63859,1.79795,1.74938,1.47337,0.98814,1.46689,1.45403,1.63478,0.93690,0.97332,2.19500,1.42933,1.45759,0.00002,0.01035
153.04563,2.93315,0.81827,1.15766,1.38513,2.78523,3.14680,1.94457,1.94457,1.42807,2.12627,2.25696,0.83104,2.18131,0.75615,1.44097,1.64455,1.80240,1.75526,1.47533,0.98918,1.47063,1.45692,1.63665,0.93807,0.97493,2.19500,1.43158,1.45964,0.00002,0.01028
154.80151,2.94649,0.82881,1.16785,1.38636,2.79401,3.16225,1.94720,1.94720,1.42978,2.13762,2.26634,0.83410,2.19466,0.76099,1.44197,1.65055,1.80681,1.76117,1.47728,0.99021,1.47433,1.45978,1.63850,0.93923,0.97651,2.19500,1.43384,1.46168,0.00002,0.01021
156.57753,2.95999,0.83947,1.17815,1.38760,2.80289,3.17788,1.94987,1.94987,1.43148,2.14895,2.27570,0.83716,2.20802,0.76583,1.44295,1.65659,1.81118,1.76709,1.47921,0.99123,1.47800,1.46262,1.64033,0.94037,0.97808,2.19500,1.43610,1.46372,0.00002,0.01014
158.37392,2.97364,0.85024,1.18857,1.38886,2.81187,3.19369,1.95256,1.95256,1.43316,2.16026,2.28504,0.84020,2.22137,0.77068,1.44390,1.66265,1.81551,1.77302,1.48114,0.99223,1.48163,1.46542,1.64215,0.94150,0.97964,2.19500,1.43836,1.46575,0.00002,0.01008
160.19093,2.98745,0.86115,1.19911,1.39013,2.82095,3.20968,1.95529,1.95529,1.43481,2.17156,2.29435,0.84324,2.23472,0.77552,1.44484,1.66876,1.81979,1.77897,1.48305,0.99323,1.48524,1.46820,1.64394,0.94262,0.98118,2.19500,1.44063,1.46778,0.00002,0.01001
162.02878,3.00142,0.87217,1.20977,1.39142,2.83014,3.22585,1.95804,1.95804,1.43645,2.18284,2.30364,0.84627,2.24806,0.78037,1.44575,1.67489,1.82404,1.78495,1.48496,0.99421,1.48881,1.47094,1.64571,0.94372,0.98270,2.19500,1.44289,1.46981,0.00002,0.00994
163.88772,3.01555,0.88333,1.22055,1.39272,2.83944,3.24221,1.96083,1.96083,1.43807,2.19410,2.31290,0.84930,2.26140,0.78522,1.44665,1.68107,1.82824,1.79093,1.48685,0.99519,1.49235,1.47367,1.64746,0.94481,0.98420,2.19500,1.44516,1.47183,0.00002,0.00988
165.76798,3.02984,0.89461,1.23145,1.39404,2.84884,3.25876,1.96365,1.96365,1.43967,2.20534,2.32214,0.85231,2.27473,0.79008,1.44753,1.68728,1.83240,1.79694,1.48873,0.99615,1.49586,1.47636,1.64919,0.94589,0.98569,2.19500,1.44743,1.47384,0.00002,0.00981
167.66982,3.04429,0.90602,1.24248,1.39537,2.85835,3.27549,1.96650,1.96650,1.44125,2.21656,2.33136,0.85532,2.28805,0.79493,1.44839,1.69353,1.83653,1.80297,1.49060,0.99710,1.49933,1.47902,1.65090,0.94696,0.98717,2.19500,1.44970,1.47586,0.00002,0.00975
169.59347,3.05891,0.91756,1.25364,1.39672,2.86797,3.29242,1.96939,1.96939,1.44282,2.22776,2.34056,0.85832,2.30136,0.79979,1.44923,1.69982,1.84061,1.80902,1.49246,0.99804,1.50278,1.48166,1.65259,0.94802,0.98862,2.19500,1.45197,1.47786,0.00002,0.00968
171.53920,3.07370,0.92924,1.26493,1.39808,2.87770,3.30954,1.97231,1.97231,1.44436,2.23893,2.34973,0.86131,2.31467,0.80464,1.45005,1.70614,1.84466,1.81509,1.49431,0.99897,1.50619,1.48428,1.65426,0.94906,0.99007,2.19500,1.45423,1.47986,0.00002,0.00962
173.50725,3.08866,0.94104,1.27634,1.39946,2.88754,3.32686,1.97526,1.97526,1.44589,2.25009,2.35888,0.86429,2.32796,0.80950,1.45086,1.71251,1.84867,1.82118,1.49615,0.99989,1.50957,1.48686,1.65591,0.95009,0.99149,2.19500,1.45649,1.48186,0.00001,0.00955
175.49787,3.10378,0.95299,1.28789,1.40085,2.89749,3.34438,1.97825,1.97825,1.44741,2.26122,2.36801,0.86727,2.34125,0.81436,1.45165,1.71892,1.85263,1.82729,1.49798,1.00080,1.51293,1.48942,1.65755,0.95111,0.99291,2.19500,1.45875,1.48385,0.00001,0.00949
177.51134,3.11909,0.96507,1.29957,1.40226,2.90756,3.36210,1.98127,1.98127,1.44890,2.27233,2.37711,0.87024,2.35452,0.81922,1.45242,1.72537,1.85656,1.83343,1.49980,1.00170,1.51625,1.49196,1.65916,0.95212,0.99430,2.19500,1.46101,1.48584,0.00001,0.00943
179.54790,3.13456,0.97729,1.31138,1.40368,2.91774,3.38002,1.98432,1.98432,1.45038,2.28341,2.38619,0.87320,2.36778,0.82408,1.45318,1.73187,1.86045,1.83959,1.50160,1.00258,1.51954,1.49446,1.66076,0.95312,0.99568,2.19500,1.46327,1.48782,0.00001,0.00937
181.60784,3.15022,0.98965,1.32333,1.40513,2.92804,3.39815,1.98741,1.98741,1.45184,2.29447,2.39525,0.87615,2.38102,0.82895,1.45392,1.73840,1.86431,1.84578,1.50340,1.00346,1.52280,1.49695,1.66234,0.95410,0.99705,2.19500,1.46552,1.48979,0.00001,0.00931
183.69140,3.16605,1.00215,1.33541,1.40658,2.93846,3.41648,1.99054,1.99054,1.45328,2.30550,2.40429,0.87909,2.39425,0.83381,1.45465,1.74498,1.86812,1.85199,1.50519,1.00433,1.52603,1.49940,1.66390,0.95507,0.99841,2.19500,1.46776,1.49176,0.00001,0.00924
185.79887,3.18207,1.01479,1.34763,1.40806,2.94899,3.43503,1.99370,1.99370,1.45471,2.31651,2.41330,0.88203,2.40747,0.83867,1.45536,1.75161,1.87190,1.85823,1.50696,1.00519,1.52923,1.50184,1.66545,0.95604,0.99974,2.19500,1.47000,1.49372,0.00001,0.00918
187.93052,3.19827,1.02758,1.36000,1.40955,2.95965,3.45379,1.99690,1.99690,1.45612,2.32749,2.42229,0.88496,2.42067,0.84353,1.45605,1.75828,1.87564,1.86450,1.50873,1.00604,1.53240,1.50424,1.66697,0.95699,1.00107,2.19500,1.47223,1.49568,0.00001,0.00912
190.08662,3.21466,1.04052,1.37250,1.41106,2.97043,3.47276,2.00013,2.00013,1.45752,2.33845,2.43126,0.88788,2.43385,0.84840,1.45673,1.76500,1.87935,1.87079,1.51049,1.00688,1.53554,1.50663,1.66848,0.95793,1.00238,2.19500,1.47446,1.49762,0.00001,0.00906
192.26746,3.23123,1.05360,1.38515,1.41259,2.98134,3.49195,2.00340,2.00340,1.45890,2.34937,2.44020,0.89080,2.44701,0.85326,1.45740,1.77177,1.88302,1.87712,1.51224,1.00770,1.53866,1.50899,1.66997,0.95886,1.00368,2.19500,1.47668,1.49957,0.00001,0.00900
194.47332,3.24800,1.06684,1.39795,1.41413,2.99237,3.51137,2.00671,2.00671,1.46026,2.36027,2.44912,0.89370,2.46016,0.85812,1.45805,1.77858,1.88665,1.88347,1.51397,1.00852,1.54174,1.51132,1.67145,0.95978,1.00496,2.19500,1.47890,1.50150,0.00001,0.00894
196.70449,3.26495,1.08023,1.41089,1.41569,3.00352,3.53100,2.01006,2.01006,1.46161,2.37114,2.45802,0.89660,2.47329,0.86299,1.45869,1.78545,1.89025,1.88985,1.51570,1.00934,1.54479,1.51363,1.67291,0.96069,1.00623,2.19500,1.48110,1.50343,0.00001,0.00889
198.96126,3.28211,1.09377,1.42398,1.41727,3.01481,3.55086,2.01344,2.01344,1.46295,2.38197,2.46690,0.89949,2.48640,0.86785,1.45931,1.79236,1.89381,1.89627,1.51742,1.01014,1.54782,1.51592,1.67435,0.96159,1.00748,2.19500,1.48330,1.50535,0.00001,0.00883
201.24392,3.29585,1.10672,1.43585,1.41865,3.02162,3.56771,2.01568,2.01568,1.46427,2.39278,2.47576,0.90238,2.49948,0.87271,1.45992,1.79933,1.89734,1.90271,1.51912,1.01093,1.55082,1.51818,1.67577,0.96248,1.00872,2.19500,1.48549,1.50727,0.00001,0.00877
203.55277,3.30670,1.11918,1.44670,1.41985,3.02462,3.58203,2.01695,2.01695,1.46557,2.40356,2.48459,0.90525,2.51255,0.87757,1.46052,1.80635,1.90083,1.90919,1.52082,1.01171,1.55379,1.52042,1.67718,0.96336,1.00995,2.19500,1.48768,1.50917,0.00001,0.00871
205.88810,3.31767,1.13180,1.45767,1.42106,3.02765,3.59651,2.01824,2.01824,1.46686,2.41430,2.49340,0.90812,2.52559,0.88243,1.46111,1.81342,1.90429,1.91570,1.52251,1.01249,1.55673,1.52263,1.67857,0.96423,1.01117,2.19500,1.48985,1.51107,0.00001,0.00866
208.25023,3.32878,1.14455,1.46878,1.42229,3.03073,3.61115,2.01954,2.01954,1.46813,2.42502,2.50219,0.91098,2.53861,0.88729,1.46168,1.82054,1.90771,1.92225,1.52419,1.01325,1.55964,1.52483,1.67995,0.96509,1.01237,2.19500,1.49202,1.51297,0.00001,0.00860
210.63946,3.34001,1.15745,1.48001,1.42353,3.03383,3.62596,2.02085,2.02085,1.46939,2.43570,2.51096,0.91384,2.55160,0.89215,1.46224,1.82772,1.91110,1.92883,1.52586,1.01401,1.56253,1.52700,1.68131,0.96594,1.01356,2.19500,1.49418,1.51485,0.00001,0.00854
213.05610,3.35136,1.17050,1.49136,1.42479,3.03697,3.64095,2.02218,2.02218,1.47064,2.44635,2.51970,0.91668,2.56457,0.89700,1.46279,1.83495,1.91445,1.93544,1.52752,1.01476,1.56538,1.52915,1.68266,0.96678,1.01473,2.19500,1.49632,1.51673,0.00001,0.00849
215.50047,3.36285,1.18370,1.50285,1.42606,3.04015,3.65610,2.02353,2.02353,1.47187,2.45696,2.52843,0.91952,2.57751,0.90186,1.46333,1.84224,1.91777,1.94210,1.52917,1.01550,1.56822,1.53127,1.68399,0.96761,1.01590,2.19500,1.49846,1.51860,0.00001,0.00843
217.97288,3.37447,1.19705,1.51447,1.42735,3.04336,3.67143,2.02489,2.02489,1.47309,2.46754,2.53713,0.92235,2.59043,0.90671,1.46385,1.84959,1.92106,1.94879,1.53081,1.01623,1.57102,1.53338,1.68531,0.96843,1.01705,2.19500,1.50059,1.52046,0.00001,0.00838
220.47366,3.38623,1.21056,1.52623,1.42865,3.04662,3.68694,2.02626,2.02626,1.47429,2.47809,2.54581,0.92518,2.60332,0.91156,1.46437,1.85700,1.92432,1.95552,1.53244,1.01695,1.57380,1.53546,1.68661,0.96924,1.01819,2.19500,1.50270,1.52231,0.00001,0.00832
223.00313,3.39811,1.22422,1.53811,1.42996,3.04990,3.70262,2.02765,2.02765,1.47548,2.48860,2.55447,0.92799,2.61618,0.91641,1.46487,1.86447,1.92754,1.96228,1.53406,1.01767,1.57655,1.53752,1.68789,0.97005,1.01932,2.19500,1.50481,1.52416,0.00001,0.00827
225.56161,3.41014,1.23803,1.55014,1.43129,3.05323,3.71848,2.02906,2.02906,1.47666,2.49907,2.56310,0.93080,2.62902,0.92125,1.46536,1.87199,1.93073,1.96909,1.53567,1.01838,1.57927,1.53956,1.68917,0.97084,1.02043,2.19500,1.50691,1.52599,0.00001,0.00822
228.14945,3.42230,1.25201,1.56230,1.43264,3.05659,3.73453,2.03048,2.03048,1.47782,2.50951,2.57172,0.93360,2.64182,0.92610,1.46585,1.87958,1.93389,1.97594,1.53728,1.01908,1.58197,1.54158,1.69042,0.97162,1.02153,2.19500,1.50899,1.52782,0.00001,0.00816
230.76699,3.43460,1.26614,1.57460,1.43400,3.06000,3.75076,2.03192,2.03192,1.47897,2.51991,2.58031,0.93640,2.65459,0.93094,1.46632,1.88723,1.93701,1.98283,1.53887,1.01977,1.58464,1.54357,1.69167,0.97240,1.02262,2.19500,1.51107,1.52964,0.00001,0.00811
233.41455,3.44705,1.28044,1.58705,1.43538,3.06344,3.76717,2.03338,2.03338,1.48011,2.53028,2.58888,0.93918,2.66734,0.93578,1.46678,1.89494,1.94011,1.98976,1.54046,1.02045,1.58728,1.54555,1.69289,0.97317,1.02370,2.19500,1.51313,1.53145,0.00001,0.00806
236.09248,3.45963,1.29490,1.59963,1.43677,3.06692,3.78377,2.03485,2.03485,1.48123,2.54061,2.59743,0.94196,2.68005,0.94061,1.46723,1.90272,1.94317,1.99674,1.54203,1.02112,1.58990,1.54750,1.69411,0.97392,1.02477,2.19500,1.51518,1.53326,0.00001,0.00801
238.80114,3.47237,1.30953,1.61237,1.43818,3.07044,3.80057,2.03634,2.03634,1.48234,2.55090,2.60596,0.94474,2.69273,0.94544,1.46767,1.91056,1.94620,2.00376,1.54360,1.02179,1.59250,1.54944,1.69531,0.97467,1.02582,2.19500,1.51722,1.53505,0.00001,0.00795
241.54088,3.48524,1.32432,1.62524,1.43960,3.07400,3.81755,2.03785,2.03785,1.48344,2.56115,2.61447,0.94750,2.70537,0.95027,1.46811,1.91847,1.94920,2.01082,1.54516,1.02245,1.59507,1.55135,1.69650,0.97541,1.02687,2.19500,1.51925,1.53683,0.00001,0.00790
244.31205,3.49827,1.33929,1.63827,1.44104,3.07761,3.83473,2.03937,2.03937,1.48453,2.57136,2.62295,0.95026,2.71799,0.95510,1.46853,1.92644,1.95218,2.01793,1.54671,1.02311,1.59761,1.55325,1.69767,0.97615,1.02790,2.19500,1.52127,1.53861,0.00001,0.00785
247.11501,3.51144,1.35442,1.65144,1.44250,3.08125,3.85211,2.04091,2.04091,1.48560,2.58153,2.63142,0.95301,2.73056,0.95992,1.46894,1.93449,1.95512,2.02509,1.54825,1.02375,1.60013,1.55512,1.69883,0.97687,1.02892,2.19500,1.52327,1.54038,0.00001,0.00780
249.95013,3.52477,1.36973,1.66477,1.44397,3.08494,3.86969,2.04247,2.04247,1.48666,2.59167,2.63986,0.95575,2.74311,0.96474,1.46935,1.94260,1.95803,2.03229,1.54978,1.02439,1.60262,1.55697,1.69998,0.97759,1.02993,2.19500,1.52527,1.54214,0.00000,0.00775
252.81778,3.53824,1.38522,1.67824,1.44547,3.08866,3.88747,2.04405,2.04405,1.48771,2.60176,2.64828,0.95849,2.75561,0.96955,1.46975,1.95078,1.96091,2.03955,1.55131,1.02502,1.60509,1.55881,1.70111,0.97830,1.03093,2.19500,1.52725,1.54388,0.00000,0.00770
255.71833,3.55188,1.40088,1.69188,1.44697,3.09243,3.90545,2.04565,2.04565,1.48875,2.61181,2.65669,0.96122,2.76808,0.97436,1.47013,1.95904,1.96376,2.04685,1.55282,1.02564,1.60754,1.56062,1.70224,0.97900,1.03192,2.19500,1.52922,1.54562,0.00000,0.00765
258.65216,3.56567,1.41672,1.70567,1.44850,3.09625,3.92364,2.04726,2.04726,1.48978,2.62182,2.66507,0.96394,2.78052,0.97917,1.47051,1.96736,1.96658,2.05420,1.55433,1.02626,1.60996,1.56242,1.70335,0.97969,1.03290,2.19500,1.53117,1.54735,0.00000,0.00760
261.61964,3.57961,1.43275,1.71961,1.45004,3.10011,3.94204,2.04889,2.04889,1.49079,2.63179,2.67342,0.96666,2.79291,0.98397,1.47088,1.97576,1.96938,2.06161,1.55582,1.02687,1.61236,1.56420,1.70444,0.98037,1.03387,2.19500,1.53311,1.54907,0.00000,0.00755
264.62117,3.59372,1.44895,1.73372,1.45160,3.10401,3.96065,2.05054,2.05054,1.49179,2.64172,2.68176,0.96936,2.80527,0.98877,1.47125,1.98424,1.97214,2.06907,1.55731,1.02747,1.61473,1.56596,1.70553,0.98105,1.03483,2.19500,1.53505,1.55079,0.00000,0.00751
267.65714,3.60799,1.46535,1.74799,1.45318,3.10795,3.97947,2.05221,2.05221,1.49278,2.65161,2.69008,0.97206,2.81759,0.99356,1.47160,1.99279,1.97488,2.07658,1.55879,1.02807,1.61708,1.56770,1.70660,0.98172,1.03577,2.19500,1.53696,1.55249,0.00000,0.00746
270.72794,3.62242,1.48193,1.76242,1.45478,3.11195,3.99851,2.05390,2.05390,1.49376,2.66145,2.69838,0.97476,2.82987,0.99835,1.47195,2.00141,1.97759,2.08414,1.56027,1.02866,1.61941,1.56942,1.70766,0.98238,1.03671,2.19500,1.53887,1.55418,0.00000,0.00741
273.83396,3.63702,1.49870,1.77702,1.45639,3.11598,4.01777,2.05561,2.05561,1.49473,2.67125,2.70665,0.97744,2.84211,1.00313,1.47229,2.01012,1.98027,2.09176,1.56173,1.02924,1.62171,1.57112,1.70870,0.98303,1.03763,2.19500,1.54076,1.55586,0.00000,0.00736
276.97563,3.65179,1.51567,1.79179,1.45803,3.12007,4.03725,2.05734,2.05734,1.49569,2.68101,2.71491,0.98012,2.85431,1.00790,1.47262,2.01890,1.98292,2.09944,1.56319,1.02982,1.62399,1.57281,1.70974,0.98368,1.03855,2.19500,1.54264,1.55753,0.00000,0.00732
280.15334,3.66672,1.53283,1.80672,1.45968,3.12420,4.05695,2.05908,2.05908,1.49664,2.69072,2.72314,0.98280,2.86647,1.01267,1.47295,2.02776,1.98555,2.10717,1.56463,1.03038,1.62625,1.57447,1.71076,0.98432,1.03946,2.19500,1.54451,1.55920,0.00000,0.00727
283.36750,3.68183,1.55018,1.82183,1.46135,3.12838,4.07688,2.06085,2.06085,1.49758,2.70039,2.73135,0.98546,2.87858,1.01744,1.47327,2.03671,1.98814,2.11496,1.56607,1.03095,1.62849,1.57612,1.71178,0.98495,1.04035,2.19500,1.54636,1.56085,0.00000,0.00722
286.61854,3.69711,1.56774,1.83711,1.46304,3.13260,4.09703,2.06264,2.06264,1.49850,2.71002,2.73955,0.98812,2.89065,1.02220,1.47358,2.04573,1.99072,2.12281,1.56750,1.03150,1.63070,1.57776,1.71278,0.98557,1.04124,2.19500,1.54820,1.56249,0.00000,0.00718
289.90688,3.71256,1.58550,1.85256,1.46475,3.13688,4.11742,2.06445,2.06445,1.49942,2.71960,2.74772,0.99077,2.90268,1.02695,1.47389,2.05484,1.99326,2.13072,1.56892,1.03205,1.63289,1.57937,1.71377,0.98619,1.04212,2.19500,1.55003,1.56413,0.00000,0.00713
293.23295,3.72819,1.60346,1.86819,1.46648,3.14120,4.13804,2.06628,2.06628,1.50032,2.72914,2.75587,0.99342,2.91467,1.03170,1.47418,2.06404,1.99578,2.13869,1.57034,1.03260,1.63506,1.58097,1.71474,0.98680,1.04298,2.19500,1.55184,1.56575,0.00000,0.00709
296.59718,3.74401,1.62162,1.88401,1.46823,3.14558,4.15890,2.06813,2.06813,1.50122,2.73863,2.76400,0.99605,2.92661,1.03644,1.47448,2.07332,1.99827,2.14673,1.57175,1.03314,1.63721,1.58255,1.71571,0.98740,1.04384,2.19500,1.55364,1.56736,0.00000,0.00704
300.00000,3.76000,1.64000,1.90000,1.47000,3.15000,4.18000,2.07000,2.07000,1.50210,2.74807,2.77211,0.99868,2.93851,1.04117,1.47476,2.08268,2.00074,2.15482,1.57314,1.03367,1.63933,1.58411,1.71667,0.98800,1.04469,2.19500,1.55543,1.56897,0.00000,0.00700
