time_s,solver_dt_s,ggg_Tavg_K,cold_stage_Tavg_K,sample_Tavg_K,support_1_heat_leak_W,support_2_heat_leak_W,switch_heat_flow_W,newton_iterations,trajectory_validation_state
420.0,2.0,1.7175168605643725,1.7172620916916683,1.717262283214017,2.4217179308404177e-06,2.454877063680034e-06,0.00014512244176975175,0,NOT_PERFORMED
422.0,2.0,1.7208151069444746,1.7205619724843457,1.7205621630915915,2.419546877337353e-06,2.4526118790901853e-06,0.0001449129613046955,2,NOT_PERFORMED
424.0,2.0,1.7241165788451962,1.7238650645312072,1.7238652542243573,2.4173668368040222e-06,2.4503378060370215e-06,0.0001447032733202126,2,NOT_PERFORMED
426.0,2.0,1.7274212945546878,1.7271713862957465,1.7271715750757717,2.415177709522866e-06,2.448054735946174e-06,0.00014449337668009406,2,NOT_PERFORMED
428.0,2.0,1.7307292725296097,1.7304809564075985,1.73048114427545,2.4129794098265413e-06,2.445762574528693e-06,0.00014428327023684867,2,NOT_PERFORMED
430.0,2.0,1.7340405313980962,1.7337937936654102,1.7337939806220082,2.4107718624864972e-06,2.4434612381986125e-06,0.00014407295283198117,2,NOT_PERFORMED
432.0,2.0,1.7373550899625971,1.737109917039669,1.737110103085919,2.408555000275568e-06,2.4411506525793207e-06,0.00014386242329519086,2,NOT_PERFORMED
434.0,2.0,1.7406729672025858,1.7404293456753763,1.7404295308121578,2.406328761757316e-06,2.438830748604788e-06,0.00014365168044448633,2,NOT_PERFORMED
436.0,2.0,1.7439941822772047,1.7437520988946225,1.7437522831227974,2.404093088147442e-06,2.4365014616680964e-06,0.00014344072308641192,2,NOT_PERFORMED
438.0,2.0,1.7473187545279205,1.7470781961993622,1.7470783795197642,2.4018479248002986e-06,2.4341627309029206e-06,0.00014322955001508877,2,NOT_PERFORMED
440.0,2.0,1.75064670348056,1.7504076693577144,1.7504078517708574,2.3995931363356905e-06,2.4318144096811752e-06,0.0001430181627737423,2,NOT_PERFORMED
442.0,2.0,1.7539780487748295,1.753740577950091,1.753740759455765,2.3973284369899407e-06,2.4294561941163026e-06,0.0001428065644765993,2,NOT_PERFORMED
444.0,2.0,1.7573128105788387,1.7570768928076204,1.757077073407811,2.395054265616554e-06,2.427088545417377e-06,0.0001425947467423747,2,NOT_PERFORMED
446.0,2.0,1.760651009010966,1.7604166307283486,1.7604168104239002,2.3927704768905288e-06,2.424711305553117e-06,0.00014238270815174317,2,NOT_PERFORMED
448.0,2.0,1.7639926643651338,1.7637598119716686,1.7637599907633292,2.3904769924158985e-06,2.422324389201941e-06,0.00014217044742999123,2,NOT_PERFORMED
450.0,2.0,1.7673377971319837,1.767106457186721,1.7671066350752023,2.388173754497201e-06,2.419927735432683e-06,0.0001419579632990549,2,NOT_PERFORMED
452.0,2.0,1.7706864280031864,1.770456587232182,1.7704567642181888,2.385860712742578e-06,2.4175212913511845e-06,0.00014174525446860404,2,NOT_PERFORMED
454.0,2.0,1.7740385778745653,1.7738102231688764,1.7738103992530818,2.3835378226055243e-06,2.415105005888832e-06,0.00014153231963438804,2,NOT_PERFORMED
456.0,2.0,1.777394267849011,1.777167386262063,1.7771675614451221,2.3812050385393504e-06,2.41267883133441e-06,0.0001413191574786743,2,NOT_PERFORMED
458.0,2.0,1.780753519239457,1.7805280979844036,1.7805282722669518,2.378862316518826e-06,2.41024272017133e-06,0.00014110576667039602,2,NOT_PERFORMED
460.0,2.0,1.7841163535719553,1.7838923800191469,1.7838925534018057,2.376509616160242e-06,2.4077966249002606e-06,0.00014089214586405794,2,NOT_PERFORMED
462.0,2.0,1.7874827925886987,1.7872602542631457,1.787260426746508,2.3741468962029204e-06,2.4053404992513076e-06,0.0001406782937003439,2,NOT_PERFORMED
464.0,2.0,1.7908528582509853,1.7906317428297824,1.7906319144144267,2.371774113124662e-06,2.4028742961048667e-06,0.0001404642088053437,2,NOT_PERFORMED
466.0,2.0,1.7942265727424789,1.7940068680524477,1.7940070387389333,2.36939122556175e-06,2.400397970907033e-06,0.00014024988979093625,2,NOT_PERFORMED
468.0,2.0,1.7976039584724375,1.7973856524877265,1.7973858222765933,2.366998193187255e-06,2.3979114784189606e-06,0.00014003533525402788,2,NOT_PERFORMED
470.0,2.0,1.8009847837374957,1.8007678693847013,1.8007680382828144,2.3645967679762262e-06,2.395416670772855e-06,0.00013982056045525336,2,NOT_PERFORMED
472.0,2.0,1.8043684476862496,1.804152910851884,1.8041530788759448,2.3621905913779074e-06,2.392917397054267e-06,0.0001396056032801689,2,NOT_PERFORMED
474.0,2.0,1.8077549657548253,1.807540794404664,1.8075409615558018,2.3597772507239113e-06,2.39041110398437e-06,0.00013939046255483786,2,NOT_PERFORMED
476.0,2.0,1.8111443534870075,1.8109315358920468,1.8109317021713434,2.357356039141413e-06,2.3878970603022277e-06,0.0001391751373220441,2,NOT_PERFORMED
478.0,2.0,1.8145366265428169,1.8143251511142044,1.8143253165226854,2.354926583851059e-06,2.3853748795562284e-06,0.0001389596266076664,2,NOT_PERFORMED
480.0,2.0,1.8179318007083893,1.817721655990536,1.817721820529192,2.352488642601353e-06,2.382844307837004e-06,0.00013874392942925335,2,NOT_PERFORMED
482.0,2.0,1.8213298919022307,1.821121066572491,1.8211212302422735,2.3500420385003176e-06,2.3803051593147376e-06,0.00013852804479527164,2,NOT_PERFORMED
484.0,2.0,1.8247309161797538,1.824523399047613,1.8245235618494524,2.3475866350125535e-06,2.377757287214734e-06,0.0001383119717053634,2,NOT_PERFORMED
486.0,2.0,1.828134889736701,1.8279286697424448,1.8279288316772477,2.3451223182905023e-06,2.375200568494212e-06,0.00013809570914977324,2,NOT_PERFORMED
488.0,2.0,1.8315418289123038,1.8313368951256022,1.8313370561942406,2.3426489927122095e-06,2.372634899958491e-06,0.00013787925610959836,2,NOT_PERFORMED
490.0,2.0,1.8349517501920045,1.834748091810244,1.8347482520135667,2.34016657435525e-06,2.370060190436091e-06,0.0001376626115558872,2,NOT_PERFORMED
492.0,2.0,1.8383646702098981,1.8381622765564387,1.838162435895288,2.3376749874846783e-06,2.367476356467851e-06,0.0001374457744503447,2,NOT_PERFORMED
494.0,2.0,1.841780605751448,1.8415794662740153,1.8415796247491918,2.335174167055702e-06,2.36488332467996e-06,0.00013722874374436724,2,NOT_PERFORMED
496.0,2.0,1.8451995737557372,1.8449996780245845,1.8449998356368922,2.3326640495537694e-06,2.362281028184401e-06,0.00013701151837936394,2,NOT_PERFORMED
498.0,2.0,1.8486215913178001,1.848422929023992,1.8484230857741968,2.3301445777420095e-06,2.3596694025708013e-06,0.00013679409728692117,2,NOT_PERFORMED
500.0,2.0,1.8520466756909377,1.85184923664456,1.8518493925334172,2.32761569783308e-06,2.3570483866642627e-06,0.0001365764793881153,2,NOT_PERFORMED
502.0,2.0,1.855474844289008,1.8552786184174557,1.8552787734456948,2.3250773584113533e-06,2.3544179230246438e-06,0.00013635866359310446,2,NOT_PERFORMED
504.0,2.0,1.8589061146886692,1.858711092034878,1.8587112462032171,2.322529508407117e-06,2.3517779566868524e-06,0.00013614064880161468,2,NOT_PERFORMED
506.0,2.0,1.8623405046317463,1.8621466753525235,1.8621468286616574,2.3199721012217928e-06,2.3491284334055177e-06,0.0001359224339031196,2,NOT_PERFORMED
508.0,2.0,1.865778032027633,1.8655853863920098,1.8655855388426212,2.31740509081458e-06,2.3464693041133838e-06,0.00013570401777545635,2,NOT_PERFORMED
510.0,2.0,1.8692187149553758,1.8690272433428492,1.8690273949355944,2.3148284289113275e-06,2.3438005174494628e-06,0.00013548539928593108,2,NOT_PERFORMED
512.0,2.0,1.8726625716662302,1.8724722645651997,1.8724724153007162,2.312242071011573e-06,2.3411220254826378e-06,0.0001352665772902211,2,NOT_PERFORMED
514.0,2.0,1.876109620586025,1.8759204685921516,1.8759206184710684,2.309645973496494e-06,2.338433780126046e-06,0.00013504755063282087,2,NOT_PERFORMED
516.0,2.0,1.8795598803177567,1.8793718741324947,1.8793720231554154,2.30704009704962e-06,2.3357357360013154e-06,0.00013482831814678816,2,NOT_PERFORMED
518.0,2.0,1.8830133696437297,1.882826500072607,1.8828266482401181,2.3044243945710693e-06,2.333027847411726e-06,0.00013460887865351687,2,NOT_PERFORMED
520.0,2.0,1.886470107528236,1.8862843654794152,1.8862845127920864,2.30179882529948e-06,2.330310068888797e-06,0.0001343892309626646,2,NOT_PERFORMED
522.0,2.0,1.889930113120118,1.889745489602883,1.889745636061267,2.299163349614958e-06,2.327582355252252e-06,0.0001341693738716104,2,NOT_PERFORMED
524.0,2.0,1.8933934057553843,1.893209891878701,1.8932100374833336,2.2965179283068756e-06,2.324844663217779e-06,0.00013394930616574365,2,NOT_PERFORMED
526.0,2.0,1.8968600049596422,1.8966775919306251,1.8966777366820238,2.2938625177128126e-06,2.3220969497573207e-06,0.00013372902661861423,2,NOT_PERFORMED
528.0,2.0,1.9003298619607656,1.900148543614439,1.9001486875148077,2.291197586695082e-06,2.319339705879094e-06,0.00013350853857930562,2,NOT_PERFORMED
530.0,2.0,1.903802341402402,1.903622108639009,1.9036222517059505,2.288527919335705e-06,2.3165779861923908e-06,0.00013328788260704894,2,NOT_PERFORMED
532.0,2.0,1.9072774574215507,1.9070983015203953,1.9070984437549459,2.2858510273498436e-06,2.3138091546614795e-06,0.00013306705741375447,2,NOT_PERFORMED
534.0,2.0,1.9107552242382682,1.9105771366326145,1.9105772780357186,2.2831662093945413e-06,2.3110324844199637e-06,0.00013284606211344595,2,NOT_PERFORMED
536.0,2.0,1.9142356561743221,1.9140586283853902,1.9140587689579558,2.2804731076953793e-06,2.3082476035107267e-06,0.00013262489581000866,2,NOT_PERFORMED
538.0,2.0,1.9177187676635505,1.9175427912997902,1.9175429310426853,2.2777714868146133e-06,2.305454269054062e-06,0.0001324035575996637,2,NOT_PERFORMED
540.0,2.0,1.921204573258466,1.9210296400162967,1.9210297789303623,2.2750611830995115e-06,2.302652304189643e-06,0.00013218204657144042,2,NOT_PERFORMED
542.0,2.0,1.9246930876342552,1.9245191892977802,1.924519327383824,2.272342063169834e-06,2.2998415664037054e-06,0.00013196036180574146,2,NOT_PERFORMED
544.0,2.0,1.9281843255924616,1.9280114540330335,1.9280115912918492,2.269614019168577e-06,2.2970219439659118e-06,0.0001317385023751924,2,NOT_PERFORMED
546.0,2.0,1.9316783020637693,1.9315064492392007,1.9315065856715554,2.2668769608242767e-06,2.2941933377299894e-06,0.00013151646734360954,2,NOT_PERFORMED
548.0,2.0,1.9351750321105645,1.935004190064255,1.9350043256708918,2.2641308084955723e-06,2.291355662053782e-06,0.00013129425576674446,2,NOT_PERFORMED
550.0,2.0,1.9386745309292157,1.9385046917891195,1.9385048265707723,2.2613754899746524e-06,2.288508838302698e-06,0.00013107186669088791,2,NOT_PERFORMED
552.0,2.0,1.9421768138524984,1.9420079698302108,1.9420081037875856,2.2586109422299194e-06,2.2856527975760025e-06,0.00013084929915441594,2,NOT_PERFORMED
554.0,2.0,1.9456818963515006,1.9455140397411042,1.9455141728748966,2.2558371048809693e-06,2.2827874714552505e-06,0.00013062655218588814,2,NOT_PERFORMED
556.0,2.0,1.9491897940380043,1.9490229172151237,1.9490230495259981,2.253053922741121e-06,2.279912801399776e-06,0.00013040362480537006,2,NOT_PERFORMED
558.0,2.0,1.9527005226663647,1.952534618087023,1.9525347495756376,2.250261343115779e-06,2.2770287278524587e-06,0.00013018051602299024,2,NOT_PERFORMED
560.0,2.0,1.9562140981358151,1.956049158335466,1.9560492890024586,2.247459319235382e-06,2.2741351960359046e-06,0.00012995722484012695,2,NOT_PERFORMED
562.0,2.0,1.9597305364924043,1.9595665540848397,1.9595666839308314,2.2446478003366785e-06,2.2712321571783017e-06,0.00012973375024838464,2,NOT_PERFORMED
564.0,2.0,1.9632498539309944,1.9630868216072466,1.9630869506328488,2.241826739548652e-06,2.2683195591446646e-06,0.00012951009122960652,2,NOT_PERFORMED
566.0,2.0,1.9667720667976842,1.966609977325134,1.966610105530927,2.238996095463527e-06,2.2653973554484936e-06,0.00012928624675609111,2,NOT_PERFORMED
568.0,2.0,1.9702971915916294,1.970136037812875,1.9701361651994287,2.23615582546246e-06,2.2624654971881756e-06,0.00012906221579012735,2,NOT_PERFORMED
570.0,2.0,1.9738252449672244,1.9736650197990768,1.9736651463669452,2.2333058874305262e-06,2.2595239382549865e-06,0.0001288379972837633,2,NOT_PERFORMED
572.0,2.0,1.9773562437361356,1.9771969401685492,1.9771970659182847,2.2304462369628442e-06,2.2565726338511316e-06,0.00012861359017946435,2,NOT_PERFORMED
574.0,2.0,1.9808902048695676,1.9807318159647636,1.980731940896873,2.227576832303266e-06,2.253611540165053e-06,0.00012838899340856708,2,NOT_PERFORMED
576.0,2.0,1.9844271455006228,1.9842696643920996,1.9842697885070908,2.224697637380241e-06,2.2506406104856377e-06,0.00012816420589264443,2,NOT_PERFORMED
578.0,2.0,1.9879670829261544,1.9878105028176223,1.98781062611599,2.2218086070194598e-06,2.247659802413424e-06,0.00012793922654235623,2,NOT_PERFORMED
580.0,2.0,1.991510034609112,1.9913543487735523,1.9913544712557658,2.2189096991013604e-06,2.2446690705681517e-06,0.00012771405425789157,2,NOT_PERFORMED
582.0,2.0,1.9950560181808015,1.9949012199595777,1.9949013416260923,2.2160008748259952e-06,2.241668368085245e-06,0.00012748868792819998,2,NOT_PERFORMED
584.0,2.0,1.9986050514434852,1.9984511342454472,1.9984512550967086,2.213082096089145e-06,2.238657651328899e-06,0.00012726312643148563,2,NOT_PERFORMED
586.0,2.0,2.0021562303524365,2.0020033031014157,2.0020034231591914,2.210159915348263e-06,2.235643842284168e-06,0.000127037446705049,2,NOT_PERFORMED
588.0,2.0,2.0057089685584115,2.0055570969582592,2.005557216240571,2.2072364496004496e-06,2.232629162242088e-06,0.00012681167605585152,2,NOT_PERFORMED
590.0,2.0,2.0092632738575245,2.009112450997817,2.009112569508037,2.2043089485249326e-06,2.229610719877173e-06,0.00012658580406419443,2,NOT_PERFORMED
592.0,2.0,2.012819153493043,2.012669369365884,2.0126694871054562,2.2013760603724245e-06,2.226587115805446e-06,0.00012635983020582337,2,NOT_PERFORMED
594.0,2.0,2.016376614684604,2.016227859278749,2.016227976248973,2.1984371064818657e-06,2.2235576467487247e-06,0.00012613375403799112,2,NOT_PERFORMED
596.0,2.0,2.0199356646719555,2.0197879280935513,2.0197880442956637,2.195491661016829e-06,2.220521867442952e-06,0.0001259075751207232,2,NOT_PERFORMED
598.0,2.0,2.023496310726262,2.023349583204395,2.023349698639607,2.192539422178411e-06,2.2174794596538917e-06,0.00012568129301132746,2,NOT_PERFORMED
600.0,2.0,2.0270585601566093,2.026912832043449,2.026912946712927,2.1895801637987325e-06,2.2144301807777005e-06,0.00012545490726550136,2,NOT_PERFORMED
602.0,2.0,2.0306224203141987,2.030477682084153,2.0304777959890417,2.186613705619326e-06,2.2113738355231315e-06,0.0001252284174348833,2,NOT_PERFORMED
604.0,2.0,2.0341878985957322,2.0340441408442858,2.0340442539857038,2.1836399018065274e-06,2.208310265206364e-06,0.00012500182306776733,2,NOT_PERFORMED
606.0,2.0,2.037755002445445,2.037612215887619,2.0376123282666567,2.1806586240892273e-06,2.205239332351255e-06,0.00012477512371037697,2,NOT_PERFORMED
608.0,2.0,2.04132373935749,2.0411819148263795,2.0411820264441136,2.177669766723136e-06,2.2021609219440973e-06,0.00012454831890399958,2,NOT_PERFORMED
610.0,2.0,2.044894116877606,2.0447532453227244,2.044753356180217,2.1746732365348907e-06,2.199074933952841e-06,0.00012432140818742856,2,NOT_PERFORMED
612.0,2.0,2.0484661426046222,2.0483262150902304,2.048326325188513,2.1716689532701597e-06,2.1959812782994154e-06,0.00012409439109500506,2,NOT_PERFORMED
614.0,2.0,2.0520398241916418,2.051900831894996,2.051900941235095,2.16865684388133e-06,2.1928798727505187e-06,0.00012386726715802324,2,NOT_PERFORMED
616.0,2.0,2.055615169347211,2.0554771035567945,2.055477212139712,2.1656368423401003e-06,2.189770640621412e-06,0.00012364003590290557,2,NOT_PERFORMED
618.0,2.0,2.059192185836499,2.059055037950373,2.0590551457771054,2.1626088899603785e-06,2.1866535136675018e-06,0.00012341269685352014,2,NOT_PERFORMED
620.0,2.0,2.0627708814824164,2.0626346430065,2.062634750078016,2.159572931753953e-06,2.183528429884764e-06,0.00012318524952836574,2,NOT_PERFORMED
622.0,2.0,2.0663512641664377,2.0662159267127898,2.0662160330300505,2.1565289160566228e-06,2.1803953301042423e-06,0.0001229576934438951,2,NOT_PERFORMED
624.0,2.0,2.069933341829726,2.0697988971148766,2.0697990026788307,2.1534767952793235e-06,2.1772541609693276e-06,0.00012273002810963407,2,NOT_PERFORMED
626.0,2.0,2.073517122473889,2.0733835623171704,2.0733836671287476,2.1504165241294156e-06,2.1741048701120304e-06,0.00012250225303395674,2,NOT_PERFORMED
628.0,2.0,2.0771026141618885,2.076969930483799,2.0769700345439155,2.147348056831698e-06,2.170947410615982e-06,0.00012227436771937442,2,NOT_PERFORMED
630.0,2.0,2.0806898250192214,2.080558009839904,2.0805581131494697,2.1442713576660632e-06,2.1677817379241277e-06,0.00012204637166432488,2,NOT_PERFORMED
632.0,2.0,2.0842787632344892,2.0841478086720575,2.0841479112319603,2.1411863856207193e-06,2.164607808912124e-06,0.0001218182643637655,2,NOT_PERFORMED
634.0,2.0,2.087869437060447,2.087739335329479,2.0877394371405966,2.1380931057613164e-06,2.161425582826657e-06,0.00012159004530676773,2,NOT_PERFORMED
636.0,2.0,2.0914618548147614,2.0913325982247417,2.091332699287947,2.1349914816148784e-06,2.1582350215811402e-06,0.0001213617139800518,2,NOT_PERFORMED
638.0,2.0,2.095056024880754,2.094927605834551,2.09492770615069,2.1318814768024053e-06,2.15503608644014e-06,0.00012113326986463896,2,NOT_PERFORMED
640.0,2.0,2.0986519557085246,2.098524366700963,2.098524466270883,2.128763060894104e-06,2.1518287422846926e-06,0.00012090471243710515,2,NOT_PERFORMED
642.0,2.0,2.102249655815831,2.1021228894322905,2.1021229882568178,2.125636205336743e-06,2.14861295466342e-06,0.00012067604116967139,2,NOT_PERFORMED
644.0,2.0,2.1058491337889147,2.105723182703842,2.1057232807837982,2.1225008809734033e-06,2.1453886903895874e-06,0.00012044725553029459,2,NOT_PERFORMED
646.0,2.0,2.1094503982831467,2.1093252552586366,2.1093253525948263,2.11935705782088e-06,2.1421559150733288e-06,0.0001202183549824734,2,NOT_PERFORMED
648.0,2.0,2.1130534580239777,2.11292911590841,2.1129292125016184,2.1162047064694643e-06,2.1389145963157345e-06,0.00011998933898347499,2,NOT_PERFORMED
650.0,2.0,2.116658321807902,2.1165347735345903,2.116534869385606,2.1130437991543227e-06,2.1356647038889718e-06,0.00011976020698827344,2,NOT_PERFORMED
652.0,2.0,2.1202649985033646,2.1201422370892775,2.1201423321988693,2.1098743082653736e-06,2.132406210101872e-06,0.00011953095844508562,2,NOT_PERFORMED
654.0,2.0,2.1238734970515414,2.1237515155959485,2.1237516099648754,2.106696208202092e-06,2.1291390827009267e-06,0.00011930159279798075,2,NOT_PERFORMED
656.0,2.0,2.127483826467191,2.127362618150384,2.1273627117793956,2.1035094731374737e-06,2.1258632911759666e-06,0.00011907210948642977,2,NOT_PERFORMED
658.0,2.0,2.1310959958397975,2.1309755539219095,2.130975646811729,2.100314077813419e-06,2.1225788099035833e-06,0.00011884250794461368,2,NOT_PERFORMED
660.0,2.0,2.134710014334509,2.1345903321542625,2.1345904243056313,2.097109998726879e-06,2.1192856136327505e-06,0.00011861278760146776,2,NOT_PERFORMED
662.0,2.0,2.1383258911928515,2.1382069621663553,2.1382070535799746,2.093897208238546e-06,2.1159836773265906e-06,0.00011838294788130049,2,NOT_PERFORMED
664.0,2.0,2.141943635733522,2.1418254533529733,2.141825544029542,2.090675682209396e-06,2.112672968511626e-06,0.00011815298820384435,2,NOT_PERFORMED
666.0,2.0,2.1455632573538574,2.1454458151865547,2.1454459051267696,2.087445399606255e-06,2.1093534662476826e-06,0.0001179229079824245,2,NOT_PERFORMED
668.0,2.0,2.149184765530471,2.1490680572175846,2.149068146422124,2.0842063355661565e-06,2.106025145549414e-06,0.0001176927066260555,2,NOT_PERFORMED
670.0,2.0,2.1528081698202493,2.1526921890757316,2.1526922775452664,2.0809584676615436e-06,2.102687980817725e-06,0.0001174623835377257,2,NOT_PERFORMED
672.0,2.0,2.156433479861143,2.1563182204705122,2.1563183082056963,2.07770177423308e-06,2.099341940381643e-06,0.00011723193811605802,2,NOT_PERFORMED
674.0,2.0,2.160060705373233,2.1599461611925705,2.1599462481940512,2.0744362301044963e-06,2.0959870004106617e-06,0.00011700136975354007,2,NOT_PERFORMED
676.0,2.0,2.1636898561597,2.163576021114548,2.1635761073829554,2.071161809756505e-06,2.092623135403098e-06,0.00011677067783761523,2,NOT_PERFORMED
678.0,2.0,2.167320942107766,2.1672078101920564,2.167207895728018,2.0678784852814097e-06,2.0892503211110928e-06,0.00011653986174999958,2,NOT_PERFORMED
680.0,2.0,2.1709539731896537,2.170841538464701,2.170841623268829,2.0645862321809505e-06,2.0858685290723644e-06,0.00011630892086635005,2,NOT_PERFORMED
682.0,2.0,2.174588959463998,2.1744772160575585,2.1744773001304605,2.061285029997281e-06,2.082477735113715e-06,0.00011607785455812937,2,NOT_PERFORMED
684.0,2.0,2.1782259110765647,2.1781148531818073,2.1781149365240564,2.0579748547883383e-06,2.0790779106944097e-06,0.00011584666218934827,2,NOT_PERFORMED
686.0,2.0,2.1818648382617387,2.181754460136317,2.181754542748504,2.0546556846787616e-06,2.0756690347097755e-06,0.000115615343119505,2,NOT_PERFORMED
688.0,2.0,2.1855057513438805,2.185396047309106,2.1853961291918025,2.0513275033473315e-06,2.0722510868454052e-06,0.00011538389670201223,2,NOT_PERFORMED
690.0,2.0,2.189148660737782,2.1890396251775153,2.189039706331272,2.0479902826872264e-06,2.0688240442263124e-06,0.00011515232228371752,2,NOT_PERFORMED
692.0,2.0,2.192793576949721,2.192685204309394,2.1926852847347575,2.0446439980702284e-06,2.0653878783966147e-06,0.00011492061920562371,2,NOT_PERFORMED
694.0,2.0,2.196440510578842,2.19633279536464,2.1963328750621542,2.0412886265741213e-06,2.061942565035942e-06,0.00011468878680389973,2,NOT_PERFORMED
696.0,2.0,2.2000894298544744,2.199982368209522,2.1999824471808274,2.0379245193318363e-06,2.058488476229051e-06,0.0001144568272693646,2,NOT_PERFORMED
698.0,2.0,2.2037388548066996,2.2036324443762982,2.203632522663059,2.0345650816684808e-06,2.0550397492430903e-06,0.00011422483604432617,2,NOT_PERFORMED
700.0,2.0,2.207388782558148,2.207283017690791,2.2072830952948492,2.031203905158515e-06,2.051589600934373e-06,0.00011399281181797043,2,NOT_PERFORMED
702.0,2.0,2.211039214943462,2.210934090244785,2.2109341671675864,2.0278391882308285e-06,2.048136174601331e-06,0.00011376075449024403,2,NOT_PERFORMED
704.0,2.0,2.2146901537308166,2.214585663851715,2.2145857400946296,2.0244700553631787e-06,2.0446785664529844e-06,0.00011352866395924533,2,NOT_PERFORMED
706.0,2.0,2.2183416006505565,2.2182377402890445,2.2182378158533926,2.021095969139421e-06,2.041216224247392e-06,0.00011329654012411318,2,NOT_PERFORMED
708.0,2.0,2.2219935574102525,2.2218903213148016,2.221890396201865,2.0177165639380935e-06,2.0377487609436564e-06,0.00011306438288538701,2,NOT_PERFORMED
710.0,2.0,2.225646025703895,2.225543408675173,2.2255434828861964,2.014331570735902e-06,2.0342758973129167e-06,0.00011283219214536779,2,NOT_PERFORMED
712.0,2.0,2.229299007217299,2.229197004108891,2.229197077645095,2.01094078082622e-06,2.030797415194322e-06,0.00011259996780629471,2,NOT_PERFORMED
714.0,2.0,2.2329525036315228,2.232851109350025,2.232851182212607,2.0075440250823657e-06,2.02731313073522e-06,0.00011236770976985714,2,NOT_PERFORMED
716.0,2.0,2.2366065166254634,2.2365057261304417,2.2365057983205783,2.0041411671683782e-06,2.023822886757063e-06,0.00011213541793891871,2,NOT_PERFORMED
718.0,2.0,2.2402610478778353,2.2401608561814954,2.2401609277003542,2.000732085910288e-06,2.020326551568736e-06,0.00011190309221486277,2,NOT_PERFORMED
720.0,2.0,2.2439160990694464,2.2438165012365303,2.243816572085256,1.9973166871699055e-06,2.0168240180318107e-06,0.00011167073250031157,2,NOT_PERFORMED
722.0,2.0,2.2475716718846033,2.2474726630319353,2.2474727332116538,1.9938948849167007e-06,2.013315199147378e-06,0.00011143833869684698,2,NOT_PERFORMED
724.0,2.0,2.2512277680120842,2.2511293433080666,2.251129412819906,1.990466606922856e-06,2.009800015423626e-06,0.00011120591070507662,2,NOT_PERFORMED
726.0,2.0,2.2548843891464823,2.2547865438107175,2.2547866126557703,1.987031800140018e-06,2.0062783953302563e-06,0.00011097344842592309,2,NOT_PERFORMED
728.0,2.0,2.2585415369883655,2.2584442662908732,2.25844433447024,1.983590410800368e-06,2.002750269684424e-06,0.00011074095175991411,2,NOT_PERFORMED
730.0,2.0,2.2621992132434423,2.26210251250377,2.262102580018533,1.980142366106867e-06,1.9992155705589445e-06,0.00011050842060643823,2,NOT_PERFORMED
732.0,2.0,2.265857419624539,2.2657612842115014,2.2657613510627277,1.9766876278375523e-06,1.995674235336478e-06,0.00011027585486448067,2,NOT_PERFORMED
734.0,2.0,2.2695161578524763,2.2694205831836824,2.269420649372435,1.9732261529459296e-06,1.9921262248714675e-06,0.00011004325443336444,2,NOT_PERFORMED
736.0,2.0,2.273175429656611,2.2730804111978875,2.2730804767252084,1.9697579032530287e-06,1.9885715036075873e-06,0.00010981061920987548,2,NOT_PERFORMED
738.0,2.0,2.276835236774517,2.2767407700390967,2.2767408349060316,1.966282833384456e-06,1.9850100356684336e-06,0.00010957794909252136,2,NOT_PERFORMED
740.0,2.0,2.28049558095187,2.2804016614997193,2.280401725707292,1.9628009095894793e-06,1.9814417691705615e-06,0.00010934524397702153,2,NOT_PERFORMED
742.0,2.0,2.2841564639435936,2.2840630873809804,2.284063150930216,1.959312097686132e-06,1.977866674489959e-06,0.00010911250375977167,2,NOT_PERFORMED
744.0,2.0,2.2878178875149358,2.2877250494940533,2.2877251123859605,1.9558163844440914e-06,1.974284722398332e-06,0.00010887972833585179,2,NOT_PERFORMED
746.0,2.0,2.291479853439942,2.2913875496578524,2.2913876118934327,1.9523137375419737e-06,1.970695868211021e-06,0.00010864691759996158,2,NOT_PERFORMED
748.0,2.0,2.2951423635029875,2.2950505897013573,2.2950506512816014,1.948804138070309e-06,1.9671000843684014e-06,0.00010841407144568255,2,NOT_PERFORMED
750.0,2.0,2.2988054194991077,2.2987141714636508,2.2987142323895493,1.9452875632250784e-06,1.963497352410245e-06,0.000108181189766495,2,NOT_PERFORMED
752.0,2.0,2.302469023233443,2.3023782967931448,2.302378357065673,1.941763979698906e-06,1.959887649824714e-06,0.0001079482724537829,2,NOT_PERFORMED
754.0,2.0,2.3061331765218314,2.3060429675484815,2.3060430271686068,1.9382333730584726e-06,1.9562709460768416e-06,0.00010771531939982718,2,NOT_PERFORMED
756.0,2.0,2.3097978811906246,2.3097081855981543,2.3097082445668367,1.934695723939445e-06,1.9526472088692607e-06,0.00010748233049529503,2,NOT_PERFORMED
758.0,2.0,2.3134631390774842,2.313373952821578,2.313374011139769,1.9311510144881364e-06,1.949016419706592e-06,0.00010724930563010078,2,NOT_PERFORMED
760.0,2.0,2.317128952032353,2.3170402711100233,2.3170403287786794,1.927599232402222e-06,1.945378570939387e-06,0.00010701624469297917,2,NOT_PERFORMED
762.0,2.0,2.3207953219163793,2.320707142365226,2.320707199385265,1.924040358015303e-06,1.9417336394521323e-06,0.00010678314757271227,2,NOT_PERFORMED
764.0,2.0,2.324462250602236,2.32437456849983,2.324374624872201,1.9204743779071047e-06,1.9380815979676756e-06,0.00010655001415598655,2,NOT_PERFORMED
766.0,2.0,2.3281297399745657,2.3280425514381013,2.3280426071637095,1.9169012762421872e-06,1.93442243064575e-06,0.0001063168443305327,2,NOT_PERFORMED
768.0,2.0,2.331797791930614,2.331711093116401,2.33171114819617,1.913321028972105e-06,1.930756138393802e-06,0.00010608363798127323,2,NOT_PERFORMED
770.0,2.0,2.3354664083784726,2.3353801954810316,2.335380249915866,1.90973360436482e-06,1.9270826929482606e-06,0.00010585039499282705,2,NOT_PERFORMED
772.0,2.0,2.339135591239658,2.339049860491751,2.3390499142825543,1.9061390065870793e-06,1.923402079179044e-06,0.00010561711525052737,2,NOT_PERFORMED
774.0,2.0,2.3428053424487323,2.342720090120773,2.342720143268436,1.9025372326986567e-06,1.919714279146716e-06,0.0001053837986361175,2,NOT_PERFORMED
776.0,2.0,2.3464756639536857,2.346390886353278,2.346390938858686,1.8989282693825085e-06,1.9160192903824932e-06,0.00010515044503252402,2,NOT_PERFORMED
778.0,2.0,2.3501465577158247,2.350062251187208,2.3500623030512346,1.89531210495571e-06,1.9123171039072407e-06,0.00010491705432077064,2,NOT_PERFORMED
780.0,2.0,2.3538180257089185,2.353734186632258,2.3537342378557877,1.8916887193985481e-06,1.9086076983806905e-06,0.00010468362638119814,2,NOT_PERFORMED
782.0,2.0,2.357490069920297,2.357406694711462,2.3574067452953598,1.888058111823077e-06,1.9048910539915736e-06,0.00010445016109311334,2,NOT_PERFORMED
784.0,2.0,2.361162692348999,2.36107977745861,2.3610798274037306,1.8844202288063997e-06,1.9011671623730447e-06,0.00010421665833598372,2,NOT_PERFORMED
786.0,2.0,2.3648358950102604,2.3647534369242402,2.364753486231433,1.880775102076554e-06,1.8974360187308527e-06,0.00010398311798660208,2,NOT_PERFORMED
788.0,2.0,2.3685096799324503,2.3684276751708326,2.3684277238409472,1.8771227172388069e-06,1.893697598235903e-06,0.00010374953992116415,2,NOT_PERFORMED
790.0,2.0,2.3721840491588324,2.372102494275713,2.372102542309578,1.873463078797191e-06,1.889951890818635e-06,0.0001035159240162822,2,NOT_PERFORMED
792.0,2.0,2.3758590047464123,2.375777896329146,2.375777943727609,1.8697961627518353e-06,1.8861988881966336e-06,0.0001032822701463268,2,NOT_PERFORMED
794.0,2.0,2.379534548766549,2.3794538834355152,2.3794539301993947,1.8661219624033466e-06,1.8824385748633181e-06,0.00010304857818438856,2,NOT_PERFORMED
796.0,2.0,2.383210683303742,2.3831304577115393,2.383130503841658,1.8624404580452762e-06,1.8786709200588072e-06,0.00010281484800352719,2,NOT_PERFORMED
798.0,2.0,2.3868874104576947,2.3868076212892273,2.386807666786394,1.8587516474962727e-06,1.8748959151092147e-06,0.00010258107947573047,2,NOT_PERFORMED
800.0,2.0,2.3905647323443118,2.390485376316494,2.390485421181516,1.8550555407216288e-06,1.8711135544472434e-06,0.0001023472724715184,2,NOT_PERFORMED
802.0,2.0,2.394242651093574,2.3941637249544505,2.3941637691881286,1.851352116713016e-06,1.8673238188775385e-06,0.00010211342686099646,2,NOT_PERFORMED
804.0,2.0,2.397921168850343,2.3978426693788677,2.3978427129819893,1.8476413737848808e-06,1.8635266830465916e-06,0.00010187954251204673,2,NOT_PERFORMED
806.0,2.0,2.4015996612046897,2.4015215878967506,2.401521630888102,1.8439295607333598e-06,1.8597287456324354e-06,0.00010164565996980878,2,NOT_PERFORMED
808.0,2.0,2.405277312002184,2.4051996632290606,2.405199705633428,1.8402219218319746e-06,1.8559355390600423e-06,0.00010141183124384319,2,NOT_PERFORMED
810.0,2.0,2.4089541176581153,2.4088768902673374,2.408876932086438,1.8365138020002018e-06,1.852142134269713e-06,0.00010117805563324204,2,NOT_PERFORMED
812.0,2.0,2.412630074404618,2.412553265246827,2.412553306482239,1.832803772408129e-06,1.8483470506475308e-06,0.00010094433338314401,2,NOT_PERFORMED
814.0,2.0,2.416305178370485,2.416228784310432,2.4162288249636465,1.829091046007564e-06,1.8445494938137295e-06,0.00010071066474509502,2,NOT_PERFORMED
816.0,2.0,2.4199794256129534,2.419903443536077,2.4199034836085502,1.825375157967219e-06,1.8407489785975616e-06,0.00010047704997559039,2,NOT_PERFORMED
818.0,2.0,2.423652812129584,2.423577238944361,2.4235772784375085,1.8216557481738248e-06,1.8369451552460154e-06,0.000100243489333745,2,NOT_PERFORMED
820.0,2.0,2.427325333869896,2.4272501665100736,2.427250205425293,1.817932600875462e-06,1.8331377630617357e-06,0.00010000998308314826,2,NOT_PERFORMED
822.0,2.0,2.43099698673773,2.430922222162584,2.4309222605012573,1.814205510036984e-06,1.8293265846081615e-06,9.977653148987795e-05,2,NOT_PERFORMED
824.0,2.0,2.4346677665969887,2.4345934017922057,2.434593439555692,1.8104743303517829e-06,1.825511458722332e-06,9.954313482111806e-05,2,NOT_PERFORMED
826.0,2.0,2.4383376692733694,2.4382637012511736,2.43826373844082,1.806738931016417e-06,1.8216922488662116e-06,9.93097933484224e-05,2,NOT_PERFORMED
828.0,2.0,2.442006690557803,2.4419331163573577,2.4419331529744945,1.802999191140845e-06,1.8178688820092788e-06,9.907650734392753e-05,2,NOT_PERFORMED
830.0,2.0,2.445674826206576,2.44560164289373,2.4456016789396733,1.799255033603268e-06,1.8140412463303041e-06,9.88432770833336e-05,2,NOT_PERFORMED
832.0,2.0,2.449342071940924,2.4492692766077977,2.449269312083857,1.7955063820739202e-06,1.8102092272441856e-06,9.861010284307433e-05,2,NOT_PERFORMED
834.0,2.0,2.45300842344833,2.4529360132133267,2.452936048120806,1.7917531660984207e-06,1.8063727340963267e-06,9.837698490250372e-05,2,NOT_PERFORMED
836.0,2.0,2.4566738763867515,2.4566018483951426,2.456601882735322,1.7879953403559007e-06,1.802531737261186e-06,9.814392354269838e-05,2,NOT_PERFORMED
838.0,2.0,2.4603384263831956,2.4602667778065124,2.4602668115806763,1.784232850293339e-06,1.7986861949275804e-06,9.791091904668725e-05,2,NOT_PERFORMED
840.0,2.0,2.4640020690332354,2.4639307970689033,2.4639308302783247,1.7804656676606097e-06,1.7948360310934585e-06,9.767797169911702e-05,2,NOT_PERFORMED
842.0,2.0,2.4676647999032997,2.467593901774809,2.467593934420748,1.7766937700038435e-06,1.7909812235078158e-06,9.744508178646847e-05,2,NOT_PERFORMED
844.0,2.0,2.4713266145268054,2.47125608748265,2.4712561195663656,1.7729170940637265e-06,1.7871217221984632e-06,9.721224959815558e-05,2,NOT_PERFORMED
846.0,2.0,2.4749875084096615,2.4749173497241874,2.47491738124694,1.7691356539988392e-06,1.7832574965844901e-06,9.697947542375438e-05,2,NOT_PERFORMED
848.0,2.0,2.4786474770254916,2.4785776839976594,2.478577714960685,1.7653494087330208e-06,1.7793885243600997e-06,9.67467595567247e-05,2,NOT_PERFORMED
850.0,2.0,2.482306515819537,2.482237085773427,2.482237116177965,1.7615583739577756e-06,1.7755147958083095e-06,9.651410229015111e-05,2,NOT_PERFORMED
852.0,2.0,2.4859646202098182,2.4858955504946225,2.485895580341905,1.75776255845263e-06,1.7716363507652083e-06,9.628150392087157e-05,2,NOT_PERFORMED
854.0,2.0,2.4896217855783025,2.4895530735662703,2.489553102857526,1.753961958837777e-06,1.7677531698507793e-06,9.604896474587572e-05,2,NOT_PERFORMED
856.0,2.0,2.4932780072834695,2.4932096503721857,2.493209679108632,1.7501565859924587e-06,1.7638652788873337e-06,9.581648506595374e-05,2,NOT_PERFORMED
858.0,2.0,2.4969332806719695,2.496865276286352,2.4968653044692215,1.746346477305161e-06,1.759972708728577e-06,9.558406518044267e-05,2,NOT_PERFORMED
860.0,2.0,2.5005876009967385,2.500519954733298,2.5005199823635795,1.7425315355853599e-06,1.7560753626443312e-06,9.535170680283168e-05,2,NOT_PERFORMED
862.0,2.0,2.504240963255876,2.5041737151767327,2.5041737422546277,1.7387114341671687e-06,1.7521728921631697e-06,9.51194150316735e-05,2,NOT_PERFORMED
864.0,2.0,2.5078933633007328,2.5078265109481364,2.507826537476074,1.7348867952120693e-06,1.7482659404904015e-06,9.488718375223492e-05,2,NOT_PERFORMED
866.0,2.0,2.5115447963782676,2.5114783363969506,2.5114783623761787,1.7310574637888693e-06,1.744354338662132e-06,9.465501333794984e-05,2,NOT_PERFORMED
868.0,2.0,2.5151952576887506,2.515129186743258,2.515129212174981,1.7272233967553225e-06,1.7404380484961454e-06,9.442290410091791e-05,2,NOT_PERFORMED
870.0,2.0,2.518844742401127,2.518779057191828,2.5187790820772573,1.7233845750961602e-06,1.7365170522470624e-06,9.419085635410048e-05,2,NOT_PERFORMED
872.0,2.0,2.5224932456543487,2.5224279429174548,2.5224279672577867,1.7195409978725278e-06,1.7325913378360577e-06,9.39588704128683e-05,2,NOT_PERFORMED
874.0,2.0,2.5261407625570116,2.52607583906404,2.5260758628604694,1.7156926590187917e-06,1.728660896011297e-06,9.372694659449359e-05,2,NOT_PERFORMED
876.0,2.0,2.5297872881876047,2.5297227407449614,2.5297227639986772,1.7118395539303408e-06,1.7247257246678473e-06,9.349508521737755e-05,2,NOT_PERFORMED
878.0,2.0,2.5334328175942584,2.5333686430427313,2.533368665754915,1.7079816786986766e-06,1.7207858206173457e-06,9.326328660255358e-05,2,NOT_PERFORMED
880.0,2.0,2.5370773457950677,2.537013541009474,2.5370135631813158,1.704119039663863e-06,1.7168411804006223e-06,9.303155107287372e-05,2,NOT_PERFORMED
882.0,2.0,2.5407208677774604,2.5406574296660733,2.5406574512987543,1.7002516375725424e-06,1.712891799252571e-06,9.279987895261266e-05,2,NOT_PERFORMED
884.0,2.0,2.544363378497343,2.544300304001318,2.5443003250960206,1.6963794644546433e-06,1.7089376687478392e-06,9.25682705678599e-05,2,NOT_PERFORMED
886.0,2.0,2.5480048728791314,2.5479421589721047,2.547942179529986,1.6925025107172776e-06,1.704978788187598e-06,9.233672624753399e-05,2,NOT_PERFORMED
888.0,2.0,2.551645345816674,2.5515829895045234,2.551583009526752,1.688620779189596e-06,1.7010151653607117e-06,9.210524632133219e-05,2,NOT_PERFORMED
890.0,2.0,2.555284792172947,2.5552227904933122,2.5552228099810548,1.684734280606016e-06,1.6970467979527018e-06,9.187383112184799e-05,2,NOT_PERFORMED
892.0,2.0,2.5589232067797867,2.558861556801643,2.558861575756067,1.6808430192120246e-06,1.6930736901610961e-06,9.164248098226347e-05,2,NOT_PERFORMED
894.0,2.0,2.5625605844384673,2.5624992832618667,2.5624993016841344,1.6769470157907749e-06,1.6890958443825739e-06,9.141119623904462e-05,2,NOT_PERFORMED
896.0,2.0,2.5661969199190393,2.566135964674572,2.566135982565828,1.673046286136106e-06,1.685113259138908e-06,9.117997723020269e-05,2,NOT_PERFORMED
898.0,2.0,2.5698322079597102,2.5697715958080476,2.5697716131694457,1.669140843217758e-06,1.6811259299894433e-06,9.094882429557883e-05,2,NOT_PERFORMED
900.0,2.0,2.573466443265669,2.5734061713969623,2.573406188229664,1.6652306809633033e-06,1.6771338547152005e-06,9.071773777602917e-05,2,NOT_PERFORMED
902.0,2.0,2.5770996205093137,2.577039686142916,2.5770397024480562,1.661315800885784e-06,1.6731370321584799e-06,9.048671801651562e-05,2,NOT_PERFORMED
904.0,2.0,2.580731734328892,2.5806721347127173,2.580672150491451,1.6573961851655973e-06,1.6691354607693818e-06,9.02557653622435e-05,2,NOT_PERFORMED
906.0,2.0,2.5843627793305415,2.5843035117411453,2.58430352699461,1.6534718421599527e-06,1.6651291547723802e-06,9.002488016165926e-05,2,NOT_PERFORMED
908.0,2.0,2.587992750088632,2.5879338118308977,2.5879338265602216,1.6495427914944205e-06,1.6611181255492389e-06,8.979406276439722e-05,2,NOT_PERFORMED
910.0,2.0,2.591621641144234,2.5915630295507643,2.591563043757094,1.6456090404105964e-06,1.6571023749996354e-06,8.956331352260505e-05,2,NOT_PERFORMED
912.0,2.0,2.5952494470047958,2.5951911594355592,2.5951911731200243,1.641670605170936e-06,1.653081894890362e-06,8.933263278977e-05,2,NOT_PERFORMED
914.0,2.0,2.598876162143888,2.598818195985838,2.5988182091495693,1.6377275019394537e-06,1.6490566762773436e-06,8.910202092248808e-05,2,NOT_PERFORMED
916.0,2.0,2.602500858455892,2.602443214327836,2.6024432269997386,1.6337898163749078e-06,1.645037368139456e-06,8.887153826672536e-05,2,NOT_PERFORMED
918.0,2.0,2.6061231138725445,2.6060657900398474,2.6060658022342196,1.6298573537026099e-06,1.641023754471566e-06,8.86412108960554e-05,2,NOT_PERFORMED
920.0,2.0,2.609742920373494,2.609685914300956,2.6096859260196585,1.6259266536399253e-06,1.6370122176342751e-06,8.841103878310297e-05,2,NOT_PERFORMED
922.0,2.0,2.6133602697544362,2.613303578910691,2.6133035901554678,1.6219965121583498e-06,1.6330015004155806e-06,8.818102245382399e-05,2,NOT_PERFORMED
924.0,2.0,2.6169751536992654,2.6169187755663725,2.616918786338909,1.6180662609100965e-06,1.6289908989121478e-06,8.795116244274061e-05,2,NOT_PERFORMED
926.0,2.0,2.6205875638078755,2.6205314958858597,2.620531506187809,1.6141354942942128e-06,1.6249799368681965e-06,8.772145928825604e-05,2,NOT_PERFORMED
928.0,2.0,2.6241974916120037,2.624141731421352,2.6241417412543577,1.6102039345329128e-06,1.6209682930129512e-06,8.749191353387227e-05,2,NOT_PERFORMED
930.0,2.0,2.6278049285824268,2.627749473665075,2.6277494830307333,1.606271336711651e-06,1.6169557428253433e-06,8.726252572736123e-05,2,NOT_PERFORMED
932.0,2.0,2.6314098661347027,2.6313547140546882,2.6313547229546117,1.6023375300213197e-06,1.612942091657676e-06,8.703329641849934e-05,2,NOT_PERFORMED
934.0,2.0,2.6350122956335293,2.634957443977522,2.634957452413266,1.5984023787899859e-06,1.6089271894637664e-06,8.680422616164127e-05,2,NOT_PERFORMED
936.0,2.0,2.638612208396219,2.6385576547737517,2.6385576627468974,1.5944657709831042e-06,1.6049109271060428e-06,8.657531551336891e-05,2,NOT_PERFORMED
938.0,2.0,2.6422095956931955,2.6421553377364964,2.6421553452486024,1.5905276023809806e-06,1.600893198421671e-06,8.634656503380368e-05,2,NOT_PERFORMED
940.0,2.0,2.6458044487498165,2.645750484113836,2.6457504911664524,1.5865877971267672e-06,1.5968739045323082e-06,8.6117975285093e-05,2,NOT_PERFORMED
942.0,2.0,2.6493967587498886,2.649343085112589,2.649343091707252,1.5826463147433165e-06,1.592852973948337e-06,8.588954683270194e-05,2,NOT_PERFORMED
944.0,2.0,2.652986516835958,2.6529331318980907,2.6529331380363317,1.578703102179277e-06,1.5888303560769743e-06,8.566128024383768e-05,2,NOT_PERFORMED
946.0,2.0,2.656573714108593,2.6565206155933,2.656520621276642,1.574758082965723e-06,1.5848060150804918e-06,8.543317608942365e-05,2,NOT_PERFORMED
948.0,2.0,2.660158341625197,2.66010552727751,2.6601055325074823,1.5708111983807587e-06,1.5807798783912822e-06,8.520523494186531e-05,2,NOT_PERFORMED
950.0,2.0,2.6637403904032277,2.6636878579903946,2.6636878627684983,1.5668624227453075e-06,1.5767518995908036e-06,8.49774573772757e-05,2,NOT_PERFORMED
952.0,2.0,2.6673198514237195,2.667267598735439,2.6672676030631854,1.5629117600567544e-06,1.5727220638890277e-06,8.474984397333084e-05,2,NOT_PERFORMED
954.0,2.0,2.670896715629267,2.670844740477126,2.6708447443560197,1.5589592067087856e-06,1.5686903315825195e-06,8.452239530975662e-05,2,NOT_PERFORMED
956.0,2.0,2.6744709739252617,2.674419274142668,2.6744192775742066,1.5550047738424702e-06,1.5646566723121145e-06,8.429511196985185e-05,2,NOT_PERFORMED
958.0,2.0,2.6780426171794023,2.6779911906212357,2.677991193606912,1.5510484352134933e-06,1.5606210872144618e-06,8.40679945376163e-05,2,NOT_PERFORMED
960.0,2.0,2.68161163621841,2.681560480760247,2.6815604833015536,1.5470901324406028e-06,1.5565835569114681e-06,8.384104360072944e-05,2,NOT_PERFORMED
962.0,2.0,2.6851780218284103,2.6851271353663435,2.685127137464757,1.5431298247741482e-06,1.5525440533178718e-06,8.361425974975459e-05,2,NOT_PERFORMED
964.0,2.0,2.6887417647577614,2.6886911452085775,2.688691146865589,1.5391675188547428e-06,1.548502550171796e-06,8.338764357653911e-05,2,NOT_PERFORMED
966.0,2.0,2.69230285571803,2.6922525010191487,2.692252502236235,1.5352032127844736e-06,1.5444590492364194e-06,8.316119567578043e-05,2,NOT_PERFORMED
968.0,2.0,2.6958612853842454,2.695811193493508,2.6958111942721454,1.5312369067671295e-06,1.5404135558272194e-06,8.293491664396492e-05,2,NOT_PERFORMED
970.0,2.0,2.6994170443938876,2.6993672132891624,2.6993672136308215,1.527268601734561e-06,1.536366059446625e-06,8.270880708125162e-05,2,NOT_PERFORMED
972.0,2.0,2.7029701233454695,2.7029205510241923,2.7029205509303327,1.5232982932931995e-06,1.532316533618873e-06,8.248286758821633e-05,2,NOT_PERFORMED
974.0,2.0,2.7065205127977414,2.70647119727656,2.7064711967486543,1.5193259693049186e-06,1.528264948855176e-06,8.225709877048213e-05,2,NOT_PERFORMED
976.0,2.0,2.710068203271704,2.7100191425865607,2.7100191416260637,1.515351641092127e-06,1.5242112866571013e-06,8.203150123288805e-05,2,NOT_PERFORMED
978.0,2.0,2.71361318524958,2.713564377455359,2.7135643760637262,1.5113753134741461e-06,1.5201555220434349e-06,8.180607558561937e-05,2,NOT_PERFORMED
980.0,2.0,2.717155449175607,2.717106892345995,2.7171068905246853,1.5073969874389775e-06,1.5160976475242958e-06,8.158082243987979e-05,2,NOT_PERFORMED
982.0,2.0,2.720694985455978,2.7206466776832783,2.7206466754337386,1.5034166632005e-06,1.5120376587176232e-06,8.135574240900818e-05,2,NOT_PERFORMED
984.0,2.0,2.724231784458711,2.7241837238535984,2.724183721177277,1.499434344404838e-06,1.5079755471429528e-06,8.113083610922846e-05,2,NOT_PERFORMED
986.0,2.0,2.7277658365127366,2.727718021203894,2.7277180181022436,1.4954500407237716e-06,1.5039112845008849e-06,8.090610415955815e-05,2,NOT_PERFORMED
988.0,2.0,2.7312971319074264,2.73124956004128,2.7312495565157384,1.4914637521462689e-06,1.4998448476022637e-06,8.068154718064301e-05,2,NOT_PERFORMED
990.0,2.0,2.734825660892627,2.734778330633175,2.7347783266851766,1.4874754595761228e-06,1.4957762354080624e-06,8.04571657960067e-05,2,NOT_PERFORMED
992.0,2.0,2.7383514136817713,2.7383043232108077,2.738304318841798,1.4834852042821547e-06,1.4917054382963852e-06,8.023296063146316e-05,2,NOT_PERFORMED
994.0,2.0,2.7418743804495387,2.7418275279661493,2.7418275231775464,1.4794929940732715e-06,1.4876324442393574e-06,8.000893231576816e-05,2,NOT_PERFORMED
996.0,2.0,2.745394551333052,2.7453479350535375,2.7453479298467984,1.4754988429062888e-06,1.4835572562083075e-06,7.978508147873828e-05,2,NOT_PERFORMED
998.0,2.0,2.748911916431254,2.748865534588934,2.748865528965469,1.4715027512168806e-06,1.479479883487264e-06,7.956140875376718e-05,2,NOT_PERFORMED
1000.0,2.0,2.752426465804145,2.752380316648967,2.7523803106102216,1.4675047119019471e-06,1.4754003314385805e-06,7.933791477681387e-05,2,NOT_PERFORMED
1002.0,2.0,2.7559381894751267,2.755892271273887,2.7558922648212802,1.4635047398091513e-06,1.471318624485373e-06,7.911460018445143e-05,2,NOT_PERFORMED
1004.0,2.0,2.7594470774266924,2.7594013884622015,2.759401381597156,1.4595028331893887e-06,1.4672347342089924e-06,7.88914656179285e-05,2,NOT_PERFORMED
1006.0,2.0,2.7629531196051844,2.762907658176767,2.7629076509007042,1.4554990340635903e-06,1.4631486672014184e-06,7.866851171974542e-05,2,NOT_PERFORMED
1008.0,2.0,2.7664563059188123,2.766411070341853,2.7664110626561995,1.45149332704491e-06,1.459060458480267e-06,7.844573913443253e-05,2,NOT_PERFORMED
1010.0,2.0,2.76995662624212,2.7699116148485388,2.769911606754724,1.4474857295239864e-06,1.4549701846913302e-06,7.82231485090995e-05,2,NOT_PERFORMED
1012.0,2.0,2.7734540704111392,2.77340928154851,2.773409273047947,1.4434762245073564e-06,1.4508778783240144e-06,7.80007404940814e-05,2,NOT_PERFORMED
1014.0,2.0,2.7769486282214717,2.7769040602525714,2.77690405134668,1.439464844818649e-06,1.4467834929615885e-06,7.777851574020567e-05,2,NOT_PERFORMED
1016.0,2.0,2.78044028942844,2.7803959407311023,2.780395931421293,1.4354515797591358e-06,1.4426870305264614e-06,7.75564749032437e-05,2,NOT_PERFORMED
1018.0,2.0,2.7839290437499327,2.7838849127172858,2.7838849030049864,1.431436403166256e-06,1.4385885573080722e-06,7.733461863905192e-05,2,NOT_PERFORMED
1020.0,2.0,2.7874148808686003,2.7873709659092456,2.787370955795861,1.427419327533626e-06,1.4344881367402146e-06,7.711294760742599e-05,2,NOT_PERFORMED
1022.0,2.0,2.7908977904288843,2.790854089966278,2.7908540794532253,1.4234003755924405e-06,1.4303857748268407e-06,7.689146246992848e-05,2,NOT_PERFORMED
1024.0,2.0,2.7943777620362322,2.794334274508413,2.7943342635971136,1.4193795410120953e-06,1.4262814959374352e-06,7.667016389079424e-05,2,NOT_PERFORMED
1026.0,2.0,2.797854785253937,2.7978115091129556,2.79781149780481,1.4153567830760526e-06,1.4221753121829302e-06,7.644905253567424e-05,2,NOT_PERFORMED
1028.0,2.0,2.8013284148275344,2.8012853501049393,2.801285338415095,1.4113372492056116e-06,1.418072728220648e-06,7.622815742651262e-05,2,NOT_PERFORMED
1030.0,2.0,2.8047979388167095,2.8047550859568813,2.80475507390921,1.4073268045227477e-06,1.4139799503428724e-06,7.600752423349405e-05,2,NOT_PERFORMED
1032.0,2.0,2.8082633477732917,2.808220705309558,2.8082206929060507,1.4033208404109831e-06,1.4098921546470984e-06,7.57871524717731e-05,2,NOT_PERFORMED
1034.0,2.0,2.8117246320196894,2.8116821984677913,2.811682185710317,1.3993179717114668e-06,1.405807898691677e-06,7.556704275966711e-05,2,NOT_PERFORMED
1036.0,2.0,2.8151817817704097,2.815139555647199,2.815139542537538,1.3953174786131073e-06,1.4017264295473297e-06,7.534719572339698e-05,2,NOT_PERFORMED
1038.0,2.0,2.8186347871708013,2.818592766999543,2.8185927535394866,1.3913189486160435e-06,1.3976472911513812e-06,7.512761199192372e-05,2,NOT_PERFORMED
1040.0,2.0,2.822083638311272,2.8220418226235813,2.8220418088148627,1.3873220508847388e-06,1.3935701683292784e-06,7.490829219850858e-05,2,NOT_PERFORMED
1042.0,2.0,2.825528325240009,2.825486712577432,2.8254866984217752,1.383326604353348e-06,1.3894947932872906e-06,7.468923697939692e-05,2,NOT_PERFORMED
1044.0,2.0,2.8289688379720155,2.8289274268871285,2.8289274123862542,1.3793324646077272e-06,1.385421003427109e-06,7.447044697228973e-05,2,NOT_PERFORMED
1046.0,2.0,2.8324051664874816,2.8323639555435385,2.832363940699135,1.375339486393271e-06,1.381348609519128e-06,7.42519228173765e-05,2,NOT_PERFORMED
1048.0,2.0,2.8358373007447013,2.835796288517227,2.835796273330992,1.3713475927826245e-06,1.3772775563100287e-06,7.403366515562222e-05,2,NOT_PERFORMED
1050.0,2.0,2.8392652306746236,2.8392244157505395,2.8392244002241367,1.3673567144613553e-06,1.3732076916956585e-06,7.381567463132556e-05,2,NOT_PERFORMED
1052.0,2.0,2.8426889461826805,2.842648327160341,2.8426483112954517,1.3633667554611806e-06,1.3691389189528569e-06,7.359795188818642e-05,2,NOT_PERFORMED
1054.0,2.0,2.8461084371470595,2.8460680126359015,2.846067996434187,1.3593776124572038e-06,1.3650711217370796e-06,7.33804975733199e-05,2,NOT_PERFORMED
1056.0,2.0,2.849523693430752,2.849483462052775,2.8494834455158746,1.3553892731430886e-06,1.3610042768428482e-06,7.316331233419032e-05,2,NOT_PERFORMED
1058.0,2.0,2.8529347048842637,2.852894665274165,2.8528946484037427,1.3514018078314668e-06,1.356938315680558e-06,7.294639681845325e-05,2,NOT_PERFORMED
1060.0,2.0,2.8563414613305707,2.856301612133633,2.8563015949313315,1.347415099546821e-06,1.3528731248457445e-06,7.272975167683672e-05,2,NOT_PERFORMED
1062.0,2.0,2.8597439525667814,2.8597042924389173,2.8597042749063633,1.3434289826020806e-06,1.348808666874204e-06,7.251337756025894e-05,2,NOT_PERFORMED
1064.0,2.0,2.8631421683700675,2.8631026959784642,2.8631026781172757,1.3394434790360827e-06,1.3447448027626715e-06,7.229727512157673e-05,2,NOT_PERFORMED
1066.0,2.0,2.866536098510867,2.8664968125355768,2.8664967943473756,1.335458696756459e-06,1.340681508049399e-06,7.208144501415788e-05,2,NOT_PERFORMED
1068.0,2.0,2.869925732740111,2.8698866318722116,2.8698866133586085,1.331474453423513e-06,1.3366188536203414e-06,7.186588789212552e-05,2,NOT_PERFORMED
1070.0,2.0,2.873311060795028,2.8732721437371893,2.873272124899804,1.32749071864324e-06,1.332556843907702e-06,7.165060441158069e-05,2,NOT_PERFORMED
1072.0,2.0,2.8766920724102847,2.876653337878113,2.876653318718559,1.3235075915696113e-06,1.3284955197812818e-06,7.143559522687373e-05,2,NOT_PERFORMED
1074.0,2.0,2.8800687573003265,2.8800302040198926,2.880030184539768,1.3195250031658732e-06,1.3244348175599828e-06,7.12208609952327e-05,2,NOT_PERFORMED
1076.0,2.0,2.8834411051603572,2.883402731868179,2.8834027120690777,1.3155428731752805e-06,1.3203747006586393e-06,7.100640237434788e-05,2,NOT_PERFORMED
1078.0,2.0,2.886809105673023,2.886770911116748,2.8867708910002703,1.3115612250129811e-06,1.3163151260306878e-06,7.079222002267123e-05,2,NOT_PERFORMED
1080.0,2.0,2.8901727485095816,2.8901347314480232,2.8901347110157634,1.3075799336020218e-06,1.3122562182877806e-06,7.057831460031927e-05,2,NOT_PERFORMED
1082.0,2.0,2.8935320233128645,2.8934941825136664,2.893494161767202,1.3035989641511358e-06,1.3081977460438828e-06,7.036468676758205e-05,2,NOT_PERFORMED
1084.0,2.0,2.8968869197079403,2.8968492539488047,2.8968492328896986,1.2996183344673365e-06,1.30413958648418e-06,7.015133718698497e-05,2,NOT_PERFORMED
1086.0,2.0,2.900237427314724,2.9001999353848795,2.9001999140147143,1.2956380192669343e-06,1.3000818508767027e-06,6.993826652134172e-05,2,NOT_PERFORMED
1088.0,2.0,2.9035835357471256,2.9035462164470722,2.90354619476742,1.2916580383186503e-06,1.2960245867133531e-06,6.972547543347444e-05,2,NOT_PERFORMED
1090.0,2.0,2.9069252345662218,2.906888086701636,2.906888064714048,1.2876780986288332e-06,1.291967448127235e-06,6.951296458890064e-05,2,NOT_PERFORMED
1092.0,2.0,2.91026251333516,2.910225535723769,2.9102255134297925,1.283698366578745e-06,1.287910454912871e-06,6.930073465432097e-05,2,NOT_PERFORMED
1094.0,2.0,2.913595361597905,2.913558553066629,2.9135585304677996,1.2797186195633634e-06,1.2838536964095312e-06,6.908878629740406e-05,2,NOT_PERFORMED
1096.0,2.0,2.916923768888176,2.9168871282741224,2.9168871053719836,1.2757388857177266e-06,1.2797971394264092e-06,6.887712018526197e-05,2,NOT_PERFORMED
1098.0,2.0,2.9202477247479095,2.9202112509005587,2.9202112276966696,1.2717594394155304e-06,1.2757407725999719e-06,6.866573698630347e-05,2,NOT_PERFORMED
1100.0,2.0,2.9235672187028503,2.923530910480828,2.9235308869767276,1.2677802602051282e-06,1.2716845127299842e-06,6.845463736760251e-05,2,NOT_PERFORMED
1102.0,2.0,2.926882240273377,2.9268460965457215,2.9268460727429426,1.2638012336427356e-06,1.267628537775658e-06,6.824382199916416e-05,2,NOT_PERFORMED
1104.0,2.0,2.9301927789506657,2.930156798593669,2.9301567744937467,1.2598223887067127e-06,1.2635725136197488e-06,6.803329155043564e-05,2,NOT_PERFORMED
1106.0,2.0,2.9334988242360587,2.9334630061380587,2.9334629817425184,1.2558437902223018e-06,1.2595166628201592e-06,6.782304669199726e-05,2,NOT_PERFORMED
1108.0,2.0,2.9368003656185007,2.9367647086769493,2.936764683987322,1.2518654998596331e-06,1.2554608634165042e-06,6.761308809422943e-05,2,NOT_PERFORMED
1110.0,2.0,2.9400973925842457,2.9400618957067466,2.9400618707245605,1.2478874995242645e-06,1.2514052210963117e-06,6.740341642806158e-05,2,NOT_PERFORMED
1112.0,2.0,2.943389894580174,2.943354556679887,2.9433545314066514,1.2439093875511484e-06,1.247349683292356e-06,6.719403236642876e-05,2,NOT_PERFORMED
1114.0,2.0,2.9466778610685664,2.9466426810707707,2.9466426555080063,1.2399315931417272e-06,1.2432941623962014e-06,6.698493658233305e-05,2,NOT_PERFORMED
1116.0,2.0,2.9499612815287404,2.9499262583708963,2.94992623252013,1.235954169664415e-06,1.2392389711091327e-06,6.677612974632726e-05,2,NOT_PERFORMED
1118.0,2.0,2.9532401454148927,2.9532052780413554,2.9532052519041208,1.2319769818807187e-06,1.2351839854946754e-06,6.656761253131137e-05,2,NOT_PERFORMED
1120.0,2.0,2.9565144421313616,2.9564797294903307,2.9564797030680983,1.2279994683653161e-06,1.2311291538773247e-06,6.635938561345429e-05,2,NOT_PERFORMED
1122.0,2.0,2.959784161116884,2.9597496021704033,2.9597495754647007,1.2240222495741814e-06,1.2270744604223857e-06,6.615144966657902e-05,2,NOT_PERFORMED
1124.0,2.0,2.9630492918095297,2.963014885529194,2.963014858541525,1.2200453594865358e-06,1.2230199586161472e-06,6.594380536383927e-05,2,NOT_PERFORMED
1126.0,2.0,2.9663098236175305,2.966275568980785,2.9662755417126476,1.2160684876374573e-06,1.2189656246913599e-06,6.573645338143338e-05,2,NOT_PERFORMED
1128.0,2.0,2.969565745930332,2.969531641921749,2.96953161437463,1.212091679546103e-06,1.21491123417549e-06,6.552939439581736e-05,2,NOT_PERFORMED
1130.0,2.0,2.972817048163002,2.9727830937794084,2.97278306595482,1.208115139800855e-06,1.2108570484811547e-06,6.532262908276019e-05,2,NOT_PERFORMED
1132.0,2.0,2.976063719689154,2.9760299139315793,2.9760298858310033,1.204138783334716e-06,1.2068026314707652e-06,6.511615811887646e-05,2,NOT_PERFORMED
1134.0,2.0,2.9793057498657873,2.9792720917422835,2.9792720633671954,1.2001623943001492e-06,1.2027480500237918e-06,6.490998218393654e-05,2,NOT_PERFORMED
1136.0,2.0,2.982543128091595,2.98250961662402,2.9825095879759096,1.1961863802555304e-06,1.1986935810652562e-06,6.470410195388436e-05,2,NOT_PERFORMED
1138.0,2.0,2.9857758437273003,2.985742477941774,2.9857424490221196,1.192210517348569e-06,1.1946389745533788e-06,6.449851810701852e-05,2,NOT_PERFORMED
1140.0,2.0,2.9890038861014774,2.988970665028994,2.9889706358392614,1.1882343077823467e-06,1.1905843480983925e-06,6.42932313245908e-05,2,NOT_PERFORMED
1142.0,2.0,2.992227244545772,2.992194167226236,2.9921941377678856,1.1842579749977132e-06,1.1865295946974325e-06,6.408824228668011e-05,2,NOT_PERFORMED
1144.0,2.0,2.9954459083687976,2.9954129738478383,2.995412944122333,1.1802814403441685e-06,1.1824745235443016e-06,6.388355167415109e-05,2,NOT_PERFORMED
1146.0,2.0,2.998659866887343,2.998627074219875,2.9986270442286624,1.1763044082459533e-06,1.1784196234478908e-06,6.367916016995991e-05,2,NOT_PERFORMED
1148.0,2.0,3.0018686116492956,3.001835963041471,3.0018359328024578,1.1723331404545182e-06,1.174371259496465e-06,6.347510121949555e-05,2,NOT_PERFORMED
1150.0,2.0,3.0050717775992677,3.0050392742063754,3.005039243733069,1.168369150751668e-06,1.1703302929873584e-06,6.32713976980464e-05,2,NOT_PERFORMED
1152.0,2.0,3.0082693573758243,3.00823699827369,3.008236967567892,1.1644094048475094e-06,1.1662942678501248e-06,6.306804930185025e-05,2,NOT_PERFORMED
1154.0,2.0,3.011461343427569,3.011429127664819,3.011429096728185,1.1604532010382415e-06,1.1622616987721434e-06,6.286505651700558e-05,2,NOT_PERFORMED
1156.0,2.0,3.014647728098202,3.014615654716994,3.0146156235511157,1.1564997422520617e-06,1.1582320362215685e-06,6.266241983151424e-05,2,NOT_PERFORMED
1158.0,2.0,3.0178285036864776,3.017796571729387,3.017796540335833,1.1525493118718133e-06,1.1542047853174747e-06,6.246013973843711e-05,2,NOT_PERFORMED
1160.0,2.0,3.0210036625149828,3.0209718710327973,3.020971839413116,1.1486025053840477e-06,1.1501811225770706e-06,6.225821672697432e-05,2,NOT_PERFORMED
1162.0,2.0,3.024173196789136,3.0241415448247686,3.024141512980447,1.144660261528253e-06,1.1461621636276237e-06,6.205665129527431e-05,2,NOT_PERFORMED
1164.0,2.0,3.0273370992035824,3.027305585860534,3.027305553793257,1.1407238052084288e-06,1.1421492584335504e-06,6.185544390859417e-05,2,NOT_PERFORMED
1166.0,2.0,3.0304953628025624,3.03046398722872,3.030463954940288,1.136793673067342e-06,1.138143062671612e-06,6.165459501270179e-05,2,NOT_PERFORMED
1168.0,2.0,3.0336479806577503,3.033616742008663,3.033616709500872,1.1328698587655383e-06,1.134143568993852e-06,6.145410504787993e-05,2,NOT_PERFORMED
1170.0,2.0,3.03679494586541,3.0367638433038495,3.0367638105784973,1.12895234258263e-06,1.1301507543470475e-06,6.125397445580327e-05,2,NOT_PERFORMED
1172.0,2.0,3.039936251546895,3.0399052842427716,3.0399052513016533,1.1250411064947793e-06,1.1261645979293083e-06,6.105420367635673e-05,2,NOT_PERFORMED
1174.0,2.0,3.0430718908494394,3.0430410579798037,3.0430410248246895,1.1211361361447837e-06,1.1221850822245755e-06,6.0854793145991346e-05,2,NOT_PERFORMED
1176.0,2.0,3.046201856947037,3.0461711576960337,3.046171124328709,1.1172374206957292e-06,1.1182121937547686e-06,6.065574330097886e-05,2,NOT_PERFORMED
1178.0,2.0,3.0493261430412693,3.0492955766001395,3.0492955430223665,1.1133449531096113e-06,1.1142459231012394e-06,6.0457054575525875e-05,2,NOT_PERFORMED
1180.0,2.0,3.0524447423620993,3.052414307929139,3.052414274142677,1.1094587295754092e-06,1.110286264030033e-06,6.0258727402091365e-05,2,NOT_PERFORMED
1182.0,2.0,3.055557648168592,3.055527344949123,3.0555273109557373,1.1055787493613374e-06,1.1063332138587205e-06,6.00607622106752e-05,2,NOT_PERFORMED
1184.0,2.0,3.0586648537496224,3.0586346809559566,3.058634646757394,1.10170501378332e-06,1.1023867720601661e-06,5.986315942978324e-05,2,NOT_PERFORMED
1186.0,2.0,3.0617663524244816,3.0617363092758856,3.06173627487389,1.0978375271459747e-06,1.0984469411075627e-06,5.966591948608792e-05,2,NOT_PERFORMED
1188.0,2.0,3.0648621375435283,3.064832223266152,3.064832188662469,1.093976294915473e-06,1.0945137251443964e-06,5.946904280380314e-05,2,NOT_PERFORMED
1190.0,2.0,3.0679522024887143,3.0679224163155876,3.0679223815119507,1.0901213247760052e-06,1.0905871301394838e-06,5.927252980604319e-05,2,NOT_PERFORMED
1192.0,2.0,3.0710365406741724,3.0710068818451166,3.0710068468432654,1.086272625983504e-06,1.0866671642937015e-06,5.9076380912605834e-05,2,NOT_PERFORMED
1194.0,2.0,3.074115145546728,3.0740856133083168,3.074085578109981,1.0824302089328631e-06,1.0827538368246025e-06,5.888059654214905e-05,2,NOT_PERFORMED
1196.0,2.0,3.0771880105863834,3.077158604191915,3.077158568798809,1.0785940857051854e-06,1.0788471580846246e-06,5.868517711063346e-05,2,NOT_PERFORMED
1198.0,2.0,3.0802551293068494,3.0802258480162483,3.080225812430087,1.0747642689250432e-06,1.0749471400913364e-06,5.8490123033066656e-05,2,NOT_PERFORMED
1200.0,2.0,3.0833164952559615,3.0832873383357504,3.083287302558252,1.0709407727906871e-06,1.07105379600883e-06,5.829543471928602e-05,2,NOT_PERFORMED
1202.0,2.0,3.0863721020161887,3.0863430687394264,3.086343032772296,1.0671236120968847e-06,1.0671671394381933e-06,5.810111258152632e-05,2,NOT_PERFORMED
1204.0,2.0,3.0894219432050494,3.0893930328512615,3.089392996696205,1.0633128024394501e-06,1.0632871855548488e-06,5.7907157025275466e-05,2,NOT_PERFORMED
1206.0,2.0,3.0924660124755428,3.0924372243306926,3.0924371879894124,1.05950836038028e-06,1.059413949360032e-06,5.771356845659698e-05,2,NOT_PERFORMED
1208.0,2.0,3.095504303516612,3.0954756368730174,3.095475600347202,1.055710303005914e-06,1.0555474477962605e-06,5.752034727800682e-05,2,NOT_PERFORMED
1210.0,2.0,3.098536810053533,3.098508264209811,3.098508227501156,1.0519186482561048e-06,1.0516876976240498e-06,5.7327493889970894e-05,2,NOT_PERFORMED
1212.0,2.0,3.1015635258483045,3.1015351001093405,3.101535063219533,1.0481334140421376e-06,1.0478347166193423e-06,5.71350086909127e-05,2,NOT_PERFORMED
1214.0,2.0,3.104584444700119,3.1045561383769753,3.1045561013076934,1.0443546197192971e-06,1.0439885226052452e-06,5.6942892076506514e-05,2,NOT_PERFORMED
1216.0,2.0,3.1075995604457027,3.1075713728555687,3.1075713356084957,1.0405822843524215e-06,1.0401491347361486e-06,5.6751144440048774e-05,2,NOT_PERFORMED
1218.0,2.0,3.110608866959723,3.1105807974258686,3.110580760002673,1.0368164279293296e-06,1.0363165718154367e-06,5.655976617271522e-05,2,NOT_PERFORMED
1220.0,2.0,3.113612358155173,3.113584406006888,3.113584368409244,1.0330570702269964e-06,1.0324908537068213e-06,5.636875766279997e-05,2,NOT_PERFORMED
1222.0,2.0,3.1166100279837776,3.1165821925563035,3.116582154785873,1.0293042319835853e-06,1.0286720002400882e-06,5.617811929626149e-05,2,NOT_PERFORMED
1224.0,2.0,3.1196018704363295,3.1195741510708186,3.119574113129261,1.0255579340498664e-06,1.024860031731303e-06,5.598785145682337e-05,2,NOT_PERFORMED
1226.0,2.0,3.1225878795431035,3.122560275586532,3.12256023747552,1.0218181975083993e-06,1.0210549687635292e-06,5.5797954525313114e-05,2,NOT_PERFORMED
1228.0,2.0,3.1255680493741873,3.1255405601793527,3.125540521900523,1.0180850437179035e-06,1.017256832457292e-06,5.560842888060562e-05,2,NOT_PERFORMED
1230.0,2.0,3.1285423740398732,3.1285149989652865,3.128514960520288,1.0143584942450443e-06,1.013465644177914e-06,5.541927489814545e-05,2,NOT_PERFORMED
1232.0,2.0,3.1315108476910116,3.131483586100868,3.131483547491346,1.01063857102389e-06,1.0096814247662946e-06,5.5230492951322636e-05,2,NOT_PERFORMED
1234.0,2.0,3.1344734645193832,3.1344463157834856,3.13444627701108,1.0069252960397524e-06,1.0059041962159885e-06,5.5042083411127356e-05,2,NOT_PERFORMED
1236.0,2.0,3.1374302187580136,3.1374031822517447,3.1374031433180978,1.0032186912824653e-06,1.0021339805599313e-06,5.4854046644987176e-05,2,NOT_PERFORMED
1238.0,2.0,3.1403811046815933,3.1403541797858345,3.1403541406925757,9.995187794205836e-07,9.983707993803228e-07,5.4666383019315166e-05,2,NOT_PERFORMED
1240.0,2.0,3.1433261166067625,3.143299302707847,3.143299263456613,9.958255827379498e-07,9.946146753219855e-07,5.447909289575419e-05,2,NOT_PERFORMED
1242.0,2.0,3.146265248892492,3.146238545382173,3.146238505974576,9.92139123668236e-07,9.908656301025862e-07,5.429217663496088e-05,2,NOT_PERFORMED
1244.0,2.0,3.149198495940414,3.1491719022157807,3.1491718626534486,9.884594250178777e-07,9.87123686448575e-07,5.4105634593754435e-05,2,NOT_PERFORMED
1246.0,2.0,3.152125852195193,3.1520993676586344,3.1520993279431777,9.847865093204298e-07,9.833888668222967e-07,5.3919467127127876e-05,2,NOT_PERFORMED
1248.0,2.0,3.1550473121448213,3.155020936203968,3.1550208963369997,9.81120399770428e-07,9.796611937371851e-07,5.373367458676053e-05,2,NOT_PERFORMED
1250.0,2.0,3.157962870320998,3.1579366023886584,3.157936562371785,9.774611186956846e-07,9.759406897941598e-07,5.354825732116175e-05,2,NOT_PERFORMED
1252.0,2.0,3.16087252129943,3.1608463607935477,3.160846320628386,9.73808689341004e-07,9.722273775107228e-07,5.33632156769766e-05,2,NOT_PERFORMED
1254.0,2.0,3.163776259700203,3.163750206043816,3.163750165731961,9.70163134452501e-07,9.685212798346346e-07,5.317854999714476e-05,2,NOT_PERFORMED
1256.0,2.0,3.1666740801880646,3.1666481328092586,3.166648092352302,9.665244770313558e-07,9.648224194043525e-07,5.2994260622466026e-05,2,NOT_PERFORMED
1258.0,2.0,3.1695659774728213,3.169540135804645,3.1695400952041735,9.628927399025966e-07,9.6113081859331e-07,5.281034789034487e-05,2,NOT_PERFORMED
1260.0,2.0,3.172451946309587,3.172426209790026,3.1724261690476396,9.59267946096186e-07,9.57446500667514e-07,5.2626812135835586e-05,2,NOT_PERFORMED
1262.0,2.0,3.17533198149918,3.175306349571105,3.175306308688384,9.556501181740967e-07,9.537694878646193e-07,5.244365369041447e-05,2,NOT_PERFORMED
1264.0,2.0,3.1782060778883983,3.1781805499995186,3.1781805089780386,9.520392792418228e-07,9.500998031514466e-07,5.2260872882607745e-05,2,NOT_PERFORMED
1266.0,2.0,3.181074230370374,3.181048805973172,3.181048764814516,9.484354521391457e-07,9.464374689786784e-07,5.207847003901383e-05,2,NOT_PERFORMED
1268.0,2.0,3.1839364338848735,3.1839111124365798,3.18391107114231,9.448386595316695e-07,9.42782507896478e-07,5.189644548233442e-05,2,NOT_PERFORMED
1270.0,2.0,3.1867926834186298,3.186767464381156,3.1867674229528373,9.412489243477937e-07,9.391349423274884e-07,5.1714799531563473e-05,2,NOT_PERFORMED
1272.0,2.0,3.1896429740056456,3.1896178568455267,3.189617815284744,9.37666268751957e-07,9.35494795182367e-07,5.153353250508098e-05,2,NOT_PERFORMED
1274.0,2.0,3.192487300727535,3.192462284915924,3.19246224322422,9.340907156890584e-07,9.318620886172608e-07,5.1352644715698626e-05,2,NOT_PERFORMED
1276.0,2.0,3.195325658713799,3.1953007437263876,3.195300701905326,9.30522287681178e-07,9.282368448747379e-07,5.117213647436994e-05,2,NOT_PERFORMED
1278.0,2.0,3.198158043142185,3.198133228459159,3.1981331865102898,9.26961006892684e-07,9.246190864922132e-07,5.099200808967037e-05,2,NOT_PERFORMED
1280.0,2.0,3.20098424375434,3.200959529591071,3.2009594875231,9.234099027218008e-07,9.210120022983662e-07,5.081227334636893e-05,2,NOT_PERFORMED
1282.0,2.0,3.203803874033786,3.20377926112201,3.203779218949978,9.198731988451981e-07,9.174200285585814e-07,5.0632957174316945e-05,2,NOT_PERFORMED
1284.0,2.0,3.206616933585702,3.206592421449542,3.206592379175171,9.16347859728244e-07,9.138399548189061e-07,5.045405883750913e-05,2,NOT_PERFORMED
1286.0,2.0,3.2094234218883773,3.2093990100374516,3.2093989676624,9.128329542889222e-07,9.102708230242001e-07,5.027557836923067e-05,2,NOT_PERFORMED
1288.0,2.0,3.2122233384019774,3.2121990263428404,3.2121989838687033,9.093280035704928e-07,9.067121404204607e-07,5.009751580605485e-05,2,NOT_PERFORMED
1290.0,2.0,3.2150166825970476,3.2149924698358165,3.214992427264178,9.058327074341832e-07,9.031635968430566e-07,4.9919871181827294e-05,2,NOT_PERFORMED
1292.0,2.0,3.217803453969013,3.2177793400127435,3.217779297345167,9.023468563794316e-07,8.99624973833373e-07,4.974264453014416e-05,2,NOT_PERFORMED
1294.0,2.0,3.2205836520468645,3.220559636404361,3.220559593642395,8.988702964345307e-07,8.960961093416476e-07,4.9565835881418454e-05,2,NOT_PERFORMED
1296.0,2.0,3.22335727639893,3.2233333585812116,3.223333315726399,8.954029087701677e-07,8.925768773104833e-07,4.938944526437765e-05,2,NOT_PERFORMED
1298.0,2.0,3.2261243266368624,3.2261005061575094,3.2261004632113695,8.919445993287718e-07,8.890671759449099e-07,4.9213472704860895e-05,2,NOT_PERFORMED
1300.0,2.0,3.228884802418569,3.228861078793978,3.228861035758028,8.884952921153946e-07,8.855669227239387e-07,4.9037918225076945e-05,2,NOT_PERFORMED
1302.0,2.0,3.2316387034505465,3.231615076200062,3.231615033075801,8.850549241229023e-07,8.820760482300953e-07,4.886278184483053e-05,2,NOT_PERFORMED
1304.0,2.0,3.2343860294896047,3.234362498135655,3.234362454924579,8.816234431633366e-07,8.785944942944409e-07,4.86880635806182e-05,2,NOT_PERFORMED
1306.0,2.0,3.2371267803443544,3.2371033444125326,3.2371033011161243,8.782008050077393e-07,8.751222112380316e-07,4.851376344496757e-05,2,NOT_PERFORMED
1308.0,2.0,3.23986095587639,3.23983761489551,3.239837571515253,8.747869719299363e-07,8.716591560225565e-07,4.83398814479951e-05,2,NOT_PERFORMED
1310.0,2.0,3.242588556001292,3.2425653095034677,3.242565266040813,8.713819117138117e-07,8.682052919667093e-07,4.816641759666343e-05,2,NOT_PERFORMED
1312.0,2.0,3.24530958068951,3.245286428210117,3.2452863846665414,8.679855962605187e-07,8.647605863852266e-07,4.7993371891859565e-05,2,NOT_PERFORMED
1314.0,2.0,3.2480240299670773,3.2480009710448376,3.248000927421787,8.645980017234794e-07,8.613250116229268e-07,4.782074433402098e-05,2,NOT_PERFORMED
1316.0,2.0,3.250731903916261,3.2507089380932377,3.2507088943921523,8.612191069132589e-07,8.578985420479562e-07,4.764853491836565e-05,2,NOT_PERFORMED
1318.0,2.0,3.2534332026762067,3.253410329497765,3.2534102857200877,8.578488936338504e-07,8.544811563776699e-07,4.7476743637472954e-05,2,NOT_PERFORMED
1320.0,2.0,3.25612792644334,3.2561051454582284,3.256105101605382,8.544873459839431e-07,8.510728350411442e-07,4.7305370478488316e-05,2,NOT_PERFORMED
1322.0,2.0,3.2588160754719517,3.258793386232211,3.2587933423056206,8.511344500883781e-07,8.476735609717526e-07,4.713441542706639e-05,2,NOT_PERFORMED
1324.0,2.0,3.261497650074525,3.261475052135546,3.2614750081366215,8.477901935740061e-07,8.44283319015223e-07,4.696387846370016e-05,2,NOT_PERFORMED
1326.0,2.0,3.264172650622198,3.2641501435426603,3.26415009947282,8.444545660647795e-07,8.409020955956593e-07,4.6793759565408824e-05,2,NOT_PERFORMED
1328.0,2.0,3.2668410775450596,3.2668186608869654,3.2668186167476,8.411275582890512e-07,8.375298791443708e-07,4.662405870571923e-05,2,NOT_PERFORMED
1330.0,2.0,3.269502931332524,3.2694806046611364,3.2694805604536405,8.378091624175202e-07,8.34166658761048e-07,4.6454775854524465e-05,2,NOT_PERFORMED
1332.0,2.0,3.2721582125335984,3.2721359754174557,3.2721359311432177,8.344993712782132e-07,8.308124251674501e-07,4.6285910977278965e-05,2,NOT_PERFORMED
1334.0,2.0,3.2748069217571927,3.2747847737680713,3.2747847294284704,8.311981793231292e-07,8.27467170062417e-07,4.6117464036325016e-05,2,NOT_PERFORMED
1336.0,2.0,3.277449059672382,3.277427000385285,3.2774269559816944,8.27905581392119e-07,8.241308859965475e-07,4.5949434989666516e-05,2,NOT_PERFORMED
1338.0,2.0,3.280084627008634,3.280062656001765,3.2800626115355507,8.246215732564083e-07,8.208035667522502e-07,4.578182379114446e-05,2,NOT_PERFORMED
1340.0,2.0,3.282713624556065,3.2826917414108148,3.2826916968833375,8.213461516321288e-07,8.174852063873845e-07,4.561463039190484e-05,2,NOT_PERFORMED
1342.0,2.0,3.2853360531656635,3.285314257466574,3.2853142128791837,8.180793135884587e-07,8.141758001870661e-07,4.544785473895536e-05,2,NOT_PERFORMED
1344.0,2.0,3.287951913749479,3.28793020508422,3.2879301604382722,8.14821056761266e-07,8.108753435276842e-07,4.528149677357104e-05,2,NOT_PERFORMED
1346.0,2.0,3.2905612072808195,3.2905395852401877,3.2905395405370155,8.115713795141111e-07,8.075838331271807e-07,4.5115556435417e-05,2,NOT_PERFORMED
1348.0,2.0,3.2931639347944603,3.2931423989723236,3.2931423542132596,8.083302805320778e-07,8.043012652344752e-07,4.495003365914449e-05,2,NOT_PERFORMED
1350.0,2.0,3.295760097386791,3.29573864738009,3.295738602566458,8.050977589998147e-07,8.010276376995996e-07,4.478492837589023e-05,2,NOT_PERFORMED
1352.0,2.0,3.2983496962160106,3.298328331624698,3.2983282867578345,8.018738144179023e-07,7.977629477760555e-07,4.4620240511968295e-05,2,NOT_PERFORMED
1354.0,2.0,3.300932732502255,3.300911452929321,3.3009114080105286,7.986584468940138e-07,7.945071940145405e-07,4.445596999149826e-05,2,NOT_PERFORMED
1356.0,2.0,3.303509207527777,3.3034880125791948,3.3034879676097764,7.954516565086628e-07,7.912603745544541e-07,4.429211673261649e-05,2,NOT_PERFORMED
1358.0,2.0,3.3060791226370845,3.3060580119217637,3.3060579669030283,7.92253443670117e-07,7.880224884279626e-07,4.412868065101925e-05,2,NOT_PERFORMED
1360.0,2.0,3.308642479237053,3.308621452366846,3.308621407300094,7.890638091380042e-07,7.847935344144866e-07,4.396566165727755e-05,2,NOT_PERFORMED
1362.0,2.0,3.311199278797086,3.3111783353867676,3.3111782902732787,7.85882754305405e-07,7.81573512438814e-07,4.3803059659825515e-05,2,NOT_PERFORMED
1364.0,2.0,3.31374952284922,3.31372866251643,3.313728617357491,7.827102798651199e-07,7.783624216892957e-07,4.364087455998082e-05,2,NOT_PERFORMED
1366.0,2.0,3.3162932129882456,3.3162724353534885,3.316272390150376,7.795463874123207e-07,7.751602623737331e-07,4.347910625792469e-05,2,NOT_PERFORMED
1368.0,2.0,3.3188303508718353,3.3188096555584283,3.318809610312416,7.763910787770402e-07,7.719670341918877e-07,4.331775464865111e-05,2,NOT_PERFORMED
1370.0,2.0,3.32136093822059,3.3213403248546802,3.3213402795670337,7.732443552853427e-07,7.687827376392948e-07,4.3156819623713184e-05,2,NOT_PERFORMED
1372.0,2.0,3.3238849768182073,3.323864445028724,3.323864399700691,7.701062188958605e-07,7.656073728379479e-07,4.2996301069622425e-05,2,NOT_PERFORMED
1374.0,2.0,3.3264024685115365,3.326382017930123,3.3263819725629737,7.66976671438786e-07,7.624409406506876e-07,4.283619886988709e-05,2,NOT_PERFORMED
1376.0,2.0,3.3289134152106548,3.3288930454717383,3.3288930000666914,7.638557149065013e-07,7.592834411662214e-07,4.267651290315148e-05,2,NOT_PERFORMED
1378.0,2.0,3.3314178188889887,3.3313975296296348,3.3313974841879617,7.607433513562343e-07,7.561348754732116e-07,4.251724304563876e-05,2,NOT_PERFORMED
1380.0,2.0,3.333915681583356,3.333895472443369,3.3338954269662713,7.576395829276379e-07,7.529952442371977e-07,4.2358389166368574e-05,2,NOT_PERFORMED
1382.0,2.0,3.3364070053940584,3.3363868760158346,3.336386830504556,7.545444118651971e-07,7.498645484190633e-07,4.219995113372858e-05,2,NOT_PERFORMED
1384.0,2.0,3.338891792484918,3.338871742513519,3.3388716969692744,7.514578398951049e-07,7.467427890451256e-07,4.2041928809851025e-05,2,NOT_PERFORMED
1386.0,2.0,3.341370045083376,3.3413500741664452,3.3413500285904587,7.483798698087047e-07,7.43629966430254e-07,4.188432205469851e-05,2,NOT_PERFORMED
1388.0,2.0,3.343841765480528,3.3438218732682934,3.3438218276617646,7.453105033194445e-07,7.405260822674589e-07,4.172713072176851e-05,2,NOT_PERFORMED
1390.0,2.0,3.3463069560311736,3.34628714217641,3.346287096540543,7.422497427790189e-07,7.374311368823934e-07,4.1570354662559944e-05,2,NOT_PERFORMED
1392.0,2.0,3.3487656191538817,3.3487458833118815,3.348745837647874,7.391975901283475e-07,7.343451315065845e-07,4.141399372354356e-05,2,NOT_PERFORMED
1394.0,2.0,3.3512177573310007,3.351198099159568,3.351198053468614,7.361540475749353e-07,7.312680672650379e-07,4.125804774723032e-05,2,NOT_PERFORMED
1396.0,2.0,3.35366337310876,3.353643792268156,3.353643746551438,7.331191174029038e-07,7.281999447491603e-07,4.110251657217219e-05,2,NOT_PERFORMED
1398.0,2.0,3.3561024690972308,3.356082965250179,3.3560829195088786,7.300928013188739e-07,7.251407649720547e-07,4.094740003279618e-05,2,NOT_PERFORMED
1400.0,2.0,3.358535047970391,3.358515620782066,3.358515575017339,7.270751015106152e-07,7.220905287691895e-07,4.0792697960065874e-05,2,NOT_PERFORMED
1402.0,2.0,3.3609611124661884,3.360941761604121,3.360941715817148,7.240660200103807e-07,7.190492367267277e-07,4.0638410179551396e-05,2,NOT_PERFORMED
1404.0,2.0,3.363380665386491,3.3633613905206166,3.3633613447125565,7.210655585432742e-07,7.16016889844259e-07,4.048453651399551e-05,2,NOT_PERFORMED
1406.0,2.0,3.365793709597142,3.365774510399754,3.3657744645717558,7.180737188551681e-07,7.129934886452466e-07,4.033107678082406e-05,2,NOT_PERFORMED
1408.0,2.0,3.368200248027964,3.3681811241736863,3.3681810783269,7.150905023217871e-07,7.0997903352461e-07,4.0178030795103894e-05,2,NOT_PERFORMED
1410.0,2.0,3.370600283672801,3.3705812348385447,3.3705811889741137,7.121159110279116e-07,7.069735250648471e-07,4.002539836627857e-05,2,NOT_PERFORMED
1412.0,2.0,3.372993819589484,3.3729748454544617,3.3729747995735235,7.091499462536939e-07,7.039769636379266e-07,3.987317930056673e-05,2,NOT_PERFORMED
1414.0,2.0,3.3753808588998515,3.3753619591455464,3.375361913249223,7.061926096938251e-07,7.009893493600846e-07,3.972137339984645e-05,2,NOT_PERFORMED
1416.0,2.0,3.377761404789746,3.3777425790998556,3.377742533189283,7.032439021868497e-07,6.98010682845697e-07,3.956998046130603e-05,2,NOT_PERFORMED
1418.0,2.0,3.3801354605090292,3.3801167085694868,3.3801166626457695,7.003038252337312e-07,6.950409639893176e-07,3.941900027967793e-05,2,NOT_PERFORMED
1420.0,2.0,3.3825030293715406,3.382484350870467,3.3824843049347266,6.973723799044324e-07,6.920801927035062e-07,3.926843264351331e-05,2,NOT_PERFORMED
1422.0,2.0,3.384864114755128,3.3848455093828242,3.3848454634361524,6.944495670662459e-07,6.891283693075751e-07,3.911827733916972e-05,2,NOT_PERFORMED
1424.0,2.0,3.387218720101601,3.387200187550494,3.3872001415940027,6.915353874391275e-07,6.861854933469411e-07,3.8968534147940346e-05,2,NOT_PERFORMED
1426.0,2.0,3.3895668489167337,3.3895483888813995,3.3895483429161772,6.886298420365662e-07,6.832515647451657e-07,3.881920284696348e-05,2,NOT_PERFORMED
1428.0,2.0,3.391908504770235,3.3918901169473434,3.3918900709744793,6.857329312183057e-07,6.803265833068973e-07,3.8670283209615076e-05,2,NOT_PERFORMED
1430.0,2.0,3.394243691295704,3.394225375384018,3.3942253294045894,6.828446553200741e-07,6.774105482764571e-07,3.852177500573706e-05,2,NOT_PERFORMED
1432.0,2.0,3.3965724121906216,3.396554167890971,3.3965541219060524,6.799650151200441e-07,6.745034590225387e-07,3.837367799918871e-05,2,NOT_PERFORMED
1434.0,2.0,3.398894671216313,3.398876498231554,3.3988764522422144,6.770940101061157e-07,6.716053147457493e-07,3.8225991952660604e-05,2,NOT_PERFORMED
1436.0,2.0,3.4012102929498074,3.401192191625561,3.4011921456394636,6.742345726521092e-07,6.687192024366564e-07,3.8078728423390234e-05,2,NOT_PERFORMED
1438.0,2.0,3.4035191203064317,3.403501090908908,3.4035010449331375,6.713879710270677e-07,6.658464442188162e-07,3.7931897359527275e-05,2,NOT_PERFORMED
1440.0,2.0,3.405821160859649,3.405803203112749,3.4058031571484317,6.685525273837319e-07,6.629852701239328e-07,3.7785497917309093e-05,2,NOT_PERFORMED
1442.0,2.0,3.408116422122725,3.4080985357424707,3.4080984897906466,6.657276729110592e-07,6.601350943589993e-07,3.763952961846988e-05,2,NOT_PERFORMED
1444.0,2.0,3.4104049116137327,3.410387096313873,3.41038705037558,6.629130956022853e-07,6.572955951678195e-07,3.749399198532537e-05,2,NOT_PERFORMED
1446.0,2.0,3.4126866368738207,3.412668892367279,3.4126688464435393,6.601085890750752e-07,6.54466558303474e-07,3.7348884539356944e-05,2,NOT_PERFORMED
1448.0,2.0,3.414961605476623,3.414943931476305,3.4149438855681176,6.57314002928876e-07,6.516478266033515e-07,3.720420679786978e-05,2,NOT_PERFORMED
1450.0,2.0,3.4172298250339206,3.4172122212531404,3.4172121753614837,6.545292204632015e-07,6.48839277199249e-07,3.7059958278590335e-05,2,NOT_PERFORMED
1452.0,2.0,3.419491303199269,3.4194737693520225,3.4194737234778914,6.517541470742321e-07,6.460408093277189e-07,3.6916138493742926e-05,2,NOT_PERFORMED
1454.0,2.0,3.4217460476705233,3.421728583471735,3.4217285376160893,6.489887043750603e-07,6.432523386670932e-07,3.677274695489103e-05,2,NOT_PERFORMED
1456.0,2.0,3.4239940661916015,3.423976671357262,3.4239766255210613,6.462328243961248e-07,6.404737922542482e-07,3.662978316969518e-05,2,NOT_PERFORMED
1458.0,2.0,3.4262353665538714,3.426218040801108,3.4262179949853016,6.434864488337385e-07,6.377051059326225e-07,3.648724664264489e-05,2,NOT_PERFORMED
1460.0,2.0,3.4284699565970373,3.42845269964423,3.4284526538497535,6.407495251512578e-07,6.349462235310004e-07,3.6345136875389005e-05,2,NOT_PERFORMED
1462.0,2.0,3.430697844209966,3.430680655776771,3.4306806100045586,6.380220066825313e-07,6.321970931802528e-07,3.620345336707718e-05,2,NOT_PERFORMED
1464.0,2.0,3.4329190373312044,3.4329019171386452,3.4329018713896104,6.353038510172307e-07,6.294576682661446e-07,3.606219561237067e-05,2,NOT_PERFORMED
1466.0,2.0,3.435133543949475,3.4351164917199086,3.4351164459949817,6.325950193579341e-07,6.267279058918723e-07,3.592136310365262e-05,2,NOT_PERFORMED
1468.0,2.0,3.437341372103928,3.4373243875611412,3.4373243418612236,6.298954753944158e-07,6.24007766194065e-07,3.578095532987303e-05,2,NOT_PERFORMED
1470.0,2.0,3.4395425298844655,3.439525612753659,3.4395255670796434,6.272051857524932e-07,6.212972119144377e-07,3.564097177671777e-05,2,NOT_PERFORMED
1472.0,2.0,3.4417370254318986,3.441720175439699,3.4417201297924858,6.245241192376717e-07,6.185962088842058e-07,3.550141192686703e-05,2,NOT_PERFORMED
1474.0,2.0,3.4439248669380778,3.4439080838125635,3.4439080381930354,6.218522460221698e-07,6.159047235967203e-07,3.536227525962593e-05,2,NOT_PERFORMED
1476.0,2.0,3.4461060626459252,3.44608934611662,3.4460893005256406,6.1918953857506e-07,6.132227249894535e-07,3.522356125062995e-05,2,NOT_PERFORMED
1478.0,2.0,3.448280620849476,3.4482639706473432,3.4482639250858043,6.165359698858159e-07,6.10550182851697e-07,3.5085269372481806e-05,2,NOT_PERFORMED
1480.0,2.0,3.450448549893933,3.4504319657514113,3.4504319202201597,6.138915147538901e-07,6.078870689809422e-07,3.494739909551288e-05,2,NOT_PERFORMED
1482.0,2.0,3.452609858175632,3.452593339826613,3.4525932943265,6.112561489365754e-07,6.05233355591003e-07,3.480994988487758e-05,2,NOT_PERFORMED
1484.0,2.0,3.454764554142053,3.454748101321875,3.454748055853759,6.086298493759583e-07,6.025890169577597e-07,3.46729212044934e-05,2,NOT_PERFORMED
1486.0,2.0,3.4569126462917255,3.4568962587371876,3.4568962133018943,6.060125930190732e-07,5.999540278214618e-07,3.453631251355663e-05,2,NOT_PERFORMED
1488.0,2.0,3.4590541431741646,3.459037820623509,3.4590377752218884,6.034043589223704e-07,5.973283637193706e-07,3.440012326816752e-05,2,NOT_PERFORMED
1490.0,2.0,3.461189053389842,3.461172795582765,3.461172750215629,6.008051258644236e-07,5.947120012634065e-07,3.426435292227035e-05,2,NOT_PERFORMED
1492.0,2.0,3.4633173855899777,3.4633011922676036,3.46330114693578,5.982148733433338e-07,5.921049175243606e-07,3.4129000925098524e-05,2,NOT_PERFORMED
1494.0,2.0,3.465439148476357,3.465423019381251,3.465422974085552,5.956335810418081e-07,5.89507089802484e-07,3.399406672391379e-05,2,NOT_PERFORMED
1496.0,2.0,3.4675543508012976,3.467538285677436,3.467538240418665,5.930612290118752e-07,5.869184961127967e-07,3.385954976175927e-05,2,NOT_PERFORMED
1498.0,2.0,3.469663001367485,3.4696469999602613,3.469646954739212,5.904977982199339e-07,5.843391152411103e-07,3.372544947975889e-05,2,NOT_PERFORMED
1500.0,2.0,3.4717651090277366,3.471749171083953,3.47174912590142,5.879432694494554e-07,5.817689261550838e-07,3.359176531473212e-05,2,NOT_PERFORMED
1502.0,2.0,3.473860682684978,3.4738448079528257,3.4738447628096036,5.853976253028388e-07,5.792079076359267e-07,3.3458496699940005e-05,2,NOT_PERFORMED
1504.0,2.0,3.4759497312919887,3.475933919521057,3.4759338744179233,5.828608468200846e-07,5.766560399312653e-07,3.332564306700495e-05,2,NOT_PERFORMED
1506.0,2.0,3.478032263851126,3.47801651479239,3.478016469730104,5.803329159409963e-07,5.74113302413831e-07,3.3193203843387515e-05,2,NOT_PERFORMED
1508.0,2.0,3.4801082894144337,3.4800926028202386,3.4800925577995665,5.778138166705986e-07,5.715796755895805e-07,3.306117845334426e-05,2,NOT_PERFORMED
1510.0,2.0,3.4821778170831728,3.4821621927072064,3.482162147728908,5.753035306124571e-07,5.690551401270264e-07,3.292956631785924e-05,2,NOT_PERFORMED
1512.0,2.0,3.4842408560077605,3.4842252936050784,3.484225248669921,5.728020413788731e-07,5.665396767825981e-07,3.2798366855550685e-05,2,NOT_PERFORMED
1514.0,2.0,3.4862974153875563,3.48628191471456,3.4862818698232765,5.70309331419603e-07,5.640332672456023e-07,3.266757948157838e-05,2,NOT_PERFORMED
1516.0,2.0,3.488347504470718,3.488332065285144,3.488332020438473,5.678253847347149e-07,5.61535893236867e-07,3.253720360747992e-05,2,NOT_PERFORMED
1518.0,2.0,3.490391132553855,3.4903757546147425,3.4903757098134336,5.653501842866048e-07,5.590475364868652e-07,3.2407238642747934e-05,2,NOT_PERFORMED
1520.0,2.0,3.492428308981928,3.4924129920496707,3.4924129472944303,5.628837144750901e-07,5.565681784387188e-07,3.22776839922375e-05,2,NOT_PERFORMED
1522.0,2.0,3.4944590431480287,3.4944437869843057,3.4944437422758576,5.604259598535069e-07,5.540978010876446e-07,3.214853905926552e-05,2,NOT_PERFORMED
1524.0,2.0,3.4964833444932215,3.496468148861017,3.4964681042000727,5.579769050795989e-07,5.516363868304663e-07,3.201980324395477e-05,2,NOT_PERFORMED
1526.0,2.0,3.498501222506247,3.4984860871698022,3.498486042557086,5.555365351546469e-07,5.491839178719123e-07,3.189147594215539e-05,2,NOT_PERFORMED
1528.0,2.0,3.5005126867501657,3.5004976106983072,3.5004975661345354,5.53104848117078e-07,5.467403921169858e-07,3.176355643387132e-05,2,NOT_PERFORMED
1530.0,2.0,3.502517746855549,3.502502727599595,3.5025026830855195,5.506818462098119e-07,5.443058116618572e-07,3.1636043910577783e-05,2,NOT_PERFORMED
1532.0,2.0,3.5045164123580856,3.504501449689499,3.5045014052257217,5.482674619106117e-07,5.418801058821291e-07,3.150893809111287e-05,2,NOT_PERFORMED
1534.0,2.0,3.5065086929335374,3.506493786664646,3.5064937422518643,5.458616885261181e-07,5.394632668949535e-07,3.1382238348767256e-05,2,NOT_PERFORMED
1536.0,2.0,3.5084945983052838,3.5084797482493393,3.508479703888214,5.434645057502895e-07,5.370552715682751e-07,3.1255944066231614e-05,2,NOT_PERFORMED
1538.0,2.0,3.510474138239606,3.51045934421033,3.5104592999015343,5.410758929731865e-07,5.346560964929859e-07,3.11300546215634e-05,2,NOT_PERFORMED
1540.0,2.0,3.5124473225484056,3.5124325843602144,3.5124325401044163,5.386958340219431e-07,5.322657230802711e-07,3.100456939138414e-05,2,NOT_PERFORMED
1542.0,2.0,3.5144141610891713,3.5143994785572437,3.514399434355095,5.363243132835404e-07,5.298841344891816e-07,3.0879487748432734e-05,2,NOT_PERFORMED
1544.0,2.0,3.516374663764768,3.5163600367049765,3.5163599925571316,5.339613152451624e-07,5.275113131524237e-07,3.07548090628723e-05,2,NOT_PERFORMED
1546.0,2.0,3.518328840523143,3.5183142687520883,3.5183142246591825,5.316068242956323e-07,5.251472419654291e-07,3.0630532702128885e-05,2,NOT_PERFORMED
1548.0,2.0,3.5202767013570533,3.5202621846920223,3.520262140654711,5.292608248388332e-07,5.227919031320837e-07,3.0506658030643527e-05,2,NOT_PERFORMED
1550.0,2.0,3.5222182563037983,3.5222037945628037,3.522203750581708,5.269233010778121e-07,5.204452800105431e-07,3.0383184410214496e-05,2,NOT_PERFORMED
1552.0,2.0,3.5241535154449544,3.524139108446705,3.524139064522456,5.245942377656051e-07,5.181073551361098e-07,3.0260111199243872e-05,2,NOT_PERFORMED
1554.0,2.0,3.5260824889061055,3.5260681364700006,3.5260680926032184,5.222736190490636e-07,5.15778111202524e-07,3.013743775453718e-05,2,NOT_PERFORMED
1556.0,2.0,3.528005186856542,3.5279908888026625,3.527990844993971,5.199614293701805e-07,5.13457531165917e-07,3.001516342802554e-05,2,NOT_PERFORMED
1558.0,2.0,3.5299216195090306,3.5299073756581527,3.529907331908137,5.176576530949319e-07,5.111455974101189e-07,2.989328757220606e-05,2,NOT_PERFORMED
1560.0,2.0,3.5318317971194495,3.5318176072930108,3.5318175636022957,5.153622744842033e-07,5.088422929090081e-07,2.977180953254589e-05,2,NOT_PERFORMED
1562.0,2.0,3.533735729986586,3.5337215940067166,3.533721550375891,5.130752781993903e-07,5.065476005318507e-07,2.9650728655034285e-05,2,NOT_PERFORMED
1564.0,2.0,3.5356334284518125,3.5356193461412926,3.535619302570948,5.107966482595464e-07,5.042615029564728e-07,2.9530044282670277e-05,2,NOT_PERFORMED
1566.0,2.0,3.5375249028988023,3.537510874081082,3.5375108305718075,5.085263688561289e-07,5.019839826364096e-07,2.9409755754304914e-05,2,NOT_PERFORMED
1568.0,2.0,3.539410163753246,3.5393961882524274,3.5393961448048006,5.062644243621846e-07,4.997150227661467e-07,2.9289862406637535e-05,2,NOT_PERFORMED
1570.0,2.0,3.541289221482531,3.541275299123386,3.5412752557379816,5.040107989801738e-07,4.974546055398924e-07,2.9170363574486337e-05,2,NOT_PERFORMED
1572.0,2.0,3.5431620865955007,3.5431482172034285,3.5431481738808115,5.017654768914496e-07,4.952027136149403e-07,2.9051258589395346e-05,2,NOT_PERFORMED
1574.0,2.0,3.5450287696421148,3.5450149530431596,3.545014909783893,4.995284422863763e-07,4.929593298150366e-07,2.8932546779692016e-05,2,NOT_PERFORMED
1576.0,2.0,3.546889281213148,3.5468755172339996,3.5468754740386474,4.972996790826941e-07,4.907244369164641e-07,2.8814227472503035e-05,2,NOT_PERFORMED
1578.0,2.0,3.548743631939933,3.548729920407915,3.548729877277018,4.950791712844202e-07,4.884980171299584e-07,2.86962999917699e-05,2,NOT_PERFORMED
1580.0,2.0,3.55059183249401,3.5505781732370645,3.5505781301711727,4.928669031846053e-07,4.862800527580418e-07,2.8578763658238753e-05,2,NOT_PERFORMED
1582.0,2.0,3.5524338935868633,3.5524202864335477,3.5524202434332053,4.906628582840932e-07,4.840705267649335e-07,2.8461617790881085e-05,2,NOT_PERFORMED
1584.0,2.0,3.554269825969576,3.5542562707490974,3.554256227814824,4.884670206519983e-07,4.818694213911368e-07,2.83448617060657e-05,2,NOT_PERFORMED
1586.0,2.0,3.5560996404325698,3.5560861369747014,3.556086094107041,4.862793744887088e-07,4.796767189372953e-07,2.8228494717272768e-05,2,NOT_PERFORMED
1588.0,2.0,3.5579233478052568,3.5579098959404156,3.557909853139883,4.840999031061124e-07,4.774924016204395e-07,2.811251613600053e-05,2,NOT_PERFORMED
1590.0,2.0,3.559740958955748,3.5597275585149464,3.559727515782052,4.819285900713777e-07,4.753164519574005e-07,2.7996925269994145e-05,2,NOT_PERFORMED
1592.0,2.0,3.56155248479054,3.56153913560537,3.561539092940641,4.797654196591854e-07,4.7314885203590445e-07,2.7881721427689312e-05,2,NOT_PERFORMED
1594.0,2.0,3.5633579362542145,3.5633446381568743,3.563344595560813,4.776103750301165e-07,4.709895841738613e-07,2.776690391066814e-05,2,NOT_PERFORMED
1596.0,2.0,3.565157324329092,3.5651440771523752,3.5651440346254777,4.754634397672859e-07,4.6883863015127184e-07,2.7652472021647015e-05,2,NOT_PERFORMED
1598.0,2.0,3.5669506600349563,3.56693746361223,3.5669374211549916,4.733245977142274e-07,4.66695972448032e-07,2.7538425059381633e-05,2,NOT_PERFORMED
1600.0,2.0,3.568737954428707,3.568724808593927,3.568724766206836,4.7119383162888226e-07,4.6456159287704e-07,2.7424762320981595e-05,2,NOT_PERFORMED
1602.0,2.0,3.570519218604062,3.570506123191743,3.5705060808752886,4.6907112562347963e-07,4.624354734073596e-07,2.7311483100367347e-05,2,NOT_PERFORMED
1604.0,2.0,3.5722944636912213,3.5722814185364684,3.572281376291128,4.6695646261471984e-07,4.6031759615099045e-07,2.7198586690205474e-05,2,NOT_PERFORMED
1606.0,2.0,3.574063700856581,3.5740507057950444,3.5740506636212865,4.648498258727807e-07,4.582079428241258e-07,2.7086072379778262e-05,2,NOT_PERFORMED
1608.0,2.0,3.5758269413023487,3.575813996170257,3.5758139540685536,4.6275119843437336e-07,4.561064950651953e-07,2.6973939457089362e-05,2,NOT_PERFORMED
1610.0,2.0,3.5775841962662995,3.577571300900424,3.5775712588712354,4.606605637038097e-07,4.5401323481238216e-07,2.686218720644813e-05,2,NOT_PERFORMED
1612.0,2.0,3.579335477021385,3.579322631259063,3.579322589302844,4.585779046247172e-07,4.519281434777734e-07,2.675081491183427e-05,2,NOT_PERFORMED
1614.0,2.0,3.581080794875461,3.581067998554562,3.5810679566717676,4.5650320416269716e-07,4.4985120314443594e-07,2.6639821853348177e-05,2,NOT_PERFORMED
1616.0,2.0,3.582820161170917,3.582807414129872,3.582807372320947,4.5443644531395383e-07,4.477823949051959e-07,2.6529207310375314e-05,2,NOT_PERFORMED
1618.0,2.0,3.58455358728439,3.5845408893621555,3.5845408476275438,4.523776107743259e-07,4.4572170078434427e-07,2.6418970557909154e-05,2,NOT_PERFORMED
1620.0,2.0,3.5862810846264264,3.5862684356624928,3.5862683940026248,4.5032668355255503e-07,4.4366910161492725e-07,2.630911087130911e-05,2,NOT_PERFORMED
1622.0,2.0,3.5880026646411167,3.58799006447551,3.587990022890826,4.482836461941063e-07,4.416245794150421e-07,2.6199627522921766e-05,2,NOT_PERFORMED
1624.0,2.0,3.589718338805818,3.589705787279106,3.5897057457700243,4.4624848144869285e-07,4.395881149673239e-07,2.609051978190955e-05,2,NOT_PERFORMED
1626.0,2.0,3.5914281186308252,3.5914156155840664,3.5914155741510125,4.442211717769917e-07,4.375596897560655e-07,2.5981786916490514e-05,2,NOT_PERFORMED
1628.0,2.0,3.5931320156589766,3.5931195609337734,3.5931195195771615,4.422017000680751e-07,4.3553928502675623e-07,2.5873428192871593e-05,2,NOT_PERFORMED
1630.0,2.0,3.5948300414654035,3.5948176349038707,3.594817593624101,4.401900487181519e-07,4.335268821194502e-07,2.576544287422993e-05,2,NOT_PERFORMED
1632.0,2.0,3.596522207657138,3.596509849101888,3.5965098078993742,4.381862000267841e-07,4.3152246194886454e-07,2.565783022216993e-05,2,NOT_PERFORMED
1634.0,2.0,3.598208525872811,3.598196215166968,3.5981961740421133,4.361901361966023e-07,4.295260052794045e-07,2.5550589497164114e-05,2,NOT_PERFORMED
1636.0,2.0,3.5998890077823114,3.5998767447695252,3.5998767037227073,4.3420183983548017e-07,4.275374935226702e-07,2.544371995648249e-05,2,NOT_PERFORMED
1638.0,2.0,3.601563502137389,3.6015512872606474,3.6015512462985817,4.322242279103691e-07,4.255599991679852e-07,2.533723162445613e-05,2,NOT_PERFORMED
1640.0,2.0,3.6032320115347596,3.6032198446840678,3.6032198038075918,4.3025607492545003e-07,4.2359221636489003e-07,2.523112395451071e-05,2,NOT_PERFORMED
1642.0,2.0,3.604894550143652,3.604882431167657,3.6048823903771443,4.282968499009728e-07,4.2163359524901775e-07,2.5125396016664815e-05,2,NOT_PERFORMED
1644.0,2.0,3.606551132104237,3.606539060848956,3.606539020144764,4.2634629752574336e-07,4.1968387227132977e-07,2.5020046912641013e-05,2,NOT_PERFORMED
1646.0,2.0,3.608201771546204,3.6081897478563536,3.6081897072387967,4.2440425285159695e-07,4.177428772006508e-07,2.491507574356828e-05,2,NOT_PERFORMED
1648.0,2.0,3.6098464825966468,3.60983450631616,3.6098344657855748,4.224705946638289e-07,4.158104842920144e-07,2.4810481610985696e-05,2,NOT_PERFORMED
1650.0,2.0,3.6114852793844645,3.6114733503568432,3.6114733099135536,4.205452269238484e-07,4.1388659308585376e-07,2.4706263615834342e-05,2,NOT_PERFORMED
1652.0,2.0,3.613118176043019,3.613106294111548,3.6131062537558556,4.186280695960479e-07,4.119711196143187e-07,2.460242085910122e-05,2,NOT_PERFORMED
1654.0,2.0,3.614745186711859,3.6147333517197313,3.614733311451935,4.1671905356212955e-07,4.100639914926855e-07,2.4498952441952927e-05,2,NOT_PERFORMED
1656.0,2.0,3.6163663255378715,3.6163545373282835,3.6163544971486905,4.1481811805921883e-07,4.0816514337921765e-07,2.439585746467141e-05,2,NOT_PERFORMED
1658.0,2.0,3.617981606676071,3.6179698650923147,3.6179698250012065,4.1292520778445766e-07,4.0627451680473654e-07,2.4293135026165714e-05,2,NOT_PERFORMED
1660.0,2.0,3.619591044290102,3.619579349175607,3.6195793091732744,4.110402721956471e-07,4.0439205782967087e-07,2.4190784226571872e-05,2,NOT_PERFORMED
1662.0,2.0,3.621194652552611,3.6211830037509953,3.62118296383771,4.0916326448827953e-07,4.025177159607206e-07,2.4088804163962315e-05,2,NOT_PERFORMED
1664.0,2.0,3.6227924456454423,3.622780843000555,3.6227808031765867,4.072941406739257e-07,4.00651443951051e-07,2.3987193936052218e-05,2,NOT_PERFORMED
1666.0,2.0,3.624384437759779,3.6243728811157028,3.6243728413813225,4.0543285877628996e-07,3.9879319733347506e-07,2.3885952641216833e-05,2,NOT_PERFORMED
1668.0,2.0,3.625970643096173,3.625959132297284,3.6259590926527507,4.035793799046544e-07,3.9694293349352523e-07,2.378507937519644e-05,2,NOT_PERFORMED
1670.0,2.0,3.6275510758645395,3.6275396107554863,3.627539571201059,4.0173366558879213e-07,3.9510061122645715e-07,2.3684573234757963e-05,2,NOT_PERFORMED
1672.0,2.0,3.629125750284085,3.6291143307098572,3.629114291245782,3.9989567942748765e-07,3.9326619209623287e-07,2.358443331467721e-05,2,NOT_PERFORMED
1674.0,2.0,3.630694680583247,3.6306833063891295,3.6306832670156495,3.980653864501651e-07,3.9143963716168464e-07,2.3484658711191564e-05,2,NOT_PERFORMED
1676.0,2.0,3.632257880999509,3.632246552031135,3.632246512748503,3.962427523496907e-07,3.8962091058213163e-07,2.3385248518062216e-05,2,NOT_PERFORMED
1678.0,2.0,3.6338153657793097,3.6338040818826625,3.6338040426911085,3.94427743695325e-07,3.8780997614539754e-07,2.3286201829250687e-05,2,NOT_PERFORMED
1680.0,2.0,3.6353671491778403,3.6353559101992547,3.635355871099001,3.9262032847442506e-07,3.8600679922002595e-07,2.318751773749415e-05,2,NOT_PERFORMED
1682.0,2.0,3.636913245458846,3.6369020512450154,3.636902012236295,3.9082047486437296e-07,3.8421134578510397e-07,2.3089195336396976e-05,2,NOT_PERFORMED
1684.0,2.0,3.6384536688944578,3.6384425192924543,3.6384424803754767,3.890281519187999e-07,3.824235825452734e-07,2.2991233718588408e-05,2,NOT_PERFORMED
1686.0,2.0,3.6399884337649517,3.6399773286221877,3.6399772897971956,3.87243329317195e-07,3.8064347719627173e-07,2.2893631974514274e-05,2,NOT_PERFORMED
1688.0,2.0,3.641517554358511,3.641506493522842,3.6415064547900116,3.8546597729790433e-07,3.7887099727838036e-07,2.2796389195840096e-05,2,NOT_PERFORMED
1690.0,2.0,3.6430410449710533,3.6430300282906507,3.643029989650207,3.8369606623188437e-07,3.771061114626003e-07,2.2699504473549096e-05,2,NOT_PERFORMED
1692.0,2.0,3.6445589199059194,3.644547947229367,3.6445479086815116,3.819335676404776e-07,3.7534878913383373e-07,2.2602976897997196e-05,2,NOT_PERFORMED
1694.0,2.0,3.646071193473645,3.6460602646499214,3.646060226194847,3.801784527072821e-07,3.7359899963246243e-07,2.250680555839964e-05,2,NOT_PERFORMED
1696.0,2.0,3.647577879991744,3.6475669948702074,3.647566956508105,3.784306937847708e-07,3.7185671274112925e-07,2.2410989544550214e-05,2,NOT_PERFORMED
1698.0,2.0,3.6490789937844017,3.649068152214799,3.6490681139458707,3.766902629449675e-07,3.7012189904866113e-07,2.2315527945285246e-05,2,NOT_PERFORMED
1700.0,2.0,3.6505745491822372,3.650563751014733,3.6505637128391486,3.7495713272237044e-07,3.6839452885481103e-07,2.222041984930193e-05,2,NOT_PERFORMED
1702.0,2.0,3.65206456052204,3.652053805607188,3.6520537675251226,3.732312760903178e-07,3.6667457363517376e-07,2.2125664343691603e-05,2,NOT_PERFORMED
1704.0,2.0,3.6535490421464862,3.6535383303352282,3.6535382923468642,3.715126661808041e-07,3.649620045863465e-07,2.2031260517786085e-05,2,NOT_PERFORMED
1706.0,2.0,3.6550280084038786,3.655017339547558,3.6550173016530723,3.69801276688103e-07,3.6325679345075943e-07,2.1937207457667412e-05,2,NOT_PERFORMED
1708.0,2.0,3.6565014736478734,3.6564908475982363,3.6564908097977864,3.680970812892468e-07,3.6155891191779015e-07,2.184350425092371e-05,2,NOT_PERFORMED
1710.0,2.0,3.657969452237174,3.6579588688463787,3.657958831140127,3.6640005370717863e-07,3.5986833263192236e-07,2.1750149983984755e-05,2,NOT_PERFORMED
1712.0,2.0,3.6594319585353117,3.6594214176558983,3.6594213800440105,3.647101684930712e-07,3.5818502743158517e-07,2.165714374391572e-05,2,NOT_PERFORMED
1714.0,2.0,3.660889006910298,3.6608785083952236,3.6608784708778512,3.6302739982419406e-07,3.5650896968350553e-07,2.1564484616132165e-05,2,NOT_PERFORMED
1716.0,2.0,3.6623406117343897,3.6623301554370293,3.6623301180143066,3.61351722176014e-07,3.548401319292357e-07,2.1472171687309223e-05,2,NOT_PERFORMED
1718.0,2.0,3.663786787383804,3.6637763731578974,3.6637763358299824,3.596831104303889e-07,3.5317848723553896e-07,2.1380204041899464e-05,2,NOT_PERFORMED
1720.0,2.0,3.665227548238399,3.6652171759381154,3.665217138705152,3.580215395834285e-07,3.515240091237501e-07,2.1288580766170493e-05,2,NOT_PERFORMED
1722.0,2.0,3.666662908681427,3.6666525781613357,3.6666525410234536,3.563669848352536e-07,3.498766709147206e-07,2.119730094438843e-05,2,NOT_PERFORMED
1724.0,2.0,3.668092883099236,3.6680825942142987,3.6680825571716444,3.5471942129281744e-07,3.4823644655194146e-07,2.110636366307981e-05,2,NOT_PERFORMED
1726.0,2.0,3.6695174858809887,3.6695072384865797,3.669507201539266,3.5307882440878234e-07,3.4660330952423883e-07,2.101576800503943e-05,2,NOT_PERFORMED
1728.0,2.0,3.670936731418356,3.670926525370238,3.670926488518409,3.514451696749263e-07,3.4497723420064573e-07,2.0925513056430538e-05,2,NOT_PERFORMED
1730.0,2.0,3.6723506341052476,3.6723404692596184,3.672340432503377,3.49818433014092e-07,3.433581945735236e-07,2.083559790101232e-05,2,NOT_PERFORMED
1732.0,2.0,3.673759208337537,3.6737490845509653,3.6737490478904404,3.481985900040316e-07,3.417461650526104e-07,2.0746021623693227e-05,2,NOT_PERFORMED
1734.0,2.0,3.6751624685127515,3.6751523856422224,3.675152349077522,3.465856167420773e-07,3.401411199686224e-07,2.0656783308383394e-05,2,NOT_PERFORMED
1736.0,2.0,3.6765604290298084,3.6765503869326883,3.6765503504639288,3.4497948912255085e-07,3.385430341258917e-07,2.0567882039229586e-05,2,NOT_PERFORMED
1738.0,2.0,3.677953104288692,3.6779431028227707,3.6779430664500516,3.433801835555782e-07,3.369518821149817e-07,2.0479316899980983e-05,2,NOT_PERFORMED
1740.0,2.0,3.6793405086901947,3.6793305477136515,3.6793305114370796,3.4178767606191316e-07,3.353676388487221e-07,2.039108697465846e-05,2,NOT_PERFORMED
1742.0,2.0,3.6807226566356546,3.6807127360070635,3.6807126998267354,3.402019433815424e-07,3.3379027922083814e-07,2.0303191348435396e-05,2,NOT_PERFORMED
1744.0,2.0,3.682099562526598,3.682089682104927,3.6820896460209456,3.386229616425986e-07,3.322197785754701e-07,2.021562910428621e-05,2,NOT_PERFORMED
1746.0,2.0,3.6834712407645127,3.6834614004091564,3.683461364421601,3.3705070757980923e-07,3.3065611170038926e-07,2.012839932605722e-05,2,NOT_PERFORMED
1748.0,2.0,3.684837705750567,3.684827905321265,3.6848278694302365,3.3548515772278973e-07,3.290992542545913e-07,2.0041501098177445e-05,2,NOT_PERFORMED
1750.0,2.0,3.686198971885254,3.686189211242205,3.686189175447772,3.3392628886048754e-07,3.275491811261433e-07,1.9954933504753037e-05,2,NOT_PERFORMED
1752.0,2.0,3.687555053568203,3.6875453325719465,3.6875452968742057,3.3237407790933007e-07,3.2600586860323234e-07,1.9868695629536846e-05,2,NOT_PERFORMED
1754.0,2.0,3.688905965197826,3.688896283709323,3.68889624810834,3.308285018555715e-07,3.2446929156908286e-07,1.978278655734541e-05,2,NOT_PERFORMED
1756.0,2.0,3.6902517211710495,3.6902420790516426,3.6902420435475083,3.2928953742283024e-07,3.2293942602108587e-07,1.9697205372253046e-05,2,NOT_PERFORMED
1758.0,2.0,3.6915923358830582,3.691582732994499,3.6915826975872648,3.2775716193256786e-07,3.2141624777659037e-07,1.9611951157907884e-05,2,NOT_PERFORMED
1760.0,2.0,3.6929278237269796,3.692918259931392,3.692918224621124,3.2623135232005575e-07,3.1989973249003263e-07,1.952702299999343e-05,2,NOT_PERFORMED
1762.0,2.0,3.6942581990936216,3.694248674253517,3.694248639040293,3.247120856804322e-07,3.1838985617951184e-07,1.9442419982253464e-05,2,NOT_PERFORMED
1764.0,2.0,3.6955834763711795,3.6955739903494704,3.6955739552333453,3.2319933952158565e-07,3.1688659483380357e-07,1.9358141190185675e-05,2,NOT_PERFORMED
1766.0,2.0,3.6969036699449593,3.6968942226049575,3.6968941875859818,3.2169309101888805e-07,3.1538992477595683e-07,1.9274185708139986e-05,2,NOT_PERFORMED
1768.0,2.0,3.6982187941971296,3.6982093854025115,3.6982093504807407,3.201933175527043e-07,3.1389982183168467e-07,1.919055262150522e-05,2,NOT_PERFORMED
1770.0,2.0,3.699528863506377,3.699519493121204,3.6995194582966993,3.1869999678625606e-07,3.1241626249555295e-07,1.9107241016782306e-05,2,NOT_PERFORMED
1772.0,2.0,3.7008338922477004,3.7008245601364442,3.7008245254092396,3.1721310610718324e-07,3.1093922294986903e-07,1.902424997793827e-05,2,NOT_PERFORMED
1774.0,2.0,3.702133894792091,3.702124600819583,3.7021245661897293,3.1573262288307506e-07,3.0946867932481856e-07,1.8941578592202636e-05,2,NOT_PERFORMED
1776.0,2.0,3.7034288855062725,3.7034196295377315,3.703419595005266,3.1425852463266305e-07,3.080046085428613e-07,1.8859225945678075e-05,2,NOT_PERFORMED
1778.0,2.0,3.704718878752409,3.7047096606534455,3.7047096262184076,3.127907895178144e-07,3.0654698673665775e-07,1.8777191123946964e-05,2,NOT_PERFORMED
1780.0,2.0,3.7060038888878606,3.7059947085244698,3.7059946741868828,3.113293948925333e-07,3.0509579054750873e-07,1.869547321486679e-05,2,NOT_PERFORMED
1782.0,2.0,3.707283930264892,3.707274787503436,3.7072747532633477,3.0987431858322586e-07,3.036509966254938e-07,1.8614071304782952e-05,2,NOT_PERFORMED
1784.0,2.0,3.708559017230426,3.708549911937639,3.7085498777950696,3.084255385095139e-07,3.022125817247571e-07,1.8532984481472487e-05,2,NOT_PERFORMED
1786.0,2.0,3.7098291641257246,3.709820096168728,3.7098200621237045,3.0698303221011245e-07,3.0078052252092183e-07,1.845221183290039e-05,2,NOT_PERFORMED
1788.0,2.0,3.711094385286159,3.711085354532469,3.7110853205850045,3.0554677805914364e-07,2.993547958695779e-07,1.837175244740059e-05,2,NOT_PERFORMED
1790.0,2.0,3.7123546950409536,3.7123457013584282,3.7123456675085493,3.041167535473873e-07,2.979353783258922e-07,1.829160541358165e-05,2,NOT_PERFORMED
1792.0,2.0,3.713610107712871,3.7136011509697675,3.7136011172174865,3.0269293700479884e-07,2.965222472473656e-07,1.8211769819530918e-05,2,NOT_PERFORMED
1794.0,2.0,3.7148606376179942,3.714851717682925,3.714851684028267,3.012753065523662e-07,2.9511537949099147e-07,1.813224475503151e-05,2,NOT_PERFORMED
1796.0,2.0,3.7161062990654483,3.716097415807415,3.716097382250376,2.9986383998332716e-07,2.937147517731718e-07,1.8053029311666648e-05,2,NOT_PERFORMED
1798.0,2.0,3.717347106357104,3.717338259645487,3.7173382261860715,2.984585154473494e-07,2.923203413826612e-07,1.7974122577385844e-05,2,NOT_PERFORMED
1800.0,2.0,3.7185830737873937,3.718574263491916,3.7185742301301357,2.970593113254866e-07,2.9093212542303245e-07,1.789552364391891e-05,2,NOT_PERFORMED
